OBJECTID,ID_OA,NOMBRE,EMPRESA,REGION,COMUNA,MINERAL,TIPO,TAM_EMP,CAT_SERN,PUERTO,AUTO_STAT,OA_STAT,SERN_STAT,SERN_FAENA,SERN_INST,SERN_REC,REV_MAN,LONGITUD,LATITUD,OA_DIST_KM,SERN_DSTKM,ID_POLIGONO,etapa
1,538.0,ALMACENAJE MINERO PARQUE INDUSTRIA ZOFRI,PEREY MATURANA CARLOS JAVIER,REGIÓN DE ARICA Y PARINACOTA,ARICA,No informado,Acopio / almacenamiento,No informado,CATEGORIA D,Posible,Posible,Coincide,Sin coincidencia,SOC.LEGAL MRA. MACARENA,PLANTA DE BENEFICIO,SALMUERA (LITIO),VALIDADO,-70.32323409,-18.36007358,0.0,5.768,POL_1,sin_clasificar
4,360.0,MINA SALAR SURIRE,QUIBORAX S.A.,REGIÓN DE ARICA Y PARINACOTA,PUTRE,Ulexita,Mina / faena,Grande,CATEGORIA B,No identificado,Confirmado,Coincide,Confirmado,MINA SURIRE,MINA SURIRE,ULEXITA,VALIDADO,-69.055355,-18.836544,0.0,0.0,POL_4,sin_clasificar
5,360.0,EXTRACCION MANUAL DE ULEXITA SALAR DE COLPITAS QUIBORAX S.A,QUIBORAX S.A.,REGIÓN DE ARICA Y PARINACOTA,GENERAL LAGOS,Ulexita,Instalación minera,Grande,CATEGORIA A,No identificado,Revisar,Coincide,Sin coincidencia,PLANTA EL SALAR,ACOPIO DE SALES DESCARTE (19-30),SALMUERA,VALIDADO,-69.43425203,-17.95524731,0.0,633.148,POL_5,sin_clasificar
6,360.0,PLANTA EL AGUILA QUIBORAX S.A.,QUIBORAX S.A.,REGIÓN DE ARICA Y PARINACOTA,ARICA,Ulexita,Planta / procesamiento,Grande,CATEGORIA A,No identificado,Posible,Revisar,Confirmado,PLANTA EL AGUILA,PLANTA DE FILTRO,ULEXITA,VALIDADO,-70.2967,-18.4787022,43.698,0.0,POL_6,sin_clasificar
7,78.0,MINERA PAMPA CAMARONES,PAMPA CAMARONES S.P.A,REGIÓN DE ARICA Y PARINACOTA,CAMARONES,Cobre,Instalación minera,Grande,CATEGORIA D,No identificado,Confirmado,Coincide,Confirmado,EXPLORACION PAMPA CAMARONES,ADMINISTRACION OFICINA TECNICA(exploracion),OXIDOS DE COBRE,VALIDADO,-70.230519,-18.922242,0.0,0.0,POL_7,sin_clasificar
8,22.0,ENAMI CAMARONES,ENAMI,REGIÓN DE ARICA Y PARINACOTA,CAMARONES,No informado,Instalación minera,Grande,CATEGORIA D,No identificado,Posible,Coincide,Posible,MINA CAMARON,MINA,OXIDOS DE COBRE,VALIDADO,-70.217746,-18.862796,0.003,1.515,POL_8,sin_clasificar
9,250.0,MINERA CHOQUELIMPIE,SOCIEDAD CONTRACTUAL MINERA VILACOLLO,REGIÓN DE ARICA Y PARINACOTA,PUTRE,Cobre / Oro / Plata,Instalación minera,No informado,CATEGORIA D,No identificado,Confirmado,Coincide,Confirmado,CHOQUELIMPIE,EXPLORACION MUESTREO DE BOTADEROS,ORO - COBRE - PLATA,VALIDADO,-69.2545,-18.3086,0.0,0.0,POL_9,sin_clasificar
10,226.0,TANA - (ex-Bullmine),SCM BULLMINE,REGIÓN DE TARAPACÁ,HUARA,Yodo,Instalación minera,Pequeña,CATEGORIA D,No identificado,Confirmado,Coincide,Confirmado,TANA,MANTENCION MINA,CALICHE (YODO),VALIDADO,-69.884,-19.38887742,0.0,0.0,POL_10,sin_clasificar
11,539.0,Extraccion de Áridos Camino a Ferronor - El Boro,S/I,REGIÓN DE TARAPACÁ,ALTO HOSPICIO,Áridos,Extracción de áridos,No informado,CATEGORIA D,No identificado,Posible,Coincide,Sin coincidencia,PROYECTO HUANTAJAYA,EXPLORACION PROY. HUANTAJAYA,PLATA - ORO,VALIDADO,-70.0694717,-20.229844,0.0,0.452,POL_11,sin_clasificar
12,468.0,PLANTA DE PRODUCCION DE YODO SOLEDAD- COSAYACH,SOCIEDAD CONTRACTUAL MINERA CORPORACION DE DESARROLLO DEL NORTE,REGIÓN DE TARAPACÁ,POZO ALMONTE,Yodo,Planta / procesamiento,Grande,CATEGORIA A,No identificado,Confirmado,Coincide,Confirmado,SOLEDAD,PLANTA QUIMICA,CALICHE (YODO),VALIDADO,-69.8642,-20.4092,0.0,0.0,POL_12,sin_clasificar
13,190.0,TERMINAL CALETA PATILLOS SAL LOBOS,SOCIEDAD PUNTA DE LOBOS S.A.,REGIÓN DE TARAPACÁ,IQUIQUE,Sal,Instalación minera,Grande,CATEGORIA A,No identificado,Confirmado,Coincide,Confirmado,PLANTA - (CALETA PATILLOS),Cancha de Almacenamiento,SALMUERA (SODIO),VALIDADO,-70.1818355,-20.7458985,0.0,0.0,POL_13,sin_clasificar
14,223.0,TENARDITA,COMPAÑIA MINERA CORDILLERA CHILE SCM,REGIÓN DE TARAPACÁ,IQUIQUE,Sal,Instalación minera,Grande,CATEGORIA B,No identificado,Confirmado,Coincide,Confirmado,TENARDITA,TALLERES Y MAESTRANZA,SALMUERA (SODIO),VALIDADO,-69.9992385,-20.945953,0.0,0.0,POL_14,sin_clasificar
15,540.0,PLANTA HIDROMETALURGICA LUZ MARÍA (LAS MARÍAS 1 Y 2),INVERSIONES ORION,REGIÓN DE TARAPACÁ,IQUIQUE,No informado,Planta / procesamiento,Pequeña,CATEGORIA D,No identificado,Posible,Coincide,Posible,LAS MARIAS 1 Y 2,PLANTA LIXIVIACION,SULFUROS Y ÓXIDOS DE COBRE,VALIDADO,-70.058938,-20.783222,0.0,0.0,POL_15,sin_clasificar
17,192.0,MINA CALIFORNIA,INVERSIONES ATACAMA BLANCA SPA,REGIÓN DE TARAPACÁ,IQUIQUE,Sal,Mina / faena,No informado,CATEGORIA C,No identificado,Posible,Revisar,Confirmado,Mina California,Mina,ANHIDRITA,VALIDADO,-70.1502686,-20.2132607,74.243,1.657,POL_17,sin_clasificar
18,541.0,MINA IRLANDA,S/I,REGIÓN DE TARAPACÁ,IQUIQUE,Sal,Mina / faena,No informado,CATEGORIA C,No identificado,Posible,Revisar,Confirmado,IRLANDA TRES,POLVORIN,SALMUERA (SODIO),VALIDADO,-70.1424535,-20.2377265,69.785,0.0,POL_18,sin_clasificar
19,465.0,EXTENSION PLANTA DE YODO DSM MINERIA,AJAY SQM CHILE S.A.,REGIÓN DE TARAPACÁ,POZO ALMONTE,Yodo,Planta / procesamiento,Grande,CATEGORIA A,No identificado,Posible,Coincide,Posible,NUEVA VICTORIA (PLANTA YODO),PLANTA YODO,CALICHE (YODO),VALIDADO,-69.630112,-20.909912,0.0,5.76,POL_19,sin_clasificar
20,434.0,FAENA NUEVA VICTORIA- SQM,OXIQUIM S.A./SQM S.A.,REGIÓN DE TARAPACÁ,POZO ALMONTE,Yodo,Mina / faena,Grande,CATEGORIA A,No identificado,Confirmado,Coincide,Confirmado,NUEVA VICTORIA (PLANTA YODO),PLANTA YODO,CALICHE (YODO),VALIDADO,-69.67007458,-20.90107958,0.0,0.0,POL_20,sin_clasificar
21,434.0,PAMPA HERMOSA SQM,SQM S.A.,REGIÓN DE TARAPACÁ,POZO ALMONTE,Yodo,Instalación minera,Grande,CATEGORIA A,No identificado,Posible,Revisar,Confirmado,POZO ALMONTE (MINAS  Y FAENA TEA),MINA OESTE,CALICHE (YODO),VALIDADO,-69.701631,-20.854801,2.531,0.0,POL_21,sin_clasificar
22,440.0,RUTA A-760 EXTRACCION DE ARIDOS,CONSTRUCTORA SALFA S.A.,REGIÓN DE TARAPACÁ,POZO ALMONTE,Áridos,Extracción de áridos,Grande,CATEGORIA D,No identificado,Revisar,Revisar,Sin coincidencia,Exploración Nueva Victoria,Prospección Nueva Victoria,CALICHE (NITRATOS),VALIDADO,-69.698211,-20.837103,1.85,8.196,POL_22,sin_clasificar
23,468.0,SCM COSAYACH-NEGREIROS,SOCIEDAD CONTRACTUAL MINERA CORPORACION DE DESARROLLO DEL NORTE,REGIÓN DE TARAPACÁ,HUARA,Yodo,Instalación minera,Grande,CATEGORIA A,No identificado,Posible,Revisar,Confirmado,NEGREIROS,ADM. OFICINA MINA,CALICHE (YODO),VALIDADO,-69.95422315,-19.71297019,0.168,0.0,POL_23,sin_clasificar
24,468.0,MINERA CALA CALA COSAYACH,SOCIEDAD CONTRACTUAL MINERA CORPORACION DE DESARROLLO DEL NORTE,REGIÓN DE TARAPACÁ,POZO ALMONTE,Yodo,Instalación minera,Grande,CATEGORIA B,No identificado,Confirmado,Coincide,Confirmado,COSAYACH CALA CALA,Laboratorio Muestrera,CALICHE (YODO),VALIDADO,-69.795,-20.2349,0.047,0.0,POL_24,sin_clasificar
25,460.0,FAENA MINERA QUEBRADA BLANCA,COMPAÑIA MINERA TECK QUEBRADA BLANCA,REGIÓN DE TARAPACÁ,PICA,Cobre,Mina / faena,Grande,CATEGORIA A,No identificado,Confirmado,Coincide,Confirmado,QUEBRADA BLANCA,CASA DE FUERZA,SULFUROS Y ÓXIDOS DE COBRE,VALIDADO,-68.7958,-21.002,0.0,0.0,POL_25,sin_clasificar
26,419.0,FAENA DOÑA INES DE COLLAHUASI,COMPAÑIA MINERA DOÑA INES DE COLLAHUASI SCM ENAEX SERVICIOS S.A.,REGIÓN DE TARAPACÁ,PICA,Cobre,Mina / faena,Grande,CATEGORIA A,No identificado,Posible,Revisar,Confirmado,UJINA,MANTENCION MINA UJINA,SULFUROS Y ÓXIDOS DE COBRE,VALIDADO,-68.66580016,-20.93490402,3.169,0.0,POL_26,sin_clasificar
27,447.0,FAENA CERRO COLORADO,COMPAÑIA MINERA CERRO COLORADO LTDA.,REGIÓN DE TARAPACÁ,POZO ALMONTE,Cobre,Mina / faena,Grande,CATEGORIA A,No identificado,Posible,Revisar,Confirmado,MINA CERRO COLORADO,ADM. OFICINA,OXIDOS DE COBRE,VALIDADO,-69.28953482,-20.07364073,0.435,0.0,POL_27,sin_clasificar
29,214.0,EXTRACCION DE ÁRIDOS POZO SARA - INBRADA ARIDOS,ARIDOS Y ASFALTOS INBRADA SPA.,REGIÓN DE TARAPACÁ,POZO ALMONTE,Áridos,Extracción de áridos,No informado,CATEGORIA B,No identificado,Revisar,Revisar,Sin coincidencia,COSAYACH CALA CALA,Laboratorio Muestrera,CALICHE (YODO),VALIDADO,-69.663334,-20.335184,9.593,10.843,POL_29,sin_clasificar
30,542.0,EXPLOTACION ANDIVAL SECTOR SAGASCA,S/I,REGIÓN DE TARAPACÁ,POZO ALMONTE,Áridos,Instalación minera,No informado,CATEGORIA D,No identificado,Posible,Revisar,Confirmado,Andival,Mina Andival,MAGNETITA,VALIDADO,-69.236876,-20.247586,33.361,1.356,POL_30,sin_clasificar
31,78.0,MINERA SAGASCA MADRE HMC,HALDEMAN MINING COMPANY S.A.,REGIÓN DE TARAPACÁ,POZO ALMONTE,Cobre,Instalación minera,Grande,CATEGORIA C,No identificado,Posible,Revisar,Confirmado,SAGASCA,POLVORIN,OXIDOS DE COBRE,VALIDADO,-69.3492035,-20.1442875,4.037,0.0,POL_31,sin_clasificar
32,543.0,CANTERA SAN NICOLAS- CERRO MOLLECITO,S/I,REGIÓN DE TARAPACÁ,IQUIQUE,Áridos,Cantera,No informado,CATEGORIA C,No identificado,Posible,Coincide,Sin coincidencia,MINA CHOLITO 1 AL 6,POLVORIN,SALMUERA (SODIO),VALIDADO,-70.125415,-20.307225,0.0,3.139,POL_32,sin_clasificar
33,164.0,MINERA ORCOMA,ORCOMA SPA,REGIÓN DE TARAPACÁ,HUARA,Yodo,Instalación minera,Micro,CATEGORIA D,No identificado,Posible,Revisar,Confirmado,Proyecto Sumo Pampa Orcoma,Exploraciones Proy. Sumo,CALICHE (YODO),VALIDADO,-69.94976617,-19.95440006,6.903,0.083,POL_33,sin_clasificar
35,83.0,PRODUCCIÓN DE YODO Y NITRATOS ELOISA,ELOISA SPA.,REGIÓN DE TARAPACÁ,POZO ALMONTE,Yodo,Mina / faena,Micro,CATEGORIA C,No identificado,Posible,Revisar,Confirmado,Producción de Yodo y Nitratos Eloisa,Planta Yodo,CALICHE (YODO),VALIDADO,-69.8787,-21.2257,0.586,1.342,POL_35,sin_clasificar
36,110.0,PLANTA ISABEL SALAR GRANDE,IQUIQUE MINERAL SATLT S.A,REGIÓN DE TARAPACÁ,IQUIQUE,Sal,Instalación minera,No informado,CATEGORIA C,No identificado,Confirmado,Coincide,Confirmado,PLANTA ISABEL,PLANTA CHANCADO,SALMUERA,VALIDADO,-70.050235,-20.818105,0.048,0.0,POL_36,sin_clasificar
37,63.0,MINERA CAPACHO VIEJO,MINERA CAPACHO VIEJO LIMITADA,REGIÓN DE ANTOFAGASTA,TOCOPILLA,Cobre,Planta / procesamiento,Micro,CATEGORIA D,No identificado,Confirmado,Coincide,Confirmado,MINERA CAPACHO VIEJO,PLANTA CHANCADO,OXIDOS DE COBRE,VALIDADO,-69.871914,-21.949532,0.0,0.0,POL_37,sin_clasificar
38,355.0,MINA PLANTA MANTOS AL SOL,SOCIEDAD MINERA E INDUSTRIAL LOS MANTOS LIMITADA,REGIÓN DE ANTOFAGASTA,TOCOPILLA,Cobre,Planta / procesamiento,No informado,CATEGORIA C,No identificado,Posible,Revisar,Confirmado,MINA LOS MANTOS AL SOL,CAMPAMENTO,OXIDOS DE COBRE,VALIDADO,-69.86951,-22.114159,1.646,0.0,POL_38,sin_clasificar
39,21.0,ENAMI TOCOPILLA - BARRILES,ENAMI,REGIÓN DE ANTOFAGASTA,TOCOPILLA,No informado,Instalación minera,Grande,CATEGORIA C,No identificado,Confirmado,Coincide,Confirmado,ENAMI TOCOPILLA,ADMINISTRACION,OXIDOS DE COBRE,VALIDADO,-70.0892405,-22.1519735,0.0,0.0,POL_39,sin_clasificar
40,517.0,PLANTA LIPESED,LIPESED S.A.,REGIÓN DE ANTOFAGASTA,TOCOPILLA,Áridos,Planta / procesamiento,Pequeña,CATEGORIA C,Posible,Confirmado,Coincide,Confirmado,LIPESED,PLANTA SX EW,OXIDOS DE COBRE,VALIDADO,-70.213179,-22.121732,0.0,0.421,POL_40,sin_clasificar
41,515.0,MANTOS DE LA LUNA,COMPAÑIA MINERA MANTOS DE LA LUNA S.A.,REGIÓN DE ANTOFAGASTA,TOCOPILLA,Cobre,Instalación minera,Grande,CATEGORIA B,No identificado,Posible,Revisar,Confirmado,MANTOS DE LA LUNA,DESCARGA ÁCIDO SULFÚRICO,OXIDOS DE COBRE,VALIDADO,-70.16936148,-22.3233829,4.52,0.0,POL_41,sin_clasificar
42,291.0,PLANTA DE CAL,SOPROMIN TOCOPILLA LIMITADA,REGIÓN DE ANTOFAGASTA,TOCOPILLA,Carbonato de Calcio,Planta / procesamiento,No informado,CATEGORIA D,Posible,Revisar,Revisar,Sin coincidencia,EXPLORACION II REGION,ALFA 1 AL 5,OXIDOS DE COBRE,VALIDADO,-70.2522965,-22.459323,0.171,1.048,POL_42,sin_clasificar
43,75.0,ANTUCOYA,MINERA ANTUCOYA LTD,REGIÓN DE ANTOFAGASTA,MARIA ELENA,Cobre,Instalación minera,Grande,CATEGORIA A,No identificado,Posible,Revisar,Confirmado,MINA ANTUCOYA,PLANTA SX,OXIDOS DE COBRE,VALIDADO,-69.8570785,-22.65460425,0.827,0.0,POL_43,sin_clasificar
44,149.0,MINA ELENITA,SOCIEDAD CONTRACTUAL MINERA ANTAKENA,REGIÓN DE ANTOFAGASTA,SIERRA GORDA,Cobre,Instalación minera,Grande,CATEGORIA D,No identificado,Confirmado,Coincide,Confirmado,MINA ELENITA,MINA RAJO ABIERTO,OXIDOS DE COBRE,VALIDADO,-69.912674,-23.001392,0.016,0.0,POL_44,sin_clasificar
45,358.0,PROSPECCION MINERA SIERRA VALENZUELA,MINERA RAYROCK LTDA.,REGIÓN DE ANTOFAGASTA,SIERRA GORDA,No informado,Proyecto / exploración,Mediana,CATEGORIA B,No identificado,Revisar,Revisar,Sin coincidencia,"EXPLORACIONES SIERRA GORDA, MICHILLA - REG. ANTOF",ELENITA,COBRE - ORO - PLATA,VALIDADO,-69.878439,-22.958129,0.38,3.351,POL_45,sin_clasificar
46,408.0,SPENCE,MINERA SPENCE S.A.,REGIÓN DE ANTOFAGASTA,SIERRA GORDA,Cobre,Instalación minera,Grande,CATEGORIA A,No identificado,Posible,Revisar,Confirmado,MINA SPENCE,DEPOSITO DE RELAVES,OXIDOS DE COBRE,VALIDADO,-69.29287433,-22.690981,3.098,0.0,POL_46,sin_clasificar
47,330.0,SIERRA GORDA,SIERRA GORDA SOCIEDAD CONTRACTUAL MINERA,REGIÓN DE ANTOFAGASTA,SIERRA GORDA,Cobre / Molibdeno,PLANTA CONCENTRADORA,Grande,CATEGORIA A,No identificado,Confirmado,Coincide,Confirmado,SIERRA GORDA,PLANTA FLOTACION,OXIDOS DE COBRE,VALIDADO,-69.3420375,-22.8329405,0.0,0.0,POL_47,sin_clasificar
48,373.0,MINERA CERRO DOMINADOR S.A.,MINERA CERRO DOMINADOR S.A.,REGIÓN DE ANTOFAGASTA,SIERRA GORDA,Cobre,Instalación minera,Pequeña,CATEGORIA B,No identificado,Posible,Revisar,Confirmado,PLANTA CERRO DOMINADOR,DEPOSITO DE RIPIOS DE LIXIVIACION,SULFUROS Y ÓXIDOS DE COBRE,VALIDADO,-69.4095585,-23.07881883,28.997,0.0,POL_48,sin_clasificar
49,212.0,CENTINELA SULFUROS,MINERA CENTINELA,REGIÓN DE ANTOFAGASTA,SIERRA GORDA,Cobre,Instalación minera,Grande,CATEGORIA A,No identificado,Confirmado,Coincide,Confirmado,CENTINELA SULFUROS,PLANTA MOLIBDENO,OXIDOS DE COBRE,VALIDADO,-69.07031557,-22.96320227,0.0,0.0,POL_49,sin_clasificar
50,176.0,PROYECTO OXIDOS ENCUENTRO,COMPAÑIA CONTRACTUAL MINERA ENCUENTRO,REGIÓN DE ANTOFAGASTA,SIERRA GORDA,Cobre,Proyecto / exploración,Grande,CATEGORIA A,No identificado,Posible,Revisar,Confirmado,ENCUENTRO,BOTADERO,OXIDOS DE COBRE,VALIDADO,-69.109372,-23.103668,0.111,0.0,POL_50,sin_clasificar
51,544.0,EXPLOTACION MOLIENDA Y TRANSPORTE DE SILICE EN YACIMIENTO NANCY,S/I,REGIÓN DE ANTOFAGASTA,SIERRA GORDA,Sílice,Mina / faena,No informado,CATEGORIA C,No identificado,Posible,Revisar,Posible,"NANCY 1 AL 24, PERT. 3,6,9,12,14,15,17,18,20,21,23 Y 24",POLVORIN,CUARZO,VALIDADO,-68.884624,-23.125018,0.748,0.0,POL_51,sin_clasificar
52,278.0,AMPLIACION DE EXTRACCIÓN DE ÁRIDOS POZO PATAGÓNICO 1,INGENIERIA MONTAJE Y SERVICIOS PATAGONIA LTDA,REGIÓN DE ANTOFAGASTA,SIERRA GORDA,Áridos,Extracción de áridos,Pequeña,CATEGORIA D,No identificado,Revisar,Revisar,Sin coincidencia,EXPLORACION II REGION,YOLANDA,CUARZO,VALIDADO,-68.89502538,-23.0295751,4.117,6.821,POL_52,sin_clasificar
53,545.0,PLANTA DE ARIDOS MARCOS MURAÑA/ABELARDO CRUZ,MURAÑA QUISPE MARCOS/,REGIÓN DE ANTOFAGASTA,CALAMA,Áridos,Planta / procesamiento,No informado,CATEGORIA D,No identificado,Posible,Coincide,Sin coincidencia,PLANTA DE PROCESO Y TRATAMIENTO DE TIERRAS DIATOMEAS,PLANTA PROCESAMIENTO TIERRAS DIATOMEAS,DIATOMITA,VALIDADO,-68.919301,-22.554955,0.0,3.478,POL_53,sin_clasificar
55,27.0,CODELCO CHUQUICAMATA,CODELCO,REGIÓN DE ANTOFAGASTA,CALAMA,Cobre,Instalación minera,Grande,CATEGORIA A,No identificado,Confirmado,Coincide,Confirmado,CODELCO CHILE DIVISION CHUQUICAMATA,PLANTAS DE OXIGENO,SULFUROS Y ÓXIDOS DE COBRE,VALIDADO,-68.8991388,-22.32940969,0.0,0.0,POL_55,sin_clasificar
56,373.0,SANTA MARGARITA,MINERA CERRO DOMINADOR S.A. NORTHERN CHILE LTDA.,REGIÓN DE ANTOFAGASTA,CALAMA,Cobre,Instalación minera,Pequeña,CATEGORIA C,No identificado,Posible,Revisar,Confirmado,PLANTA SANTA MARGARITA,PLANTA SX EW,OXIDOS DE COBRE,VALIDADO,-68.690486,-22.46698475,4.014,0.0,POL_56,sin_clasificar
57,411.0,PLANTA DE EXTRACCIÓN Y PROCESAMIENTO DE ARIDOS EN POZO LASTRERO,MORTEROS Y ARIDOS DRY MIX LTDA.,REGIÓN DE ANTOFAGASTA,CALAMA,Áridos,Planta / procesamiento,Grande,CATEGORIA C,No identificado,Posible,Coincide,Sin coincidencia,ALTO LOS LEONES,TUINA,SULFUROS Y ÓXIDOS DE COBRE,VALIDADO,-68.572759,-22.633191,0.0,7.392,POL_57,sin_clasificar
59,359.0,SQM SALAR ATACAMA,SQM S.A. SQM SALAR S.A.,REGIÓN DE ANTOFAGASTA,SAN PEDRO DE ATACAMA,Litio,Instalación minera,Grande,CATEGORIA A,No identificado,Confirmado,Coincide,Confirmado,PLANTA EL SALAR,PLANTA CARNALITA DE LITIO,SALMUERA,VALIDADO,-68.389522,-23.560917,0.0,4.347,POL_59,sin_clasificar
60,546.0,PROYECTO PALOMA,MINERA PLATA CARINA,REGIÓN DE ANTOFAGASTA,SAN PEDRO DE ATACAMA,No informado,Proyecto / exploración,No informado,CATEGORIA D,No identificado,Confirmado,Coincide,Confirmado,PROYECTO PALOMA,EXPLORACION,OXIDOS DE COBRE,VALIDADO,-67.569188,-23.015242,0.0,0.0,POL_60,sin_clasificar
61,187.0,MINERA ZALDIVAR,COMPAÑIA MINERA ZALDIVAR SPA,REGIÓN DE ANTOFAGASTA,ANTOFAGASTA,Cobre,Instalación minera,Grande,CATEGORIA A,No identificado,Confirmado,Coincide,Confirmado,ZALDIVAR,PLANTA CHANCADO TERCIARIO,OXIDOS DE COBRE,VALIDADO,-69.07003033,-24.20407533,0.0,0.0,POL_61,sin_clasificar
62,357.0,MINERA ESCONDIDA,MINERA ESCONDIDA LIMITADA,REGIÓN DE ANTOFAGASTA,ANTOFAGASTA,Cobre,Instalación minera,Grande,CATEGORIA A,No identificado,Posible,Revisar,Confirmado,MINA ESCONDIDA,BOTADERO N° 1 OLAP,OXIDOS DE COBRE,VALIDADO,-69.35466971,-24.13178164,21.753,0.0,POL_62,sin_clasificar
63,313.0,AGUAS BLANCAS,ATACAMA MINERALS CHILE S.C.M.,REGIÓN DE ANTOFAGASTA,ANTOFAGASTA,Yodo,Instalación minera,Grande,CATEGORIA B,No identificado,Confirmado,Coincide,Confirmado,AGUAS BLANCAS,MINA AGUAS BLANCAS,CALICHE (YODO),VALIDADO,-69.87302,-24.165821,0.0,0.0,POL_63,sin_clasificar
64,426.0,PUZOLANA NORTE,CEMENTO POLPAICO S.A,REGIÓN DE ANTOFAGASTA,ANTOFAGASTA,Cal y Yeso,Instalación minera,Grande,CATEGORIA D,No identificado,Posible,Revisar,Confirmado,PUZOLANA NORTE (ANTOFAGASTA),BOTADERO DE ESTERILES,ARCILLA REFRACTARIA,VALIDADO,-70.10499,-24.24107,0.649,0.0,POL_64,sin_clasificar
65,435.0,MINERA NO METALICA ARENEX VARILLAS,ARIDOS ARENEX LIMITADA,REGIÓN DE ANTOFAGASTA,ANTOFAGASTA,Áridos,Instalación minera,Mediana,SIN CATEGORIA,No identificado,Revisar,Revisar,Sin coincidencia,MINA TAMA 2 1 AL 30,MINA RAJO ABIERTO,ARCILLA REFRACTARIA,VALIDADO,-70.34677105,-23.92768012,0.586,5.372,POL_65,sin_clasificar
66,548.0,PUERTO MINA ESCONDIDA (COLOSO),MINERA ESCONDIDA LTDA.,REGIÓN DE ANTOFAGASTA,ANTOFAGASTA,COBRE,Extracción de áridos,No informado,CATEGORIA A,No identificado,Posible,Revisar,Posible,MINA ESCONDIDA,MUELLE MECANIZADO (COLOSO),SULFUROS Y ÓXIDOS DE COBRE,VALIDADO,-70.44917634,-23.79546129,0.297,4.086,POL_66,sin_clasificar
67,36.0,BODEGA DE TRANSFERENCIA DE GRANELES MINERALES SECTOR PORTEZUELO,EMPRESA PORTUARIA ANTOFAGASTA,REGIÓN DE ANTOFAGASTA,ANTOFAGASTA,No informado,Instalación minera,Grande,CATEGORIA A,No identificado,Posible,Coincide,Posible,PLANTA CARBONATO DE LITIO (SQM SALAR),BODEGA,SALMUERA,VALIDADO,-70.279617,-23.688498,0.0,5.801,POL_67,sin_clasificar
68,451.0,MINA EL PEÑON,MINERA MERIDIAN LIMITADA,REGIÓN DE ANTOFAGASTA,ANTOFAGASTA,Oro / Plata,Mina / faena,Grande,CATEGORIA A,No identificado,Posible,Revisar,Confirmado,EL PEÑON,POLVORIN,ORO - PLATA,VALIDADO,-69.55839713,-24.34789687,7.491,0.0,POL_68,sin_clasificar
69,549.0,EXTRACCION DE ARIDOS QUEBRADA LA CHIMBA,S/I,REGIÓN DE ANTOFAGASTA,ANTOFAGASTA,Áridos,Extracción de áridos,No informado,CATEGORIA D,No identificado,Revisar,Revisar,Sin coincidencia,"MINA LOS MORROS 3, 1 AL 10",MINA (CANTERA),OXIDOS DE COBRE,VALIDADO,-70.3797891,-23.5557417,0.636,3.024,POL_69,sin_clasificar
70,477.0,EXTRACCION DE ARENA DESDE SECTOR COSTERO LA RINCONADA PARA RELLENOS DE TROCADERO,EXTRACCIONES Y MONTAJES COM S.A.,REGIÓN DE ANTOFAGASTA,ANTOFAGASTA,Áridos,Extracción de áridos,Grande,CATEGORIA D,No identificado,Revisar,Revisar,Sin coincidencia,MINA ILUSIÓN PRIMERA 1 AL 10,ADMINISTACIÓN - CAMPAMENTO,OXIDOS DE COBRE,VALIDADO,-70.491974,-23.463115,1.173,5.176,POL_70,sin_clasificar
71,518.0,MINA AGUA DULCE,COMPAÑIA MINERA GATICO S.A.,REGIÓN DE ANTOFAGASTA,TOCOPILLA,Cobre,Mina / faena,Grande,CATEGORIA C,No identificado,Revisar,Revisar,Sin coincidencia,MANTOS DEL PACIFICO,BOTADERO INTERIOR,OXIDOS DE COBRE,VALIDADO,-70.185235,-22.537266,30.292,29.874,POL_71,sin_clasificar
72,430.0,MICHILLA,MINERA HMC S.A.,REGIÓN DE ANTOFAGASTA,MEJILLONES,Cobre,Mina / faena,Mediana,CATEGORIA A,No identificado,Confirmado,Coincide,Confirmado,FAENA MICHILLA,TALLER MANTENCIÓN CONTRATISTA,OXIDOS DE COBRE,VALIDADO,-70.164027,-22.606593,0.0,1.232,POL_72,sin_clasificar
73,430.0,MINA MICHILLA,MICHILLA COSTA SPA.,REGIÓN DE ANTOFAGASTA,MEJILLONES,Cobre,Mina / faena,Mediana,CATEGORIA C,No identificado,Posible,Revisar,Confirmado,MICHILLA COSTA,PLANTA PILOTO,OXIDOS DE COBRE,VALIDADO,-70.1981707,-22.6812031,0.102,0.0,POL_73,sin_clasificar
74,390.0,EXTRACCION DE ARENA SECTOR COSTERO HORNITOS,EMPRESA CONSTRUCTORA CONTEX LTDA.,REGIÓN DE ANTOFAGASTA,MEJILLONES,Áridos,Extracción de áridos,Pequeña,SIN CATEGORIA,No identificado,Revisar,Revisar,Sin coincidencia,MINA MERCEDES,MINA SUBTERRANEA,OXIDOS DE COBRE,VALIDADO,-70.29967,-22.836612,0.293,6.363,POL_74,sin_clasificar
76,271.0,MINERA METÁLICA MANTOS BLANCOS,MANTOS COPPER S.A,REGIÓN DE ANTOFAGASTA,ANTOFAGASTA,Cobre,Instalación minera,Grande,CATEGORIA A,Posible,Posible,Revisar,Confirmado,MANTOS BLANCOS,ROM MERCEDES,SULFUROS Y ÓXIDOS DE COBRE,VALIDADO,-70.3926583,-23.6509279,36.02,0.0,POL_76,sin_clasificar
77,374.0,EXTRACCION DE ARIDOS EMPRESTITO E-63,SKANSKA CHILE S.A.,REGIÓN DE ANTOFAGASTA,ANTOFAGASTA,Áridos,Extracción de áridos,Mediana,CATEGORIA D,No identificado,Revisar,Revisar,Sin coincidencia,MINA MARTA,CAMPAMENTO,OXIDOS DE COBRE,VALIDADO,-70.1924345,-23.466704,1.998,4.118,POL_77,sin_clasificar
78,262.0,PLANTA DE SULFATO COBRE PENTAHIDRATADO MINERA REFIMIN LTDA,REFIMIN SERVICIOS INDUSTRIALES LIMITADA,REGIÓN DE ANTOFAGASTA,ANTOFAGASTA,Cobre,Planta / procesamiento,Pequeña,CATEGORIA D,No identificado,Posible,Revisar,Posible,MINA PERTINHO RAJO NORTE,MINA,OXIDOS DE COBRE,VALIDADO,-70.353517,-23.687273,1.286,0.927,POL_78,sin_clasificar
79,66.0,PUERTO DE ANTOFAGASTA/TRANSPORTE DE ZINC EN POLVO/TRANSPORTE CATODOS DE COBRE,INVERSIONES QAC S.A./S.C.M FRANKE,REGIÓN DE ANTOFAGASTA,ANTOFAGASTA,Cobre / Zinc,Puerto / terminal,Grande,CATEGORIA D,Sí,Posible,Coincide,Sin coincidencia,"MINA PLAZA DEL COBRE 1, 1 AL 20",CAMPAMENTO,OXIDOS DE COBRE,VALIDADO,-70.402615,-23.651336,0.008,3.786,POL_79,sin_clasificar
80,295.0,MINA PARDO,COMERCIAL MINERA NORTEARIDOS MINERALS LTDA,REGIÓN DE ANTOFAGASTA,ANTOFAGASTA,Áridos,Instalación minera,Pequeña,CATEGORIA A,Posible,Revisar,Revisar,Sin coincidencia,ALTONORTE,PLANTA DE AGUAS SERVIDAS,SULFUROS DE COBRE,VALIDADO,-70.3975022,-23.6509279,31.816,10.742,POL_80,sin_clasificar
81,426.0,YESO NORTE,CEMENTO POLPAICO S.A.,REGIÓN DE ANTOFAGASTA,MEJILLONES,Áridos,Instalación minera,Grande,CATEGORIA D,No identificado,Posible,Revisar,Confirmado,YESO NORTE (ANTOFAGASTA),MINA,YESO,VALIDADO,-70.54467,-23.328287,0.6,0.002,POL_81,sin_clasificar
82,358.0,IVAN ZAR,MINERA RAYROCK LTDA.,REGIÓN DE ANTOFAGASTA,ANTOFAGASTA,Cobre,Instalación minera,Mediana,CATEGORIA B,No identificado,Confirmado,Coincide,Confirmado,MINA IVAN,ADMINISTRACION-OFICINA,OXIDOS DE COBRE,VALIDADO,-70.281733,-23.341217,0.068,0.0,POL_82,sin_clasificar
83,358.0,EMPERATRIZ,MINERA RAYROCK LTDA.,REGIÓN DE ANTOFAGASTA,MEJILLONES,Cobre,Instalación minera,Mediana,CATEGORIA B,No identificado,Posible,Revisar,Confirmado,MINA IVAN,MINA RAJO ABIERTO EMPERATRIZ,OXIDOS DE COBRE,VALIDADO,-70.253686,-23.318775,0.708,4.72,POL_83,sin_clasificar
84,297.0,MINERA MARIMACA,COMPAÑÍA MINERA CIELO AZUL LIMITADA,REGIÓN DE ANTOFAGASTA,MEJILLONES,Cobre,Instalación minera,Grande,CATEGORIA C,No identificado,Posible,Revisar,Confirmado,EXPLORACION II REGION,MARIMACA,OXIDOS DE COBRE,VALIDADO,-70.411353,-23.090996,21.376,0.283,POL_84,sin_clasificar
85,134.0,PROYECTO CAPRICA IRON,SOCIEDAD CONTRACTUAL CAPRICA IRON,REGIÓN DE ANTOFAGASTA,MEJILLONES,Hierro,Proyecto / exploración,No informado,CATEGORIA B,No identificado,Posible,Revisar,Confirmado,CAPRICA IRON,PLANTA DE CHANCADO,MAGNETITA,VALIDADO,-70.270311,-23.234286,0.852,0.0,POL_85,sin_clasificar
86,252.0,SIERRA MIRANDA,SIERRA ATACAMA SPA,REGIÓN DE ANTOFAGASTA,ANTOFAGASTA,Cobre,Instalación minera,Pequeña,CATEGORIA D,No identificado,Confirmado,Coincide,Confirmado,SIERRA ATACAMA,LIXIVIACION 2,OXIDOS DE COBRE,VALIDADO,-70.11712975,-23.25154,0.0,0.0,POL_86,sin_clasificar
87,27.0,GABRIELA MISTRAL,EXPLORACIONES MINERAS ANDINAS,REGIÓN DE ANTOFAGASTA,SIERRA GORDA,Cobre,Instalación minera,Grande,CATEGORIA C,No identificado,Confirmado,Coincide,Confirmado,EXPLORACIONES II REGIÓN,GABY OESTE,OXIDOS DE COBRE,VALIDADO,-68.8141774,-23.401938,0.0,2.347,POL_87,sin_clasificar
88,550.0,PLANTA SALAR DE ATACAMA,ALBEMARLE,REGIÓN DE ANTOFAGASTA,SAN PEDRO DE ATACAMA,Litio,Planta / procesamiento,Grande,CATEGORIA A,No identificado,Posible,Revisar,Confirmado,PLANTA EL SALAR,PLANTA REMOSION DE MAGNESIO,SALMUERA,VALIDADO,-68.2636501,-23.5133117,12.347,0.0,POL_88,sin_clasificar
90,330.0,LOMAS BAYAS,COMPAÑIA MINERA LOMAS BAYAS,REGIÓN DE ANTOFAGASTA,SIERRA GORDA,Cobre,Instalación minera,Grande,CATEGORIA A,No identificado,Posible,Revisar,Confirmado,LOMAS BAYAS,LIXIVIACION LOMAS,OXIDOS DE COBRE,VALIDADO,-69.4196425,-23.28333283,15.844,0.0,POL_90,sin_clasificar
91,38.0,ALGORTA,ACF MINERA S.A.,REGIÓN DE ANTOFAGASTA,SIERRA GORDA,Yodo,Instalación minera,Grande,CATEGORIA A,No identificado,Posible,Revisar,Confirmado,FAENA ALGORTA NORTE,CAMPAMENTO,CALICHE (YODO),VALIDADO,-70.099899,-23.1067238,21.477,0.0,POL_91,sin_clasificar
92,146.0,PLANTA DE ARIDOS SAN PEDRO,ARIDOS SAN PEDRO SPA,REGIÓN DE ANTOFAGASTA,CALAMA,Áridos,Planta / procesamiento,Pequeña,CATEGORIA D,No identificado,Revisar,Revisar,Sin coincidencia,SAN ANDRES DEL 1 AL 10,CAMPAMENTO,SULFUROS Y ÓXIDOS DE COBRE,VALIDADO,-68.483328,-22.663986,4.511,10.039,POL_92,sin_clasificar
93,220.0,EXPLOTACIÓN SUBTERRANEA MINA PAMPITA,SEMIAT SPA,REGIÓN DE ANTOFAGASTA,CALAMA,Cobre,Mina / faena,No informado,CATEGORIA D,No identificado,Confirmado,Coincide,Confirmado,"PAMPA DOS 1 AL 40 PERTENENCIAS 13, 14, 15 y 16",MINA SUBTERRANEA,OXIDOS DE COBRE,VALIDADO,-68.417443,-22.517867,0.037,0.519,POL_93,sin_clasificar
94,378.0,MINA PAMPA BLANCA,SQM INDUSTRIAL,REGIÓN DE ANTOFAGASTA,SIERRA GORDA,Yodo,Mina / faena,Grande,CATEGORIA C,No identificado,Posible,Revisar,Confirmado,PAMPA BLANCA,CENTRO OPERACION MINERA,CALICHE (NITRATOS),VALIDADO,-69.680312,-23.126756,0.11,0.0,POL_94,sin_clasificar
95,374.0,ARIDOS SIERRA GORDA,SKANSKA CHILE S.A.,REGIÓN DE ANTOFAGASTA,SIERRA GORDA,Áridos,Extracción de áridos,Mediana,CATEGORIA B,No identificado,Posible,Coincide,Posible,"EXPLORACIONES SIERRA GORDA, MICHILLA - REG. ANTOF",AUTRAL,OXIDOS DE COBRE,VALIDADO,-69.758988,-23.294529,0.0,7.551,POL_95,sin_clasificar
97,303.0,MINA GUANACO,GUANACO COMPAÑIA MINERA SPARABOLISTIC SPA,REGIÓN DE ANTOFAGASTA,TALTAL,Oro / Plata,Mina / faena,Grande,CATEGORIA B,No identificado,Confirmado,Coincide,Confirmado,MINA GUANACO,STOCK DE MINERAL,ORO - PLATA,VALIDADO,-69.53832733,-25.10737,0.0,0.0,POL_97,sin_clasificar
98,217.0,SANTO DOMINGO,COMPAÑIA MINERA NOVA VENTURA,REGIÓN DE ANTOFAGASTA,TALTAL,Hierro,Planta / procesamiento,Mediana,CATEGORIA D,No identificado,Confirmado,Coincide,Confirmado,MINA SANTO DOMINGO,MINA,OXIDOS DE COBRE,VALIDADO,-70.493276,-25.1011045,0.0,0.0,POL_98,sin_clasificar
99,21.0,PLANTA JOSE ANTONIO MORENO DE TALTAL,ENAMI,REGIÓN DE ANTOFAGASTA,TALTAL,Cobre,Planta / procesamiento,Grande,CATEGORIA B,No identificado,Posible,Revisar,Confirmado,ENAMI PLANTA JOSÉ ANTONIO MORENO DE TALTAL,DESCARGA DE ACIDO,SULFUROS Y ÓXIDOS DE COBRE,VALIDADO,-70.390576,-25.513894,14.883,0.0,POL_99,sin_clasificar
100,136.0,LOS CHANGOS - NITONA,COLLAO INVERSIONES EN MINERIA,REGIÓN DE ANTOFAGASTA,TALTAL,No informado,Proyecto / exploración,Pequeña,CATEGORIA D,No identificado,Posible,Revisar,Confirmado,PROYECTO DE EXPLORACION,PROYECTO NITONA,OXIDOS DE COBRE,VALIDADO,-70.4803027,-25.406494,71.631,1.4,POL_100,sin_clasificar
101,551.0,PLANTA QUIMICA LA NEGRA,ALBEMARLE S.A.,REGIÓN DE ANTOFAGASTA,ANTOFAGASTA,Litio,Planta / procesamiento,No informado,CATEGORIA A,No identificado,Posible,Revisar,Confirmado,PLANTA QUIMICA LA NEGRA,PLANTA TRATAMIENTO DE AGUAS SERVIDAS (TAS),SALMUERA,VALIDADO,-70.3081307,-23.77750372,1.079,0.0,POL_101,sin_clasificar
102,380.0,MINA BARREAL SECO,MINERA LAS CENIZAS S.A.,REGIÓN DE ANTOFAGASTA,TALTAL,Cobre,Mina / faena,Grande,CATEGORIA C,No identificado,Posible,Revisar,Confirmado,MINA BARREAL SECO,ACOPIO DE MINERALES DE ALTA LEY,OXIDOS DE COBRE,VALIDADO,-70.066573,-25.932388,0.196,0.0,POL_102,sin_clasificar
103,55.0,EXPLOTACION DE HIERRO SAN GABRIEL,HIERRO TALTAL S.C.M.,REGIÓN DE ANTOFAGASTA,TALTAL,Hierro,Instalación minera,No informado,CATEGORIA D,No identificado,Posible,Revisar,Confirmado,PROYECTO SAN GABRIEL,TALLER DE MANTENCION,MAGNETITA,VALIDADO,-70.102321,-25.924888,0.901,0.0,POL_103,sin_clasificar
104,380.0,PLANTA DE ÓXIDOS TALTAL,MINERA LAS CENIZAS S.A.,REGIÓN DE ANTOFAGASTA,TALTAL,Cobre,Planta / procesamiento,Grande,CATEGORIA B,No identificado,Confirmado,Coincide,Confirmado,PLANTA DE ÓXIDOS,PATIO CATADOS,OXIDOS DE COBRE,VALIDADO,-70.3205738,-25.7874706,0.045,0.0,POL_104,sin_clasificar
105,66.0,MINERA FRANKE,SOCIEDAD CONTRACTUAL MINERA FRANKE,REGIÓN DE ANTOFAGASTA,TALTAL,Cobre,Instalación minera,Grande,CATEGORIA A,No identificado,Confirmado,Coincide,Confirmado,MINA FRANKE,GERENCIA,OXIDOS DE COBRE,VALIDADO,-69.867254,-25.838729,0.0,0.0,POL_105,sin_clasificar
106,380.0,MINERA ALTAMIRA - AGUILUCHO,MINERA LAS CENIZAS S.A.,REGIÓN DE ANTOFAGASTA,TALTAL,Cobre,Instalación minera,Grande,CATEGORIA B,No identificado,Posible,Revisar,Posible,MINA ALTAMIRA,CAMPAMENTO,SULFUROS Y ÓXIDOS DE COBRE,VALIDADO,-69.8560565,-25.837026,5.534,5.418,POL_106,sin_clasificar
107,380.0,EXPLOTACION DE MINERALES DOÑA ELBA,MINERA LAS CENIZAS S.A.,REGIÓN DE ANTOFAGASTA,TALTAL,Cobre,Instalación minera,Grande,CATEGORIA B,No identificado,Revisar,Revisar,Sin coincidencia,"EXPLORACIONES SIERRA GORDA, MICHILLA - REG. ANTOF",SIERRA OVERA ( PERT AÑIL),OXIDOS DE COBRE,VALIDADO,-70.03366247,-25.74107184,2.308,9.707,POL_107,sin_clasificar
108,67.0,PROYECTO MINERO SS-XAVIER 1 ESSEX HOLDINGS,REPRESENTACIONES Y GESTION DE NEGOCIOS CHILETOOLS SPA,REGIÓN DE ATACAMA,CHAÑARAL,No informado,Proyecto / exploración,No informado,CATEGORIA D,No identificado,Posible,Revisar,Confirmado,SS-XAVIER 1,PLANTA CHANCADO,MAGNETITA,VALIDADO,-70.31099,-26.186507,1.774,0.0,POL_108,sin_clasificar
109,380.0,LAS CENIZAS TALTAL (LAS LUCES),MINERA LAS CENIZAS S.A.,REGIÓN DE ANTOFAGASTA,TALTAL,Cobre,Instalación minera,Grande,CATEGORIA A,Posible,Confirmado,Coincide,Confirmado,LAS CENIZAS TALTAL (LAS LUCES),ACOPIO DE MINERAL - MINA,OXIDOS DE COBRE,VALIDADO,-70.526627,-25.68659233,0.0,2.099,POL_109,sin_clasificar
110,380.0,EXPLOTACION DE MINERALES MINA FLIOMENA,MINERA LAS CENIZAS S.A.,REGIÓN DE ANTOFAGASTA,TALTAL,Cobre,Mina / faena,Grande,CATEGORIA D,No identificado,Posible,Revisar,Confirmado,"RAJO FILOMENA (ARENA IV 1 AL 30, 40% PERT. 15 Y 16 Y 100% PERT. 17 AL 30",ACOPIO MINERAL,OXIDOS DE COBRE,VALIDADO,-70.221446,-25.573865,0.306,0.0,POL_110,sin_clasificar
113,390.0,EXTRACCION DE ARENA DESDE SECTOR COSTERO LA RINCONADA,EMPRESA CONSTRUCTORA CONTEX LTDA.,REGIÓN DE ANTOFAGASTA,ANTOFAGASTA,Áridos,Extracción de áridos,Pequeña,CATEGORIA D,No identificado,Revisar,Revisar,Sin coincidencia,MINA ILUSIÓN PRIMERA 1 AL 10,ADMINISTACIÓN - CAMPAMENTO,OXIDOS DE COBRE,VALIDADO,-70.506464,-23.459029,0.977,6.11,POL_113,sin_clasificar
114,553.0,MINERA COMAHUE,NEXT MINERALS S.A.,REGIÓN DE ANTOFAGASTA,ANTOFAGASTA,Cobre,Instalación minera,No informado,CATEGORIA B,No identificado,Posible,Revisar,Confirmado,COMAHUE,MINA SUBTERRANEA,OXIDOS DE COBRE,VALIDADO,-70.25039214,-23.49088784,0.26,0.0,POL_114,sin_clasificar
115,145.0,PLANTA PROCESADORA DE METALES,PLANTA RECUPERADORA DE METALES SPA,REGIÓN DE ANTOFAGASTA,MEJILLONES,No informado,Planta / procesamiento,Grande,CATEGORIA D,No identificado,Posible,Coincide,Sin coincidencia,EXPLORACIONES,PROYECTO MEJILLONES,OXIDOS DE COBRE,VALIDADO,-70.375324,-23.085277,0.0,11.281,POL_115,sin_clasificar
116,48.0,PROCESAMIENTO MOLIBDENO MEJILLONES,COMPLEJO INDUSTRIAL MOLYNOR S.A.,REGIÓN DE ANTOFAGASTA,MEJILLONES,Molibdeno,Instalación minera,Grande,CATEGORIA D,No identificado,Posible,Coincide,Posible,EXPLORACIONES,PROYECTO MEJILLONES,OXIDOS DE COBRE,VALIDADO,-70.377443,-23.072877,0.0,12.144,POL_116,sin_clasificar
117,27.0,PLANTA DE PROCESAMIENTO DE CONCENTRADO DE MOLIBDENO,CODELCO,REGIÓN DE ANTOFAGASTA,MEJILLONES,Molibdeno,Planta / procesamiento,Grande,CATEGORIA B,No identificado,Posible,Coincide,Sin coincidencia,CAPRICA IRON,PLANTA DE CONCENTRACION MAGNETICA,MAGNETITA,VALIDADO,-70.38015667,-23.07867233,0.0,19.03,POL_117,sin_clasificar
118,411.0,EXTRACCION Y PROCESAMIENTO DE ARIDOS PLANTA CERRO GRIS,MORTEROS Y ARIDOS DRY MIX LTDA.,REGIÓN DE ANTOFAGASTA,MEJILLONES,Áridos,Planta / procesamiento,Grande,SIN CATEGORIA,Posible,Posible,Coincide,Sin coincidencia,Angamos I del 1 al 16,CAMPAMENTO,OXIDOS DE COBRE,VALIDADO,-70.318123,-23.07984,0.0,7.456,POL_118,sin_clasificar
120,518.0,MINA ANGELICA,COMPAÑIA MINERA GATICO S.A.,REGIÓN DE ANTOFAGASTA,TOCOPILLA,COBRE,Mina / faena,Grande,CATEGORIA C,No identificado,Confirmado,Coincide,Confirmado,ANGELICA,CAMPAMENTO,OXIDOS DE COBRE,VALIDADO,-70.14057238,-22.16471117,0.0,0.0,POL_120,sin_clasificar
121,378.0,MINA PEDRO DE VALDIVIA,SQM INDUSTRIAL,REGIÓN DE ANTOFAGASTA,MARIA ELENA,Yodo,Mina / faena,Grande,CATEGORIA A,No identificado,Posible,Revisar,Posible,SQM SA (II REGIÓN),PLANTAS YODO - P. VALDIVIA,CALICHE (NITRATOS),VALIDADO,-69.897677,-22.698526,22.642,0.126,POL_121,sin_clasificar
122,516.0,PROYECTO DE INVERSIONES MINERAS MARMOL TRAVERTINO,STANDARD UNO S.A.,REGIÓN DE ANTOFAGASTA,CALAMA,Mármol,Proyecto / exploración,No informado,CATEGORIA D,No identificado,Revisar,Revisar,Sin coincidencia,EXPLORACIONES ZONA NORTE,EXPLORACIONES,OXIDOS DE COBRE,VALIDADO,-68.825323,-22.448812,0.11,1.799,POL_122,sin_clasificar
123,472.0,CANTERA ZORRO 8 Y ZORRO 9 DE MARMOLES SAN MARINO,MARMOLES SAN MARINO CHILE S.A.,REGIÓN DE ANTOFAGASTA,CALAMA,Mármol,Cantera,No informado,CATEGORIA D,No identificado,Posible,Revisar,Posible,CANTERA CAÑON VERDE I,CANTERA,CALIZA,VALIDADO,-68.811239,-22.450016,0.151,5.873,POL_123,sin_clasificar
124,473.0,EL ABRA,SOCIEDAD CONTRACTUAL MINERA EL ABRA,REGIÓN DE ANTOFAGASTA,CALAMA,Cobre,Instalación minera,Grande,CATEGORIA A,No identificado,Posible,Revisar,Confirmado,EL ABRA,ROM I,OXIDOS DE COBRE,VALIDADO,-68.78715044,-21.93824411,1.8,0.0,POL_124,sin_clasificar
125,473.0,EL ABRA,SOCIEDAD CONTRACTUAL MINERA EL ABRA,REGIÓN DE ANTOFAGASTA,CALAMA,Cobre,Instalación minera,Grande,CATEGORIA A,No identificado,Posible,Revisar,Confirmado,EL ABRA,TERMINAL DE ACIDO  SULFURICO (TAS),OXIDOS DE COBRE,VALIDADO,-68.78715044,-21.93824411,8.865,0.0,POL_125,sin_clasificar
126,373.0,AMPLIACION Y DESARROLLO DE FAENAS MINERAS EN TUINA - MINA DINKO,BCJ SERVICIOS MINEROS LTDA/MINERA CERRO DOMINADOR S.A./EXPLOTADORA MINERA DEL CE,REGIÓN DE ANTOFAGASTA,CALAMA,Cobre,Mina / faena,Pequeña,CATEGORIA C,No identificado,Posible,Revisar,Confirmado,EXPLORACIONES II REGION,TUINA,OXIDOS DE COBRE,VALIDADO,-68.4111735,-22.515057,2.745,0.0,POL_126,sin_clasificar
127,528.0,AUMENTO DE LA PRODUCCION DE SULFATO DE COBRE CRISTALIZADO,SULFATOS DEL NORTE S.A.,REGIÓN DE ANTOFAGASTA,CALAMA,Cobre,Instalación minera,No informado,CATEGORIA A,No identificado,Posible,Coincide,Posible,PLANTA DE PRODUCCION DE CEMENTO COBRE,PLANTA,COBRE - MOLIBDENO,VALIDADO,-68.430618,-22.505265,0.0,2.841,POL_127,sin_clasificar
128,272.0,MINERA METÁLICA MANTO VERDE DE MANTOS COPPER,MANTOS COPPER S.A.,REGIÓN DE ATACAMA,CHAÑARAL,Cobre,Instalación minera,Grande,CATEGORIA A,No identificado,Posible,Revisar,Confirmado,MANTO VERDE,PLANTA MOLIENDA,SULFUROS Y ÓXIDOS DE COBRE,VALIDADO,-70.345429,-26.556954,0.403,0.0,POL_128,sin_clasificar
129,169.0,MINERA METÁLICA DON EDUARDO,COMPAÑIA MINERA SAN FRANCISCO S.A.,REGIÓN DE ATACAMA,CHAÑARAL,No informado,Instalación minera,No informado,CATEGORIA D,No identificado,Revisar,Revisar,Sin coincidencia,ESTRELLA 1/30,MINA ESTRELLA 1/30,OXIDOS DE COBRE,VALIDADO,-70.27018571,-26.11464633,0.86,5.675,POL_129,sin_clasificar
130,554.0,CARRIZALILLO EXPLORACIÓN,MINERA CARRIZALILLO LIMITADA,REGIÓN DE ATACAMA,CHAÑARAL,No informado,Proyecto / exploración,No informado,CATEGORIA D,No identificado,Confirmado,Coincide,Confirmado,CARRIZALILLO EXPLORACION,EXPLORACION CARRIZALILLO,OXIDOS DE COBRE,VALIDADO,-70.31001809,-26.02128014,0.0,0.0,POL_130,sin_clasificar
131,555.0,PLANTA DE LIXIVIACION FLOR DE LIRIO,S/I,REGIÓN DE ATACAMA,CHAÑARAL,Cobre,Planta / procesamiento,No informado,CATEGORIA D,No identificado,Confirmado,Coincide,Confirmado,FLOR DE LIRIO,MINA FLOR DE LIRIO,ORO - COBRE,VALIDADO,-70.147591,-26.094031,0.0,4.69,POL_131,sin_clasificar
132,23.0,PLANTA SALADO ENAMI,ENAMI,REGIÓN DE ATACAMA,CHAÑARAL,Cobre,Planta / procesamiento,Grande,CATEGORIA B,No identificado,Posible,Revisar,Confirmado,ENAMI-PTA O.MARTINEZ- SALADO,BOTADERO DE RIPIOS N° 2,OXIDOS DE COBRE,VALIDADO,-70.3211956,-26.417164,0.716,0.0,POL_132,sin_clasificar
133,23.0,PLANTA OSVALDO MARTINEZ DE CHANCADO,ENAMI,REGIÓN DE ATACAMA,CHAÑARAL,Cobre,Planta / procesamiento,Grande,CATEGORIA B,No identificado,Confirmado,Coincide,Confirmado,ENAMI-PTA O.MARTINEZ- SALADO,PLANTA CHANCADO N°2,OXIDOS DE COBRE,VALIDADO,-70.316806,-26.418889,0.04,0.258,POL_133,sin_clasificar
134,204.0,PLANTA CARMEN,COMPAÑIA MINERA CARMEN/MINERA SANTA FE/COMPAÑIA MINERA DON DANIEL,REGIÓN DE ATACAMA,DIEGO DE ALMAGRO,Hierro,Instalación minera,Micro,CATEGORIA D,No identificado,Posible,Revisar,Confirmado,PLANTA CARMEN,PLANTA CONCENTRADORA MAGNETICA,HEMATITA - MAGNETITA,VALIDADO,-70.35763486,-26.446489,23.69,0.0,POL_134,sin_clasificar
135,123.0,MINA SAN DANIEL - HERMANDAD,PATRICIO HAPPY OSSANDON ELGUETA,REGIÓN DE ATACAMA,CHAÑARAL,Hierro,Mina / faena,No informado,CATEGORIA D,No identificado,Posible,Revisar,Confirmado,SUERTE 11 AL 16,SUERTE 11 AL 16,HEMATITA,VALIDADO,-70.412221,-26.345919,1.629,1.594,POL_135,sin_clasificar
136,123.0,MINA LA SUERTE SUKAMERIKA MINERALS LTDA,SUDAMERIKA MINERALS LTDA,REGIÓN DE ATACAMA,CHAÑARAL,Hierro,Mina / faena,No informado,CATEGORIA D,No identificado,Confirmado,Coincide,Confirmado,SUERTE 11 AL 16,SUERTE 11 AL 16,HEMATITA,VALIDADO,-70.412221,-26.345919,0.0,0.0,POL_136,sin_clasificar
137,222.0,PLANTA NORA,SOCIEDAD CONTRACTUAL MINERA BERTA,REGIÓN DE ATACAMA,DIEGO DE ALMAGRO,Cobre,Instalación minera,No informado,CATEGORIA D,No identificado,Posible,Coincide,Sin coincidencia,TIGRE,MINA TIGRE,OXIDOS DE COBRE,VALIDADO,-70.053874,-26.354845,0.0,1.446,POL_137,sin_clasificar
138,85.0,MINERA MONTEGRANDE,MINERA MONTEGRANDE S.A.,REGIÓN DE ATACAMA,DIEGO DE ALMAGRO,Hierro,Instalación minera,No informado,CATEGORIA D,No identificado,Posible,Coincide,Sin coincidencia,AMELIA,MINA AMELIA,OXIDOS DE COBRE,VALIDADO,-70.18083,-26.396784,0.0,2.106,POL_138,sin_clasificar
139,127.0,MINERA METÁLICA DIEGO DE ALMAGRO - SIERRA NORTE,COMPAÑIA MINERA SIERRA NORTE S.A.,REGIÓN DE ATACAMA,DIEGO DE ALMAGRO,Cobre / Oro,Instalación minera,Pequeña,CATEGORIA C,No identificado,Posible,Revisar,Posible,JERUSALEN,MINA NORTE,OXIDOS DE COBRE,VALIDADO,-70.16655381,-26.40366331,0.642,8.577,POL_139,sin_clasificar
140,385.0,PLANTA FALDA VERDE,COMPAÑIA MINERA FALDA VERDE,REGIÓN DE ATACAMA,CHAÑARAL,Oro,Instalación minera,Pequeña,CATEGORIA D,No identificado,Confirmado,Coincide,Confirmado,PLANTA FALDA VERDE,PLANTA FALDA VERDE,OXIDOS DE COBRE,VALIDADO,-70.607489,-26.3183805,0.0,0.0,POL_140,sin_clasificar
141,103.0,SAN LUIS PREFERIDA,MINERA CRUZ LIMITADA,REGIÓN DE ATACAMA,CHAÑARAL,Cobre,Proyecto / exploración,Grande,CATEGORIA C,No identificado,Posible,Revisar,Confirmado,SAN LUIS Y PREFERIDA,MINA SAN LUIS Y PREFERIDA,OXIDOS DE COBRE,VALIDADO,-70.624193,-26.3450046,41.771,0.0,POL_141,sin_clasificar
142,338.0,MINERA VETA ESPERANZA,ENAMI,REGIÓN DE ATACAMA,DIEGO DE ALMAGRO,Cobre,Instalación minera,Grande,CATEGORIA D,No identificado,Confirmado,Coincide,Confirmado,VETA ESPERANZA,PORTAL MARTA,OXIDOS DE COBRE,VALIDADO,-70.15047176,-26.32314356,0.0,0.0,POL_142,sin_clasificar
143,230.0,PATRICIA,MINERA TPX,REGIÓN DE ATACAMA,CHAÑARAL,Hierro,Instalación minera,Grande,CATEGORIA D,No identificado,Posible,Revisar,Confirmado,PATRICIA,RAJO PATRICIA 2,MAGNETITA,VALIDADO,-70.1549425,-26.853003,0.666,0.0,POL_143,sin_clasificar
144,64.0,MINERA BELLA ESTER,SOCIEDAD CONTRACTUAL MINERA DESIERTO DE HIERRO,REGIÓN DE ATACAMA,CHAÑARAL,Hierro,Instalación minera,Grande,CATEGORIA D,No identificado,Posible,Coincide,Sin coincidencia,EXPLORACION QUEBRADA SALITROSA,EXPLORACION QUEBRADA SALITROSA,MAGNETITA,VALIDADO,-70.2119395,-26.904285,0.0,2.526,POL_144,sin_clasificar
145,556.0,EXPLOTACION MINERA MORION 48,MINERA SAN FIERRO CHILE LTDA,REGIÓN DE ATACAMA,COPIAPO,Hierro,Instalación minera,No informado,CATEGORIA D,No identificado,Revisar,Revisar,Sin coincidencia,EXPLORACION LOS NEGRITOS,EXPLORACION LOS NEGRITOS,HEMATITA,VALIDADO,-70.11949299,-26.86832328,0.648,10.51,POL_145,sin_clasificar
146,160.0,BERTA,SANTIAGO METALS PROYECTO CUATRO LIMITADA,REGIÓN DE ATACAMA,DIEGO DE ALMAGRO,Cobre,Instalación minera,Micro,CATEGORIA D,No identificado,Posible,Revisar,Confirmado,PROYECTO BERTA,SONDAJE BERTA,SULFUROS DE COBRE,VALIDADO,-70.058447,-26.703122,1.09,0.0,POL_146,sin_clasificar
147,42.0,SUMITOMO-PROSPECCION RADISS,SUMITOMO METAL MINING CHILE LTDA.,REGIÓN DE ATACAMA,DIEGO DE ALMAGRO,No informado,Proyecto / exploración,Mediana,CATEGORIA D,No identificado,Posible,Revisar,Confirmado,RADISS,SONDAJES RADISS,COBRE - ORO,VALIDADO,-70.107815,-26.443674,0.655,0.0,POL_147,sin_clasificar
148,529.0,MINERA LEJANO OESTE,MINERA SANTO DOMINGO S.C.M.,REGIÓN DE ATACAMA,DIEGO DE ALMAGRO,No informado,Instalación minera,Mediana,CATEGORIA D,No identificado,Posible,Coincide,Posible,MATIS,MINA MATIS,OXIDOS DE COBRE,VALIDADO,-70.07566,-26.489487,0.0,0.237,POL_148,sin_clasificar
149,529.0,SANTO DOMINGO,MINERA SANTO DOMINGO S.C.M.,REGIÓN DE ATACAMA,DIEGO DE ALMAGRO,Cobre,Instalación minera,Mediana,CATEGORIA A,No identificado,Posible,Revisar,Confirmado,SANTO DOMINGO,BOTADERO DE ESTERILES,COBRE - ORO - HIERRO,VALIDADO,-70.01617278,-26.42581982,1.604,0.24,POL_149,sin_clasificar
150,127.0,PROSPECCION GEOLOGICA CARMEN PAULINA,COMPAÑIA MINERA SIERRA NORTE S.A.,REGIÓN DE ATACAMA,DIEGO DE ALMAGRO,Cobre,Proyecto / exploración,Pequeña,CATEGORIA D,No identificado,Posible,Revisar,Posible,PLANTA CARMEN,TALLER MANTENCIÓN CARMEN,MAGNETITA,VALIDADO,-70.0475302,-26.3902488,10.998,6.642,POL_150,sin_clasificar
151,557.0,PLANTA EL DURAZNO,GONZALO SEGOVIA,REGIÓN DE ATACAMA,DIEGO DE ALMAGRO,Cobre,Planta / procesamiento,No informado,CATEGORIA D,No identificado,Posible,Coincide,Posible,PLANTA ARTESANAL DE ORO,PLANTA ARTESANAL DE ORO,SULFUROS DE COBRE,VALIDADO,-69.99241,-26.362434,0.0,5.043,POL_151,sin_clasificar
152,28.0,CODELCO SALVADOR - POTRERILLOS,CODELCO /INCA DE ORO S.A.,REGIÓN DE ATACAMA,DIEGO DE ALMAGRO,Cobre,Instalación minera,Grande,CATEGORIA A,No identificado,Posible,Revisar,Confirmado,CODELCO CHILE DIVISION SALVADOR,DEPOSITO DE RELAVE EL SALVADOR (INACTIVO),SULFUROS DE COBRE,VALIDADO,-69.66440069,-26.33590258,7.971,0.0,POL_152,sin_clasificar
153,558.0,SAN ANTONIO - MANTOS DE AGUA DE LA FALDA,MINERA HOMESTAKE CHILE LTDA. - CODELCO,REGIÓN DE ATACAMA,DIEGO DE ALMAGRO,"Oro,  Plata y Cobre",Instalación minera,No informado,CATEGORIA D,No identificado,Posible,Revisar,Confirmado,AGUA DE LA FALDA,MINA AGUA DE LA FALDA,ORO - COBRE,VALIDADO,-69.408484,-26.501983,0.694,2.585,POL_153,sin_clasificar
154,493.0,MINERA AGUA DE LA FALDA - JERONIMO,AGUA DE LA FALDA S.A.,REGIÓN DE ATACAMA,DIEGO DE ALMAGRO,Oro/ Cobre,Instalación minera,No informado,CATEGORIA D,No identificado,Confirmado,Coincide,Confirmado,AGUA DE LA FALDA,MINA AGUA DE LA FALDA,ORO - COBRE,VALIDADO,-69.408484,-26.501983,0.0,0.0,POL_154,sin_clasificar
155,559.0,INCA DEL ORO,MARLETTE CALONGE,REGIÓN DE ATACAMA,DIEGO DE ALMAGRO,Oro,Instalación minera,No informado,CATEGORIA D,No identificado,Revisar,Revisar,Sin coincidencia,PLANTA DE CIANURACIÓN ANDREA,PLANTA DE CIANURACION ANDREA,ORO - COBRE,VALIDADO,-69.9644045,-26.3956935,48.88,3.573,POL_155,sin_clasificar
156,23.0,CONDOR - MIRAFLORES,ALBERTO CARRIZO DIAZ,REGIÓN DE ATACAMA,DIEGO DE ALMAGRO,Oro y Cobre,Proyecto / exploración,Grande,SIN CATEGORIA,No identificado,Posible,Revisar,Confirmado,PROYECTO INCA DE ORO,SONDAJES INCA DE ORO,OXIDOS DE COBRE,VALIDADO,-69.9414575,-26.7877345,5.45,0.875,POL_156,sin_clasificar
157,90.0,SALARES NORTE,MINERA GOLD FIELDS SALARES NORTE SPA,REGIÓN DE ATACAMA,DIEGO DE ALMAGRO,Oro y Plata,Instalación minera,Grande,CATEGORIA B,No identificado,Posible,Revisar,Confirmado,SALARES NORTE,RAJO SALARES NORTE,ORO - COBRE,VALIDADO,-68.926899,-25.997148,1.268,0.0,POL_157,sin_clasificar
158,351.0,KINROSS - NUEVA ESPERANZA,COMPAÑIA MINERA MANTOS DE ORO/LAGUNA RESOURCES CHILE LTDA,REGIÓN DE ATACAMA,DIEGO DE ALMAGRO,Oro y Plata,Instalación minera,Grande,CATEGORIA D,No identificado,Confirmado,Coincide,Confirmado,NUEVA ESPERANZA,EXPLORACIÓN NUEVA ESPERANZA,SULFUROS DE COBRE,VALIDADO,-69.165766,-26.643705,0.0,0.0,POL_158,sin_clasificar
159,155.0,DELIRIO,SANTIAGO METALS PROYECTO DOS LIMITADA,REGIÓN DE ATACAMA,DIEGO DE ALMAGRO,Cobre,Instalación minera,Grande,CATEGORIA B,No identificado,Posible,Revisar,Confirmado,DELIRIO,BOTADERO DELIRIO - TUCUMANA,OXIDOS DE COBRE,VALIDADO,-69.097023,-26.1619056,95.727,0.0,POL_159,sin_clasificar
160,18.0,MARIPOSA,ADMIRALTY MINERALS CHILE PTY LTD,REGIÓN DE ATACAMA,VALLENAR,Hierro,Instalación minera,Pequeña,CATEGORIA D,No identificado,Posible,Revisar,Confirmado,PROYECTO MARIPOSA,RAJO MARIPOSA,MAGNETITA,VALIDADO,-70.7571009,-28.5746022,12.373,0.0,POL_160,sin_clasificar
162,44.0,PUERTO CALDERA,ANDINOMETAL S.A.,REGIÓN DE ATACAMA,CALDERA,Hierro,Puerto / terminal,No informado,CATEGORIA D,Sí,Posible,Revisar,Confirmado,PUERTO CALDERA,PUERTO CALDERA,HEMATITA - MAGNETITA,VALIDADO,-70.836522,-27.05657,0.242,0.369,POL_162,sin_clasificar
163,41.0,BELLAVISTA,SANTA FE MINING/CIA. MINERA SAN ESTEBAN PRIMERA S.A.,REGIÓN DE ATACAMA,CALDERA,Hierro,Instalación minera,Micro,CATEGORIA D,No identificado,Confirmado,Coincide,Confirmado,BELLAVISTA 1/8,MINA BELLAVISTA,COBRE - ORO,VALIDADO,-70.670018,-27.104359,0.0,0.0,POL_163,sin_clasificar
164,213.0,PLANTA BAHIA INGLESA,FOSFATOS DE CALDERA SPA,REGIÓN DE ATACAMA,CALDERA,Fósforo,Instalación minera,No informado,CATEGORIA D,Posible,Posible,Revisar,Confirmado,PLANTA BIFOX,PLANTA BIFOX,CARBONATO DE CALCIO BLANCO,VALIDADO,-70.864128,-27.152751,1.37,0.709,POL_164,sin_clasificar
165,211.0,PODER DE COMPRA PROCESAMIENTO Y EXPORTACION DE MINERALES DE HIERRO,SHABU CORPORATION S.A.,REGIÓN DE ATACAMA,COPIAPO,Hierro,Instalación minera,No informado,CATEGORIA D,No identificado,Revisar,Revisar,Sin coincidencia,MANTO NEGRO,TUNELES EXPLORACION MANTO NEGRO,OXIDOS DE COBRE,VALIDADO,-70.544244,-27.166497,0.25,2.506,POL_165,sin_clasificar
166,398.0,PASCUA LAMA,COMPAÑIA MINERA NEVADA SPA,REGIÓN DE ATACAMA,ALTO DEL CARMEN,Cobre,Instalación minera,Micro,CATEGORIA B,No identificado,Confirmado,Coincide,Confirmado,PASCUA LAMA,PLANTA ARD,ORO METÁLICO O NATIVO,VALIDADO,-70.063014,-29.282648,0.0,0.0,POL_166,sin_clasificar
167,348.0,EL MORRO,COMPLEJO METALURGICO ALTONORTE S.A./ EL MORRO SPA,REGIÓN DE ATACAMA,ALTO DEL CARMEN,Oro y Plata,Instalación minera,Micro,SIN CATEGORIA,No identificado,Confirmado,Coincide,Confirmado,EL MORRO,MINA EL MORRO,SULFURO AURÍFERO,VALIDADO,-69.89707733,-28.63747967,0.0,0.041,POL_167,sin_clasificar
168,448.0,CMP- PLANTA PELLETS,COMPAÑIA MINERA DEL PACIFICO S.A.,REGIÓN DE ATACAMA,HUASCO,Hierro,Planta / procesamiento,Grande,CATEGORIA A,Posible,Confirmado,Coincide,Confirmado,PLANTA PELLETS,PLANTA ENDURECIMIENTO TÉRMICO,HEMATITA,VALIDADO,-71.2469595,-28.479669,0.0,0.0,POL_168,sin_clasificar
169,494.0,CEMENTOS DE CHILE,MINERA MELÓN S.A.,REGIÓN DE ATACAMA,HUASCO,Áridos,Instalación minera,No informado,CATEGORIA A,Sí,Posible,Coincide,Posible,PLANTA PELLETS,DEPOSITO DE RELAVES FILTRADOS,HEMATITA,VALIDADO,-71.235023,-28.470365,0.0,0.454,POL_169,sin_clasificar
170,448.0,LOS COLORADOS,COMPAÑIA MINERA DEL PACIFICO S.A.,REGIÓN DE ATACAMA,HUASCO,Hierro / Magnetita,Instalación minera,Grande,CATEGORIA A,No identificado,Confirmado,Coincide,Confirmado,LOS COLORADOS,PLANTA DE PROCESAMIENTO DE RECHAZO,HEMATITA - MAGNETITA,VALIDADO,-70.8083725,-28.2895185,0.0,0.0,POL_170,sin_clasificar
171,560.0,ÁRIDOS Y EXCAVACIONES ARAYA,S/I,REGIÓN DE ATACAMA,FREIRINA,Áridos,Extracción de áridos,No informado,CATEGORIA D,No identificado,Posible,Coincide,Sin coincidencia,AÑAÑUCA 1,SOCAVON AÑAÑUCA 1,OXIDOS DE COBRE,VALIDADO,-70.942265,-28.51719444,0.0,8.828,POL_171,sin_clasificar
172,561.0,ÁRIDOS EL MURO,S/I,REGIÓN DE ATACAMA,FREIRINA,Áridos,Extracción de áridos,No informado,CATEGORIA D,No identificado,Posible,Coincide,Sin coincidencia,VICTORIA 1/5,BOTADERO 1,COBRE - ORO,VALIDADO,-70.91947,-28.523935,0.0,6.989,POL_172,sin_clasificar
174,448.0,LOS CRISTALES,COMPAÑIA MINERA DEL PACIFICO S.A.,REGIÓN DE ATACAMA,FREIRINA,Hierro,Instalación minera,Grande,CATEGORIA D,No identificado,Confirmado,Coincide,Confirmado,LOS CRISTALES,RAJO CENTRAL,HEMATITA - MAGNETITA,VALIDADO,-71.044317,-29.140932,0.0,0.0,POL_174,sin_clasificar
175,448.0,CERRO NEGRO CRISTALES,COMPAÑIA MINERA DEL PACIFICO S.A.,REGIÓN DE ATACAMA,FREIRINA,Hierro,Instalación minera,Grande,CATEGORIA D,No identificado,Posible,Revisar,Confirmado,LOS CRISTALES,RAJO CENTRAL,HEMATITA - MAGNETITA,VALIDADO,-71.044317,-29.140932,0.705,0.948,POL_175,sin_clasificar
176,448.0,CRISTAL - LOMA CORTADERA,COMPAÑIA MINERA DEL PACIFICO S.A.,REGIÓN DE ATACAMA,FREIRINA,Hierro,Instalación minera,Grande,CATEGORIA D,No identificado,Posible,Revisar,Confirmado,LOS CRISTALES,MINA LOS CRISTALES,HEMATITA - MAGNETITA,VALIDADO,-71.044317,-29.140932,4.749,2.274,POL_176,sin_clasificar
177,448.0,CRISTALES - MORRO ALQUINTA,COMPAÑIA MINERA DEL PACIFICO S.A.,REGIÓN DE ATACAMA,FREIRINA,Hierro,Instalación minera,Grande,CATEGORIA D,No identificado,Posible,Revisar,Confirmado,LOS CRISTALES,MINA LOS CRISTALES,HEMATITA - MAGNETITA,VALIDADO,-71.044317,-29.140932,2.449,0.611,POL_177,sin_clasificar
178,300.0,EXPLOTACION DE MINERALES DE HIERRO DESDE DEPOSITOS ALUVIALES SECTOR LLANOS DE CRISTALES,COMPAÑIA MINERA TAURO S.C.M.,REGIÓN DE ATACAMA,VALLENAR,Hierro,Instalación minera,No informado,CATEGORIA D,No identificado,Confirmado,Coincide,Confirmado,LOS CRISTALES,ACOPIO PRODUCTO FINAL,HEMATITA - MAGNETITA,VALIDADO,-71.022935,-29.134096,0.0,0.407,POL_178,sin_clasificar
179,300.0,MINA TUNILLA - LOS CRISTALES,COMPAÑIA MINERA TAURO S.C.M,REGIÓN DE ATACAMA,FREIRINA,Hierro,Instalación minera,No informado,CATEGORIA C,No identificado,Posible,Revisar,Posible,DESVIO NORTE,BOTADERO DE RECHAZOS,HEMATITA - MAGNETITA,VALIDADO,-71.046171,-29.145289,0.328,13.104,POL_179,sin_clasificar
180,243.0,PROYECTO CERRO BLANCO,ATACAMA SUR SPA,REGIÓN DE ATACAMA,FREIRINA,No informado,Proyecto / exploración,Pequeña,CATEGORIA D,No identificado,Posible,Revisar,Posible,CERRO BLANCO,RAJO CERRO BLANCO,SULFUROS Y ÓXIDOS DE COBRE,VALIDADO,-71.097513,-28.611387,6.279,5.883,POL_180,sin_clasificar
181,367.0,EXPLODESA- EXTRACCION DE DESMONTES MINEROS DISTRITOS FRAGUITA Y EL MORADO,SOCIEDAD DE EXPLORACION Y DESARROLLO MINERO,REGIÓN DE ATACAMA,FREIRINA,Cobre,Instalación minera,Grande,CATEGORIA D,No identificado,Revisar,Revisar,Sin coincidencia,EL MORADO,MINA EL MORADO,OXIDOS DE COBRE,VALIDADO,-71.150837,-28.770555,10.157,20.815,POL_181,sin_clasificar
182,367.0,EL MORADO,SOCIEDAD DE EXPLORACION Y DESARROLLO MINERO (EXPLODESA),REGIÓN DE ATACAMA,FREIRINA,Cobre,Instalación minera,Grande,CATEGORIA D,No identificado,Posible,Revisar,Confirmado,EL MORADO,MINA EL MORADO,OXIDOS DE COBRE,VALIDADO,-71.150837,-28.770555,10.203,0.0,POL_182,sin_clasificar
183,111.0,ROCK EXPLORATION-PROSPECCION MINERA CACHIYUYO,SOCIEDAD CONTRACTUAL MINERA ROCK EXPLORATION,REGIÓN DE ATACAMA,VALLENAR,No informado,Proyecto / exploración,No informado,CATEGORIA D,No identificado,Posible,Coincide,Sin coincidencia,TOBIAS 1/20,EXPLORACIÓN TOBIAS,SULFUROS Y ÓXIDOS DE COBRE,VALIDADO,-71.086629,-29.295134,0.0,3.242,POL_183,sin_clasificar
184,448.0,ALCAPARRA,COMPAÑIA MINERA DEL PACIFIICO S.A.,REGIÓN DE ATACAMA,VALLENAR,No informado,Instalación minera,Grande,CATEGORIA D,No identificado,Confirmado,Coincide,Confirmado,PROSPECTO ALCAPARRA,PROSPECTO ALCAPARRA,HEMATITA - MAGNETITA,VALIDADO,-70.9120492,-28.64505489,0.0,0.0,POL_184,sin_clasificar
185,130.0,LA JAPONESA,SOCIEDAD CONTRACTUAL MINERA VALLENAR IRON COMPANY,REGIÓN DE ATACAMA,VALLENAR,Hierro,Instalación minera,No informado,CATEGORIA D,No identificado,Posible,Revisar,Confirmado,LA JAPONESA,PLANTA CONCENTRADORA,HEMATITA - MAGNETITA,VALIDADO,-70.823218,-28.644944,0.773,0.0,POL_185,sin_clasificar
186,23.0,PLANTA VALLENAR,ENAMI,REGIÓN DE ATACAMA,VALLENAR,Cobre,Planta / procesamiento,Grande,CATEGORIA B,No identificado,Confirmado,Coincide,Confirmado,PLANTA DE BENEFICIO DE MINERALES - VALLENAR,PLANTA DE LIXIVIACION N° 2 Y SECUNDARIA,OXIDOS DE COBRE,VALIDADO,-70.737707,-28.5621255,0.0,0.0,POL_186,sin_clasificar
187,158.0,PLANTA COBRE NORTE,INVERSIONES NUTRAM SPA,REGIÓN DE ATACAMA,VALLENAR,Cobre,Planta / procesamiento,Grande,CATEGORIA C,No identificado,Posible,Revisar,Confirmado,PLANTA COBRE NORTE,FLOTACION,SULFUROS DE COBRE,VALIDADO,-70.74119093,-28.56585261,1.346,0.0,POL_187,sin_clasificar
188,537.0,RELINCHO COPPER- ANDES CENTRAL,NUEVAUNION SPA,REGIÓN DE ATACAMA,VALLENAR,No informado,Proyecto / exploración,Micro,SIN CATEGORIA,No identificado,Confirmado,Coincide,Confirmado,PROYECTO ANDES CENTRAL,RELINCHO,SULFUROS Y ÓXIDOS DE COBRE,VALIDADO,-70.331482,-28.508858,0.0,0.895,POL_188,sin_clasificar
189,334.0,MINA JOHANNA- CORTADERA,SOCIEDAD MINERA LA FRONTERA SPA,REGIÓN DE ATACAMA,VALLENAR,Cobre,Proyecto / exploración,Mediana,CATEGORIA C,No identificado,Confirmado,Coincide,Confirmado,EXPLORACIÓN JOHANNA - CORTADERA,JOHANNA - CORTADERA,SULFUROS DE COBRE,VALIDADO,-70.692126,-28.788568,0.0,0.0,POL_189,sin_clasificar
190,416.0,DOS AMIGOS,SOCEDAD EXPLORACIÓN Y DESARROLLO MINERO (EXPLODESA),REGIÓN DE ATACAMA,VALLENAR,Cobre,Instalación minera,Grande,CATEGORIA D,No identificado,Confirmado,Coincide,Confirmado,EXPLORACION RAJO DOS AMIGOS,EXPLORACION RAJO DOS AMIGOS,COBRE - ORO,VALIDADO,-70.89366764,-28.98236698,0.0,0.0,POL_190,sin_clasificar
191,562.0,SOPROMIN DOMEYCO- PLANTA PROCESADORA DE MINERALES NO METALICOS,SOPROMIN DOMEYKO,REGIÓN DE ATACAMA,VALLENAR,No informado,Planta / procesamiento,No informado,CATEGORIA D,No identificado,Posible,Coincide,Sin coincidencia,DOMEYKO,EXPLORACIÓN DOMEYKO,SULFUROS Y ÓXIDOS DE COBRE,VALIDADO,-70.905494,-28.971715,0.0,2.633,POL_191,sin_clasificar
192,484.0,SACYR- EXTRACCION DE ARIDOS QUEBRADA CHAÑARAL,SACYR CHILE S.A.,REGIÓN DE ATACAMA,VALLENAR,Áridos,Extracción de áridos,Grande,CATEGORIA C,No identificado,Posible,Coincide,Sin coincidencia,DOS AMIGOS,PLANTA EXTRACCIÓN POR SOLVENTE (SX),SULFUROS Y ÓXIDOS DE COBRE,VALIDADO,-70.9224946,-28.9713568,0.032,2.922,POL_192,sin_clasificar
193,54.0,LA PRODUCTORA,SOCIEDAD MINERA EL AGUILA SPA,REGIÓN DE ATACAMA,VALLENAR,Cobre,Proyecto / exploración,No informado,SIN CATEGORIA,No identificado,Posible,Revisar,Confirmado,PROYECTO LA PRODUCTORA,PLATAFORMA NS3,SULFUROS Y ÓXIDOS DE COBRE,VALIDADO,-70.817234,-28.7043435,1.045,0.0,POL_193,sin_clasificar
194,18.0,SOBERANA,ADMIRALTY MINERALS CHILE PTY LTD,REGIÓN DE ATACAMA,VALLENAR,Cobre,Instalación minera,Pequeña,CATEGORIA D,No identificado,Revisar,Revisar,Sin coincidencia,PROYECTO SOBERANA,PLANTA DE CONCENTRACION MAGNETICA SOBERANA,HEMATITA,VALIDADO,-70.8369142,-28.71864485,0.483,1.816,POL_194,sin_clasificar
195,367.0,DOMEYKO,SOCIEDAD MINERA FRONTERA SPA,REGIÓN DE ATACAMA,VALLENAR,Cobre,Proyecto / exploración,Grande,CATEGORIA D,No identificado,Posible,Coincide,Posible,DOMINOCEROS UNA A VEINTE,EXPLORACION DOMINOCEROS UNA A VEINTE,SULFUROS Y ÓXIDOS DE COBRE,VALIDADO,-70.804131,-29.042941,0.0,0.261,POL_195,sin_clasificar
197,448.0,PROSPECTO PLEITO,COMPAÑIA MINERA DEL PACIIFICO S.A.,REGIÓN DE ATACAMA,VALLENAR,Hierro,Proyecto / exploración,Grande,CATEGORIA D,No identificado,Posible,Revisar,Confirmado,PROSPECTO PLEITO,SONDAJE PLEITO,HEMATITA - MAGNETITA - LIMONITA,VALIDADO,-71.105513,-29.227205,2.042,0.0,POL_197,sin_clasificar
198,367.0,MINA SANTA ROSA,SOCIEDAD DE EXPLORACION Y DESARROLLO MINERO,REGIÓN DE ATACAMA,VALLENAR,Cobre,Proyecto / exploración,Grande,CATEGORIA C,No identificado,Confirmado,Coincide,Confirmado,MINA SANTA ROSA,"MINA SANTA ROSA 90, 99, 100",SULFUROS DE COBRE,VALIDADO,-71.058012,-29.244262,0.0,0.0,POL_198,sin_clasificar
199,341.0,DESVIO NORTE,LENBOX CHILE LIMITADA,REGIÓN DE ATACAMA,VALLENAR,Hierro,Instalación minera,Pequeña,CATEGORIA C,No identificado,Confirmado,Coincide,Confirmado,DESVIO NORTE,BOTADERO DE RECHAZOS,HEMATITA - MAGNETITA,VALIDADO,-71.03282,-29.260406,0.0,0.0,POL_199,sin_clasificar
200,564.0,ASOCIACION MINERA DOMEYCO,S/I,REGIÓN DE ATACAMA,VALLENAR,Oro,Instalación minera,No informado,CATEGORIA D,No identificado,Posible,Coincide,Sin coincidencia,PRAGA,EXPLORACION PRAGA,COBRE - ORO,VALIDADO,-70.888119,-29.047699,0.0,2.871,POL_200,sin_clasificar
201,484.0,SACYR- EXTRACCION DE ARIDOS QUEBRADA EL ALGARROBAL,SACYR CHILE S.A.,REGIÓN DE ATACAMA,VALLENAR,Áridos,Extracción de áridos,Grande,CATEGORIA D,No identificado,Revisar,Revisar,Sin coincidencia,BOQUERÓN CHAÑAR,PLANTA DE LIXIVIACIÓN BOQUERÓN CHAÑAR,ORO - COBRE,VALIDADO,-70.660813,-28.123853,0.286,7.699,POL_201,sin_clasificar
202,448.0,PLANTA METALÚRGICA MAGNETITA CMP,COMPAÑIA MINERA DEL PACIFICO S.A.,REGIÓN DE ATACAMA,TIERRA AMARILLA,Hierro,Planta / procesamiento,Grande,CATEGORIA A,No identificado,Posible,Revisar,Confirmado,PLANTA MAGNETITA,TALLER DE MANTENIMIENTO,MAGNETITA,VALIDADO,-70.350744,-27.503032,2.974,0.0,POL_202,sin_clasificar
203,386.0,TIGRESA,COMPAÑIA MINERA CARMEN BAJO LTDA,REGIÓN DE ATACAMA,COPIAPO,Cobre,Instalación minera,Grande,CATEGORIA B,No identificado,Confirmado,Coincide,Confirmado,TIGRESA,ESTACIÓN DE COMBUSTIBLE,SULFUROS Y ÓXIDOS DE COBRE,VALIDADO,-70.39232,-27.524818,0.0,0.0,POL_203,sin_clasificar
204,397.0,CANDELARIA,CIA CONTRACTUAL MINERA CANDELARIA/CIA CONTRACTUAL MINERA OJOS DEL SALADO/TRANSNE,REGIÓN DE ATACAMA,TIERRA AMARILLA,Cobre / Oro / Plata,Instalación minera,Grande,CATEGORIA A,No identificado,Confirmado,Coincide,Confirmado,MINERA CANDELARIA,DEPOSITO RELAVES CANDELARIA,COBRE - ORO,VALIDADO,-70.3088,-27.5217,0.0,0.0,POL_204,sin_clasificar
205,238.0,NUEVA PLANTA MARIA ISABEL,NUEVA MARIA ISABEL MINERA Y SERVICIOS SPA,REGIÓN DE ATACAMA,TIERRA AMARILLA,No informado,Planta / procesamiento,No informado,CATEGORIA D,No identificado,Confirmado,Coincide,Confirmado,PLANTA NUEVA MARIA ISABEL,PLANTA CONCENTRADORA NUEVA MARIA ISABEL,SULFUROS DE COBRE,VALIDADO,-70.27245963,-27.43932851,0.0,0.0,POL_205,sin_clasificar
206,565.0,PROYECTO MINERO TRANSITO,SOCIEDAD PUNTA DEL COBRE S.A.,REGIÓN DE ATACAMA,TIERRA AMARILLA,Cobre,Proyecto / exploración,No informado,CATEGORIA A,No identificado,Confirmado,Coincide,Confirmado,EXPLORACION TRANSITO,EXPLORACION TRANSITO,OXIDOS DE COBRE,VALIDADO,-70.35170888,-27.51902652,0.069,0.172,POL_206,sin_clasificar
207,386.0,PLANTA LAS PINTADAS COMPAÑIA MINERA CARMEN BAJO,COMPAÑIA MINERA CARMEN BAJO,REGIÓN DE ATACAMA,TIERRA AMARILLA,Cobre,Planta / procesamiento,Grande,CATEGORIA D,No identificado,Posible,Revisar,Confirmado,LAS PINTADAS,MINA LAS PINTADAS,SULFUROS DE COBRE,VALIDADO,-70.347294,-27.5753395,1.507,0.0,POL_207,sin_clasificar
208,459.0,PLANTA SAN JOSÉ,SOCIEDAD PUNTA DEL COBRE S.A.,REGIÓN DE ATACAMA,TIERRA AMARILLA,Cobre,Planta / procesamiento,Grande,CATEGORIA A,No identificado,Confirmado,Coincide,Confirmado,PLANTA SAN JOSE,TRANQUE SAN JOSE,SULFUROS DE COBRE,VALIDADO,-70.255228,-27.491569,0.0,2.019,POL_208,sin_clasificar
209,362.0,CAROLA,SOCIEDAD CONTRACTUAL MINERA CAROLA,REGIÓN DE ATACAMA,TIERRA AMARILLA,Cobre,Instalación minera,Grande,CATEGORIA A,No identificado,Confirmado,Coincide,Confirmado,CAROLA,SUB-ESTACIÓN MELÉNDEZ,SULFUROS Y ÓXIDOS DE COBRE,VALIDADO,-70.24253005,-27.47262883,0.0,0.0,POL_209,sin_clasificar
211,470.0,MINA ALCARRAPOSA- CANDELARIA OJOS DEL SALADO,COMPAÑIA CONTRACTUAL MINERA OJOS DEL SALADO,REGIÓN DE ATACAMA,TIERRA AMARILLA,Cobre,Mina / faena,Grande,CATEGORIA A,No identificado,Posible,Revisar,Confirmado,MINERA CANDELARIA,POLVORIN,SULFUROS DE COBRE,VALIDADO,-70.2681214,-27.475629,1.15,3.455,POL_211,sin_clasificar
212,459.0,PUCOBRE-PLANTA SAN JOSÉ,SOCIEDAD PUNTA DEL COBRE S.A.,REGIÓN DE ATACAMA,TIERRA AMARILLA,Cobre,Planta / procesamiento,Grande,CATEGORIA A,No identificado,Posible,Revisar,Confirmado,PLANTA SAN JOSE,ACUEDUCTO,SULFUROS DE COBRE,VALIDADO,-70.255228,-27.491569,2.228,0.0,POL_212,sin_clasificar
213,459.0,VENADO SUR,SOCIEDAD PUNTA DEL COBRE S.A.,REGIÓN DE ATACAMA,COPIAPO,Cobre,Instalación minera,Grande,CATEGORIA B,No identificado,Posible,Revisar,Confirmado,PLANTA DE TRATAMIENTO DE MINERAL VENADO SUR,BOTADEROS VENADO SUR,SULFUROS Y ÓXIDOS DE COBRE,VALIDADO,-70.287568,-27.48214,37.625,0.0,POL_213,sin_clasificar
214,388.0,COEMIN,COMPAÑIA EXPLORADORA Y EXPLOTADORA DE MINAS CHILENO RUMANA,REGIÓN DE ATACAMA,TIERRA AMARILLA,Cobre,Instalación minera,Grande,CATEGORIA A,No identificado,Posible,Coincide,Posible,PLANTA CERRILLOS,PLANTA MOLIENDA,OXIDOS DE COBRE,VALIDADO,-70.2494,-27.5723,0.023,0.0,POL_214,sin_clasificar
215,186.0,CATANIA,MINERA CATANIA VERDE S.A.,REGIÓN DE ATACAMA,TIERRA AMARILLA,Cobre,Instalación minera,Pequeña,CATEGORIA D,No identificado,Revisar,Revisar,Sin coincidencia,CERRO LA PLATA,MINA CERRO LA PLATA,SULFUROS DE COBRE,VALIDADO,-70.194808,-27.603148,0.361,6.85,POL_215,sin_clasificar
216,567.0,PLANTA ELISA DE BORDOS,COMPAÑIA EXPLOTACIÓN DE MINAS SAN ANDRÉS,REGIÓN DE ATACAMA,TIERRA AMARILLA,COBRE,Planta / procesamiento,No informado,CATEGORIA C,No identificado,Confirmado,Coincide,Confirmado,PLANTA ELISA DE BORDOS,PLANTA CHANCADO ELISA DE BORDOS,SULFUROS DE COBRE,VALIDADO,-70.182713,-27.714604,0.0,0.0,POL_216,sin_clasificar
217,159.0,MINERA JILGUERO,MINERA JILGUERO S.A.,REGIÓN DE ATACAMA,TIERRA AMARILLA,Carbonato de Calcio,Instalación minera,Grande,CATEGORIA B,No identificado,Confirmado,Coincide,Confirmado,JILGUERO,BOTADERO SUR,CARBONATO DE CALCIO BLANCO,VALIDADO,-70.213819,-27.45406,0.0,0.0,POL_217,sin_clasificar
218,23.0,PLANTA MANUEL ANTONIO MATTA RUIZ,ENAMI,REGIÓN DE ATACAMA,COPIAPO,Cobre / Oro / Plata,Planta / procesamiento,Grande,CATEGORIA A,No identificado,Posible,Revisar,Confirmado,PLANTA MATTA,PLANTA SX/EW,OXIDOS DE COBRE,VALIDADO,-70.3321587,-27.3665763,8.348,0.0,POL_218,sin_clasificar
219,568.0,"PROCESAMIENTO DE MINERALES Y RELAVES PARA LA EXTRACCION Y RECUPERACION DE ORO, PLATA Y COBRE",MINERA PABELLON,REGIÓN DE ATACAMA,TIERRA AMARILLA,Cobre / Oro / Plata,Relaves,No informado,CATEGORIA B,No identificado,Posible,Revisar,Posible,LA FAROLA,PLANTA PROCESAMIENTO,SULFUROS DE COBRE DE ZONA PRIMARIA,VALIDADO,-70.23825452,-27.51198927,15.541,13.63,POL_219,sin_clasificar
220,530.0,CASERONES,SCM MINERA LUMINA COPPER CHILE LTDA,REGIÓN DE ATACAMA,TIERRA AMARILLA,Cobre,Instalación minera,Grande,CATEGORIA A,No identificado,Confirmado,Coincide,Confirmado,CASERONES,POLVORIN DYNO NOBE,SULFUROS DE COBRE,VALIDADO,-69.56033751,-28.16853452,0.008,0.0,POL_220,sin_clasificar
221,302.0,MARICUNGA - REFUGIO,COMPAÑIA MINERA MARICUNGA,REGIÓN DE ATACAMA,TIERRA AMARILLA,Oro,Instalación minera,Grande,CATEGORIA A,No identificado,Confirmado,Coincide,Confirmado,REFUGIO,PLANTA CIANURACIÓN REFUGIO,ORO - COBRE,VALIDADO,-69.2679,-27.5677,0.09,0.0,POL_221,sin_clasificar
222,229.0,CUENCA LAGUNA NEGRO FRANCISCO,LAGUNA NEGRO FRANCISCO SPA,REGIÓN DE ATACAMA,TIERRA AMARILLA,No informado,Proyecto / exploración,No informado,CATEGORIA C,No identificado,Posible,Revisar,Confirmado,PROYECTO CUENCA LAGUNA NEGRO FRANCISCO,EXPLORACION CUENCA LAGUNA NEGRO FRANCISCO,COBRE - ORO - HIERRO - MOLIBDENO,VALIDADO,-69.20088497,-27.50825753,2.001,2.941,POL_222,sin_clasificar
223,253.0,SANTA CECILIA,MINERA SANTA SPA,REGIÓN DE ATACAMA,TIERRA AMARILLA,Oro y Plata,Proyecto / exploración,Mediana,CATEGORIA C,No identificado,Revisar,Revisar,Sin coincidencia,EL GALENO 9/2015,MINA RAJO ABIERTO,OXIDOS DE COBRE,VALIDADO,-70.23825452,-27.51198927,86.475,67.237,POL_223,sin_clasificar
224,203.0,EXPLORACION MINERA CASPICHE,SOCIEDAD CONTRACTUAL MINERA ETON CHILE,REGIÓN DE ATACAMA,TIERRA AMARILLA,No informado,Proyecto / exploración,Micro,SIN CATEGORIA,No identificado,Posible,Revisar,Posible,CASPICHE,SONDAJES CASPICHE,OXIDOS DE COBRE,VALIDADO,-69.3146525,-27.686911,1.03,7.263,POL_224,sin_clasificar
225,241.0,LA PEPA,MINERA CAVANCHA SPA,REGIÓN DE ATACAMA,TIERRA AMARILLA,No informado,Instalación minera,Micro,CATEGORIA C,No identificado,Posible,Coincide,Posible,PROYECTO LA PEPA,LA PEPA,ORO - COBRE,VALIDADO,-69.242053,-27.281067,0.0,0.0,POL_225,sin_clasificar
226,320.0,MINERA GHOM,SOCIEDAD MINERA GHOM,REGIÓN DE ATACAMA,TIERRA AMARILLA,No informado,Instalación minera,No informado,CATEGORIA D,No identificado,Posible,Revisar,Posible,AMANDA 1/50,MINA AMANDITA,SULFUROS DE COBRE,VALIDADO,-69.992128,-27.608052,0.532,0.458,POL_226,sin_clasificar
227,265.0,MINERA FRONTERA DEL ORO,MINERA FRONTERA DEK ORO SPA/FRONTERA CHILE LTDA.,REGIÓN DE ATACAMA,TIERRA AMARILLA,Cobre,Instalación minera,Mediana,CATEGORIA D,No identificado,Revisar,Revisar,Sin coincidencia,PROYECTO LOS HELADOS,LOS HELADOS,SULFUROS DE COBRE,VALIDADO,-69.606601,-28.369623,3.04,10.257,POL_227,sin_clasificar
228,371.0,MINERA CYPRUS- EXPLORACION VICUÑA,MINERA CYPRUS AMAX CHILE LTDA./CYPRUS CHILE LTDA.,REGIÓN DE ATACAMA,TIERRA AMARILLA,Cobre,Proyecto / exploración,No informado,CATEGORIA D,No identificado,Posible,Revisar,Confirmado,EXPLORACION TAMBERIAS,EXPLORACION TAMBLERIAS,SULFUROS DE COBRE,VALIDADO,-69.679338,-28.474907,1.372,0.0,POL_228,sin_clasificar
229,253.0,BARRICK -CERRO CASALE,NORTE ABIERTO SPA,REGIÓN DE ATACAMA,TIERRA AMARILLA,Oro y Plata,Instalación minera,Mediana,CATEGORIA B,No identificado,Posible,Revisar,Confirmado,CASALE,CAMPAMENTO CASALE,MAGNETITA,VALIDADO,-69.1779312,-27.62815,20.501,0.138,POL_229,sin_clasificar
230,253.0,PROSPECCION LUCIANO BARRICK,NORTE ABIERTO SPA,REGIÓN DE ATACAMA,TIERRA AMARILLA,Oro y Plata,Proyecto / exploración,Mediana,SIN CATEGORIA,No identificado,Posible,Coincide,Sin coincidencia,PROSPECCION LUCIANO,SONDAJE LUCIANO,OXIDOS DE COBRE,VALIDADO,-69.3794,-27.789161,0.0,19.88,POL_230,sin_clasificar
231,209.0,PROSPECTO NÉMESIS,MINERA PEÑOLES DE CHILE LTDA,REGIÓN DE ATACAMA,TIERRA AMARILLA,No informado,Instalación minera,No informado,CATEGORIA D,No identificado,Posible,Revisar,Confirmado,PROSPECTO NEMESIS,PROSPECTO NEMESIS,COBRE - ORO,VALIDADO,-69.393384,-28.135915,0.289,0.0,POL_231,sin_clasificar
232,442.0,PROSPECCION CERRO MATTA,ANTOFAGASTA MINERALS S.A.,REGIÓN DE ATACAMA,TIERRA AMARILLA,Cobre,Proyecto / exploración,Grande,CATEGORIA D,No identificado,Posible,Revisar,Confirmado,PROYECTO CERRO MATTA,PROYECTO CERRO MATTA,SULFUROS DE COBRE,VALIDADO,-69.452693,-27.522033,6.181,0.3,POL_232,sin_clasificar
233,84.0,ANDINA MINERALS,ANDINA MINERALS CHILE LTDA,REGIÓN DE ATACAMA,TIERRA AMARILLA,Oro,Instalación minera,Mediana,CATEGORIA D,No identificado,Revisar,Revisar,Sin coincidencia,CONDOR 1/2,MINA CONDOR 1/2,ORO - COBRE,VALIDADO,-69.1485595,-27.3135175,4.084,8.916,POL_233,sin_clasificar
234,189.0,PROSPECCION MINERA SIERRA LA SAL DE FORTUNE VALLEY,FORTUNE VALLEY RESOURCES CHILE S.A.,REGIÓN DE ATACAMA,TIERRA AMARILLA,Cobre / Oro / Plata,Proyecto / exploración,No informado,CATEGORIA A,No identificado,Revisar,Revisar,Sin coincidencia,REFUGIO,ACUEDUCTO POZO PLANTA,ORO - COBRE,VALIDADO,-69.069893,-27.433261,1.418,3.049,POL_234,sin_clasificar
235,215.0,EL DORADO,RIO EXPLORATIONS SPA,REGIÓN DE ATACAMA,COPIAPO,No informado,Instalación minera,Micro,CATEGORIA D,No identificado,Confirmado,Coincide,Confirmado,DORADO,DORADO,ORO - COBRE,VALIDADO,-68.930357,-27.302721,0.0,0.112,POL_235,sin_clasificar
236,61.0,LOBO - MARTE,COMPAÑIA MINERA MARICUNGA,REGIÓN DE ATACAMA,COPIAPO,Oro y Plata,Instalación minera,Grande,CATEGORIA C,No identificado,Confirmado,Coincide,Confirmado,PROYECTO LOBO MARTE,PROYECTO LOBO MARTE,COBRE - ORO,VALIDADO,-69.029479,-27.173309,0.0,2.166,POL_236,sin_clasificar
237,61.0,LOBO MARTE,COMPAÑIA MINERA MARICUNGA,REGIÓN DE ATACAMA,COPIAPO,Oro y Plata,Instalación minera,Grande,CATEGORIA C,No identificado,Posible,Revisar,Confirmado,PROYECTO LOBO MARTE,EXPLORACION LOBO MARTE CONDENACION,ORO - COBRE - PLATA,VALIDADO,-69.029479,-27.173309,5.813,3.283,POL_237,sin_clasificar
238,62.0,FENIX GOLD,MINERA PEÑOLES DE CHILE LTDA.,REGIÓN DE ATACAMA,COPIAPO,Cobre,Instalación minera,Grande,CATEGORIA D,No identificado,Posible,Revisar,Confirmado,FENIX GOLD,FENIX GOLD MINA,CUARZO AURÍFERO,VALIDADO,-70.3321587,-27.3665763,116.455,0.0,POL_238,sin_clasificar
240,52.0,MINA LA COIPA - RAJO PUREN,COMPAÑIA MINERA MANTOS DE ORO,REGIÓN DE ATACAMA,COPIAPO,Oro,Instalación minera,Pequeña,CATEGORIA A,No identificado,Confirmado,Coincide,Confirmado,LA COIPA,RAJO PUREN,ORO - PLATA,VALIDADO,-69.236686,-26.766667,0.0,0.0,POL_240,sin_clasificar
242,459.0,PUNTA DEL COBRE - VENADO NORTE,SOCIEDAD PUNTA DEL COBRE SA,REGIÓN DE ATACAMA,COPIAPO,Cobre,Instalación minera,Grande,CATEGORIA A,No identificado,Confirmado,Coincide,Confirmado,MINA PUNTA DEL COBRE,MINA VENADO NORTE,SULFUROS DE COBRE,VALIDADO,-70.001145,-27.209063,0.0,0.0,POL_242,sin_clasificar
243,459.0,TRIUNFO,SOCIEDAD PUNTA DEL COBRE S.A.,REGIÓN DE ATACAMA,COPIAPO,Cobre,Instalación minera,Grande,CATEGORIA C,No identificado,Posible,Revisar,Confirmado,TRIUNFO,ACOPIO BAJA LEY,SULFUROS Y ÓXIDOS DE COBRE,VALIDADO,-69.981533,-27.064648,0.274,0.0,POL_243,sin_clasificar
245,448.0,CERRO NEGRO NORTE,COMPAÑIA MINERA DEL PACIFICO S.A.,REGIÓN DE ATACAMA,COPIAPO,Hierro,Instalación minera,Grande,CATEGORIA A,No identificado,Posible,Revisar,Confirmado,CERRO NEGRO NORTE,BOTADERO SUR,MAGNETITA,VALIDADO,-70.34704125,-27.1990385,6.965,0.0,POL_245,sin_clasificar
246,448.0,ADRIANITA,COMPAÑIA MINERA SANTA FE.,REGIÓN DE ATACAMA,COPIAPO,Hierro,Instalación minera,Grande,CATEGORIA A,No identificado,Posible,Revisar,Confirmado,ADRIANITA,MINA ADRIANITA,HEMATITA - MAGNETITA,VALIDADO,-70.36762199,-27.16320263,0.674,0.0,POL_246,sin_clasificar
247,569.0,DOÑA EMA - CONDOR 1/2,COMPAÑIA MINERA MINERALES COPIAPO LTDA,REGIÓN DE ATACAMA,COPIAPO,Hierro,Proyecto / exploración,No informado,CATEGORIA D,No identificado,Confirmado,Coincide,Confirmado,CONDOR 1/2,MINA CONDOR 1/2 SOCAVON 1,HEMATITA - MAGNETITA - LIMONITA,VALIDADO,-70.35331366,-27.24021316,0.0,0.0,POL_247,sin_clasificar
248,129.0,CHAGO MARIO,RAUL TAPIA Y CIA LTDA-,REGIÓN DE ATACAMA,COPIAPO,No informado,Mina / faena,No informado,CATEGORIA D,No identificado,Posible,Revisar,Confirmado,CHAGO MARIO,RAJO CHAGO MARIO,OXIDOS DE COBRE,VALIDADO,-70.37285278,-27.25242657,0.409,0.0,POL_248,sin_clasificar
249,230.0,FORTUNA,MINERA TPX S.A,REGIÓN DE ATACAMA,COPIAPO,Hierro,Instalación minera,Grande,CATEGORIA D,No identificado,Confirmado,Coincide,Confirmado,PROYECTO FORTUNA,SONDAJES FORTUNA,OXIDOS DE COBRE,VALIDADO,-70.4155745,-27.271458,0.0,0.106,POL_249,sin_clasificar
250,152.0,DAYMA ARIDOS,ARRIENDOS Y SERVICIOS DAYMA LIMITADA,REGIÓN DE ATACAMA,COPIAPO,Áridos,Extracción de áridos,Mediana,CATEGORIA D,No identificado,Posible,Coincide,Sin coincidencia,PLANTA DAY,PLANTA CHANCADO,ORO - COBRE,VALIDADO,-70.363938,-27.3488107,0.0,5.046,POL_250,sin_clasificar
251,570.0,PLANTA SAN EDUARDO,RENTAS E INVERSIONES SAN MARINO S.A.,REGIÓN DE ATACAMA,COPIAPO,Cobre,Planta / procesamiento,No informado,CATEGORIA D,No identificado,Confirmado,Coincide,Confirmado,PLANTA SAN EDUARDO,PLANTA SAN EDUARDO,COBRE - ORO,VALIDADO,-70.35691543,-27.41431332,0.0,0.11,POL_251,sin_clasificar
252,366.0,SAN ESTEBAN I,CIA. MINERA SAN ESTEBAN PRIMERA S.A.,REGIÓN DE ATACAMA,COPIAPO,No informado,Planta / procesamiento,Micro,CATEGORIA C,No identificado,Posible,Revisar,Confirmado,SAN ESTEBAN I,PLANTA N° 1,ORO - COBRE - PLATA,VALIDADO,-70.30975134,-27.39213443,0.346,0.0,POL_252,sin_clasificar
253,363.0,PLANTA PUERTO RICO,MINE TRADE SPA,REGIÓN DE ATACAMA,COPIAPO,No informado,Planta / procesamiento,Mediana,CATEGORIA C,No identificado,Posible,Revisar,Confirmado,PLANTA CORONA,TRANQUE DE RELAVES CORONA,SULFUROS DE COBRE,VALIDADO,-70.3321587,-27.3665763,2.222,0.093,POL_253,sin_clasificar
254,571.0,PLANTA GUBIER MARAMBIO (VIRGINIA),GUBIER MARAMBIO H SPA,REGIÓN DE ATACAMA,COPIAPO,Cobre,Planta / procesamiento,No informado,CATEGORIA C,No identificado,Confirmado,Coincide,Confirmado,PLANTA GUBIER MARAMBIO (VIRGINIA),PLANTA LIXIVIACION,MAGNETITA,VALIDADO,-70.38086,-27.470591,0.0,0.0,POL_254,sin_clasificar
255,163.0,GLOBAL MINING,ARENAS MINERALIZADAS DE CHILE SPA,REGIÓN DE ATACAMA,COPIAPO,Áridos,Instalación minera,No informado,CATEGORIA D,No identificado,Revisar,Revisar,Sin coincidencia,INDIA 1-4,LA INDIA,SULFUROS DE COBRE,VALIDADO,-70.434728,-27.483904,2.66,5.275,POL_255,sin_clasificar
256,459.0,MANTO NEGRO,FORTIFICACIONES Y SERVICIOS DE MINERIA INTEGRAL LIMITADA,REGIÓN DE ATACAMA,COPIAPO,Cobre,Instalación minera,Grande,CATEGORIA D,No identificado,Posible,Revisar,Confirmado,MANTO NEGRO,MINA MANTO NEGRO,OXIDOS DE COBRE,VALIDADO,-70.575655,-27.811686,0.341,0.341,POL_256,sin_clasificar
257,73.0,MINERA OSO NEGRO - SAN FIERRO,MINESOCIEDAD CONT. MINERA FENGSHUN,REGIÓN DE ATACAMA,COPIAPO,Hierro,Instalación minera,Grande,CATEGORIA C,No identificado,Posible,Revisar,Confirmado,OSO NEGRO,ACOPIO DE PRODUCTOS,MAGNETITA,VALIDADO,-70.431915,-27.844048,0.76,0.0,POL_257,sin_clasificar
259,59.0,PROYECTO CAL CHILE,SOCIEDAD CONTRACTUAL MINERA B&T,REGIÓN DE ATACAMA,COPIAPO,Carbonato de Calcio,Proyecto / exploración,Grande,CATEGORIA C,No identificado,Posible,Revisar,Confirmado,CAL CHILE,PLANTA DE CHANCADO,CARBONATO DE CALCIO BLANCO,VALIDADO,-70.3321587,-27.3665763,72.094,0.0,POL_259,sin_clasificar
260,249.0,SALARES MARICUNGA MINERALS,SOCIEDAD SALAR MARICUNGA MINERALS GROUP SPA,REGIÓN DE ATACAMA,COPIAPO,Sal,Instalación minera,Pequeña,CATEGORIA D,No identificado,Posible,Coincide,Sin coincidencia,EXPLORACION SALAR DE MARICUNGA,SALAR DE MARICUNGA,SALMUERA (LITIO),VALIDADO,-69.101008,-26.881686,0.0,8.03,POL_260,sin_clasificar
261,199.0,SIMBALIK GROUP INVERSIONES- SALAR MARICUNGA,SIMCO SPA,REGIÓN DE ATACAMA,COPIAPO,Litio,Instalación minera,Micro,CATEGORIA D,No identificado,Posible,Revisar,Confirmado,EXPLORACION SALAR DE MARICUNGA,SALAR DE MARICUNGA,SALMUERA (LITIO),VALIDADO,-69.070473,-26.869651,0.772,4.34,POL_261,sin_clasificar
262,29.0,EXPLORACIÓN SALAR DE MARICUNGA,EXPLORACIONES MINERAS ANDINAS S.A.,REGIÓN DE ATACAMA,COPIAPO,Litio,Instalación minera,No informado,CATEGORIA D,No identificado,Confirmado,Coincide,Confirmado,EXPLORACION SALAR DE MARICUNGA,SALAR DE MARICUNGA,SALMUERA (LITIO),VALIDADO,-69.03516461,-26.83309788,0.0,0.0,POL_262,sin_clasificar
263,122.0,ESPERANZA II,SOCIEDAD EXPLOTACION MINERA SINCUI INTERNATIONAL LIMITADA,REGIÓN DE ATACAMA,COPIAPO,Hierro,Instalación minera,No informado,CATEGORIA D,No identificado,Posible,Revisar,Confirmado,ESPERANZA II,MINA ESPERANZA II,MAGNETITA,VALIDADO,-70.661229,-27.254446,3.304,0.045,POL_263,sin_clasificar
264,329.0,AMERICAN CANYON,AMERICAN CANYON MINING CHILE LTDA,REGIÓN DE ATACAMA,COPIAPO,Cobre,Instalación minera,No informado,CATEGORIA D,No identificado,Confirmado,Coincide,Confirmado,SAN RAMON,PIQUE 1,OXIDOS DE COBRE,VALIDADO,-70.64373,-27.410794,0.0,0.02,POL_264,sin_clasificar
265,135.0,SHECHURA MINNING-MINA JAVIERA,SOCIEDAD MINERA VARRY LTDA.,REGIÓN DE ATACAMA,COPIAPO,Hierro,Mina / faena,No informado,CATEGORIA D,No identificado,Posible,Revisar,Confirmado,JAVIERA 1 Y 2,JAVIERA 1 Y 2,MAGNETITA,VALIDADO,-70.679812,-27.455411,1.21,2.591,POL_265,sin_clasificar
266,324.0,SOL NACIENTE,MINERA NITTETSU-ATACAMA KOZAN,REGIÓN DE ATACAMA,COPIAPO,Cobre,Instalación minera,Pequeña,CATEGORIA D,No identificado,Posible,Revisar,Confirmado,MINA SOL NACIENTE,POLVORIN,SULFUROS DE COBRE,VALIDADO,-70.28997074,-27.40388768,7.886,0.0,POL_266,sin_clasificar
267,386.0,CMCB MANTOS COBRIZOS,COMPAÑIA MINERA CARMEN BAJO,REGIÓN DE ATACAMA,COPIAPO,Cobre,Instalación minera,Grande,CATEGORIA B,No identificado,Posible,Revisar,Confirmado,MANTOS COBRIZOS,CANCHA DE ACOPIO N° 1,OXIDOS DE COBRE,VALIDADO,-70.3321587,-27.3665763,15.227,0.0,POL_267,sin_clasificar
268,459.0,PLANTA DE BENEFICIO BIOCOBRE,SOCIEDAD PUNTA DEL COBRE S.A.,REGIÓN DE ATACAMA,COPIAPO,Cobre,Planta / procesamiento,Grande,CATEGORIA B,No identificado,Posible,Revisar,Confirmado,PLANTA BIOCOBRE,TALLER DE CONTRATISTA,SULFUROS Y ÓXIDOS DE COBRE,VALIDADO,-70.3321587,-27.3665763,8.264,0.0,POL_268,sin_clasificar
269,60.0,MINA OSORNINA,CCA CHILE INVERSION Y DESARROLLO MINERO S.A.,REGIÓN DE ATACAMA,COPIAPO,Hierro / Cobre,Mina / faena,Pequeña,CATEGORIA D,No identificado,Posible,Revisar,Confirmado,EXPLORACIONES OSORNINA,OSORNINA,HEMATITA - MAGNETITA - LIMONITA,VALIDADO,-70.3321587,-27.3665763,39.497,0.0,POL_269,sin_clasificar
270,60.0,MINA RENACER-ORNELLA,CCA CHILE INVERSION Y DESARROLLO MINERO S.A.,REGIÓN DE ATACAMA,COPIAPO,Hierro / Cobre,Mina / faena,Pequeña,CATEGORIA D,No identificado,Revisar,Revisar,Sin coincidencia,RENACER,DESMONTE RENACER,MAGNETITA,VALIDADO,-70.3321587,-27.3665763,77.523,67.241,POL_270,sin_clasificar
271,102.0,PLANTA DON FITO,SOCIEDAD ATACAMA DESERT MINERALS S.A.,REGIÓN DE ATACAMA,COPIAPO,Hierro,Instalación minera,Micro,CATEGORIA D,No identificado,Posible,Revisar,Confirmado,PLANTA DON FITO,BOTADERO DE RECHAZOS,HEMATITA - MAGNETITA,VALIDADO,-70.751096,-27.547848,2.808,0.0,POL_271,sin_clasificar
272,128.0,MINA RESGUARDO,SERENA IRON SpA,REGIÓN DE COQUIMBO,LA HIGUERA,Hierro,Mina / faena,No informado,CATEGORIA D,No identificado,Confirmado,Coincide,Confirmado,RESGUARDO,MINA RESGUARDO,MAGNETITA,VALIDADO,-71.259235,-29.44399,0.0,0.0,POL_272,sin_clasificar
273,105.0,PROYECTO MINERO PUQUIOS,CUPRUM RESOURCES CHILE SPA,REGIÓN DE COQUIMBO,LA HIGUERA,Cobre,Proyecto / exploración,Pequeña,CATEGORIA C,No identificado,Confirmado,Coincide,Confirmado,PUQUIOS,MINA PUQUIOS,SULFUROS Y ÓXIDOS DE COBRE,VALIDADO,-70.72285844,-29.44719101,0.0,0.0,POL_273,sin_clasificar
274,449.0,MINA EL TOFO,COMPAÑIA MINERA DEL PACIFICO S.A.,REGIÓN DE COQUIMBO,LA HIGUERA,Hierro,Acopio / almacenamiento,Grande,CATEGORIA D,No identificado,Confirmado,Coincide,Confirmado,IMG LTDA EXPLORACIONES IV REGION,PROYECTO EL TOFO,COBRE - ORO - PLATA,VALIDADO,-71.227959,-29.435144,0.0,4.073,POL_274,sin_clasificar
275,87.0,PROYECTO DOMINGA NORTE Y SUR,ANDES IRON SPA,REGIÓN DE COQUIMBO,LA HIGUERA,No informado,Proyecto / exploración,Mediana,SIN CATEGORIA,No identificado,Posible,Revisar,Confirmado,FAENA DOMINGA NORTE Y SUR / FASE DE PROSPECCION,SOCAVON RAJO 2,HEMATITA - MAGNETITA - LIMONITA,VALIDADO,-71.170208,-29.362286,0.439,0.0,POL_275,sin_clasificar
276,368.0,FAENA EL MANTO,SOCIEDAD MINERA ATAHUALPA,REGIÓN DE COQUIMBO,LA HIGUERA,Cobre,Proyecto / exploración,Grande,CATEGORIA D,No identificado,Posible,Revisar,Confirmado,FAENA EL MANTO,REBAJE DE LABOR,SULFUROS Y ÓXIDOS DE COBRE,VALIDADO,-70.949578,-29.392591,1.81,0.0,POL_276,sin_clasificar
277,69.0,FAENA MOL,INVERSIONES JORGE CARDENAS Y COMPAÑIA LIMITADA,REGIÓN DE COQUIMBO,LA HIGUERA,Hierro,Proyecto / exploración,Pequeña,CATEGORIA D,No identificado,Posible,Revisar,Confirmado,FAENA MOL,RELAVE MOL (recuperacion),MAGNETITA,VALIDADO,-71.228484,-29.513958,0.27,0.0,POL_277,sin_clasificar
278,572.0,ARIDOS JOSE LUIS CORTES VELIZ,JOSE LUIS CORTES VELIZ,REGIÓN DE COQUIMBO,LA SERENA,Áridos,Extracción de áridos,No informado,CATEGORIA D,No identificado,Posible,Coincide,Sin coincidencia,ALIA,BOTADERO PROYECTO ALIA II,COBRE - ORO - HIERRO - MOLIBDENO,VALIDADO,-71.213358,-29.893884,0.049,1.74,POL_278,sin_clasificar
279,573.0,ARIDOS IVOCAR,S/I,REGIÓN DE COQUIMBO,LA SERENA,Áridos,Extracción de áridos,No informado,CATEGORIA D,No identificado,Posible,Coincide,Sin coincidencia,ALIA,BOTADERO PROYECTO ALIA II,COBRE - ORO - HIERRO - MOLIBDENO,VALIDADO,-71.206821,-29.896952,0.0,1.658,POL_279,sin_clasificar
280,574.0,ARIDOS APRISA,S/I,REGIÓN DE COQUIMBO,LA SERENA,Áridos,Extracción de áridos,No informado,CATEGORIA D,No identificado,Posible,Coincide,Posible,FAENA ALIA,EXPLORACION MINA ALIA II 1 AL 18,SULFUROS Y ÓXIDOS DE COBRE,VALIDADO,-71.204761,-29.903581,0.0,2.187,POL_280,sin_clasificar
281,575.0,ARIDOS ROBERTO BARRAZA,S/I,REGIÓN DE COQUIMBO,LA SERENA,Áridos,Extracción de áridos,No informado,CATEGORIA D,No identificado,Posible,Coincide,Sin coincidencia,ALIA,BOTADERO PROYECTO ALIA II,COBRE - ORO - HIERRO - MOLIBDENO,VALIDADO,-71.211801,-29.890264,0.04,1.269,POL_281,sin_clasificar
282,576.0,ARIDOS ARISER,S/I,REGIÓN DE COQUIMBO,LA SERENA,Áridos,Extracción de áridos,No informado,CATEGORIA D,No identificado,Posible,Coincide,Sin coincidencia,FAENA ALIA,EXPLORACION MINA ALIA II 1 AL 18,SULFUROS Y ÓXIDOS DE COBRE,VALIDADO,-71.229668,-29.897759,0.0,2.678,POL_282,sin_clasificar
283,577.0,ARIDOS CORSAN,ARIDOS CORSAN LTDA,REGIÓN DE COQUIMBO,LA SERENA,Áridos,Extracción de áridos,No informado,CATEGORIA D,No identificado,Posible,Coincide,Posible,FAENA SAN CARLOS,BOTADERO,OXIDOS DE COBRE,VALIDADO,-71.183893,-29.904362,0.0,4.222,POL_283,sin_clasificar
284,578.0,ARIDOS MILKO,S/I,REGIÓN DE COQUIMBO,LA SERENA,Áridos,Extracción de áridos,No informado,CATEGORIA D,No identificado,Posible,Coincide,Sin coincidencia,CAMILA,MINA CAMILA 1-9,SULFUROS Y ÓXIDOS DE COBRE,VALIDADO,-71.179982,-29.902586,0.0,6.957,POL_284,sin_clasificar
285,579.0,ARIDOS LIN,S/I,REGIÓN DE COQUIMBO,LA SERENA,Áridos,Extracción de áridos,No informado,CATEGORIA D,No identificado,Posible,Coincide,Sin coincidencia,ALIA,BOTADERO PROYECTO ALIA II,COBRE - ORO - HIERRO - MOLIBDENO,VALIDADO,-71.178066,-29.910196,0.0,3.402,POL_285,sin_clasificar
286,527.0,EXTRACCION DE ARIDOS ACONCAGUA- HORMIGONES INDEPENDENCIA,HORMIGONES BICENTENARIO S.A./ARIDOS ACONCAGUA S.A.,REGIÓN DE COQUIMBO,LA SERENA,Áridos,Extracción de áridos,Grande,CATEGORIA D,No identificado,Posible,Coincide,Sin coincidencia,PAJONALES,RELAVE PAJONALES,SULFUROS DE COBRE,VALIDADO,-71.169751,-29.919582,0.0,4.418,POL_286,sin_clasificar
287,580.0,ARIDOS SANTA ROSA,S/I,REGIÓN DE COQUIMBO,LA SERENA,Áridos,Extracción de áridos,No informado,CATEGORIA D,No identificado,Posible,Coincide,Sin coincidencia,VISTA HERMOSA,POLVORIN,SULFUROS Y ÓXIDOS DE COBRE,VALIDADO,-71.165779,-29.922812,0.0,6.261,POL_287,sin_clasificar
288,581.0,ARIDOS BIG FLOWER LTDA.,S/I,REGIÓN DE COQUIMBO,LA SERENA,Áridos,Extracción de áridos,No informado,CATEGORIA D,No identificado,Posible,Coincide,Sin coincidencia,FAENA ALIA,EXPLORACION MINA ALIA II 1 AL 18,SULFUROS Y ÓXIDOS DE COBRE,VALIDADO,-71.197709,-29.906856,0.0,2.467,POL_288,sin_clasificar
289,185.0,PAJONALES - ALTOVALSOL,INVERSIONES TRES PLUMAS LIMITADA,REGIÓN DE COQUIMBO,LA SERENA,No informado,Relaves,No informado,CATEGORIA D,No identificado,Confirmado,Coincide,Confirmado,PAJONALES,RELAVE PAJONALES,SULFUROS DE COBRE,VALIDADO,-71.13305495,-29.94671578,0.003,0.0,POL_289,sin_clasificar
290,582.0,ARIDOS GONZALEZ,S/I,REGIÓN DE COQUIMBO,LA SERENA,Áridos,Extracción de áridos,No informado,CATEGORIA D,No identificado,Posible,Coincide,Posible,PAJONALES,RELAVE PAJONALES,SULFUROS DE COBRE,VALIDADO,-71.130722,-29.941058,0.0,0.533,POL_290,sin_clasificar
291,346.0,FAENA LAMBERT - SAN LORENZO,COMPAÑIA MINERA SAN GERONIMO,REGIÓN DE COQUIMBO,LA SERENA,Cobre,Planta / procesamiento,Grande,CATEGORIA B,No identificado,Posible,Revisar,Confirmado,FAENA LAMBERT,PLANTA SAN LORENZO SX - CX,SULFUROS Y ÓXIDOS DE COBRE,VALIDADO,-71.2121727,-29.9395809,15.138,0.0,POL_291,sin_clasificar
292,485.0,MINERA NO METÁLICA PORYECTO EXTRACCION DE ARIDOS POZO SILVA,SACYR CHILE S.A.,REGIÓN DE COQUIMBO,LA SERENA,Áridos,Extracción de áridos,Grande,CATEGORIA D,No identificado,Posible,Coincide,Sin coincidencia,FAENA SEAWOLF JUAN SOLDADO,PLANTA SEAWOLF JUAN SOLDADO,HEMATITA - MAGNETITA,VALIDADO,-71.26733668,-29.79802723,0.0,0.794,POL_292,sin_clasificar
293,301.0,MINA EL ROMERAL,COMPAÑIA MINERA DEL PACIFICO S.A.,REGIÓN DE COQUIMBO,LA SERENA,Hierro,Mina / faena,Grande,CATEGORIA A,No identificado,Confirmado,Coincide,Confirmado,FAENAS EL ROMERAL,BOTADERO NORTE,HEMATITA,VALIDADO,-71.236226,-29.706368,0.0,0.0,POL_293,sin_clasificar
294,177.0,LLANOS DE ARQUEROS - TUGAL,COMPAÑIA MINERA ARQUEROS S.A./MINERA MANTOS DE TALCUNA LIMITADA,REGIÓN DE COQUIMBO,LA SERENA,Cobre,Proyecto / exploración,Pequeña,CATEGORIA C,No identificado,Posible,Revisar,Confirmado,LLANOS DE ARQUEROS,OFICINA ADMINISTRACION,SULFUROS Y ÓXIDOS DE COBRE,VALIDADO,-70.912019,-29.770616,0.206,0.0,POL_294,sin_clasificar
295,86.0,PROSPECCION MINERA MANDALAY,MINERA MANDALAY LIMITADA,REGIÓN DE COQUIMBO,LA SERENA,No informado,Proyecto / exploración,No informado,CATEGORIA C,No identificado,Posible,Revisar,Posible,LLANOS DE ARQUEROS,PROSPECCION MINERA ARQUEROS FASE II,COBRE - ORO - PLATA,VALIDADO,-70.94566499,-29.78079695,1.419,4.821,POL_295,sin_clasificar
297,584.0,PROCESAMIENTO DE GRANALLA ECOBLAST O BLASTOC,S/I,REGIÓN DE COQUIMBO,OVALLE,No informado,Instalación minera,No informado,CATEGORIA A,No identificado,Revisar,Revisar,Sin coincidencia,FAENA  ENAMI DELTA,PLANTA TRATAMIENTO DE AGUAS 4,SULFUROS DE COBRE,VALIDADO,-71.20961,-30.608247,18.846,7.881,POL_297,sin_clasificar
298,485.0,EXTRACCION DE ARIDOS POZO 10-RUTA D-43,SACYR CHILE S.A.,REGIÓN DE COQUIMBO,COQUIMBO,Áridos,Extracción de áridos,Grande,CATEGORIA D,No identificado,Revisar,Revisar,Sin coincidencia,PLANTA RETORTEO DE MATERIALES,PLANTA RETORTEO DE MATERIALES,MERCURIO,VALIDADO,-71.26330342,-30.00682659,2.054,3.533,POL_298,sin_clasificar
299,462.0,MINERA FLORIDA,COMPAÑIA MINERA FLORIDA S.A.,REGIÓN DE COQUIMBO,COQUIMBO,Cobre,Instalación minera,Grande,CATEGORIA B,No identificado,Confirmado,Coincide,Confirmado,TAMBILLOS,MINA FLORIDA,SULFUROS DE COBRE,VALIDADO,-71.242537,-30.198484,0.0,4.125,POL_299,sin_clasificar
300,585.0,PLANTA SAN LUIS,TRANSPORTES SANA TERESA S.A.,REGIÓN DE COQUIMBO,COQUIMBO,Hierro,Instalación minera,No informado,CATEGORIA D,No identificado,Posible,Revisar,Confirmado,PLANTA SAN LUIS,PLANTA SAN LUIS,HEMATITA - MAGNETITA - LIMONITA,VALIDADO,-71.208808,-30.121881,0.106,0.0,POL_300,sin_clasificar
301,120.0,FAENA LA CALCITA - GRACIELA - LA NIÑA,MINERA MELON S.A. - LAS PALMAS,REGIÓN DE COQUIMBO,COQUIMBO,Carbonato de Calcio,Cantera,Grande,CATEGORIA C,No identificado,Posible,Revisar,Confirmado,FAENA LA NIÑA,MINA LA NIÑA,CARBONATO DE CALCIO BLANCO,VALIDADO,-71.502654,-30.298325,0.473,0.0,POL_301,sin_clasificar
302,304.0,TECK CARMEN DE ANDACOLLO,COMPAÑIA MINERA TECK CARMEN DE ANDACOLLO,REGIÓN DE COQUIMBO,ANDACOLLO,Cobre,Instalación minera,Grande,CATEGORIA A,No identificado,Confirmado,Coincide,Confirmado,FAENA ANDACOLLO COBRE,MINA CARMEN DE ANDACOLLO,SULFUROS Y ÓXIDOS DE COBRE,VALIDADO,-71.0965,-30.2462,0.0,0.0,POL_302,sin_clasificar
303,375.0,DAYTON - MINA ANDACOLLO ORO,COMPAÑIA MINERA DAYTON,REGIÓN DE COQUIMBO,ANDACOLLO,Oro,Instalación minera,Pequeña,CATEGORIA D,No identificado,Confirmado,Coincide,Confirmado,EL MAXIMO (21B DAYTON),LOA 1/18 PUNTO 11 EL MAXIMO,CUARZO AURÍFERO,VALIDADO,-71.0946,-30.2291,0.0,2.048,POL_303,sin_clasificar
304,321.0,FAENA PONCE,SLM NANCY PRIMERA DE EL MANZANO,REGIÓN DE COQUIMBO,ANDACOLLO,Áridos,Planta / procesamiento,Grande,CATEGORIA D,No identificado,Posible,Revisar,Posible,LAS TAZAS,PLANTA LAS TAZAS,ORO - COBRE - PLATA,VALIDADO,-71.08600117,-30.234519,1.763,1.855,POL_304,sin_clasificar
305,586.0,PLANTA SANTA MARIA VERONICA,S/I,REGIÓN DE COQUIMBO,ANDACOLLO,Áridos,Planta / procesamiento,No informado,CATEGORIA D,No identificado,Confirmado,Coincide,Confirmado,FAENA SANTA MARIA,MINA SANTA MARIA,SULFUROS Y ÓXIDOS DE COBRE,VALIDADO,-71.080815,-30.253781,0.0,4.221,POL_305,sin_clasificar
306,485.0,POZO ARIDOS EL MANZANO,SACYR CHILE S.A.,REGIÓN DE COQUIMBO,ANDACOLLO,Áridos,Extracción de áridos,Grande,SIN CATEGORIA,No identificado,Confirmado,Coincide,Confirmado,EL MANZANO,MINA EL MANZANO NORTE,SULFUROS DE COBRE,VALIDADO,-71.20505377,-30.15374735,0.0,3.358,POL_306,sin_clasificar
307,587.0,PLANTA RELAVES ANDACOLLO GO SPA,ANDACOLLO GO SPA,REGIÓN DE COQUIMBO,ANDACOLLO,No informado,Relaves,No informado,CATEGORIA D,No identificado,Confirmado,Coincide,Confirmado,ANDACOLLO,DESCONOCIDO,COBRE - ORO,VALIDADO,-71.070592,-30.228124,0.09,0.38,POL_307,sin_clasificar
308,417.0,MINERA LOS PINGOS,COMPAÑIA EXPLOTADORA DE MINAS SPA,REGIÓN DE COQUIMBO,MONTE PATRIA,Cobre,Instalación minera,Grande,CATEGORIA D,No identificado,Confirmado,Coincide,Confirmado,FAENA LOS PINGOS,LO PINGOS 2,SULFUROS DE COBRE,VALIDADO,-70.496553,-30.948348,0.0,0.0,POL_308,sin_clasificar
309,72.0,PLANTA MINERA PILAR,SOCIEDAD COMERCIAL Y MINERA EL RELOJ LTDA.,REGIÓN DE COQUIMBO,RIO HURTADO,Cobre,Instalación minera,Grande,CATEGORIA C,No identificado,Confirmado,Coincide,Confirmado,PLANTA MINERA PILAR,BARRIO CIVICO,OXIDOS DE COBRE,VALIDADO,-70.98025733,-30.39445895,0.0,0.0,POL_309,sin_clasificar
310,510.0,PLANTA DE CHANCADO PARA CALIZA,AGROINDUSTRIAL IBARRA S.A.,REGIÓN DE COQUIMBO,RIO HURTADO,Áridos,Planta / procesamiento,Pequeña,CATEGORIA D,No identificado,Revisar,Revisar,Sin coincidencia,CERT RIO HURTADO,NATALIA 2 Y 3 - EMPRESA MINERA NOEMI LIMITADA,COBRE - ORO - PLATA,VALIDADO,-70.685287,-30.294258,1.172,5.48,POL_310,sin_clasificar
311,108.0,MINA LLANOS DEL TOFO,CHILE EXPLORATION AND MINING S.A.,REGIÓN DE COQUIMBO,LA HIGUERA,Hierro,Instalación minera,Pequeña,CATEGORIA D,No identificado,Revisar,Revisar,Sin coincidencia,CHUPETE,EXPLORACION CHUPETE,HEMATITA - MAGNETITA - LIMONITA,VALIDADO,-71.239327,-29.6645055,23.949,1.422,POL_311,sin_clasificar
312,132.0,PROSPECCION MINERA LA HIGUERA,MINERA PEREGRINE LIMITADA,REGIÓN DE COQUIMBO,LA HIGUERA,No informado,Proyecto / exploración,No informado,CATEGORIA D,No identificado,Posible,Revisar,Confirmado,RELAVES LA HIGUERA,LA HIGUERA 5,HEMATITA - MAGNETITA,VALIDADO,-71.225756,-29.501335,0.361,1.309,POL_312,sin_clasificar
313,43.0,SAN JACINTO,COMPAÑIA MINER LOS NIPAS S.A.,REGIÓN DE COQUIMBO,LA HIGUERA,Oro,Proyecto / exploración,Mediana,CATEGORIA D,No identificado,Posible,Revisar,Confirmado,FAENA  ALFA,PROYECTO ALFA,SULFUROS Y ÓXIDOS DE COBRE,VALIDADO,-70.684623,-29.583684,1.536,1.322,POL_313,sin_clasificar
314,112.0,PROSPECCION MINERA MESCALERO,SOCIEDAD CONTRACTUAL MINERA ROCK EXPLORATION,REGIÓN DE COQUIMBO,LA HIGUERA,No informado,Proyecto / exploración,No informado,CATEGORIA D,No identificado,Posible,Revisar,Posible,PLANTA PROFESOR ALDO LETTURA MATAS,EXPLORACION DEPOSITO RELAVES ALTO ADIGIO,COBRE - ORO,VALIDADO,-71.141185,-29.335357,0.268,0.623,POL_314,sin_clasificar
315,182.0,VARILLA,MINERA Y ARIDOS JUAN GALLEGUILLOS ALVARADO EIRL,REGIÓN DE COQUIMBO,LA HIGUERA,No informado,Proyecto / exploración,No informado,CATEGORIA D,No identificado,Posible,Revisar,Confirmado,VARILLA 1 AL 20,MINA VARILLA 1 AL 20,OXIDOS DE COBRE,VALIDADO,-71.13698,-29.361213,5.885,0.0,POL_315,sin_clasificar
316,277.0,FAENA TALCUNA,COMPAÑIA MINERA SAN GERONIMO,REGIÓN DE COQUIMBO,VICUÑA,Cobre,Relaves,Grande,CATEGORIA B,No identificado,Posible,Revisar,Posible,FAENA TALCUNA (OMINT),TRANQUE DE RELAVES YENNY,SULFUROS Y ÓXIDOS DE COBRE,VALIDADO,-70.997656,-29.966515,8.543,8.387,POL_316,sin_clasificar
317,346.0,LIDIA - RENDIC,COMPAÑIA MINERA SAN GERONIMO,REGIÓN DE COQUIMBO,VICUÑA,Cobre - Plata,Instalación minera,Grande,CATEGORIA C,No identificado,Confirmado,Coincide,Confirmado,LIDIA,MINA RAJO LIDIA 3,COBRE - PLATA,VALIDADO,-70.91426708,-29.86678225,0.0,0.0,POL_317,sin_clasificar
318,425.0,MANGANESOS ATACAMA S.A. (MARQUESA),MANGANESOS ATACAMA S.A.,REGIÓN DE COQUIMBO,VICUÑA,Manganeso,Planta / procesamiento,Pequeña,CATEGORIA D,No identificado,Confirmado,Coincide,Confirmado,MANGANESOS  ATACAMA  S.A. (MARQUESA),PLANTA JIG MARQUESA,ÓXIDO DE MANGANESO,VALIDADO,-70.9188,-29.895476,0.095,0.0,POL_318,sin_clasificar
319,276.0,MINERA TALCUNA,COMPAÑIA MINERA SAN GERONIMO,REGIÓN DE COQUIMBO,VICUÑA,Cobre,Instalación minera,Grande,CATEGORIA A,No identificado,Posible,Revisar,Confirmado,FAENA TALCUNA,TALLERES,SULFUROS DE COBRE,VALIDADO,-70.866892,-29.884895,1.012,0.0,POL_319,sin_clasificar
320,56.0,PROYECTO ALTURAS,COMPAÑIA MINERA SALITRALES LTDA,REGIÓN DE COQUIMBO,VICUÑA,Oro y Plata,Proyecto / exploración,No informado,CATEGORIA B,No identificado,Confirmado,Coincide,Confirmado,PROYECTO ALTURAS,PROSPECCION ALTURAS,COBRE - ORO - PLATA,VALIDADO,-69.93164156,-30.01738343,0.0,0.0,POL_320,sin_clasificar
321,399.0,PROYECTO MINERO TAMBO,COMPAÑIA MINERA NEVADA SPA/BARRICK CHILE LIMITADA,REGIÓN DE COQUIMBO,VICUÑA,Oro y Plata,Proyecto / exploración,Micro,CATEGORIA D,No identificado,Confirmado,Coincide,Confirmado,FAENA TAMBO,CANTO SUR (BOT.ESTERIL),ORO - COBRE - PLATA,VALIDADO,-69.95853,-29.7597035,0.0,3.213,POL_321,sin_clasificar
322,489.0,MINERA LOS PELAMBRES,MINERA LOS PELAMBRES,REGIÓN DE COQUIMBO,SALAMANCA,Cobre,Instalación minera,Grande,CATEGORIA A,No identificado,Confirmado,Coincide,Confirmado,FAENA LOS PELAMBRES,CAMPAMENTO COM,COBRE - MOLIBDENO,VALIDADO,-70.4956,-31.7426,0.0,0.0,POL_322,sin_clasificar
323,290.0,TRES VALLES,COMPAÑIA MINERA TRES VALLES SPA,REGIÓN DE COQUIMBO,SALAMANCA,Cobre,Instalación minera,Grande,CATEGORIA A,No identificado,Confirmado,Coincide,Confirmado,FAENA TRES VALLES,PLANTA SX -EW,OXIDOS DE COBRE,VALIDADO,-71.0209,-31.7422,0.0,0.0,POL_323,sin_clasificar
324,290.0,TRES VALLES,MINERA TRES VALLES SPA,REGIÓN DE COQUIMBO,SALAMANCA,Cobre,Instalación minera,Grande,CATEGORIA A,No identificado,Posible,Revisar,Confirmado,FAENA TRES VALLES,BOTADERO ESTERIL DON GABRIEL,SULFUROS Y ÓXIDOS DE COBRE,VALIDADO,-71.0209,-31.7422,9.211,0.0,POL_324,sin_clasificar
325,588.0,PLANTA MINERA DOÑA LEONOR,S/I,REGIÓN DE COQUIMBO,SALAMANCA,Cobre,Planta / procesamiento,No informado,CATEGORIA D,No identificado,Posible,Revisar,Posible,FAENA SANTA FILOMENA,PLANTA SANTA FILOMENA,SULFUROS Y ÓXIDOS DE COBRE,VALIDADO,-70.935702,-31.723339,0.28,0.676,POL_325,sin_clasificar
326,91.0,FAENA TAMBO DE ORO,MINERA HMC S.A.,REGIÓN DE COQUIMBO,PUNITAQUI,Oro,Mina / faena,Grande,CATEGORIA A,No identificado,Confirmado,Coincide,Confirmado,FAENA TAMBO DE ORO,ÁREA GEOLOGÍA (TESTIGOTECA),ORO - COBRE,VALIDADO,-71.224744,-30.854489,0.0,0.0,POL_326,sin_clasificar
327,264.0,MINERA ALTOS DE PUNITAQUI,MINERA BMR SPA,REGIÓN DE COQUIMBO,PUNITAQUI,Cobre - Oro -Plata,Instalación minera,Micro,CATEGORIA D,No identificado,Confirmado,Coincide,Confirmado,WALDO FERREL OJAVO (PLANTA PUNITAQUI),PUNITAQUI 1,ORO - COBRE - PLATA,VALIDADO,-71.2263,-30.86,0.0,2.484,POL_327,sin_clasificar
328,589.0,DALMACIA,MINERA BMR SPA,REGIÓN DE COQUIMBO,PUNITAQUI,No informado,Proyecto / exploración,No informado,CATEGORIA D,No identificado,Confirmado,Coincide,Confirmado,DALMACIA,GARITA DE ACCESO,SULFUROS Y ÓXIDOS DE COBRE,VALIDADO,-71.261965,-30.896737,0.0,0.0,POL_328,sin_clasificar
329,485.0,MINERA NO METALICA EXTRACCION DE ARIDOS ROMERALCILLO,SACYR CHILE S.A.,REGIÓN DE COQUIMBO,OVALLE,Áridos,Extracción de áridos,Grande,CATEGORIA D,No identificado,Posible,Coincide,Sin coincidencia,FAENA LA CARBONILLO,MINA CARBONILLO 1  AL 5,SULFUROS Y ÓXIDOS DE COBRE,VALIDADO,-71.16494,-30.4649,0.0,2.673,POL_329,sin_clasificar
330,24.0,FAENA DELTA ENAMI,ENAMI,REGIÓN DE COQUIMBO,OVALLE,Cobre,Instalación minera,Grande,CATEGORIA A,No identificado,Confirmado,Coincide,Confirmado,FAENA  ENAMI DELTA,PLANTA DE CHANCADO SULFUROS,SULFUROS DE COBRE,VALIDADO,-71.21763733,-30.49419667,0.0,0.0,POL_330,sin_clasificar
331,24.0,FAENA DELTA,ENAMI,REGIÓN DE COQUIMBO,OVALLE,Cobre,Relaves,Grande,CATEGORIA A,No identificado,Posible,Revisar,Confirmado,FAENA  ENAMI DELTA,RESERVORIO DE AGUA RELAVE,SULFUROS DE COBRE,VALIDADO,-71.21763733,-30.49419667,1.186,0.0,POL_331,sin_clasificar
332,24.0,FAENA PANULCILLO,ENAMI,REGIÓN DE COQUIMBO,OVALLE,Cobre,Instalación minera,Grande,CATEGORIA D,No identificado,Confirmado,Coincide,Confirmado,FAENA PANULCILLO,PLANTA LA COCINERA,ORO - COBRE - PLATA,VALIDADO,-71.1763165,-30.547178,0.0,0.0,POL_332,sin_clasificar
333,58.0,PLANTA EL DORADO,FF MINERALS S.A.,REGIÓN DE COQUIMBO,OVALLE,Hierro,Mina / faena,Pequeña,CATEGORIA D,No identificado,Confirmado,Coincide,Confirmado,PLANTA EL DORADO,DESMONTES DE HIERRO,HEMATITA - MAGNETITA,VALIDADO,-71.222355,-30.559663,0.02,0.0,POL_333,sin_clasificar
334,109.0,EL DORADO,SOCIEDAD DE INVERSIONES TIERRA DEL FUEGO LIMITADA,REGIÓN DE COQUIMBO,OVALLE,Hierro,Proyecto / exploración,No informado,CATEGORIA C,No identificado,Posible,Revisar,Confirmado,FAENA EL DORADO,MINA EL DORADO - SECTOR EL DORADO 1 - 3,HEMATITA - MAGNETITA,VALIDADO,-71.225639,-30.585742,0.287,0.0,POL_334,sin_clasificar
335,72.0,SAN CAYETANO - MIRADOR,SOCIEDAD COMERCIAL Y MINERA EL RELOJ LTDA/COMPAÑIA MINERA POTRERILLOS LTDA,REGIÓN DE COQUIMBO,OVALLE,Cobre,Instalación minera,Grande,CATEGORIA D,No identificado,Posible,Revisar,Confirmado,FAENA MIRADOR,EXPLORACION MIRADOR 1/18,COBRE - ORO - PLATA,VALIDADO,-71.2249593,-30.6755727,0.96,0.0,POL_335,sin_clasificar
336,281.0,MINERA EL CHACO - LA CABRA - LA OVEJA,MINERA E INMOBILIARIA LICHI LIMITADA/COMPAÑIA MINERA HJC LIMITADA,REGIÓN DE COQUIMBO,OVALLE,Hierro,Instalación minera,No informado,CATEGORIA D,No identificado,Posible,Revisar,Confirmado,CHACO 1 AL 4,MINA CHACO,MAGNETITA,VALIDADO,-71.21129254,-30.6425745,8.85,0.0,POL_336,sin_clasificar
337,153.0,PLANTA LA VENTOLERA,MINERA FLOR DE MAYO LIMITADA,REGIÓN DE COQUIMBO,OVALLE,Oro,Planta / procesamiento,No informado,CATEGORIA C,No identificado,Posible,Revisar,Confirmado,FAENA LA VENTOLERA,PLANTA LA VENTOLERA,ORO - PLATA,VALIDADO,-71.673425,-30.9062965,0.582,0.0,POL_337,sin_clasificar
338,281.0,PLANTA CHACO,COMPAÑIA MINERA APC CHILE LTDA,REGIÓN DE COQUIMBO,OVALLE,Hierro,Instalación minera,No informado,CATEGORIA D,No identificado,Posible,Revisar,Confirmado,CARO,MINA CARO,MAGNETITA,VALIDADO,-71.245282,-30.72651,1.377,1.214,POL_338,sin_clasificar
340,364.0,PLANTA LAS VACAS,MINERA DON ALBERTO,REGIÓN DE COQUIMBO,LOS VILOS,Cobre,Planta / procesamiento,Mediana,CATEGORIA C,No identificado,Posible,Revisar,Confirmado,FAENA LAS VACAS,MINA LAS VACAS,COBRE - ORO,VALIDADO,-71.43828,-31.87901,10.844,0.0,POL_340,sin_clasificar
341,293.0,PROYECTO EL ESPINO,EL ESPINO SPA,REGIÓN DE COQUIMBO,ILLAPEL,Oro y Cobre,Proyecto / exploración,No informado,CATEGORIA C,No identificado,Confirmado,Coincide,Confirmado,PROYECTO EL ESPINO,RAJO EL ESPINO,COBRE - ORO,VALIDADO,-71.09777361,-31.37441799,0.0,0.0,POL_341,sin_clasificar
342,590.0,FAENA TUNQUEN (EX EL ALMENDRO),S/I,REGIÓN DE COQUIMBO,ILLAPEL,No informado,Relaves,No informado,CATEGORIA D,No identificado,Posible,Revisar,Confirmado,FAENA TUNQUÉN EX EL ALMENDRO,TRANQUE TUNQUÉN,SULFUROS DE COBRE,VALIDADO,-71.087399,-31.47561,0.35,0.0,POL_342,sin_clasificar
343,591.0,FAENA EL MAITEN,SOCIEDAD AGUIRRE MOYANO LTDA,REGIÓN DE COQUIMBO,ILLAPEL,No informado,Relaves,No informado,SIN CATEGORIA,No identificado,Posible,Revisar,Confirmado,FAENA EL MAITEN,ORIENTE,SULFURO AURÍFERO,VALIDADO,-71.250609,-31.661148,0.234,0.0,POL_343,sin_clasificar
344,592.0,MINERA PIEDRAS BLANCAS (EX-TUNGA SUR),ALFREDO VILLALOBOS ROMAN,REGIÓN DE COQUIMBO,ILLAPEL,Carbonato de Calcio,Instalación minera,Grande,CATEGORIA C,No identificado,Confirmado,Coincide,Confirmado,PIEDRAS BLANCAS (EX-TUNGA SUR),PLANTA PIEDRAS BLANCAS,CARBONATO DE CALCIO BLANCO,VALIDADO,-71.38280413,-31.64352325,0.0,0.0,POL_344,sin_clasificar
345,317.0,EL ESPINO - EL TRAPICHE - EL LLANO,INVERSIONES NORTH (CHILE) LTDA.,REGIÓN DE COQUIMBO,ILLAPEL,No informado,Proyecto / exploración,No informado,CATEGORIA C,No identificado,Posible,Revisar,Confirmado,PROYECTO EL ESPINO,SONDAJES DE EXPLORACION EL ESPINO,COBRE - ORO - PLATA,VALIDADO,-71.010812,-31.362581,4.07,0.449,POL_345,sin_clasificar
346,356.0,MINERA PORTEZUELO,COMPAÑIA MINERA PORTEZUELA LTDA. - ENAMI,REGIÓN DE COQUIMBO,ILLAPEL,Cobre,Instalación minera,Pequeña,CATEGORIA C,No identificado,Posible,Revisar,Confirmado,FAENA PORTEZUELO,PLANTA PORTEZUELO,COBRE - ORO - PLATA,VALIDADO,-70.724632,-31.576923,37.984,0.0,POL_346,sin_clasificar
347,144.0,MINERA LLAHUIN,MINERA LLAHUIN S.C.M.,REGIÓN DE COQUIMBO,COMBARBALA,No informado,Instalación minera,No informado,CATEGORIA D,No identificado,Confirmado,Coincide,Confirmado,LLAHUIN,EXPLORACION LLAHUIN,COBRE - ORO,VALIDADO,-71.01861528,-31.33532361,0.0,0.0,POL_347,sin_clasificar
348,593.0,PLANTA SANTA TERESA,INVERSIONES SINAXIS S.A.,REGIÓN DE COQUIMBO,ILLAPEL,No informado,Relaves,Pequeña,CATEGORIA D,No identificado,Posible,Revisar,Confirmado,PLANTA SANTA TERESA,SANTA TERESA,COBRE - ORO,VALIDADO,-71.087399,-31.47561,11.256,0.0,POL_348,sin_clasificar
349,6.0,EL HUACHO,COMPAÑIA MINERA GEOVITTA S.A.,REGIÓN DE COQUIMBO,COMBARBALA,Cobre,Mina / faena,Micro,CATEGORIA D,No identificado,Posible,Revisar,Confirmado,MINA TERMAS,MINA TERMAS,SULFUROS DE COBRE,VALIDADO,-71.160446,-31.044783,3.166,0.512,POL_349,sin_clasificar
350,501.0,EXTRACCION DE ARIDOS DEL CURSO INFERIOR DEL RIO CHOAPA,SOCIEDAD CONCESIONARIA DEL ELQUI S.A.,REGIÓN DE COQUIMBO,CANELA,Áridos,Extracción de áridos,Grande,CATEGORIA D,No identificado,Posible,Revisar,Posible,FAENA CHOAPA 1/10,MINA CHOAPA 1/10,OXIDOS DE COBRE,VALIDADO,-71.466665,-31.583336,0.696,7.642,POL_350,sin_clasificar
351,37.0,FAENA HUENTELAUQUEN,SOCIEDAD CONTRACTUAL MINERA SIGLO XXI,REGIÓN DE COQUIMBO,CANELA,Áridos,Instalación minera,No informado,CATEGORIA D,No identificado,Posible,Revisar,Confirmado,FAENA HUENTELAUQUEN,PLANTA HUENTELAUQUEN,MAGNETITA,VALIDADO,-71.548521,-31.448798,16.005,0.223,POL_351,sin_clasificar
352,594.0,MINERA FARELLONES,SOC. CONTRACTUAL MINERA FARELLONES,REGIÓN DE COQUIMBO,CANELA,Carbonato de Calcio,Instalación minera,No informado,CATEGORIA D,No identificado,Posible,Revisar,Posible,SOC.CONTRACTUAL MINERA FARELLONES,MANTO GRIS,CALIZA,VALIDADO,-71.194979,-31.372791,1.41,0.074,POL_352,sin_clasificar
353,307.0,MINA PULLALI,COMPAÑIA MINERA PULLALI LIMITADA,REGIÓN DE VALPARAÍSO,LA LIGUA,Oro y Plata,Proyecto / exploración,Grande,CATEGORIA C,No identificado,Confirmado,Coincide,Confirmado,PLANTA PULLALLI,CHANCADO PRIMARIO,ORO METÁLICO O NATIVO,VALIDADO,-71.291489,-32.42436,0.0,2.97,POL_353,sin_clasificar
354,394.0,PLANTA LA PATAGUA,COMPAÑIA MINERA LA PATAGUA,REGIÓN DE VALPARAÍSO,LA LIGUA,Cobre,Relaves,Grande,CATEGORIA B,No identificado,Posible,Revisar,Confirmado,PLANTA LA PATAGUA,TRANQUE 4 A,SULFUROS DE COBRE,VALIDADO,-71.159488,-32.529521,2.207,0.0,POL_354,sin_clasificar
355,595.0,PLANTA PROCESADORA DE MINERALES OXIDADOS DE COBRE COMPAÑIA MINERA BASSI LTDA.,COMPAÑIA MINERA BASSI LTDA.,REGIÓN DE VALPARAÍSO,PETORCA,Cobre,Planta / procesamiento,No informado,CATEGORIA D,No identificado,Revisar,Revisar,Sin coincidencia,COBRE 1-16,CAMPAMENTO,COBRE - ORO - PLATA,VALIDADO,-70.874683,-32.2369,0.847,16.547,POL_355,sin_clasificar
356,394.0,MINERA METÁLICA MINA PEUMO,COMPAÑIA MINERA LA PATAGUA,REGIÓN DE VALPARAÍSO,CABILDO,Cobre,Mina / faena,Grande,CATEGORIA C,No identificado,Confirmado,Coincide,Confirmado,MINA PEUMO,MINA PEUMO,SULFUROS DE COBRE,VALIDADO,-71.0711299,-32.51207545,0.0,0.0,POL_356,sin_clasificar
357,381.0,MINA CARMEN - MARGARITA,MINERA LAS CENIZAS S.A.,REGIÓN DE VALPARAÍSO,CABILDO,Cobre,Mina / faena,Grande,CATEGORIA D,No identificado,Confirmado,Coincide,Confirmado,MINA CARMEN - MARGARITA,MINA CARMEN / NV 720,SULFUROS DE COBRE,VALIDADO,-71.066093,-32.497492,0.0,0.0,POL_357,sin_clasificar
358,381.0,LAS CENIZAS CABILDO - SAUCE,MINERA LAS CENIZAS S.A.,REGIÓN DE VALPARAÍSO,CABILDO,Cobre,Planta / procesamiento,Grande,CATEGORIA B,No identificado,Confirmado,Coincide,Confirmado,LAS CENIZAS CABILDO,RELAVEDUCTO DREIM,SULFUROS DE COBRE,VALIDADO,-71.068819,-32.460955,0.0,0.0,POL_358,sin_clasificar
359,429.0,MINA CERRO NEGRO,COMPAÑIA MINERA CERRO NEGRO S.A.,REGIÓN DE VALPARAÍSO,CABILDO,Cobre,Mina / faena,Grande,CATEGORIA A,No identificado,Confirmado,Coincide,Confirmado,CERRO NEGRO,PLANTA DE SULFUROS/PATIO DE RESIDUOS PELIGROSOS,SULFUROS DE COBRE,VALIDADO,-70.872167,-32.58536,0.0,0.0,POL_359,sin_clasificar
360,381.0,MINA DON JAIME,MINERA LAS CENIZAS S.A.,REGIÓN DE VALPARAÍSO,CABILDO,Cobre,Mina / faena,Grande,CATEGORIA C,No identificado,Posible,Revisar,Confirmado,DON JAIME,PETROLERA,OXIDOS DE COBRE,VALIDADO,-70.995566,-32.525489,0.474,0.0,POL_360,sin_clasificar
361,396.0,PLANTA CATEMU - CEMIN,COMPAÑIA MINERA AMALIA LIMITADA/COMPAÑIA MINERA PULLALLI LIMITADA,REGIÓN DE VALPARAÍSO,CATEMU,Cobre,Planta / procesamiento,Grande,CATEGORIA B,No identificado,Confirmado,Coincide,Confirmado,PLANTA CATEMU,TALLER DE MANTENCION CHANCADO,OXIDOS DE COBRE,VALIDADO,-70.988224,-32.76929,0.063,0.0,POL_361,sin_clasificar
362,369.0,MINA UVA,SOCIEDAD DE EXPLORACION Y DESARROLLO MINERO (EXPLODESA),REGIÓN DE VALPARAÍSO,CATEMU,Cobre,Proyecto / exploración,Grande,CATEGORIA B,No identificado,Posible,Revisar,Confirmado,MINA UVA,BODEGA,OXIDOS DE COBRE,VALIDADO,-70.967763,-32.723705,0.234,0.0,POL_362,sin_clasificar
363,369.0,PLANTA DE CHANCADO EL BOLDO,SOCIEDAD DE EXPLORACION Y DESARROLLO MINERO,REGIÓN DE VALPARAÍSO,CATEMU,Cobre,Planta / procesamiento,Grande,CATEGORIA D,No identificado,Confirmado,Coincide,Confirmado,MINA EL BOLDO,BOTADERO,SULFUROS Y ÓXIDOS DE COBRE,VALIDADO,-70.966804,-32.723258,0.0,2.966,POL_363,sin_clasificar
364,369.0,MINA CARDENILLA,SOCIEDAD DE EXPLORACION Y DESARROLLO MINERO (EXPLODESA),REGIÓN DE VALPARAÍSO,CATEMU,Cobre,Mina / faena,Grande,SIN CATEGORIA,No identificado,Posible,Revisar,Confirmado,MINA CARDENILLA,MINA CARDENILLA,OXIDOS DE COBRE,VALIDADO,-70.992766,-32.684695,1.103,0.0,POL_364,sin_clasificar
365,121.0,ÑILHUE,MINERA MELON S.A.,REGIÓN DE VALPARAÍSO,CATEMU,Áridos,Cantera,Grande,CATEGORIA C,No identificado,Posible,Revisar,Confirmado,ÑILHUE,CANTERA EL ÑILHUE/BOTADERO,CALIZA,VALIDADO,-70.8865,-32.7207,0.214,0.0,POL_365,sin_clasificar
366,280.0,PLANTA BELLAVISTA,MINERA PAKMIN SPA,REGIÓN DE VALPARAÍSO,SAN FELIPE,Cobre,Planta / procesamiento,Micro,CATEGORIA D,No identificado,Confirmado,Coincide,Confirmado,MINAS Y PLANTA BELLAVISTA,PLANTA BELLAVISTA,SULFUROS DE COBRE,VALIDADO,-70.789865,-32.689195,0.0,0.0,POL_366,sin_clasificar
367,286.0,MINA EL SOLDADO,ANGLO AMERICAN SUR S.A.,REGIÓN DE VALPARAÍSO,NOGALES,Cobre,Mina / faena,Grande,CATEGORIA A,No identificado,Posible,Revisar,Confirmado,DIVISION EL SOLDADO,PROYECTO HSH-W,COBRE - MOLIBDENO,VALIDADO,-71.169739,-32.666912,0.32,0.0,POL_367,sin_clasificar
368,94.0,MINA EL NAVIO,MELON S.A.,REGIÓN DE VALPARAÍSO,NOGALES,No informado,Mina / faena,Grande,CATEGORIA C,No identificado,Posible,Revisar,Confirmado,MINA NAVIO,MINA NAVIO,CALIZA,VALIDADO,-71.18043,-32.671138,1.175,1.154,POL_368,sin_clasificar
369,286.0,MINA CAQUICITO,ANGLO AMERICAN SUR S.A.,REGIÓN DE VALPARAÍSO,NOGALES,Cobre,Proyecto / exploración,Grande,CATEGORIA A,No identificado,Confirmado,Coincide,Confirmado,DIVISION EL SOLDADO,MINA CAQUICITO,SULFUROS DE COBRE,VALIDADO,-71.08974,-32.747092,0.005,0.0,POL_369,sin_clasificar
371,29.0,CODELCO - DIVISION ANDINA,CODELCO,REGIÓN DE VALPARAÍSO,LOS ANDES,Cobre,Instalación minera,Grande,CATEGORIA A,No identificado,Posible,Revisar,Confirmado,CODELCO CHILE DIVISION ANDINA,TÚNEL DE ACCESO A TORRE DE EVACUACIÓN / EMBALSE LOS LEONES,COBRE - MOLIBDENO,VALIDADO,-70.603259,-32.834211,34.942,0.0,POL_371,sin_clasificar
372,285.0,LOS BRONCES - ANGLO AMERICAN SUR S.A.,ANGLO AMERICAN SUR S.A.,REGIÓN METROPOLITANA DE SANTIAGO,LO BARNECHEA,Cobre,Instalación minera,Grande,CATEGORIA A,No identificado,Confirmado,Coincide,Confirmado,LOS BRONCES-LAS TÓRTOLAS,MINA LOS BRONCES/POLVORÍN,COBRE - MOLIBDENO,VALIDADO,-70.3244411,-33.1674435,0.0,0.0,POL_372,sin_clasificar
374,332.0,MINERA PIMENTÓN,COMPAÑIA MINERA PIMENTON,REGIÓN DE VALPARAÍSO,SAN ESTEBAN,Cobre,Instalación minera,No informado,CATEGORIA B,No identificado,Posible,Revisar,Confirmado,MINA PIMENTON,PLANTA/LABORATORIO,ORO - COBRE,VALIDADO,-70.59439469,-32.83545485,52.488,0.0,POL_374,sin_clasificar
375,206.0,ARIDOS BOCO,ARIDOS BOCO LIMITADA,REGIÓN DE VALPARAÍSO,QUILLOTA,Áridos,Extracción de áridos,Mediana,CATEGORIA D,No identificado,Posible,Coincide,Sin coincidencia,LAS PIRITAS 1 AL 10,LAS PIRITAS 1 AL 10,SULFUROS Y ÓXIDOS DE COBRE,VALIDADO,-71.270444,-32.890097,0.0,2.306,POL_375,sin_clasificar
376,198.0,ARIDOS SANTA ELISA,ARIDOS SANTA ELISA LTDA,REGIÓN DE VALPARAÍSO,QUILLOTA,Áridos,Extracción de áridos,Micro,CATEGORIA A,No identificado,Posible,Coincide,Sin coincidencia,DOS HERMANOS,DOS HERMANOS,HEMATITA - MAGNETITA - LIMONITA,VALIDADO,-71.39537448,-32.91837154,0.0,1.623,POL_376,sin_clasificar
377,312.0,EXTRACCION Y PROCESAMIENTO ARIDOS MAGGI,ARIDOS MAGGI LTDA,REGIÓN DE VALPARAÍSO,QUILLOTA,Áridos,Extracción de áridos,Mediana,CATEGORIA D,No identificado,Revisar,Revisar,Sin coincidencia,LAS PIRITAS 1 AL 10,LAS PIRITAS 1 AL 10,SULFUROS Y ÓXIDOS DE COBRE,VALIDADO,-71.34099,-32.919956,1.363,7.383,POL_377,sin_clasificar
378,347.0,CANTERA LAS GARZAS,ARIDOS ACONCAGUA LIMITADA,REGIÓN DE VALPARAÍSO,QUILLOTA,Áridos,Extracción de áridos,Grande,CATEGORIA D,No identificado,Revisar,Revisar,Sin coincidencia,MINA VÍA LACTEA 1 AL 10,VÍA LÁCTEA 1 AL 10,FELDESPATO SODICO,VALIDADO,-71.30578145,-32.93099403,0.686,5.136,POL_378,sin_clasificar
379,423.0,PLANTA DE FLOTACION LOS MAITENES,COMPAÑIA MINERA TOCOPILLA S.A.,REGIÓN DE VALPARAÍSO,PUCHUNCAVI,Cobre,Planta / procesamiento,Micro,CATEGORIA D,No identificado,Confirmado,Coincide,Confirmado,PLANTA LOS MAITENES,PLANTA LOS MAITENES,SULFUROS DE COBRE,VALIDADO,-71.450547,-32.760451,0.0,3.155,POL_379,sin_clasificar
380,596.0,PLANTA ARENEX,S/I,REGIÓN DE VALPARAÍSO,CONCON,Áridos,Planta / procesamiento,No informado,CATEGORIA D,No identificado,Posible,Coincide,Posible,MINA FREDDY,MINA FREDDY,MAGNETITA,VALIDADO,-71.45411683,-32.9269048,0.0,0.223,POL_380,sin_clasificar
381,150.0,ARIDOS SANTA ANGELA,SOC GANADERA Y EXTRACTORA DE ARIDOS SANTA ANGELA LTDA,REGIÓN DE VALPARAÍSO,QUINTERO,Áridos,Extracción de áridos,Pequeña,CATEGORIA A,No identificado,Revisar,Revisar,Sin coincidencia,CODELCO CHILE DIVISION VENTANAS,SALA DE FUERZA,SULFUROS DE COBRE,VALIDADO,-71.5302249,-32.9337434,13.311,5.835,POL_381,sin_clasificar
382,256.0,VIZCACHITAS,COMPAÑIA MINERA VIZCACHITAS HOLDING,REGIÓN DE VALPARAÍSO,PUTAENDO,Cobre,Instalación minera,No informado,CATEGORIA C,No identificado,Posible,Revisar,Confirmado,VIZCACHITAS,VIZCACHITAS,SULFUROS DE COBRE,VALIDADO,-70.426616,-32.415426,0.198,0.132,POL_382,sin_clasificar
383,597.0,POZO LASTRERO FUNDO LA LIBERTAD,S/I,REGIÓN DE VALPARAÍSO,LIMACHE,Áridos,Extracción de áridos,No informado,CATEGORIA D,No identificado,Posible,Coincide,Sin coincidencia,MINA DOS HERMANOS II 1/2,MINA DOS HERMANOS,MAGNETITA,VALIDADO,-71.3946,-32.92271,0.0,1.62,POL_383,sin_clasificar
384,598.0,ARIDOS JORQPARD,S/I,REGIÓN DE VALPARAÍSO,LIMACHE,Áridos,Extracción de áridos,No informado,CATEGORIA D,No identificado,Posible,Coincide,Sin coincidencia,MINA DOS HERMANOS II 1/2,MINA DOS HERMANOS,MAGNETITA,VALIDADO,-71.418698,-32.922585,0.0,0.324,POL_384,sin_clasificar
385,33.0,MINERA NO METALICA ARIDOS ILUSTRE MUNICIPALIDAD DE LIMACHE,ILUSTRE MUNICIPALIDAD DE LIMACHE,REGIÓN DE VALPARAÍSO,LIMACHE,Áridos,Extracción de áridos,Micro,CATEGORIA D,No identificado,Revisar,Revisar,Sin coincidencia,MINA DOS HERMANOS II 1/2,MINA DOS HERMANOS,MAGNETITA,VALIDADO,-71.34132,-32.93178,0.933,5.656,POL_385,sin_clasificar
386,444.0,PLANTA DE EXTRACCION DE ARIDOS PETREOS,SOCIEDAD PETREOS S.A.,REGIÓN DE VALPARAÍSO,LIMACHE,Áridos,Planta / procesamiento,Grande,CATEGORIA D,No identificado,Revisar,Revisar,Sin coincidencia,MINA DOS HERMANOS II 1/2,MINA DOS HERMANOS,MAGNETITA,VALIDADO,-71.278666,-32.9879412,16.155,1.658,POL_386,sin_clasificar
387,193.0,ARIDOS TULIO HENRIQUEZ,TRANSPORTES Y ARIDOS TULIO ENRIQUE GUITIERREZ STRANGE E.I.R.L.,REGIÓN DE VALPARAÍSO,ALGARROBO,Áridos,Extracción de áridos,Micro,CATEGORIA D,No identificado,Revisar,Revisar,Sin coincidencia,MINA PEÑAFLOR II,MINA PEÑAFLOR II,ARENA SILICEA,VALIDADO,-71.65935048,-33.28382676,0.596,0.342,POL_387,sin_clasificar
388,531.0,MINA EL TURCO,MIGRIN S.A.,REGIÓN DE VALPARAÍSO,CARTAGENA,Áridos,Mina / faena,Grande,CATEGORIA D,No identificado,Confirmado,Coincide,Confirmado,MINA EL TURCO,MINA EL TURCO,ARENA SILICEA,VALIDADO,-71.481372,-33.539785,0.0,0.0,POL_388,sin_clasificar
389,311.0,PROYECTO EMPRESTITO DE MATERIAL DE TERRAPLEN SANTA ROSA DE LA MAR,EMPRESA CONSTRUCTORA AGUA SANTA SA,REGIÓN DE VALPARAÍSO,SAN ANTONIO,Áridos,Extracción de áridos,Grande,CATEGORIA D,No identificado,Posible,Coincide,Sin coincidencia,MINA SARA 2 PUNTO 2,MINA SARA 2 PUNTO 2,CUARZO,VALIDADO,-71.573421,-33.568219,0.001,4.742,POL_389,sin_clasificar
390,599.0,ARIDOS RIO MAIPO,S/I,REGIÓN DE VALPARAÍSO,SAN ANTONIO,Áridos,Extracción de áridos,No informado,CATEGORIA D,No identificado,Posible,Coincide,Sin coincidencia,MINA SARA 2 PUNTO 2,MINA SARA 2 PUNTO 2,CUARZO,VALIDADO,-71.583401,-33.649298,0.0,10.505,POL_390,sin_clasificar
391,26.0,TRANQUE OVEJERIA,CODELCO,REGIÓN METROPOLITANA DE SANTIAGO,TILTIL,Cobre,Relaves,Grande,CATEGORIA A,No identificado,Posible,Revisar,Posible,CODELCO CHILE DIVISION ANDINA,TRANQUE  OVEJERÍA/TRANQUE DE RELAVES,SULFUROS DE COBRE,VALIDADO,-70.768649,-33.075114,2.922,0.166,POL_391,sin_clasificar
392,248.0,ARIDOS TILTIL-FELIPE BRUCHER,COMPAÑIA MINERA E INMOBILIARIA BRUVAL LTDA.,REGIÓN METROPOLITANA DE SANTIAGO,TILTIL,Áridos,Extracción de áridos,Micro,CATEGORIA D,No identificado,Posible,Coincide,Sin coincidencia,EL MACHO,LUBRICANTERA,SULFUROS DE COBRE,VALIDADO,-70.891057,-33.178809,0.0,1.669,POL_392,sin_clasificar
393,242.0,SERCAL MINERALS,EXPLORACION Y COMERCIALIZACION DE MINERALES SERCAL SPA,REGIÓN METROPOLITANA DE SANTIAGO,LAMPA,Carbonato de Calcio,Instalación minera,No informado,CATEGORIA D,No identificado,Posible,Coincide,Posible,MINA SAN JOSÉ 1-12,INSTALACIÓN FAENA SAN JOSÉ 1-12,CARBONATO DE CALCIO BLANCO,VALIDADO,-70.798242,-33.171727,0.0,0.088,POL_393,sin_clasificar
394,600.0,CACHINALES,MINERA LEALTAD LTDA.,REGIÓN METROPOLITANA DE SANTIAGO,TILTIL,Carbonato de Calcio,Proyecto / exploración,No informado,CATEGORIA D,No identificado,Posible,Revisar,Confirmado,CACHINALES,PLANTA TRITURADORA,CARBONATO DE CALCIO BLANCO,VALIDADO,-70.792964,-33.16542,0.218,0.0,POL_394,sin_clasificar
395,106.0,PLANTA DE TRATAMIENTO CANTERA CHACABUCO,CANTERAS CHACABUCO S.A.,REGIÓN METROPOLITANA DE SANTIAGO,COLINA,Áridos,Cantera,Micro,CATEGORIA C,No identificado,Posible,Coincide,Sin coincidencia,PLANTA DE CHANCADO CELSOUTH,PLANTA DE CHANCADO CELSOUTH,SULFUROS DE COBRE,VALIDADO,-70.68009422,-33.058455,0.034,6.19,POL_395,sin_clasificar
396,463.0,DCP TECNOQUIMICA S.A. (RECUPERACION DE POLVOS DE ACERO)-COLINA,DCP TECNOQUIMICA S.A.,REGIÓN METROPOLITANA DE SANTIAGO,COLINA,Hierro,Instalación minera,No informado,CATEGORIA C,No identificado,Posible,Coincide,Sin coincidencia,PLANTA DE CHANCADO CELSOUTH,PLANTA DE CHANCADO CELSOUTH,SULFUROS DE COBRE,VALIDADO,-70.704981,-33.011067,0.0,0.338,POL_396,sin_clasificar
397,403.0,PROCESAMIENTO DE ARIDOS-POZO PRINCESA,MUSALEM BENDEK MAQUINARIAS LTDA.,REGIÓN METROPOLITANA DE SANTIAGO,QUILICURA,Áridos,Extracción de áridos,Mediana,CATEGORIA D,No identificado,Posible,Coincide,Sin coincidencia,PLANTA DE CATODOS LA CAMPANA,PLANTA DE CATODOS LA CAMPANA,ESFALERITA,VALIDADO,-70.69603,-33.345681,0.0,7.02,POL_397,sin_clasificar
398,205.0,ARIDOS VICENTE GALAZ,ARIDOS VICENTE GALAZ SPA,REGIÓN METROPOLITANA DE SANTIAGO,COLINA,Áridos,Extracción de áridos,Micro,CATEGORIA A,No identificado,Posible,Coincide,Sin coincidencia,LOS BRONCES-LAS TÓRTOLAS,Tranque Las Tórtolas/Piscinas de traspaso Muro Este,COBRE - MOLIBDENO,VALIDADO,-70.681111,-33.286667,0.015,7.455,POL_398,sin_clasificar
400,218.0,EXTRACCION DE ARIDOS EN RIO COLINA- COLINA,PROCESADORA DE AR IDOS LIMITADA,REGIÓN METROPOLITANA DE SANTIAGO,COLINA,Áridos,Extracción de áridos,No informado,CATEGORIA A,No identificado,Revisar,Revisar,Sin coincidencia,LOS BRONCES-LAS TÓRTOLAS,PLANTA LAS TÓRTOLAS/REMOLIENDA PLANTA 1,COBRE - MOLIBDENO,VALIDADO,-70.616419,-33.18573,0.216,9.374,POL_400,sin_clasificar
401,202.0,PROCESAMIENTO DE ARIDOS QUARZO-COLINA,INMOBILIARIA LA RESERVA LIMITADA,REGIÓN METROPOLITANA DE SANTIAGO,COLINA,Áridos,Extracción de áridos,Grande,CATEGORIA D,No identificado,Revisar,Revisar,Sin coincidencia,PLANTA DE CATODOS LA CAMPANA,PLANTA DE CATODOS LA CAMPANA,ESFALERITA,VALIDADO,-70.699443,-33.317574,1.18,8.156,POL_401,sin_clasificar
402,492.0,PLANTA DE PROCESAMIENTO Y EXTRACCION DE ROCAS CANTERA CERRO PORTEZUELO COLINA,ARIDOS QUINTAY S.A.,REGIÓN METROPOLITANA DE SANTIAGO,COLINA,Áridos,Planta / procesamiento,No informado,CATEGORIA A,No identificado,Revisar,Revisar,Sin coincidencia,LOS BRONCES-LAS TÓRTOLAS,Tranque Las Tórtolas/Piscinas de traspaso Muro Este,COBRE - MOLIBDENO,VALIDADO,-70.711268,-33.316893,3.883,7.817,POL_402,sin_clasificar
403,26.0,EMBALSE DE RELAVES CAREN - EL TENIENTE,CODELCO,REGIÓN METROPOLITANA DE SANTIAGO,ALHUE,Cobre,Instalación minera,Grande,CATEGORIA A,No identificado,Confirmado,Coincide,Confirmado,CODELCO CHILE DIVISION EL TENIENTE,022 EMBALSE DE RELAVES CAREN,SULFUROS DE COBRE,VALIDADO,-71.18439375,-34.0939805,0.0,0.0,POL_403,sin_clasificar
404,200.0,MINA LA FLORIDA,MIENRA FLORIDA LIMITADA,REGIÓN METROPOLITANA DE SANTIAGO,ALHUE,Oro y Plata,Instalación minera,Grande,CATEGORIA A,No identificado,Confirmado,Coincide,Confirmado,MINERA FLORIDA,ESTANQUES AUSTRALIANOS,ORO - CINC,VALIDADO,-71.027923,-34.034335,0.0,0.0,POL_404,sin_clasificar
405,601.0,ARIDOS ARCOIRIS - BUIN,ARIDOS ARCOIRIS SPA,REGIÓN METROPOLITANA DE SANTIAGO,BUIN,Áridos,Extracción de áridos,No informado,CATEGORIA D,No identificado,Posible,Coincide,Sin coincidencia,PLACERES DEL MAIPO,EXPLORACIÓN,ORO METÁLICO O NATIVO,VALIDADO,-70.711646,-33.681132,0.011,0.158,POL_405,sin_clasificar
406,602.0,PLACERES DEL MAIPO,SOCIEDAD LEGAL MINERA SANTA CECILIA,REGIÓN METROPOLITANA DE SANTIAGO,BUIN,Oro,Extracción de áridos,No informado,CATEGORIA D,No identificado,Posible,Coincide,Posible,PLACERES DEL MAIPO,"EXPLORACIÓN PROPIEDADES MINERAS SANTA CECILIA, PROYECTO PLACERES DEL MAIPO - SC4",ORO METÁLICO O NATIVO,VALIDADO,-70.715066,-33.685767,0.0,0.0,POL_406,sin_clasificar
407,310.0,LAVADERO DE ORO MECANIZADO SANTA CECILIA,JORGE ALBERTO GONZÁLEZ PIAZRRO,REGIÓN METROPOLITANA DE SANTIAGO,BUIN,Áridos,Extracción de áridos,Grande,CATEGORIA D,No identificado,Posible,Revisar,Posible,LAVADERO DE ORO MECANIZADO SANTA CECILIA TRES,LAVADERO,ORO METÁLICO O NATIVO,VALIDADO,-70.7055565,-33.670521,0.83,0.0,POL_407,sin_clasificar
408,208.0,EXTRACCION DE ARIDOS EN RIO MAIPO-BUIN,MMNN EXPLOTADORA DE ARIDOS S.A.,REGIÓN METROPOLITANA DE SANTIAGO,BUIN,Áridos,Extracción de áridos,No informado,CATEGORIA D,No identificado,Revisar,Revisar,Sin coincidencia,PLACERES DEL MAIPO,EXPLORACIÓN,ORO METÁLICO O NATIVO,VALIDADO,-70.690859,-33.664059,0.902,1.746,POL_408,sin_clasificar
409,207.0,EXTRACCION DE ARIDOS PUENTE LOS MORROS - BUIN,ALVA ARIDOS S.A.,REGIÓN METROPOLITANA DE SANTIAGO,BUIN,Áridos,Extracción de áridos,No informado,CATEGORIA D,No identificado,Revisar,Revisar,Sin coincidencia,LAVADERO DE ORO MECANIZADO SANTA CECILIA TRES,LAVADERO,ORO METÁLICO O NATIVO,VALIDADO,-70.69303,-33.693009,4.685,3.184,POL_409,sin_clasificar
410,361.0,EXTRACCION DE ARIDOS SANTA GLORIA- SAN BERNARDO,ARENEX S.A.,REGIÓN METROPOLITANA DE SANTIAGO,SAN BERNARDO,Áridos,Extracción de áridos,Grande,CATEGORIA D,No identificado,Revisar,Revisar,Sin coincidencia,LAVADERO DE ORO MECANIZADO SANTA CECILIA UNO,LAVADERO,ORO METÁLICO O NATIVO,VALIDADO,-70.758957,-33.701232,7.584,3.545,POL_410,sin_clasificar
411,483.0,EXTRACCION DE ARIDOS EL HUITE-BUIN,EL HUITE S.A./RELLENOS DEL MAIPO S.A.,REGIÓN METROPOLITANA DE SANTIAGO,BUIN,Áridos,Extracción de áridos,No informado,CATEGORIA D,No identificado,Posible,Revisar,Posible,LA VARA,EXPLOTACIÓN PROPIEDADES MINERAS ELIZA BEATRIZ,ORO - COBRE,VALIDADO,-70.745802,-33.699105,0.216,0.672,POL_411,sin_clasificar
412,154.0,EXTRACCION DE ARIDOS PARA HORMIGON-BUIN,COMPAÑIA MINERA EL TEMPLE LIMITADA,REGIÓN METROPOLITANA DE SANTIAGO,BUIN,Áridos,Extracción de áridos,Pequeña,CATEGORIA D,No identificado,Posible,Coincide,Sin coincidencia,PLACERES DEL MAIPO,"EXPLORACIÓN PROPIEDADES MINERAS SANTA CECILIA, PROYECTO PLACERES DEL MAIPO - SC4",ORO METÁLICO O NATIVO,VALIDADO,-70.780877,-33.724196,0.045,7.956,POL_412,sin_clasificar
413,228.0,EXTRACCION DE ARIDOS TEMPLE- SAN BERNARDO,ECOLOGICAL SYSTEMS S.A.,REGIÓN METROPOLITANA DE SANTIAGO,SAN BERNARDO,Áridos,Extracción de áridos,Micro,CATEGORIA D,No identificado,Revisar,Revisar,Sin coincidencia,LA VARA,EXPLOTACIÓN PROPIEDADES MINERAS ELIZA BEATRIZ,ORO - COBRE,VALIDADO,-70.78578083,-33.71895149,0.409,4.12,POL_413,sin_clasificar
414,318.0,PROCESAMIENTO DE ARIDOS MINERA ROSARIO- SAN BERNARDO,SOCIEDAD MINERA ROSARIO LIMITADA,REGIÓN METROPOLITANA DE SANTIAGO,SAN BERNARDO,Áridos,Extracción de áridos,Grande,CATEGORIA D,No identificado,Revisar,Revisar,Sin coincidencia,LA VARA,EXPLOTACIÓN PROPIEDADES MINERAS ELIZA BEATRIZ,ORO - COBRE,VALIDADO,-70.7736,-33.7072,0.272,2.232,POL_414,sin_clasificar
415,415.0,EXTRACCION DE ARIDOS KM 45-65 SECTOR PUENTE MAIPO (HORMIGONES TRANSEX)-SAN BERNARDO,HORMIGONES TRANSEX LIMITADA,REGIÓN METROPOLITANA DE SANTIAGO,SAN BERNARDO,Áridos,Extracción de áridos,Grande,CATEGORIA D,No identificado,Revisar,Revisar,Sin coincidencia,LA VARA,EXPLOTACIÓN PROPIEDADES MINERAS ELIZA BEATRIZ,ORO - COBRE,VALIDADO,-70.7726,-33.7143,0.307,2.329,POL_415,sin_clasificar
416,326.0,PLANTA DE PROCESAMIENTO Y EXTRACCION DE ARIDOS (MEGARIDOS)-SAN BERNARDO,MELON ARIDOS LIMITADA,REGIÓN METROPOLITANA DE SANTIAGO,SAN BERNARDO,Áridos,Planta / procesamiento,Grande,CATEGORIA D,No identificado,Posible,Coincide,Sin coincidencia,MINA AURORA 1 AL 14,PLANTA AURORA 1 AL 14,ORO - COBRE,VALIDADO,-70.731748,-33.534393,0.0,7.843,POL_416,sin_clasificar
417,413.0,EXTRACCION DE ARIDOS MINERA SANTA LAURA-SAN BERNARDO,MINERA SANTA LAURA LIMITADA,REGIÓN METROPOLITANA DE SANTIAGO,SAN BERNARDO,Áridos,Extracción de áridos,Grande,CATEGORIA D,No identificado,Revisar,Revisar,Sin coincidencia,MINA AURORA 1 AL 14,BOTADERO AURORA 1 AL 14,ORO - COBRE,VALIDADO,-70.799572,-33.734692,23.344,8.111,POL_417,sin_clasificar
418,479.0,MINERA LOS ESTEROS DE MARGA MARGA S.A. (RECUPERACION DE POZO DE EXTRACCION DE ARIDOS EN ABANDONO),INDUSTRIAL Y MINERA LOS ESTEROS DE MARGA MARGA SA,REGIÓN METROPOLITANA DE SANTIAGO,SAN BERNARDO,Áridos,Extracción de áridos,Grande,CATEGORIA D,No identificado,Posible,Coincide,Sin coincidencia,LAVADERO DE ORO MECANIZADO SANTA CECILIA UNO,LAVADERO,ORO METÁLICO O NATIVO,VALIDADO,-70.664737,-33.630362,0.0,6.88,POL_418,sin_clasificar
419,273.0,EXPLORACION DE MINERA AURORA-SAN BERNARDO,MINERA ENTRE TIERRAS LIMITADA,REGIÓN METROPOLITANA DE SANTIAGO,SAN BERNARDO,Oro,Proyecto / exploración,No informado,CATEGORIA D,No identificado,Confirmado,Coincide,Confirmado,MINA AURORA 1 AL 14,PLANTA AURORA 1 AL 14,ORO - COBRE,VALIDADO,-70.745641,-33.607859,0.0,0.0,POL_419,sin_clasificar
420,410.0,EXTRACCION DE ARIDOS SECTOR PUENTE LOS MORROS (ARENAS Y RIPIOS SANTIAGO LTDA.)-SAN BERNARDO,MORTEROS Y ARIDOS DRY MIX LTDA.,REGIÓN METROPOLITANA DE SANTIAGO,SAN BERNARDO,Áridos,Extracción de áridos,Grande,CATEGORIA D,No identificado,Revisar,Revisar,Sin coincidencia,LAVADERO DE ORO MECANIZADO SANTA CECILIA UNO,LAVADERO,ORO METÁLICO O NATIVO,VALIDADO,-70.717079,-33.673979,3.88,4.643,POL_420,sin_clasificar
421,34.0,EXTRACCION DE ARIDOS POZO LA SANCHINA-BUIN,ILUSTRE MUNICIPALIDAD DE BUIN,REGIÓN METROPOLITANA DE SANTIAGO,BUIN,Áridos,Extracción de áridos,Micro,CATEGORIA D,No identificado,Posible,Coincide,Sin coincidencia,PLACERES DEL MAIPO,"EXPLORACIÓN PROPIEDADES MINERAS SANTA CECILIA, PROYECTO PLACERES DEL MAIPO - SC4",ORO METÁLICO O NATIVO,VALIDADO,-70.710348,-33.786514,0.0,11.374,POL_421,sin_clasificar
422,413.0,EXPLOTACION DE ARIDOS MINERA SANTA LAURA-BUIN (RIO MAIPO KM 1650),MINERA SANTA LAURA LIMITADA,REGIÓN METROPOLITANA DE SANTIAGO,ISLA DE MAIPO,Áridos,Extracción de áridos,Grande,CATEGORIA D,No identificado,Revisar,Revisar,Sin coincidencia,CONCESIÓN RIO MAIPO II 1/2,CONCESION RIO MAIPO II 1/12,SULFURO AURÍFERO,VALIDADO,-70.83073966,-33.752863,1.866,13.182,POL_422,sin_clasificar
423,522.0,MINERALES HARBOLITE CHILE LTDA. - QUILICURA,IMERYS MINERALES CHILE SPA/IMERYS MINERALES SANTIAGO LIMITADA,REGIÓN METROPOLITANA DE SANTIAGO,QUILICURA,No informado,Instalación minera,Grande,CATEGORIA D,No identificado,Revisar,Revisar,Sin coincidencia,PLANTA DE CATODOS LA CAMPANA,PLANTA DE CATODOS LA CAMPANA,ESFALERITA,VALIDADO,-70.808769,-35.806488,269.134,3.823,POL_423,sin_clasificar
424,361.0,EXTRACCION DE POMACITA CANTERA FUNDO LA BOTELLA (ARIDOS SANTA GLORIA)-PUDAHUEL,ARENEX S.A./EMPRESA DE ARIDOS Y MOVIMIENTO DE TIERRA INTERTIERRA LTDA.,REGIÓN METROPOLITANA DE SANTIAGO,PUDAHUEL,Áridos,Cantera,Grande,CATEGORIA D,No identificado,Posible,Coincide,Posible,POZO POMACITA,CANTERA POZO PUDAHUEL,PUMICITA,VALIDADO,-70.822493,-33.422619,0.0,2.455,POL_424,sin_clasificar
425,481.0,EXTRACCION DE ARIDOS HACIENDA LAS CASAS (BESALCO)-PUDAHUEL,BESALCO CONSTRUCCIONES S.A.,REGIÓN METROPOLITANA DE SANTIAGO,PUDAHUEL,Áridos,Extracción de áridos,Grande,CATEGORIA C,No identificado,Posible,Coincide,Posible,CANTERA LAS CASAS,PLATAFORMA DE REFORESTACIÓN,PUMICITA,VALIDADO,-70.80568,-33.41669,0.0,0.22,POL_425,sin_clasificar
426,467.0,PROCESAMIENTO DE POMACITA-RIO CAUTIN S.A.,RIO CAUTIN SA,REGIÓN METROPOLITANA DE SANTIAGO,PUDAHUEL,Áridos,Instalación minera,Mediana,CATEGORIA D,No identificado,Posible,Coincide,Posible,POZO POMACITA,CANTERA POZO PUDAHUEL,PUMICITA,VALIDADO,-70.808773,-33.3981055,0.017,0.0,POL_426,sin_clasificar
427,536.0,RELAVES LA AFRICANA-PUDAHUEL,NUEVA PUDAHUEL S.A.,REGIÓN METROPOLITANA DE SANTIAGO,PUDAHUEL,No informado,Relaves,Mediana,CATEGORIA D,No identificado,Confirmado,Coincide,Confirmado,MINA LA AFRICANA,MINA LA AFRICANA,SULFUROS DE COBRE,VALIDADO,-70.813819,-33.459929,0.0,0.111,POL_427,sin_clasificar
428,508.0,ARIDOS MAIPU S.A.,PROYECTOS E INGENIERIA RINCONADA S.A.,REGIÓN METROPOLITANA DE SANTIAGO,MAIPU,Áridos,Extracción de áridos,Pequeña,CATEGORIA D,No identificado,Posible,Coincide,Sin coincidencia,MINA LA PLATA  CUATRO PRIMERA DE MAIPU,MINA LA PLATA CUATRO 1-60,OXIDOS DE COBRE,VALIDADO,-70.72556,-33.520217,0.0,18.68,POL_428,sin_clasificar
429,124.0,MINERA ESPAÑOLA,MINERA ESPAÑOLA CHILE LIMITADA,REGIÓN METROPOLITANA DE SANTIAGO,MAIPU,No informado,Instalación minera,No informado,CATEGORIA D,No identificado,Posible,Coincide,Posible,MINA PANALES 1-54,MINA PANALES 1-54,SULFUROS DE COBRE,VALIDADO,-70.9105,-33.4989,0.0,0.134,POL_429,sin_clasificar
430,188.0,EXTRACCION Y COMERCIALIZACION DE MINERALES INVERPAC,INVERSIONES PACIFICO SPA,REGIÓN METROPOLITANA DE SANTIAGO,MAIPU,Áridos,Instalación minera,No informado,CATEGORIA D,No identificado,Posible,Coincide,Posible,EXPLOTACIÓN MINA LAS PIEDRAS DEL 1 AL 20,LAS PIEDRAS DEL 1 AL 20,ARENA SILICEA,VALIDADO,-70.813625,-33.494507,0.0,0.73,POL_430,sin_clasificar
432,443.0,PLANTA DE PROCESAMIENTO Y EXTRACCION DE ARIDOS PROYECTO AL VIÑA (PETREOS S.A.),SOCIEDAD PETREOS S.A.,REGIÓN METROPOLITANA DE SANTIAGO,PADRE HURTADO,Áridos,Planta / procesamiento,Grande,CATEGORIA D,No identificado,Posible,Coincide,Sin coincidencia,SANDOVAL,PROYECTO SANDOVAL,COBRE - ORO - HIERRO,VALIDADO,-70.810467,-33.534574,0.078,8.703,POL_432,sin_clasificar
433,93.0,EXTRACCION DE ARIDOS CANTERA LA VIÑA,MELON S.A.,REGIÓN METROPOLITANA DE SANTIAGO,PADRE HURTADO,Áridos,Cantera,Grande,CATEGORIA C,No identificado,Revisar,Revisar,Sin coincidencia,CANTERA LAS CASAS,PLATAFORMA DE REFORESTACIÓN,PUMICITA,VALIDADO,-70.8206335,-33.56466275,3.456,13.302,POL_433,sin_clasificar
434,603.0,EXTRACCION DE ARIDOS RIO MAPOCHO SECTOR EL TREBAL-PADRE HURTADO,FRANCISCO MARIN,REGIÓN METROPOLITANA DE SANTIAGO,PADRE HURTADO,Áridos,Extracción de áridos,No informado,CATEGORIA D,No identificado,Revisar,Revisar,Sin coincidencia,EXPLOTACIÓN MINA LAS PIEDRAS DEL 1 AL 20,LAS PIEDRAS DEL 1 AL 20,ARENA SILICEA,VALIDADO,-70.829805,-33.545145,0.622,5.813,POL_434,sin_clasificar
436,604.0,ARIDOS AGUSTIN MOZO VÍO,S/I,REGIÓN METROPOLITANA DE SANTIAGO,EL MONTE,Áridos,Extracción de áridos,No informado,CATEGORIA D,No identificado,Posible,Coincide,Sin coincidencia,CONCESIÓN RIO MAIPO II 1/2,CONCESION RIO MAIPO II 1/12,SULFURO AURÍFERO,VALIDADO,-71.054899,-33.714824,0.0,6.881,POL_436,sin_clasificar
438,605.0,"PLANTA DE PROCESAMIENTO DE ARIDOS TAMAYO LTM, SECTOR LA PALMA",ARIDOS TAMAYO LTM,REGIÓN METROPOLITANA DE SANTIAGO,TALAGANTE,Áridos,Planta / procesamiento,No informado,CATEGORIA D,No identificado,Posible,Coincide,Sin coincidencia,CONCESIÓN RIO MAIPO II 1/2,CONCESION RIO MAIPO II 1/12,SULFURO AURÍFERO,VALIDADO,-70.966304,-33.678542,0.0,4.486,POL_438,sin_clasificar
439,606.0,EXTRACCION EN CANTERA PAPAGALLO-TALAGANTE,S/I,REGIÓN METROPOLITANA DE SANTIAGO,TALAGANTE,Áridos,Cantera,No informado,CATEGORIA C,No identificado,Posible,Coincide,Posible,MINA PAPAGAYO,RAJO,GRANITO,VALIDADO,-70.82224843,-33.69208231,0.0,0.374,POL_439,sin_clasificar
440,607.0,MINERA TANGO,MINERA TANGO S.A.,REGIÓN METROPOLITANA DE SANTIAGO,TALAGANTE,Carbonato de Calcio,Instalación minera,No informado,CATEGORIA C,No identificado,Posible,Coincide,Posible,MINA PAPAGAYO,RAJO,GRANITO,VALIDADO,-70.812229,-33.678056,0.004,1.196,POL_440,sin_clasificar
441,395.0,PLANTA LO VALDÉS (CHANCADO Y ACOPIO),COMPAÑIA MINERA LO VALDES LIMITADA,REGIÓN METROPOLITANA DE SANTIAGO,SAN JOSE DE MAIPO,Áridos,Planta / procesamiento,Grande,CATEGORIA C,No identificado,Confirmado,Coincide,Confirmado,PLANTA LO VALDES,BODEGA,YESO,VALIDADO,-70.052202,-33.828074,0.0,0.0,POL_441,sin_clasificar
442,395.0,MINA YESERAS,COMPAÑIA MINERA LO VALDES LIMITADA,REGIÓN METROPOLITANA DE SANTIAGO,SAN JOSE DE MAIPO,Áridos,Mina / faena,Grande,CATEGORIA C,No identificado,Confirmado,Coincide,Confirmado,MINA YESERAS,RAJO NORTE,YESO,VALIDADO,-69.990185,-33.823409,0.0,0.0,POL_442,sin_clasificar
443,608.0,CHANCADO Y TRANSPORTE DE CALIZA MINERA JAVIERA,S/I,REGIÓN METROPOLITANA DE SANTIAGO,SAN JOSE DE MAIPO,Carbonato de Calcio,Instalación minera,No informado,CATEGORIA C,No identificado,Confirmado,Coincide,Confirmado,PLANTA DE CHANCADO JAVIERA UNO,PLANTA DE CHANCADO,CALIZA,VALIDADO,-70.087368,-33.830879,0.0,0.035,POL_443,sin_clasificar
444,609.0,CANTERA PIEDRAS COLORADAS,CARLOS ALBERTO OLIVARES QUINTANA,REGIÓN METROPOLITANA DE SANTIAGO,SAN JOSE DE MAIPO,Áridos,Cantera,No informado,CATEGORIA D,No identificado,Posible,Revisar,Confirmado,MINA LAS COLORADAS,MINA LAS COLORADAS,OXIDOS DE COBRE,VALIDADO,-70.18767197,-33.80833688,0.57,0.913,POL_444,sin_clasificar
445,610.0,EXTRACCION Y EXPLOTACION DE ARENAS DE RODADOS RIO MAIPO- SAN JOSE DE MAIPO,S/I,REGIÓN METROPOLITANA DE SANTIAGO,SAN JOSE DE MAIPO,Áridos,Instalación minera,No informado,CATEGORIA C,No identificado,Posible,Coincide,Posible,PLANTA SAN GABRIEL,PLANTA EL ROMERAL,YESO,VALIDADO,-70.221472,-33.794127,0.0,0.014,POL_445,sin_clasificar
446,7.0,EXPLORACION MINERA LOS PICHES DE MINERA LOS PICHES-SAN JOSE DE MAIPO,SOCIEDAD LEGAL MINERA LOS PICHES 1 AL 6,REGIÓN METROPOLITANA DE SANTIAGO,SAN JOSE DE MAIPO,No informado,Proyecto / exploración,No informado,CATEGORIA C,No identificado,Revisar,Revisar,Sin coincidencia,MINA YESO ROMERAL,ACOPIO LLANO LARGO ROMERAL,YESO,VALIDADO,-70.083996,-33.672072,1.109,3.808,POL_446,sin_clasificar
447,345.0,ARIDOS FUNDO EL TOYO- SAN JOSE DE MAIPO,EL TOYO MINERALES LTDA,REGIÓN METROPOLITANA DE SANTIAGO,SAN JOSE DE MAIPO,Áridos,Extracción de áridos,Micro,CATEGORIA C,No identificado,Revisar,Revisar,Sin coincidencia,PLANTA SAN GABRIEL,BODEGA-TALLER,CARBONATO DE CALCIO BLANCO,VALIDADO,-70.35274164,-33.61282993,0.181,3.51,POL_447,sin_clasificar
448,611.0,EXTRACCION DE ARIDOS RIO MAIPO,SOCIEDAD PETREOS S.A.,REGIÓN METROPOLITANA DE SANTIAGO,SAN JOSE DE MAIPO,Áridos,Extracción de áridos,No informado,CATEGORIA C,No identificado,Revisar,Revisar,Sin coincidencia,PLANTA SAN GABRIEL,BODEGA-TALLER,CARBONATO DE CALCIO BLANCO,VALIDADO,-70.3523006,-33.6412379,12.995,9.034,POL_448,sin_clasificar
449,1.0,ARIDOS CATALAN,CATALAN HERRENA HNOS,REGIÓN METROPOLITANA DE SANTIAGO,SAN JOSE DE MAIPO,Áridos,Extracción de áridos,No informado,CATEGORIA C,No identificado,Posible,Coincide,Sin coincidencia,PLANTA SAN GABRIEL,BODEGA-TALLER,CARBONATO DE CALCIO BLANCO,VALIDADO,-70.478477,-33.58909,0.0,8.604,POL_449,sin_clasificar
450,77.0,EXTRACCION ARIDOS BALMACEDA- SAN JOSE DE MAIPO,ARIDOS BALMACEDA LTDA,REGIÓN METROPOLITANA DE SANTIAGO,SAN JOSE DE MAIPO,Áridos,Extracción de áridos,No informado,CATEGORIA C,No identificado,Posible,Coincide,Sin coincidencia,PLANTA SAN GABRIEL,BODEGA-TALLER,CARBONATO DE CALCIO BLANCO,VALIDADO,-70.491524,-33.597801,0.0,9.995,POL_450,sin_clasificar
451,612.0,EXTRACCION ARIDOS INEL-PUENTE ALTO,S/I,REGIÓN METROPOLITANA DE SANTIAGO,PUENTE ALTO,Áridos,Extracción de áridos,No informado,CATEGORIA C,No identificado,Revisar,Revisar,Sin coincidencia,PLANTA SAN GABRIEL,BODEGA-TALLER,CARBONATO DE CALCIO BLANCO,VALIDADO,-70.577365,-33.602321,7.122,10.871,POL_451,sin_clasificar
452,495.0,MINERA LA PERLA-SAN JOSE DE MAIPO,MINERA RIO COLORADO S.A.,REGIÓN METROPOLITANA DE SANTIAGO,SAN JOSE DE MAIPO,Carbonato de Calcio,Instalación minera,Pequeña,SIN CATEGORIA,No identificado,Posible,Coincide,Posible,MINA LA PERLA,BOTADERO LA PERLA,CARBONATO DE CALCIO BLANCO,VALIDADO,-70.02326,-33.385324,0.052,6.327,POL_452,sin_clasificar
453,336.0,EXPLORACIÓN MINERA ESCALONES,TRIMETALS MINING CHILE SCM,REGIÓN METROPOLITANA DE SANTIAGO,SAN JOSE DE MAIPO,No informado,Proyecto / exploración,Pequeña,CATEGORIA D,No identificado,Posible,Revisar,Confirmado,EXPLORACION MINERA ESCALONES II,EXPLORACION MINERA ESCALONES II,COBRE - ORO,VALIDADO,-69.96123322,-34.12384261,0.393,0.548,POL_453,sin_clasificar
454,415.0,PLANTA DE ARIDOS MINERA ROSARIO-PUENTE ALTO,HORMIGONES TRANSEX LIMITADA,REGIÓN METROPOLITANA DE SANTIAGO,PUENTE ALTO,Áridos,Planta / procesamiento,Grande,CATEGORIA D,No identificado,Revisar,Revisar,Sin coincidencia,MINA AURORA 1 AL 14,PLANTA AURORA 1 AL 14,ORO - COBRE,VALIDADO,-70.577365,-33.602321,3.823,13.269,POL_454,sin_clasificar
455,174.0,EXTRACCION DE ARIDOS TRAMO 43-34 Y BANCO DECANTADOR 40-37,SOCIEDAD EXPLOTADORA DE ARIDOS CAVILU SPA,REGIÓN METROPOLITANA DE SANTIAGO,PUENTE ALTO,Áridos,Extracción de áridos,No informado,CATEGORIA D,No identificado,Posible,Coincide,Sin coincidencia,LAVADERO DE ORO MECANIZADO SANTA CECILIA TRES,LAVADERO,ORO METÁLICO O NATIVO,VALIDADO,-70.58762727,-33.63429348,0.0,10.182,POL_455,sin_clasificar
456,414.0,PLANTA DE EXTRACCION DE ARIDOS BALTIERRA,INMOBILIARIA AGRICOLA Y COMERCIAL BALTIERRA,REGIÓN METROPOLITANA DE SANTIAGO,PUENTE ALTO,Áridos,Planta / procesamiento,Grande,CATEGORIA D,No identificado,Posible,Coincide,Sin coincidencia,MINA AURORA 1 AL 14,BOTADERO AURORA 1 AL 14,ORO - COBRE,VALIDADO,-70.60309097,-33.56987299,0.0,12.852,POL_456,sin_clasificar
457,613.0,PLANTA DE EXTRACCION DE ARIDOS SEMOT,S/I,REGIÓN METROPOLITANA DE SANTIAGO,PUENTE ALTO,Áridos,Planta / procesamiento,No informado,CATEGORIA D,No identificado,Posible,Coincide,Sin coincidencia,LACMO 2,LACMO 2,PUMICITA,VALIDADO,-70.59245053,-33.57033033,0.011,11.526,POL_457,sin_clasificar
458,614.0,PLANTA DE EXTRACCION DE ARIDOS REGEMAC,S/I,REGIÓN METROPOLITANA DE SANTIAGO,LA FLORIDA,Áridos,Planta / procesamiento,No informado,CATEGORIA D,No identificado,Posible,Coincide,Sin coincidencia,MINA AURORA 1 AL 14,PLANTA AURORA 1 AL 14,ORO - COBRE,VALIDADO,-70.60876999,-33.56939083,0.027,13.429,POL_458,sin_clasificar
459,615.0,ARIDOS CAMARENA-MELIPILLA,S/I,REGIÓN METROPOLITANA DE SANTIAGO,MELIPILLA,Áridos,Extracción de áridos,No informado,CATEGORIA D,No identificado,Posible,Coincide,Sin coincidencia,MELIPILLA,PROYECTO DE PERFORACIÓN SONDAJES DIAMANTINOS HQ3,ARENA SILICEA,VALIDADO,-71.200996,-33.700172,0.003,16.815,POL_459,sin_clasificar
460,616.0,ARIDOS TAMARENA-MELIPILLA,S/I,REGIÓN METROPOLITANA DE SANTIAGO,MELIPILLA,Áridos,Extracción de áridos,No informado,CATEGORIA D,No identificado,Posible,Coincide,Sin coincidencia,MELIPILLA,PROYECTO DE PERFORACIÓN SONDAJES DIAMANTINOS HQ3,ARENA SILICEA,VALIDADO,-71.192613,-33.696714,0.006,17.557,POL_460,sin_clasificar
461,481.0,EXTRACCION DE ARIDOS EN SECTOR PUENTE INGENIERO MARAMBIO-MELIPILLA,BESALCO CONSTRUCCIONES S.A.,REGIÓN METROPOLITANA DE SANTIAGO,MELIPILLA,Áridos,Extracción de áridos,Grande,CATEGORIA D,No identificado,Posible,Coincide,Sin coincidencia,MELIPILLA,PROYECTO DE PERFORACIÓN SONDAJES DIAMANTINOS HQ3,ARENA SILICEA,VALIDADO,-71.203347,-33.711347,0.0,15.683,POL_461,sin_clasificar
462,519.0,PLANTA DE PROCESAMIENTO Y EXTRACCION DE ARIDOS RIO MAIPO SECTOR CONFLUENCIA CON ESTERO PUANGUE,SOCIEDAD CONCESIONARIA LITORAL CENTRAL S.A.,REGIÓN METROPOLITANA DE SANTIAGO,MELIPILLA,Áridos,Planta / procesamiento,Grande,CATEGORIA C,No identificado,Posible,Coincide,Sin coincidencia,CANTERA PUZOLANAS PUANGUE,PUZOLANAS PUANGUE,PUMICITA,VALIDADO,-71.353125,-33.739383,0.005,9.92,POL_462,sin_clasificar
463,617.0,ARIDOS TRANSVEG-MELIPILLA,S/I,REGIÓN METROPOLITANA DE SANTIAGO,MELIPILLA,Áridos,Extracción de áridos,No informado,CATEGORIA D,No identificado,Posible,Coincide,Posible,MELIPILLA,PROYECTO DE PERFORACIÓN SONDAJES DIAMANTINOS HQ3,ARENA SILICEA,VALIDADO,-71.226044,-33.74081,0.014,11.983,POL_463,sin_clasificar
464,618.0,ARIDOS HUILCO BAJO,S/I,REGIÓN METROPOLITANA DE SANTIAGO,MELIPILLA,Áridos,Extracción de áridos,No informado,CATEGORIA C,No identificado,Posible,Coincide,Sin coincidencia,CANTERA PUZOLANAS PUANGUE,PLANTA SELECCIONADORA,PUMICITA,VALIDADO,-71.2183924,-33.7077726,0.043,10.624,POL_464,sin_clasificar
465,535.0,EXTRACCION PUZOLANA MINERA RIO TENO-MELIPILLA,UNACEM CHILE S.A.,REGIÓN METROPOLITANA DE SANTIAGO,MELIPILLA,Áridos,Instalación minera,Grande,CATEGORIA D,No identificado,Confirmado,Coincide,Confirmado,MELIPILLA,PROYECTO DE PERFORACIÓN SONDAJES DIAMANTINOS HQ3,ARENA SILICEA,VALIDADO,-71.309622,-33.812607,0.022,2.433,POL_465,sin_clasificar
466,619.0,PLANTA EXTRACCION DE ARIDOS NELSON CONTRERAS GONGORA,CONTRERAS GONGORA NELSON GERARDO,REGIÓN METROPOLITANA DE SANTIAGO,SAN PEDRO,Áridos,Planta / procesamiento,Mediana,CATEGORIA D,No identificado,Posible,Coincide,Sin coincidencia,MELIPILLA,PROYECTO DE PERFORACIÓN SONDAJES DIAMANTINOS HQ3,ARENA SILICEA,VALIDADO,-71.45820737,-33.78737794,0.0,11.18,POL_466,sin_clasificar
467,118.0,CANTERA CERRO LO AGUILA,CONSTRUCCIONES SEGUROLA SPA,REGIÓN METROPOLITANA DE SANTIAGO,PAINE,Áridos,Cantera,No informado,CATEGORIA D,No identificado,Posible,Coincide,Sin coincidencia,LA ESPERANZA 2 DEL 1 AL 10,LA ESPERANZA 2 DEL 1 AL 10,SULFUROS DE COBRE,VALIDADO,-70.762603,-33.883113,0.0,12.718,POL_467,sin_clasificar
468,496.0,EXTRACCION DE ARIDOS RIO ANGOSTURA SECTOR PUENTE AGUILA NORTE (FERROVIAL AGROMAN CHILE S.A.)-PAINE,FERROVIAL CONSTRUCCION CHILE S.A.,REGIÓN METROPOLITANA DE SANTIAGO,PAINE,Áridos,Extracción de áridos,Grande,CATEGORIA D,No identificado,Revisar,Revisar,Sin coincidencia,PROSPECTO MINERO LAS BRUJAS DE PAINE,LAS BRUJAS DE PAINE,OXIDOS DE COBRE,VALIDADO,-70.754375,-33.865413,0.584,14.787,POL_468,sin_clasificar
469,79.0,EXTRACCION MECANIZADA DE ARIDOS ISLA DE MAIPO,ARIMAIPO LIMITADA,REGIÓN METROPOLITANA DE SANTIAGO,ISLA DE MAIPO,Áridos,Extracción de áridos,Mediana,CATEGORIA D,No identificado,Revisar,Revisar,Sin coincidencia,MINA LA SUERTE,AREA DE MANEJO DE RESIDUOS,SULFUROS DE COBRE,VALIDADO,-70.9,-33.7464562,2.739,6.016,POL_469,sin_clasificar
470,443.0,EXTRACCION DE ARIDOS PETREOS - BUIN,SOCIEDAD PETREOS S.A.,REGIÓN METROPOLITANA DE SANTIAGO,ISLA DE MAIPO,Áridos,Extracción de áridos,Grande,CATEGORIA D,No identificado,Revisar,Revisar,Sin coincidencia,LA PERSEVERANCIA 1/9,LA PERSEVERANCIA 1/9,SULFUROS DE COBRE,VALIDADO,-70.871404,-33.797981,1.032,3.0,POL_470,sin_clasificar
471,620.0,ARIDOS ARITERRA,ARIDOS Y MOVIMIENTOS DE TIERRA ARITIERRA LTDA.,REGIÓN METROPOLITANA DE SANTIAGO,LAMPA,Áridos,Extracción de áridos,No informado,CATEGORIA D,No identificado,Posible,Coincide,Sin coincidencia,CARMELITA,EXPLOTACION MINA CARMELITA,ORO - COBRE - PLATA,VALIDADO,-70.866301,-33.292931,0.0,4.446,POL_471,sin_clasificar
472,621.0,EXTRACCION DE ÁRIDOS Y EXPLOTACIÓN MINERA RIO MAIPO-ISLA DE MAIPO,S/I,REGIÓN METROPOLITANA DE SANTIAGO,ISLA DE MAIPO,Áridos,Extracción de áridos,No informado,CATEGORIA D,No identificado,Posible,Coincide,Posible,CONCESIÓN RIO MAIPO II 1/2,CONCESION RIO MAIPO II 1/12,SULFURO AURÍFERO,VALIDADO,-70.967326,-33.718119,0.0,0.525,POL_472,sin_clasificar
473,622.0,PLANTA DE ARIDOS ECAVAL,SOCIEDAD COMERCIALIZADORA DE ARIDOS ECAVAL LIMITADA,REGIÓN METROPOLITANA DE SANTIAGO,LAMPA,Áridos,Planta / procesamiento,No informado,CATEGORIA D,No identificado,Revisar,Revisar,Sin coincidencia,PLANTA DE CATODOS LA CAMPANA,PLANTA DE CATODOS LA CAMPANA,ESFALERITA,VALIDADO,-70.879328,-33.2827093,14.052,5.117,POL_473,sin_clasificar
474,232.0,SIBELCO CHILE-LAMPA,CALIDRA CHILE IMPORTACIONES MINERALES SPA,REGIÓN METROPOLITANA DE SANTIAGO,LAMPA,Cal y Yeso,Instalación minera,Grande,CATEGORIA D,No identificado,Posible,Coincide,Sin coincidencia,TUCA 1 AL 19,CAMPAMENTO,COBRE - ORO - PLATA,VALIDADO,-70.83377978,-33.35542324,0.0,9.54,POL_474,sin_clasificar
475,623.0,CANTERA CERRO BLANCO,CEMENTOS POLPAICO S.A.,REGIÓN METROPOLITANA DE SANTIAGO,TILTIL,Carbonato de Calcio,Instalación minera,Grande,CATEGORIA C,No identificado,Posible,Revisar,Confirmado,CANTERA CERRO BLANCO,MINA CERRO BLANCO,CALIZA,VALIDADO,-70.80949217,-33.13242502,0.985,0.0,POL_475,sin_clasificar
476,624.0,PLANTA EXTRACCION DE ARIDOS CERRO CHALLAY,COOPERATIVA COLONIA KENNEDY,REGIÓN METROPOLITANA DE SANTIAGO,PAINE,Áridos,Planta / procesamiento,No informado,CATEGORIA D,No identificado,Revisar,Revisar,Sin coincidencia,PROSPECTO MINERO LAS BRUJAS DE PAINE,LAS BRUJAS DE PAINE,OXIDOS DE COBRE,VALIDADO,-70.7364923,-33.82224206,6.485,11.22,POL_476,sin_clasificar
477,279.0,MINERA MIRADOR DE BATUCO-LAMPA,A. ASESORIAS Y PROYECTOS LTDA.,REGIÓN METROPOLITANA DE SANTIAGO,LAMPA,Carbonato de Calcio,Instalación minera,No informado,CATEGORIA C,No identificado,Posible,Coincide,Posible,PLANTA BATUCO,PLANTA BATUCO,SULFUROS Y ÓXIDOS DE COBRE,VALIDADO,-70.828596,-33.184718,0.0,7.668,POL_477,sin_clasificar
478,509.0,EXTRACCION DE ARIDOS ESTERO PUANGUE (RUTAS DEL PACIFICO)- CUARACAVI,SOCIEDAD CONCESIONARIA RUTAS DEL PACIFICO S.A.,REGIÓN METROPOLITANA DE SANTIAGO,CURACAVI,Áridos,Extracción de áridos,Grande,CATEGORIA D,No identificado,Posible,Revisar,Confirmado,ESTERO PUANGUE,EXPLORACION SAN LUIS,ORO METÁLICO O NATIVO,VALIDADO,-71.160541,-33.401026,0.238,0.271,POL_478,sin_clasificar
479,500.0,ARIDOS FERROVIAL-SAN FRANCISCO,FERROVIAL CONSTRUCCION CHILE S.A.,REGIÓN DEL LIBERTADOR BERNARDO OHIGGINS,SAN FRANCISCO DE MOSTAZAL,Áridos,Extracción de áridos,Grande,CATEGORIA D,No identificado,Revisar,Revisar,Sin coincidencia,MINA SAN FRANCISCO,MINA SAN FRANCISCO,CUARZO AURÍFERO,VALIDADO,-70.701706,-33.97749,4.446,20.308,POL_479,sin_clasificar
480,422.0,PLANTA EL INGLES,COMPAÑIA MINERA EL INGLES,REGIÓN DEL LIBERTADOR BERNARDO OHIGGINS,RANCAGUA,Oro,Instalación minera,Pequeña,CATEGORIA D,No identificado,Posible,Revisar,Confirmado,PLANTA EL INGLES,EMBALSE DE RELAVES,CUARZO AURÍFERO,VALIDADO,-70.856046,-34.078264,0.725,0.0,POL_480,sin_clasificar
481,625.0,ARIDOS SAN VICENTE-RANCAGUA,S/I,REGIÓN DEL LIBERTADOR BERNARDO OHIGGINS,RANCAGUA,Áridos,Extracción de áridos,No informado,CATEGORIA C,No identificado,Posible,Revisar,Posible,PLANTA RANCAGUA,EMBALSE FILTRADO RANCAGUA,SULFURO AURÍFERO,VALIDADO,-70.786613,-34.18461,0.238,8.779,POL_481,sin_clasificar
482,392.0,"MINERA NO METÁLICA EXTRACCIÓN DE ÁRIDOS DEL RÍO CACHAPOAL, KM -1,5 AL -2,5, SECTOR GULTRO",CONSTRUCTORA DE PAVIMENTOS ASFALTICOS BITUMIX S.A.,REGIÓN DEL LIBERTADOR BERNARDO OHIGGINS,OLIVAR,Áridos,Extracción de áridos,Grande,CATEGORIA A,No identificado,Posible,Coincide,Sin coincidencia,MINERA VALLE CENTRAL S.A.,04 PLANTA DE SECADO y FILTRADO,SULFURO AURÍFERO,VALIDADO,-70.7456501,-34.20234099,0.034,6.39,POL_482,sin_clasificar
483,382.0,ARIDOS CACHAPOAL-OLIVAR,ARIDOS CACHAPOAL LIMITADA,REGIÓN DEL LIBERTADOR BERNARDO OHIGGINS,OLIVAR,Áridos,Extracción de áridos,Mediana,CATEGORIA A,No identificado,Posible,Coincide,Sin coincidencia,CODELCO CHILE DIVISION EL TENIENTE,019 PATIO RANCAGUA,COBRE - MOLIBDENO,VALIDADO,-70.774467,-34.191842,0.069,2.41,POL_483,sin_clasificar
484,70.0,ARIDOS GUERRICO,ARIDOS GUERRICO CHILE LIMITADA,REGIÓN DEL LIBERTADOR BERNARDO OHIGGINS,MACHALI,Áridos,Extracción de áridos,Mediana,CATEGORIA A,No identificado,Posible,Coincide,Sin coincidencia,MINERA VALLE CENTRAL S.A.,08 PLANTA DE RECUPERACIÓN DE AGUA INDUSTRIAL,SULFURO AURÍFERO,VALIDADO,-70.716328,-34.213143,0.0,3.817,POL_484,sin_clasificar
485,328.0,ARIDOS CACHAPOAL-MACHALI,MELON ARIDOS LIMITADA,REGIÓN DEL LIBERTADOR BERNARDO OHIGGINS,MACHALI,Áridos,Extracción de áridos,Grande,CATEGORIA A,No identificado,Revisar,Revisar,Sin coincidencia,MINERA VALLE CENTRAL S.A.,05 TALLERES,SULFURO AURÍFERO,VALIDADO,-70.685986,-34.216997,0.291,1.911,POL_485,sin_clasificar
486,30.0,MINA EL TENIENTE Y FUNDICION CALETONES,CODELCO/VAPOR PROCESOS S.A.,REGIÓN DEL LIBERTADOR BERNARDO OHIGGINS,MACHALI,Cobre,Planta / procesamiento,Grande,CATEGORIA B,No identificado,Posible,Revisar,Posible,CLUSTER TENIENTE,TENIENTE NW,COBRE - MOLIBDENO,VALIDADO,-70.477744,-34.094426,0.131,8.17,POL_486,sin_clasificar
487,30.0,EL TENIENTE,CODELCO,REGIÓN DEL LIBERTADOR BERNARDO OHIGGINS,MACHALI,Cobre,Mina / faena,Grande,CATEGORIA B,No identificado,Posible,Revisar,Confirmado,CLUSTER TENIENTE,TENIENTE NW,COBRE - MOLIBDENO,VALIDADO,-70.65456515,-34.180065,27.289,0.852,POL_487,sin_clasificar
488,466.0,MINERA VALLE CENTRAL,MINERA VALLE CENTRAL S.A./COLIHUES ENERGIA S.A.,REGIÓN DEL LIBERTADOR BERNARDO OHIGGINS,REQUINOA,Cobre,Instalación minera,Grande,CATEGORIA A,No identificado,Posible,Revisar,Confirmado,MINERA VALLE CENTRAL S.A.,02 TRANQUE DE RELAVES CAUQUENES,COBRE - MOLIBDENO,VALIDADO,-70.6849114,-34.24296,0.213,0.0,POL_488,sin_clasificar
489,466.0,TRANQUE DE RELAVES LAGUNA CAUQUENES MINA EL TENIENTE,MINERA VALLE CENTRAL S.A.,REGIÓN DEL LIBERTADOR BERNARDO OHIGGINS,REQUINOA,Cobre,Relaves,Grande,CATEGORIA A,No identificado,Posible,Revisar,Confirmado,MINERA VALLE CENTRAL S.A.,02 TRANQUE DE RELAVES CAUQUENES,COBRE - MOLIBDENO,VALIDADO,-70.7949215,-34.2846348,7.131,3.907,POL_489,sin_clasificar
490,500.0,ARIDOS RIO CACHAPOAL-DOÑIHUE,FERROVIAL CONSTRUCCION CHILE S.A.,REGIÓN DEL LIBERTADOR BERNARDO OHIGGINS,DOÑIHUE,Áridos,Extracción de áridos,Grande,CATEGORIA D,No identificado,Revisar,Revisar,Sin coincidencia,MINA EL CHACO,MINA EL CHACO,ÓXIDO DE MANGANESO,VALIDADO,-70.89975552,-34.21836378,3.577,1.338,POL_490,sin_clasificar
491,500.0,ARIDOS RIO CLARO,FERROVIAL CONSTRUCCION CHILE S.A.,REGIÓN DEL LIBERTADOR BERNARDO OHIGGINS,RENGO,Áridos,Extracción de áridos,Grande,CATEGORIA D,No identificado,Revisar,Revisar,Sin coincidencia,PERTENENCIA ALTOS DE CHAÑAR 1 AL 20,PERTENENCIA ALTOS DE CHAÑAR 1 AL 20,SULFURO AURÍFERO,VALIDADO,-70.818749,-34.39443,0.775,17.533,POL_491,sin_clasificar
492,626.0,ARIDOS SAN VICENTE,SOC. ARIDOS SAN VICENTE LTDA,REGIÓN DEL LIBERTADOR BERNARDO OHIGGINS,SAN VICENTE,Áridos,Extracción de áridos,No informado,CATEGORIA D,No identificado,Posible,Coincide,Sin coincidencia,MINA MEDIANOCHE 2,MINA MEDIANOCHE 2,CUARZO AURÍFERO,VALIDADO,-71.132824,-34.412196,0.0,4.651,POL_492,sin_clasificar
493,89.0,ARIDOS PUENTE PEUMO-RIO CACHAPOAL,SOCIEDAD CONCESIONARIA LA FRUTA S.A.,REGIÓN DEL LIBERTADOR BERNARDO OHIGGINS,SAN VICENTE,Áridos,Extracción de áridos,Grande,CATEGORIA C,No identificado,Revisar,Revisar,Sin coincidencia,PLANTA LA HIGUERA (EX PLANTA FLOR DE TE),PLANTA DE MOLIENDA/ FLOTACION,SULFURO AURÍFERO,VALIDADO,-71.13773,-34.415178,0.626,6.355,POL_493,sin_clasificar
494,627.0,YACIMIENTO LA PATAGUA,MINERA RIO TENO S.A.,REGIÓN DEL LIBERTADOR BERNARDO OHIGGINS,PERALILLO,Áridos,Mina / faena,Mediana,CATEGORIA D,No identificado,Confirmado,Coincide,Confirmado,YACIMIENTO LA PATAGUA,YACIMIENTO LA PATAGUA,PUMICITA,VALIDADO,-71.53972167,-34.45375867,0.0,0.0,POL_494,sin_clasificar
495,236.0,ARIDOS PETROMAX,TRANSPORTES PETROMAX S.A.,REGIÓN DEL MAULE,CURICO,Áridos,Extracción de áridos,Mediana,CATEGORIA D,No identificado,Revisar,Coincide,Sin coincidencia,PROYECTO VALLE HERMOSO,PROYECTO VALLE HERMOSO,COBRE - MOLIBDENO,VALIDADO,-71.255213,-35.017461,0.0,78.69,POL_495,sin_clasificar
496,476.0,ARIDOS RIO LONTUE,ARIDOS TENO LIMITADA,REGIÓN DEL MAULE,CURICO,Áridos,Extracción de áridos,No informado,CATEGORIA C,No identificado,Revisar,Revisar,Sin coincidencia,FAENA RIO 27,MINA RIO 27,SULFUROS DE COBRE,VALIDADO,-71.26661,-35.012392,2.051,393.138,POL_496,sin_clasificar
497,628.0,MINERA NO METÁLICA ARIDOS RIO MAULE-SECTOR MELLICO Y PIEDRA DEL LOBO,PINOCHET NAVARRETE LISSETTE PAOLA,REGIÓN DEL MAULE,CONSTITUCION,Áridos,Extracción de áridos,No informado,CATEGORIA D,No identificado,Posible,Coincide,Sin coincidencia,PLANTA PROCESO Y MINA SANTA DORILA,PLANTA PROCESO SANTA DORILA,ARENA SILICEA,VALIDADO,-72.30991746,-35.38201167,0.0,10.091,POL_497,sin_clasificar
498,437.0,PLANTA Y MINAS DE ARENAS SILICEAS,MINERA FARO CARRANZA S.A.,REGIÓN DEL MAULE,CONSTITUCION,Áridos,Instalación minera,Grande,CATEGORIA C,No identificado,Posible,Revisar,Confirmado,PLANTA Y MINAS DE ARENAS SILICEAS,PLANTA FLORA,ARENA SILICEA,VALIDADO,-72.57450833,-35.55759933,1.257,0.0,POL_498,sin_clasificar
499,402.0,ARIDOS FOREL,FORESTAL ARAUCO S.A.,REGIÓN DEL MAULE,CONSTITUCION,Áridos,Extracción de áridos,Grande,CATEGORIA D,No identificado,Posible,Coincide,Sin coincidencia,MINA ORQUIDEA II,MINA ORQUIDEA II,CUARZO,VALIDADO,-72.198189,-35.415823,0.0,18.189,POL_499,sin_clasificar
500,402.0,ARIDOS SANTA MARTA,FORESTAL ARAUCO S.A.,REGIÓN DEL MAULE,CONSTITUCION,Áridos,Extracción de áridos,Grande,CATEGORIA D,No identificado,Posible,Coincide,Sin coincidencia,PLANTA PROCESO Y MINA SANTA DORILA,PLANTA PROCESO SANTA DORILA,ARENA SILICEA,VALIDADO,-72.344745,-35.369539,0.017,6.949,POL_500,sin_clasificar
501,532.0,MINA LAS PIEDRAS,MIGRIN S.A.,REGIÓN DEL MAULE,EMPEDRADO,Áridos,Mina / faena,Grande,CATEGORIA C,No identificado,Confirmado,Coincide,Confirmado,MINA LAS PIEDRAS,DEPOSITO DE LODOS N°1 (antiguo),CUARZO,VALIDADO,-72.403907,-35.574839,0.0,0.0,POL_501,sin_clasificar
502,412.0,ARIDOS DRY MIX,ARENEX S.A./MORTEROS Y ARIDOS DRY MIX LTDA.,REGIÓN DEL MAULE,MAULE,Áridos,Extracción de áridos,Grande,CATEGORIA D,No identificado,Posible,Coincide,Sin coincidencia,MINA SANTA FE DEL 1 AL 7,MINA SANTA FE DEL 1 AL 7,COBRE - MOLIBDENO,VALIDADO,-71.779663,-35.540491,0.0,3.899,POL_502,sin_clasificar
503,224.0,Faena Chepica,SOCIEDAD CONTRACTUAL MINERA PAICAVI S.A.,REGIÓN DEL MAULE,PENCAHUE,Cobre / Oro / Plata,Instalación minera,No informado,CATEGORIA C,No identificado,Confirmado,Coincide,Confirmado,FAENA CHEPICA,BOTADERO CHEPICA,ORO - COBRE - PLATA,VALIDADO,-71.851362,-35.377013,0.007,0.0,POL_503,sin_clasificar
504,629.0,ARIDOS LA ESPERANZA,CONSTRUCTORA LA ESPERANZA LTDA,REGIÓN DEL MAULE,MAULE,Áridos,Extracción de áridos,No informado,CATEGORIA D,No identificado,Posible,Coincide,Posible,SANTA ALEJANDRA,PLANTA SANTA ALEJANDRA,ORO - PLATA,VALIDADO,-71.658232,-35.556363,0.0,0.827,POL_504,sin_clasificar
505,630.0,ARIDOS BUENA VISTA,ARIDOS BUENA VISTA SPA,REGIÓN DEL MAULE,SAN JAVIER,Áridos,Extracción de áridos,No informado,CATEGORIA D,No identificado,Posible,Coincide,Sin coincidencia,SANTA ALEJANDRA,PLANTA SANTA ALEJANDRA,ORO - PLATA,VALIDADO,-71.634956,-35.573793,0.096,2.055,POL_505,sin_clasificar
506,631.0,ARIDOS RIVERMAQ,S/I,REGIÓN DEL MAULE,TALCA,Áridos,Extracción de áridos,No informado,CATEGORIA D,No identificado,Posible,Coincide,Sin coincidencia,MINA ESPERANZA,MINA ESPERANZA,CUARZO AURÍFERO,VALIDADO,-71.62519688,-35.39010801,0.0,7.832,POL_506,sin_clasificar
507,632.0,ÁRIDOS LOS MAITENES,S/I,REGIÓN DEL MAULE,COLBUN,Áridos,Extracción de áridos,No informado,CATEGORIA D,No identificado,Revisar,Coincide,Sin coincidencia,PLANTA LOS MAITENES,ESPESAMIENTO/FILTRADO,CARBONATO DE CALCIO BLANCO,VALIDADO,-71.423671,-35.608704,0.0,251.362,POL_507,sin_clasificar
508,633.0,ARIDOS BADILLA EN RIO ACHIBUENO,JORGE BADILLA,REGIÓN DEL MAULE,LINARES,Áridos,Extracción de áridos,No informado,CATEGORIA D,No identificado,Posible,Coincide,Sin coincidencia,MINA EL LINGUE,MINA EL LINGUE,SULFUROS Y ÓXIDOS DE COBRE,VALIDADO,-71.569869,-35.904575,0.0,16.98,POL_508,sin_clasificar
509,151.0,ARIDOS CONSTRUCTORA SAN ANDRES,CONSTRUCTORA SAN ANDRES SPA,REGIÓN DEL MAULE,LINARES,Áridos,Extracción de áridos,No informado,SIN CATEGORIA,No identificado,Posible,Coincide,Sin coincidencia,FAENA LLANCAHUE,PROSPECTO LLANCAHUE,COBRE - ORO,VALIDADO,-71.751049,-35.813999,0.0,14.376,POL_509,sin_clasificar
510,339.0,ARIDOS TRANSMARA,TRANSPORTE MAQUINARIA Y ARIDOS TRANSMARA SPA,REGIÓN DEL MAULE,RETIRO,Áridos,Extracción de áridos,No informado,CATEGORIA D,No identificado,Revisar,Coincide,Sin coincidencia,PLANTA REMULCAO,PLANTA REMULCAO,ZEOLITAS,VALIDADO,-71.722207,-36.019944,0.0,25.353,POL_510,sin_clasificar
511,340.0,ÁRIDOS TRICAM SECTOR RIO LONGAVI,CONSTRUCTORA TRICAM LIMITADA,REGIÓN DEL MAULE,PARRAL,Áridos,Extracción de áridos,No informado,CATEGORIA D,No identificado,Posible,Coincide,Sin coincidencia,PLANTA REMULCAO,PLANTA REMULCAO,ZEOLITAS,VALIDADO,-71.561559,-36.230042,0.023,11.892,POL_511,sin_clasificar
512,51.0,MINERA FARO CARRANZA - PIRAZZOLI - LOANCO,MINERA FARO CARRANZA S.A.,REGIÓN DEL MAULE,CHANCO,Áridos,Instalación minera,Mediana,CATEGORIA C,Posible,Posible,Revisar,Confirmado,PLANTA Y MINAS DE ARENAS SILICEAS,MINA LOANCO 9,ARENA SILICEA,VALIDADO,-72.57322125,-35.58278425,1.377,0.0,POL_512,sin_clasificar
513,225.0,ARIDOS PLACILLA,ARIDOS PLACILLA SPA,REGIÓN DEL MAULE,LICANTEN,Áridos,Extracción de áridos,No informado,CATEGORIA D,No identificado,Posible,Revisar,Posible,PLACILLA 1 AL 6,PLACILLA 1 AL 6,CUARZO,VALIDADO,-72.042294,-34.976927,11.712,11.025,POL_513,sin_clasificar
514,139.0,PLANTA ARIDOS RINCONADA CHILLAN,ARIDOS RINCONADA LIMITADA,REGIÓN DE ÑUBLE,CHILLAN,Áridos,Planta / procesamiento,No informado,CATEGORIA D,No identificado,Revisar,Coincide,Sin coincidencia,FAENA RINCONADA 1/20,MINA RINCONADA 1/20,OXIDOS DE COBRE,VALIDADO,-72.049339,-36.529594,0.0,687.127,POL_514,sin_clasificar
515,267.0,PLANTA ARMIX LIMITADA,ARMIX LTDA,REGIÓN DE ÑUBLE,CHILLAN,Áridos,Planta / procesamiento,Pequeña,CATEGORIA C,No identificado,Revisar,Coincide,Sin coincidencia,MINA LOS PLACERES DE DIEGO,MINA MARIA ALESSANDRA,ORO - PLATA,VALIDADO,-72.077072,-36.553979,0.0,24.911,POL_515,sin_clasificar
516,246.0,ARIDOS LIVIO MAGGI CHILLAN,SOCIEDAD ARIDOS LIVIO MAGGI Y CIA LIMITADA,REGIÓN DE ÑUBLE,CHILLAN,Áridos,Extracción de áridos,Mediana,CATEGORIA A,No identificado,Revisar,Revisar,Sin coincidencia,Grupo de Yacimientos Zonas Arenal e Intracampos,POZO CHILLAN 11,PETRÓLEO,VALIDADO,-72.35536,-36.613818,0.415,1809.392,POL_516,sin_clasificar
517,237.0,ARIDOS FE BLANCA SAN CARLOS,INGENIERIA Y CONSTRUCCIONES FE BLANCA SPA,REGIÓN DE ÑUBLE,SAN CARLOS,Áridos,Extracción de áridos,No informado,CATEGORIA D,No identificado,Revisar,Coincide,Sin coincidencia,MINA BLANCA I 1 AL 20,MINA BLANCA I 1 AL 20,BARITINA,VALIDADO,-71.92826,-36.517912,0.0,695.599,POL_517,sin_clasificar
518,283.0,EXTRACCION Y PROCESAMIENTO ARIDOS NAHUELTORO,CONSTRUCTORA HUEQUECURA LIMITADA,REGIÓN DE ÑUBLE,COIHUECO,Áridos,Extracción de áridos,Grande,CATEGORIA D,No identificado,Revisar,Revisar,Sin coincidencia,PLANTA EL ARENAL,PLANTA DE PROCESAMIENTO,COBRE - ORO - PLATA,VALIDADO,-71.78781214,-36.49510108,0.114,435.01,POL_518,sin_clasificar
519,503.0,EXTRACCION ARIDOS READY MIX SUR RIO ÑUBLE- SECTOR QUINCHAMALI,READY MIX SUR S.A.,REGIÓN DE ÑUBLE,CHILLAN,Áridos,Extracción de áridos,Grande,CATEGORIA C,No identificado,Revisar,Coincide,Sin coincidencia,FAENA RIO 27,MINA RIO 27,SULFUROS DE COBRE,VALIDADO,-72.420595,-36.6387,0.071,586.424,POL_519,sin_clasificar
520,275.0,EXTRACCION MECANIZADA DE ARIDOS SECTOR CHONCHORAL- CIA MINERA LA ISLA,COMPAÑIA MINERA LA ISLA LTDA,REGIÓN DE ÑUBLE,CHILLAN,Áridos,Extracción de áridos,Pequeña,CATEGORIA D,No identificado,Revisar,Revisar,Sin coincidencia,MINA ISLA,POLVORÍN MINA ISLA,CUARZO AURÍFERO,VALIDADO,-72.454821,-36.643488,2.095,312.162,POL_520,sin_clasificar
521,634.0,POZO DE ARIDOS EL LUCERO,RICARDO ROMERO,REGIÓN DE ÑUBLE,BULNES,Áridos,Extracción de áridos,No informado,CATEGORIA D,No identificado,Revisar,Coincide,Sin coincidencia,LUCERO 1 AL 12,CAMPAMENTO,OXIDOS DE COBRE,VALIDADO,-72.415934,-36.776477,0.0,943.175,POL_521,sin_clasificar
522,455.0,EXTRACCION ARIDOS ABRATEC,ABRATEC S.A.,REGIÓN DE ÑUBLE,BULNES,Áridos,Extracción de áridos,Mediana,CATEGORIA D,No identificado,Revisar,Revisar,Sin coincidencia,LA PEPITA,CAMPAMENTO,ORO METÁLICO O NATIVO,VALIDADO,-72.40619674,-36.81991645,2.983,27.712,POL_522,sin_clasificar
523,455.0,EXTRACCION ARIDOS EN POZO LASTRERO- SECTOR RINCONADA PAL-PAL- ABRATEC,ABRATEC S.A.,REGIÓN DE ÑUBLE,BULNES,Áridos,Extracción de áridos,Mediana,CATEGORIA D,No identificado,Revisar,Coincide,Sin coincidencia,LA RINCONADA,MINA LA RINCONADA,SULFURO AURÍFERO,VALIDADO,-72.396193,-36.830963,0.02,941.386,POL_523,sin_clasificar
524,400.0,EXTRACCION ARIDOS LOS PINOS,FORESTAL ARAUCO S.A.,REGIÓN DE ÑUBLE,BULNES,Áridos,Extracción de áridos,Grande,CATEGORIA D,No identificado,Revisar,Coincide,Sin coincidencia,MINA LOS PINOS,MINA LOS PINOS,ORO - COBRE,VALIDADO,-72.423141,-36.802766,0.007,294.929,POL_524,sin_clasificar
525,635.0,ARIDOS SAN MARCOS,SOCIEDAD DE ARIDOS SAN MARCOS LTDA,REGIÓN DE ÑUBLE,QUILLON,Áridos,Extracción de áridos,No informado,CATEGORIA D,No identificado,Revisar,Coincide,Sin coincidencia,MINA SAN MARCOS,MINA SAN MARCOS,OXIDOS DE COBRE,VALIDADO,-72.383821,-36.859457,0.0,545.708,POL_525,sin_clasificar
526,240.0,EXTRACCION ARIDOS SOPRAMAT CAUCE DEL RIO DIGUILLIN-SECTOR LOS TILOS,SOCIEDAD PRODUCTORA DE ARIDOS SERVICIOS Y TRANSPORTE LIMITADA,REGIÓN DE ÑUBLE,BULNES,Áridos,Extracción de áridos,Micro,CATEGORIA D,No identificado,Revisar,Revisar,Sin coincidencia,RIO 27,EXPLORACION RIO 27,COBRE - ORO - PLATA,VALIDADO,-72.198455,-36.882157,0.407,608.744,POL_526,sin_clasificar
527,400.0,POZO ARIDOS RINCONADA DIGUILLIN,FORESTAL ARAUCO S.A.,REGIÓN DE ÑUBLE,EL CARMEN,Áridos,Extracción de áridos,Grande,CATEGORIA D,No identificado,Revisar,Revisar,Sin coincidencia,RINCONADA 1 AL 5,MINA RINCONADA,OXIDOS DE COBRE,VALIDADO,-72.20555933,-36.90072553,0.731,641.674,POL_527,sin_clasificar
528,342.0,EXTRACCION MECANIZADA DE ARIDOS POZO NEBUCO,TRIBASA CONO SUR S.A.,REGIÓN DE ÑUBLE,CHILLAN VIEJO,Áridos,Extracción de áridos,No informado,CATEGORIA A,No identificado,Revisar,Coincide,Sin coincidencia,SIT  SA,PLANTA MECANIZADA,CALICHE (NITRATOS),VALIDADO,-72.20647238,-36.63929002,0.077,1621.026,POL_528,sin_clasificar
529,636.0,PLANTA DE ARIDOS COVADONGA,S/I,REGIÓN DE ÑUBLE,CHILLAN VIEJO,Áridos,Planta / procesamiento,No informado,CATEGORIA C,No identificado,Revisar,Revisar,Sin coincidencia,MINA LOS PLACERES DE DIEGO,MINA MARIA ALESSANDRA,ORO - PLATA,VALIDADO,-72.15052935,-36.63702107,2.102,27.658,POL_529,sin_clasificar
530,246.0,ARIDOS LIVIO MAGGIO CHILLAN,SOCIEDAD ARIDOS LIVIO MAGGI Y CIA LIMITADA,REGIÓN DE ÑUBLE,CHILLAN,Áridos,Extracción de áridos,Mediana,CATEGORIA A,No identificado,Revisar,Coincide,Sin coincidencia,Grupo de Yacimientos Zonas Arenal e Intracampos,POZO CHILLAN 11,PETRÓLEO,VALIDADO,-72.35536,-36.613818,0.0,1808.915,POL_530,sin_clasificar
531,289.0,PLANTA CHANCADORA CONSTRUCTORA LAMAS,EMPRESA CONSTRUCTORA PAOLA LAMAS Y CIA. LIMITADA,REGIÓN DE ÑUBLE,TREHUACO,Áridos,Planta / procesamiento,Mediana,CATEGORIA D,No identificado,Revisar,Revisar,Sin coincidencia,MINA CAOLIN QUIRIHUE,MINA CAOLIN QUIRIHUE,CAOLIN,VALIDADO,-72.70267609,-36.4858684,5.187,15.891,POL_531,sin_clasificar
532,637.0,PLANTA DE ARIDOS EL MAITEN,CHAVEZ SALAZAR NESTOR FABIAN,REGIÓN DE ÑUBLE,QUILLON,Áridos,Planta / procesamiento,No informado,CATEGORIA D,No identificado,Revisar,Coincide,Sin coincidencia,FAENA EL MAITEN,MINA EL MAITEN SUR,SULFUROS Y ÓXIDOS DE COBRE,VALIDADO,-72.41313,-36.822077,0.0,768.491,POL_532,sin_clasificar
533,400.0,CANTERA QUIRIHUE,FORESTAL ARAUCO S.A.,REGIÓN DE ÑUBLE,QUIRIHUE,Áridos,Cantera,Grande,CATEGORIA D,No identificado,Revisar,Revisar,Sin coincidencia,MINA LOS PENSAMIENTOS 1 AL 10,MINA LOS PENSAMIENTOS 1 AL 10,CUARZO AURÍFERO,VALIDADO,-72.461419,-36.170716,0.325,17.559,POL_533,sin_clasificar
534,533.0,EXTRACCION DE ARIDOS EL BOLDAL- RIO ÑUBLE EN CONFLUENCIA CON RIOS CHILLAN Y CHANGARAL,ARENEX S.A.,REGIÓN DE ÑUBLE,CHILLAN,Áridos,Extracción de áridos,Grande,CATEGORIA D,No identificado,Revisar,Revisar,Sin coincidencia,RIO 27,EXPLORACION RIO 27,COBRE - ORO - PLATA,VALIDADO,-72.3302,-36.5998,0.116,580.467,POL_534,sin_clasificar
535,638.0,EXTRACCION DE ARIDOS RIO ÑUBLE,S/I,REGIÓN DE ÑUBLE,SAN CARLOS,Áridos,Extracción de áridos,No informado,CATEGORIA D,No identificado,Revisar,Coincide,Sin coincidencia,RIO 27,EXPLORACION RIO 27,COBRE - ORO - PLATA,VALIDADO,-72.054543,-36.525731,0.0,567.013,POL_535,sin_clasificar
536,639.0,PLANTA CHANCADORA NUEVO CAMINO SAN CARLOS,S/I,REGIÓN DE ÑUBLE,SAN CARLOS,Áridos,Planta / procesamiento,No informado,CATEGORIA D,No identificado,Revisar,Coincide,Sin coincidencia,SAN CAMINO,MINA SAN CAMINO,OXIDOS DE COBRE,VALIDADO,-72.077867,-36.534362,0.0,853.884,POL_536,sin_clasificar
537,504.0,EXTRACCION MECANIZADA DE ARIDOS LAJA,ARIDOS DEL LAJA S.A.,REGIÓN DE ÑUBLE,YUNGAY,Áridos,Extracción de áridos,Mediana,CATEGORIA D,No identificado,Revisar,Coincide,Sin coincidencia,FAENA LA LAJA,MINA LAJA 36,SULFURO AURÍFERO,VALIDADO,-72.16294935,-37.18039931,0.0,774.27,POL_537,sin_clasificar
538,343.0,EXTRACCION ARIDOS RIO LAJA TRIBASA,TRIBASA CONO SUR S.A.,REGIÓN DEL BIOBÍO,LOS ANGELES,Áridos,Extracción de áridos,No informado,SIN CATEGORIA,No identificado,Revisar,Coincide,Sin coincidencia,LA LAJA,EXPLORACION Y PROSPECCION LA LAJA,COBRE - ORO - PLATA,VALIDADO,-72.222678,-37.185473,0.097,846.915,POL_538,sin_clasificar
539,640.0,EXTRACCION DE ARIDOS Y CHANCADORA- VISTA HERMOSA,JORGE SAN MARTIN SANHUEZA,REGIÓN DE ÑUBLE,SAN IGNACIO,Áridos,Extracción de áridos,No informado,CATEGORIA D,No identificado,Revisar,Revisar,Sin coincidencia,VISTA HERMOSA,EXPLORACIÓN VISTA HERMOSA,COBRE - ORO - PLATA,VALIDADO,-72.433333,-36.533333,54.295,783.166,POL_539,sin_clasificar
540,487.0,CANTERA LAS PATAGUAS,SACYR CHILE S.A.,REGIÓN DEL BIOBÍO,CABRERO,Áridos,Cantera,Grande,CATEGORIA A,No identificado,Revisar,Coincide,Sin coincidencia,CASERONES,CANTERA 4,SULFUROS Y ÓXIDOS DE COBRE,VALIDADO,-72.509346,-37.014305,0.007,1020.162,POL_540,sin_clasificar
541,258.0,EXTRACCION DE ARIDOS INVERSIONES DE LA ROCA SPA-CABRERO,INVERSIONES DE LA ROCA SPA,REGIÓN DEL BIOBÍO,CABRERO,Áridos,Extracción de áridos,No informado,CATEGORIA B,No identificado,Revisar,Coincide,Sin coincidencia,FAENA LAMBERT,MINA LA ROCA,SULFUROS Y ÓXIDOS DE COBRE,VALIDADO,-72.4838,-37.01696,0.0,796.329,POL_541,sin_clasificar
542,487.0,CANTERA TOMECO,SACYR CHILE S.A.,REGIÓN DEL BIOBÍO,YUMBEL,Áridos,Cantera,Grande,CATEGORIA A,No identificado,Revisar,Coincide,Sin coincidencia,CASERONES,CANTERA 4,SULFUROS Y ÓXIDOS DE COBRE,VALIDADO,-72.607536,-36.982866,0.059,1019.316,POL_542,sin_clasificar
543,641.0,POZO LASTRERO LOS PERROS,S/I,REGIÓN DEL BIOBÍO,HUALQUI,Áridos,Extracción de áridos,No informado,SIN CATEGORIA,No identificado,Posible,Coincide,Sin coincidencia,YACIMIENTO MIRAMAR FASE I,YACIMIENTO MIRAMAR FASE I,ARENA SILICEA,VALIDADO,-72.917743,-36.944499,0.0,12.375,POL_543,sin_clasificar
544,259.0,EXTRACCION DE ARIDOS HUALQUI SECTOR OMER HUET,ARIDOS MANQUECURA SPA,REGIÓN DEL BIOBÍO,HUALQUI,Áridos,Extracción de áridos,No informado,SIN CATEGORIA,No identificado,Posible,Coincide,Sin coincidencia,YACIMIENTO MIRAMAR FASE I,YACIMIENTO MIRAMAR FASE I,ARENA SILICEA,VALIDADO,-72.992548,-36.964133,0.0,5.606,POL_544,sin_clasificar
545,514.0,ARENERA ARIDOS BIOBIO SA,ARIDOS BIO BIO S.A.,REGIÓN DEL BIOBÍO,CONCEPCION,Áridos,Extracción de áridos,Pequeña,CATEGORIA C,No identificado,Posible,Coincide,Sin coincidencia,PLANTA CENTRO DEMOSTRATIVO,MODULO PENCO,ITRIO,VALIDADO,-73.05584,-36.84548,0.0,7.984,POL_545,sin_clasificar
546,319.0,EXTRACCION DE ARENAS RIBERA NORTE ARENAS COSTANERA BIOBIO,ELECTRA PRICE FABBRI Y COMPAÑIA LIMITADA,REGIÓN DEL BIOBÍO,HUALPEN,Áridos,Extracción de áridos,Mediana,CATEGORIA D,No identificado,Revisar,Revisar,Sin coincidencia,CANTERA SAN MIGUEL,CANTERA SAN MIGUEL,ARENA SILICEA,VALIDADO,-73.0515564,-36.8542589,5.966,4.095,POL_546,sin_clasificar
547,39.0,COMPAÑIA MINERA TRIDENTE,COMPAÑIA MINERA TRIDENTE LIMITADA,REGIÓN DEL BIOBÍO,HUALPEN,Áridos,Instalación minera,No informado,CATEGORIA D,No identificado,Revisar,Revisar,Sin coincidencia,CANTERA SAN MIGUEL,CANTERA SAN MIGUEL,ARENA SILICEA,VALIDADO,-73.094121,-36.807789,0.328,4.216,POL_547,sin_clasificar
548,409.0,ARENERA PRICE,ARENERA PRICE LTDA.,REGIÓN DEL BIOBÍO,HUALPEN,Áridos,Instalación minera,Pequeña,CATEGORIA D,No identificado,Posible,Coincide,Sin coincidencia,CANTERA SAN MIGUEL,CANTERA SAN MIGUEL,ARENA SILICEA,VALIDADO,-73.093996,-36.808052,0.007,3.995,POL_548,sin_clasificar
549,161.0,ARENERA DEL PACIFICO LTDA,SOCIEDD ARENERA DEL PACIFICO LTDA.,REGIÓN DEL BIOBÍO,HUALPEN,Áridos,Instalación minera,Micro,CATEGORIA D,No identificado,Posible,Coincide,Sin coincidencia,CANTERA SAN MIGUEL,CANTERA SAN MIGUEL,ARENA SILICEA,VALIDADO,-73.099748,-36.80744,0.0,3.826,POL_549,sin_clasificar
550,534.0,ARENERA RIO BIOBIO EL BOLDAL,ARENEX S.A.,REGIÓN DEL BIOBÍO,HUALPEN,Áridos,Instalación minera,Grande,CATEGORIA D,No identificado,Posible,Coincide,Sin coincidencia,CANTERA SAN MIGUEL,CANTERA SAN MIGUEL,ARENA SILICEA,VALIDADO,-73.102108,-36.806388,0.0,3.676,POL_550,sin_clasificar
551,445.0,CANTERAS LONCO,CANTERAS LONCO S.A.,REGIÓN DEL BIOBÍO,CHIGUAYANTE,Áridos,Cantera,Micro,CATEGORIA D,No identificado,Posible,Coincide,Sin coincidencia,CANTERA SAN MIGUEL,CANTERA SAN MIGUEL,ARENA SILICEA,VALIDADO,-73.031126,-36.867819,0.0,11.603,POL_551,sin_clasificar
552,13.0,EXTRACCION DE ARIDOS RIO BIOBIO COSTANERA CONCEPCION-CHIGUAYANTE,DRAGADOS S.A. AGENCIA EN CHILE,REGIÓN DEL BIOBÍO,CHIGUAYANTE,Áridos,Extracción de áridos,Grande,CATEGORIA C,No identificado,Revisar,Revisar,Sin coincidencia,PLANTA CENTRO DEMOSTRATIVO,MODULO PENCO,ITRIO,VALIDADO,-73.040048,-36.88531,1.141,9.56,POL_552,sin_clasificar
553,184.0,CANTERA JOSE MARIA,TIERRA GRANDE SPA,REGIÓN DEL BIOBÍO,CORONEL,Áridos,Cantera,Pequeña,CATEGORIA D,No identificado,Posible,Coincide,Sin coincidencia,MINA EL MORRO,MINA EL MORRO,CARBÓN,VALIDADO,-73.096727,-37.042546,0.0,6.494,POL_553,sin_clasificar
554,387.0,CANTERA EL BOLDO,FORESTAL CELCO S.A.,REGIÓN DEL BIOBÍO,CORONEL,Áridos,Cantera,No informado,CATEGORIA D,No identificado,Posible,Coincide,Sin coincidencia,MINA EL MORRO,MINA EL MORRO,CARBÓN,VALIDADO,-73.093272,-37.048961,0.049,6.726,POL_554,sin_clasificar
555,5.0,CANTERA SANTA BARBARA,DITONER Y CIA LTDA.,REGIÓN DEL BIOBÍO,CORONEL,Áridos,Cantera,Mediana,CATEGORIA D,No identificado,Revisar,Revisar,Sin coincidencia,MINA SANTA ANGELICA,MINA SANTA ANGELICA,CAOLIN,VALIDADO,-73.098608,-37.048851,1.103,5.21,POL_555,sin_clasificar
556,642.0,EXTRACCION Y PROCESAMIENTO DE ARIDOS CANTERA SANTA ROSA,SOCIEDAD DE TRANSPORTES MAF SPA,REGIÓN DEL BIOBÍO,CORONEL,Áridos,Cantera,No informado,CATEGORIA D,No identificado,Posible,Coincide,Sin coincidencia,MINA SANTA ANGELICA,MINA SANTA ANGELICA,CAOLIN,VALIDADO,-73.07747841,-37.04299397,0.0,4.227,POL_556,sin_clasificar
557,141.0,CANTERA FUNDO PALCO CHUPONAL,TRANSPORTES JUAN ENOC LEIVA SANHUEZA EIRL,REGIÓN DEL BIOBÍO,CORONEL,Áridos,Cantera,Micro,SIN CATEGORIA,No identificado,Posible,Coincide,Sin coincidencia,YACIMIENTO MIRAMAR FASE I,YACIMIENTO MIRAMAR FASE I,ARENA SILICEA,VALIDADO,-73.00281523,-36.9968473,0.0,5.312,POL_557,sin_clasificar
558,643.0,EXTRACCION DE ARIDOS EN EL KILOMETRO 21 DE LA RUTA 160 PARQUE INDUSTRIAL UNO ESCUADRON,S/I,REGIÓN DEL BIOBÍO,CORONEL,Áridos,Extracción de áridos,No informado,CATEGORIA C,No identificado,Revisar,Revisar,Sin coincidencia,CARBOMAT II,"OFICINAS, SALA DE OPERACION Y GALPON",CARBÓN,VALIDADO,-73.160687,-36.99157,3.393,3.932,POL_558,sin_clasificar
559,5.0,CANTERA PATAGUAL DITONER,DITONER Y CIA LTDA,REGIÓN DEL BIOBÍO,CORONEL,Áridos,Cantera,Mediana,CATEGORIA C,No identificado,Posible,Coincide,Sin coincidencia,MINA DON PEDRO,PLANTA LAVADO DON PEDRO,CARBÓN,VALIDADO,-73.06562441,-37.02758565,0.0,11.194,POL_559,sin_clasificar
560,644.0,EXTRACCION ARIDOS NELSON BETANZO SAEZ,S/I,REGIÓN DEL BIOBÍO,ARAUCO,Áridos,Extracción de áridos,No informado,CATEGORIA D,No identificado,Posible,Coincide,Sin coincidencia,PLANTA DE SECADO DE ARENA SILICICA,COMEDOR-BAÑO,ARENA SILICEA,VALIDADO,-73.227566,-37.276967,0.0,1.499,POL_560,sin_clasificar
561,57.0,CANTERA EMPRESTITO LOS DURAZNOS Y LOS CASTAÑOS,CONSTRUCTORA RUTA 160 S.A.,REGIÓN DEL BIOBÍO,ARAUCO,Áridos,Cantera,Grande,CATEGORIA D,No identificado,Posible,Coincide,Sin coincidencia,MINA MOLINO EL SOL,PLANTA MOLINO EL SOL,ARENA SILICEA,VALIDADO,-73.22176,-37.286476,0.072,1.936,POL_561,sin_clasificar
562,57.0,CANTERA EMPRESTITO MOLINO DEL SOL,CONSTRUCTORA RUTA 160 S.A.,REGIÓN DEL BIOBÍO,ARAUCO,Áridos,Cantera,Grande,CATEGORIA D,No identificado,Confirmado,Coincide,Confirmado,MINA MOLINO EL SOL,GRUPO ELECTROGENO,ARENA SILICEA,VALIDADO,-73.235645,-37.291334,0.009,2.735,POL_562,sin_clasificar
563,645.0,MOLINO DE SOL,MINERA RAMADILLAS,REGIÓN DEL BIOBÍO,ARAUCO,Siliceos,Instalación minera,No informado,CATEGORIA D,No identificado,Posible,Revisar,Posible,MINA MOLINO EL SOL,BOTADERO,ARENA SILICEA,VALIDADO,-73.215383,-37.306626,0.306,0.0,POL_563,sin_clasificar
564,401.0,CANTERA LAS CORRIENTES,FORESTAL ARAUCO S.A.,REGIÓN DEL BIOBÍO,ARAUCO,Áridos,Cantera,Grande,CATEGORIA D,No identificado,Posible,Coincide,Sin coincidencia,MINA MOLINO EL SOL,ADMINISTRACION (OFICINAS-BODEGAS),ARENA SILICEA,VALIDADO,-73.122117,-37.284513,0.067,8.422,POL_564,sin_clasificar
565,646.0,EXTRACCION ARIDOS CEFERINO SAEZ- ARAUCO,S/I,REGIÓN DEL BIOBÍO,ARAUCO,Áridos,Extracción de áridos,No informado,CATEGORIA D,No identificado,Revisar,Revisar,Sin coincidencia,LA CARAMBA,CANCHA DE ACOPIO,CARBÓN,VALIDADO,-73.372493,-37.250396,0.238,12.46,POL_565,sin_clasificar
566,647.0,ARIDOS RIO TRONGOL- ARAUCO,S/I,REGIÓN DEL BIOBÍO,ARAUCO,Áridos,Extracción de áridos,No informado,CATEGORIA D,No identificado,Posible,Coincide,Sin coincidencia,PLANTA DE SECADO DE ARENA SILICICA,ACOPIO,ARENA SILICEA,VALIDADO,-73.249862,-37.246618,0.0,2.326,POL_566,sin_clasificar
567,387.0,CANTERA EL DESCABEZADO,FORESTAL CELCO S.A./FORESTAL ARAUCO S.A.,REGIÓN DEL BIOBÍO,CURANILAHUE,Áridos,Cantera,No informado,CATEGORIA D,No identificado,Confirmado,Coincide,Confirmado,MINA EL DESCABEZADO 1 AL 10,MINA EL DESCABEZADO 1 AL 10,CARBÓN,VALIDADO,-73.312556,-37.508502,0.006,1.933,POL_567,sin_clasificar
568,424.0,CANTERA MINERA CLARA,VIDRIOS LIRQUEN S.A.,REGIÓN DEL BIOBÍO,CURANILAHUE,Áridos,Cantera,Grande,CATEGORIA D,No identificado,Posible,Revisar,Confirmado,MINA CLARA 1 AL 37,MINA CLARA 1 AL 37,ARENA SILICEA,VALIDADO,-73.256649,-37.425101,0.14,0.377,POL_568,sin_clasificar
569,456.0,Emprésito,SERGIO CERVA S.A.,REGIÓN DEL BIOBÍO,LOS ALAMOS,Áridos,Planta / procesamiento,Grande,CATEGORIA D,No identificado,Posible,Coincide,Sin coincidencia,PIRQUEN LA ALDEA,PIRQUEN LA ALDEA,CARBÓN,VALIDADO,-73.31654442,-37.59435751,0.0,5.257,POL_569,sin_clasificar
570,126.0,ARIDOS RIO TRONGOL,PIETRO RICARDO FRANCO MARI REYES E.I.R.L.,REGIÓN DEL BIOBÍO,LOS ALAMOS,Áridos,Extracción de áridos,No informado,CATEGORIA C,No identificado,Posible,Coincide,Sin coincidencia,MINA EL PARAISO (EX PIRQUEN PARAISO),MINA EL PARAISO (EX PIRQUEN PARAISO),CARBÓN,VALIDADO,-73.301389,-37.594563,0.0,7.004,POL_570,sin_clasificar
571,231.0,POZO LASTRERO MESAMAVIDA,EMPRESA DOS RIOS ALCIDES VIAL EIRL,REGIÓN DEL BIOBÍO,LOS ANGELES,Áridos,Extracción de áridos,Mediana,,No identificado,Revisar,Coincide,Sin coincidencia,,,,VALIDADO,-72.52669099,-37.5712286,0.0,,POL_571,sin_clasificar
572,456.0,EXTRACCION ARIDOS ABICE,SERGIO CERVA S.A.,REGIÓN DEL BIOBÍO,LOS ANGELES,Áridos,Extracción de áridos,Grande,,No identificado,Revisar,Coincide,Sin coincidencia,,,,VALIDADO,-72.511,-37.568576,0.0,,POL_572,sin_clasificar
573,648.0,EXTRACCION DE ARIDOS SECTOR LA SUERTE,S/I,REGIÓN DEL BIOBÍO,LOS ANGELES,Áridos,Extracción de áridos,No informado,CATEGORIA D,No identificado,Revisar,Coincide,Sin coincidencia,MINA LA SUERTE,DEPOSITO DE ESTERILES,SULFUROS DE COBRE,VALIDADO,-72.55795513,-37.5269279,0.054,440.247,POL_573,sin_clasificar
574,428.0,EXTRACCION MECANIZADA DE ARIDOS FUNDO TRALPENES,FORESTAL MININCO SPA,REGIÓN DEL BIOBÍO,LOS ANGELES,Áridos,Extracción de áridos,Grande,CATEGORIA A,No identificado,Revisar,Revisar,Sin coincidencia,SIT  SA,PLANTA MECANIZADA,CALICHE (NITRATOS),VALIDADO,-72.602331,-37.521655,0.435,1723.461,POL_574,sin_clasificar
575,234.0,EXTRACCION DE ARIDOS POZO GALLEGOS,SOCIEDAD CONCESIONARIA RUTA NAHUELBUTA S.A.,REGIÓN DEL BIOBÍO,NEGRETE,Áridos,Extracción de áridos,Grande,CATEGORIA D,No identificado,Revisar,Coincide,Sin coincidencia,LA ENCONTRADA 1 AL 5,MINA LA ENCONTRADA 1 AL 5,SULFUROS Y ÓXIDOS DE COBRE,VALIDADO,-72.55221135,-37.58144535,0.0,786.607,POL_575,sin_clasificar
576,428.0,EXTRACCION Y PLANTAS DE PROCESAMIENTO DE ARIDOS SECTOR EL SAUCE,FORESTAL MININCO SPA,REGIÓN DEL BIOBÍO,NEGRETE,Áridos,Planta / procesamiento,Grande,CATEGORIA D,No identificado,Revisar,Revisar,Sin coincidencia,PLANTA EL SAUCE,PLANTA DE LIXIVIACION,SULFUROS DE COBRE,VALIDADO,-72.599402,-37.535734,0.173,549.2,POL_576,sin_clasificar
577,649.0,EXTRACCION DE ARIDOS EN EL RIO BIO-BIO SECTOR MIRADOR DEL BIO-BIO,S.A.F. ALTIKON LTDA.,REGIÓN DEL BIOBÍO,MULCHEN,Áridos,Extracción de áridos,No informado,CATEGORIA D,No identificado,Revisar,Coincide,Sin coincidencia,MIRADOR,MINA MIRADOR,ORO - COBRE,VALIDADO,-72.296474,-37.600728,0.0,915.769,POL_577,sin_clasificar
578,650.0,PLANTA ARIDOS POZO LASTRERO NPSH MULCHEN,S/I,REGIÓN DEL BIOBÍO,MULCHEN,Áridos,Planta / procesamiento,No informado,,No identificado,Revisar,Coincide,Sin coincidencia,,,,VALIDADO,-72.467498,-37.711374,0.0,,POL_578,sin_clasificar
579,343.0,EXTRACCION MECANIZADA DE ARIDOS RIO BIO-BIO SECTOR SAN CARLOS DE PUREN,TRIBASA CONO SUR S.A.,REGIÓN DEL BIOBÍO,LOS ANGELES,Áridos,Extracción de áridos,No informado,CATEGORIA C,No identificado,Revisar,Coincide,Sin coincidencia,FAENA RIO 27,MINA RIO 27,SULFUROS DE COBRE,VALIDADO,-72.276645,-37.600287,0.015,687.923,POL_579,sin_clasificar
580,651.0,EXTRACCION MECANIZADA DE ARIDOS FUNDO RESERVA EL PROGRESO SECTOR DUQUECO,S/I,REGIÓN DEL BIOBÍO,LOS ANGELES,Áridos,Extracción de áridos,No informado,CATEGORIA D,No identificado,Revisar,Coincide,Sin coincidencia,"MINA RESERVA I, 1-20","MINA RESERVA I, 1-20",OXIDOS DE COBRE,VALIDADO,-72.287037,-37.555264,0.0,531.108,POL_580,sin_clasificar
581,171.0,EXTRACCION ARIDOS SECTOR LA ISLA,SOCIEDAD ARIDOS Y ASFALTOS SERVITERRA LIMITADA,REGIÓN DEL BIOBÍO,LOS ANGELES,Áridos,Extracción de áridos,Grande,CATEGORIA D,No identificado,Revisar,Revisar,Sin coincidencia,MINA ISLA,POLVORÍN MINA ISLA,CUARZO AURÍFERO,VALIDADO,-72.374898,-37.552654,2.311,401.88,POL_581,sin_clasificar
582,652.0,EXTRACCION DE ARIDOS LA ISLA,S/I,REGIÓN DEL BIOBÍO,LOS ANGELES,Áridos,Extracción de áridos,No informado,CATEGORIA D,No identificado,Revisar,Revisar,Sin coincidencia,MINA ISLA,POLVORÍN MINA ISLA,CUARZO AURÍFERO,VALIDADO,-72.380581,-37.551501,3.241,400.777,POL_582,sin_clasificar
583,216.0,EXTRACCION ARIDOS RIO BIOBIO SECTOR LA SUERTE,ARIDOS SGA SPA,REGIÓN DEL BIOBÍO,LOS ANGELES,Áridos,Extracción de áridos,Pequeña,CATEGORIA D,No identificado,Revisar,Revisar,Sin coincidencia,SUERTE,SUERTE,COBRE - ORO,VALIDADO,-72.3544522,-37.4728723,22.114,1254.994,POL_583,sin_clasificar
584,653.0,PROYECTO EXTRACCION DE ARENA DE POZO LASTRERO FUNDO SANTA GREGORIA,S/I,REGIÓN DEL BIOBÍO,LOS ANGELES,Áridos,Extracción de áridos,No informado,CATEGORIA D,No identificado,Revisar,Coincide,Sin coincidencia,FAENA LA ARENA,MINA LA ARENA,OXIDOS DE COBRE,VALIDADO,-72.44157581,-37.38852604,0.0,765.116,POL_584,sin_clasificar
585,654.0,EXTRACCION DE ARIDOS HELENA ZAPATA E.I.R.L,S/I,REGIÓN DEL BIOBÍO,LOS ANGELES,Áridos,Extracción de áridos,No informado,CATEGORIA D,No identificado,Revisar,Coincide,Sin coincidencia,HELENA XV 1/50,CAMPAMENTO,OXIDOS DE COBRE,VALIDADO,-72.362503,-37.341956,0.0,1185.193,POL_585,sin_clasificar
586,655.0,EXTRACCION DE ARIDOS RODRIGO MEDINA,S/I,REGIÓN DEL BIOBÍO,LOS ANGELES,Áridos,Extracción de áridos,No informado,CATEGORIA D,No identificado,Revisar,Coincide,Sin coincidencia,RODRIGO 1 AL 10,MINA RODRIGO,ORO - COBRE,VALIDADO,-72.311141,-37.36592,0.0,1089.012,POL_586,sin_clasificar
587,234.0,EXTRACCION DE ARIDOS SECTOR AVARIA,SOCIEDAD CONCESIONARIA RUTA NAHUELBUTA S.A.,REGIÓN DEL BIOBÍO,NEGRETE,Áridos,Extracción de áridos,Grande,CATEGORIA D,No identificado,Revisar,Revisar,Sin coincidencia,MINA LA SALVADORA,POLVORIN LA SALVADORA,ORO - COBRE - PLATA,VALIDADO,-72.620432,-37.558614,2.108,419.802,POL_587,sin_clasificar
588,95.0,CANTERA FUNDO LO ALFARO,SOCIEDAD EXTRACTORA Y COMERCIALIZADORA DE ARIDOS SANTA FE LTDA,REGIÓN DEL BIOBÍO,TALCAHUANO,Áridos,Cantera,No informado,CATEGORIA D,No identificado,Posible,Coincide,Sin coincidencia,CANTERA SAN MIGUEL,CANTERA SAN MIGUEL,ARENA SILICEA,VALIDADO,-73.098166,-36.658792,0.038,12.193,POL_588,sin_clasificar
589,656.0,EXTRACCION ARIDOS SEGUNDA ZONA NAVAL THNO,S/I,REGIÓN DEL BIOBÍO,TALCAHUANO,Áridos,Extracción de áridos,No informado,CATEGORIA D,No identificado,Posible,Coincide,Sin coincidencia,CANTERA SAN MIGUEL,CANTERA SAN MIGUEL,ARENA SILICEA,VALIDADO,-73.136288,-36.687378,0.002,10.029,POL_589,sin_clasificar
590,482.0,EXTRACCION DE ARIDOS RIO ANDALIEN-BESALCO,BESALCO CONSTRUCCIONES S.A.,REGIÓN DEL BIOBÍO,TALCAHUANO,Áridos,Extracción de áridos,Grande,CATEGORIA D,No identificado,Revisar,Revisar,Sin coincidencia,CANTERA SAN MIGUEL,CANTERA SAN MIGUEL,ARENA SILICEA,VALIDADO,-73.039461,-36.758626,0.262,5.15,POL_590,sin_clasificar
591,269.0,EXTRACCION ARIDOS SECTOR BOCA SUR INGEMAC-SPP,INGENIERIA MAQUINARIAS Y CONSTRUCCIONES INGEMAC LIMITADA,REGIÓN DEL BIOBÍO,SAN PEDRO DE LA PAZ,Áridos,Extracción de áridos,Mediana,CATEGORIA C,No identificado,Posible,Coincide,Sin coincidencia,PLANTA CENTRO DEMOSTRATIVO,MODULO PENCO,ITRIO,VALIDADO,-73.1457,-36.8228,0.071,5.326,POL_591,sin_clasificar
592,101.0,EXTRACCION DE ARENAS DEL RIO BIO BIO - INCHILE,EMPRESA DE INVERSIONES Y URBANIZACIONES CHILENAS LTDA,REGIÓN DEL BIOBÍO,SAN PEDRO DE LA PAZ,Áridos,Extracción de áridos,Pequeña,CATEGORIA C,No identificado,Revisar,Revisar,Sin coincidencia,PLANTA CENTRO DEMOSTRATIVO,MODULO PENCO,ITRIO,VALIDADO,-73.122408,-36.824241,0.294,5.069,POL_592,sin_clasificar
593,167.0,CANTERA FUNDO EL PELLÍN ÁRIDOS LEON ZAVALA,INVERSIONES LEON ZAVALA LIMITADA,REGIÓN DEL BIOBÍO,PENCO,Áridos,Cantera,Mediana,CATEGORIA D,No identificado,Revisar,Revisar,Sin coincidencia,EXPLORACIONES BIOLANTANIDOS,EXPLORACIONES BIOLANTANIDOS,ITRIO,VALIDADO,-73.095652,-36.85745145,23.005,2.583,POL_593,sin_clasificar
594,454.0,EXTRACCION ARIDOS FORESTAL CRECEX- SECTOR LAS NIEVES,CMPC PULP S.P.A.,REGIÓN DEL BIOBÍO,NACIMIENTO,Áridos,Extracción de áridos,Grande,CATEGORIA C,No identificado,Revisar,Revisar,Sin coincidencia,FORESTAL,RAJO,OXIDOS DE COBRE,VALIDADO,-72.642731,-37.531751,0.477,952.449,POL_594,sin_clasificar
595,140.0,EXTRACCION DE ARIDOS FUNDO LANDA,ARIDOS MADESAL SPA,REGIÓN DEL BIOBÍO,PENCO,Áridos,Extracción de áridos,Grande,CATEGORIA C,No identificado,Revisar,Revisar,Sin coincidencia,EXPLORACION RIO LIA,EXPLORACION RIO LIA,ITRIO,VALIDADO,-73.0032,-36.7613,0.135,2.69,POL_595,sin_clasificar
596,657.0,EXTRACCION Y PROCESAMIENTO DE ARIDOS DESDE POZO LASTRERO SECTOR MUNILQUE,ARIDOS PETREOS NPSH SPA,REGIÓN DEL BIOBÍO,MULCHEN,Áridos,Extracción de áridos,No informado,CATEGORIA D,No identificado,Revisar,Revisar,Sin coincidencia,LAVADERO DE ORO DANYKA 7,PLANTA DE PROCESAMIENTO,ORO METÁLICO O NATIVO,VALIDADO,-72.260918,-37.71129,22.558,1748.854,POL_596,sin_clasificar
597,428.0,EXTRACCION MECANIZADA DE ARIDOS FUNDO NIHUINCO,FORESTAL MININCO SPA,REGIÓN DEL BIOBÍO,MULCHEN,Áridos,Extracción de áridos,Grande,CATEGORIA A,No identificado,Revisar,Coincide,Sin coincidencia,SIT  SA,PLANTA MECANIZADA,CALICHE (NITRATOS),VALIDADO,-72.099793,-37.739776,0.084,1740.423,POL_597,sin_clasificar
598,428.0,EXTRACCION ARIDOS FUNDO SAN JOSE ORIENTE,FORESTAL MININCO SPA,REGIÓN DEL BIOBÍO,MULCHEN,Áridos,Extracción de áridos,Grande,CATEGORIA D,No identificado,Revisar,Coincide,Sin coincidencia,ORIENTE,BOTADERO 2,COBRE - ORO - PLATA,VALIDADO,-72.224788,-37.88829,0.0,1082.777,POL_598,sin_clasificar
599,156.0,EXTRACCION DE ARIDOS FUNDO SANTA ROSA DE HIDROMAQ,HYDROMAQ RENTAL EIRL,REGIÓN DE LA ARAUCANÍA,COLLIPULLI,Áridos,Extracción de áridos,Mediana,CATEGORIA D,No identificado,Revisar,Revisar,Sin coincidencia,FAENA LA ROSA,MINA LA ROSA 1 AL 20 (RAJO),OXIDOS DE COBRE,VALIDADO,-72.437701,-37.77549,1.555,908.376,POL_599,sin_clasificar
600,288.0,PLANTA ARIDOS SERVITERRA SECTOR HUEPIL,SERVICIOS MECANIZADOS SERVITERRA LIMITADA /SOCIEDAD ARIDOS Y ASFALTOS SERVITERRA,REGIÓN DEL BIOBÍO,TUCAPEL,Áridos,Planta / procesamiento,Grande,,No identificado,Revisar,Coincide,Sin coincidencia,,,,VALIDADO,-71.978275,-37.275788,0.0,,POL_600,sin_clasificar
601,534.0,EXTRACCION MECANIZADA ARIDOS EL PEDREGAL,ARENEX S.A.,REGIÓN DEL BIOBÍO,QUILLECO,Áridos,Extracción de áridos,Grande,CATEGORIA A,No identificado,Revisar,Revisar,Sin coincidencia,SIT  SA,PLANTA MECANIZADA,CALICHE (NITRATOS),VALIDADO,-71.86183,-37.436087,16.919,1691.535,POL_601,sin_clasificar
602,487.0,CANTERA POZO CRUZ DE PIEDRA,SACYR CHILE S.A./CONSTRUCTORA RIVERA LIMITADA,REGIÓN DEL BIOBÍO,TUCAPEL,Áridos,Cantera,Grande,CATEGORIA D,No identificado,Revisar,Revisar,Sin coincidencia,MINA LA CRUZ,MINA LA CRUZ,CUARZO AURÍFERO,VALIDADO,-72.0181605,-37.230523,1.281,335.527,POL_602,sin_clasificar
603,658.0,EXTRACCION DE ARIDOS SECTOR EL LABRADOR,SOC. CONSECIONARIA RUTA NAHUELBUTA S.A.,REGIÓN DE LA ARAUCANÍA,RENAICO,Áridos,Extracción de áridos,No informado,CATEGORIA D,No identificado,Revisar,Revisar,Sin coincidencia,LABRADOR II 1 AL 173,POLVORIN,OXIDOS DE COBRE,VALIDADO,-72.5892062,-37.6936603,2.784,1785.073,POL_603,sin_clasificar
604,659.0,EXTRACCION DE ARIDOS INVERSIONES PIEDRAS NEGRAS,INVERSIONES PIEDRAS NEGRAS LTDA,REGIÓN DE LA ARAUCANÍA,RENAICO,Áridos,Extracción de áridos,No informado,CATEGORIA D,No identificado,Revisar,Revisar,Sin coincidencia,EXPLOTACIÓN MINA LAS PIEDRAS DEL 1 AL 20,LAS PIEDRAS DEL 1 AL 20,ARENA SILICEA,VALIDADO,-72.47626916,-37.70693022,0.229,490.217,POL_604,sin_clasificar
605,133.0,POZO LASTRERO EL TRANQUE,TRANSPORTES MONACO LIMITADA,REGIÓN DE LA ARAUCANÍA,ANGOL,Áridos,Relaves,Mediana,CATEGORIA C,No identificado,Revisar,Coincide,Sin coincidencia,FAENA LA VENTOLERA,TRANQUE 3,ORO - PLATA,VALIDADO,-72.69655032,-37.83285491,0.0,772.442,POL_605,sin_clasificar
606,660.0,PLANTA DE ARIDOS SIERRA NEVADA DE ANGOL,S/I,REGIÓN DE LA ARAUCANÍA,ANGOL,Áridos,Planta / procesamiento,No informado,CATEGORIA D,No identificado,Revisar,Coincide,Sin coincidencia,NEVADA I 1 AL 6,NEVADA I 1 AL 6,COBRE - ORO,VALIDADO,-72.695376,-37.827702,0.0,1248.179,POL_606,sin_clasificar
607,661.0,ARIDOS LOTEO VALLE DE SAN JUAN ANGOL,S/I,REGIÓN DE LA ARAUCANÍA,ANGOL,Áridos,Extracción de áridos,No informado,CATEGORIA D,No identificado,Revisar,Coincide,Sin coincidencia,VALLE 11,MINA VALLE 11,SULFUROS Y ÓXIDOS DE COBRE,VALIDADO,-72.682201,-37.82815,0.0,742.181,POL_607,sin_clasificar
608,662.0,MINERA NO METÁLICA ÁRIDOS EN PARCELA PANGUECO SECTOR CHACAICO,HERNAN ROA POBLETE,REGIÓN DE LA ARAUCANÍA,ANGOL,Áridos,Extracción de áridos,Micro,CATEGORIA D,No identificado,Revisar,Revisar,Sin coincidencia,EXPLORACIÓN NO METÁLICA ORCOMA,II EXPLORACIÓN NO METÁLICA ORCOMA,CALICHE (NITRATOS),VALIDADO,-72.69636,-37.807901,6.976,2001.526,POL_608,sin_clasificar
609,663.0,EXTRACCION Y PROCESAMIENTO DE ARIDOS SAN JOSE DE CANCURA,TRANSPORTES MONACO LIMITADA,REGIÓN DE LA ARAUCANÍA,ANGOL,Áridos,Extracción de áridos,No informado,CATEGORIA D,No identificado,Revisar,Revisar,Sin coincidencia,PLANTA EL ARENAL,PLANTA DE PROCESAMIENTO,COBRE - ORO - PLATA,VALIDADO,-72.6346626,-37.85473938,0.261,601.586,POL_609,sin_clasificar
610,664.0,POZO DE ARIDOS TROMEN,S/I,REGIÓN DE LA ARAUCANÍA,ANGOL,Áridos,Extracción de áridos,No informado,,No identificado,Revisar,Coincide,Sin coincidencia,,,,VALIDADO,-72.584431,-37.874859,0.0,,POL_610,sin_clasificar
611,665.0,POZO DE ARIDOS FERRETI,S/I,REGIÓN DE LA ARAUCANÍA,ANGOL,Áridos,Extracción de áridos,No informado,,No identificado,Revisar,Coincide,Sin coincidencia,,,,VALIDADO,-72.584532,-37.881854,0.0,,POL_611,sin_clasificar
612,666.0,EXTRACCION ARIDOS POZO LOS SAUCES,VIVIAN ORIELA VASQUEZ NAVARRETE,REGIÓN DE LA ARAUCANÍA,LOS SAUCES,Áridos,Extracción de áridos,Micro,CATEGORIA D,No identificado,Posible,Coincide,Sin coincidencia,MINA LONCOYAN SEGUNDA 1/12,MINA LONCOYAN SEGUNDA 1/12,ARCILLA PLASTICA,VALIDADO,-72.89297554,-37.97703741,0.0,12.962,POL_612,sin_clasificar
613,667.0,EXTRACCION Y PROCESAMIENTO DE ARIDOS POZO EL SAUCE,S/I,REGIÓN DE LA ARAUCANÍA,LOS SAUCES,Áridos,Extracción de áridos,No informado,CATEGORIA D,No identificado,Revisar,Revisar,Sin coincidencia,MINA LONCOYAN SEGUNDA 1/12,MINA LONCOYAN SEGUNDA 1/12,ARCILLA PLASTICA,VALIDADO,-72.88027221,-37.97263079,0.487,13.836,POL_613,sin_clasificar
614,142.0,EXTRACCION ARIDOS CHUFQUEN TRAIGUEN,ARIDOS PASO MALO LIMITADA,REGIÓN DE LA ARAUCANÍA,TRAIGUEN,Áridos,Extracción de áridos,No informado,,No identificado,Revisar,Coincide,Sin coincidencia,,,,VALIDADO,-72.70485482,-38.32448583,0.0,,POL_614,sin_clasificar
615,668.0,ARIDOS FELIX MOLINA CURACAUTIN,FELIX HAROLD MOLINA BURGOS,REGIÓN DE LA ARAUCANÍA,CUARACAUTIN,Áridos,Extracción de áridos,No informado,CATEGORIA C,No identificado,Revisar,Coincide,Sin coincidencia,FELIX 1/10,CAMPAMENTO,SULFUROS DE COBRE,VALIDADO,-71.833141,-38.522885,0.0,1067.382,POL_615,sin_clasificar
616,669.0,EXTRACCION DE ARIDOS CAÑON DEL BLANCO,S/I,REGIÓN DE LA ARAUCANÍA,CURACAUTIN,Áridos,Extracción de áridos,No informado,CATEGORIA D,No identificado,Revisar,Coincide,Sin coincidencia,PROYECTO BLANCO,EXPLOTACIÓN SUBTERRÁNEA BLANCO,COBRE - PLATA,VALIDADO,-71.753725,-38.54,0.0,660.388,POL_616,sin_clasificar
617,670.0,EXTRACCION DE ARIDOS SECTOR PUNTA NEGRA,S/I,REGIÓN DE LA ARAUCANÍA,LONQUIMAY,Áridos,Extracción de áridos,No informado,CATEGORIA D,No identificado,Revisar,Revisar,Sin coincidencia,MINA LA NEGRA,MINA LA NEGRA,SULFURO AURÍFERO,VALIDADO,-71.424234,-38.546255,0.808,497.859,POL_617,sin_clasificar
618,671.0,EXTRACCION DE ARIDOS CUESTA PIEDRAS BLANCAS,ANTONIO CIUFFARDI CHIESA,REGIÓN DE LA ARAUCANÍA,LONQUIMAY,Áridos,Extracción de áridos,No informado,CATEGORIA C,No identificado,Revisar,Revisar,Sin coincidencia,LA CUESTA,BOTADERO 1,SULFUROS Y ÓXIDOS DE COBRE,VALIDADO,-71.023054,-38.646913,0.744,1077.721,POL_618,sin_clasificar
619,672.0,ARIDOS LUIS RUBILAR,LUIS RUBILAR ALBORNOZ,REGIÓN DE LA ARAUCANÍA,PERQUENCO,Áridos,Extracción de áridos,No informado,CATEGORIA D,No identificado,Revisar,Coincide,Sin coincidencia,MINERA LA MARGARITA,BOTADERO DE ESTERIL,COBRE - ORO - PLATA,VALIDADO,-72.322237,-38.472324,0.0,780.386,POL_619,sin_clasificar
620,498.0,POZO LA CANTERA RIO CAUTIN LAUTARO,FERROVIAL CONSTRUCCION CHILE S.A.,REGIÓN DE LA ARAUCANÍA,LAUTARO,Áridos,Cantera,Grande,CATEGORIA A,No identificado,Revisar,Revisar,Sin coincidencia,CASERONES,CANTERA 4,SULFUROS Y ÓXIDOS DE COBRE,VALIDADO,-72.445995,-38.579505,0.101,1186.056,POL_620,sin_clasificar
621,673.0,EXTRACCION MECANIZADA DE ARIDOS GALLARDO,ARIDOS GALLARDO SPA,REGIÓN DE LA ARAUCANÍA,LAUTARO,Áridos,Extracción de áridos,No informado,CATEGORIA A,No identificado,Revisar,Revisar,Sin coincidencia,SIT  SA,PLANTA MECANIZADA,CALICHE (NITRATOS),VALIDADO,-72.44183721,-38.552597,1.837,1835.907,POL_621,sin_clasificar
622,674.0,EXTRACCION DE ARIDOS MACOGA SECTOR SANTA INES KM 3,ARIDOS MACOGA SPA,REGIÓN DE LA ARAUCANÍA,LAUTARO,Áridos,Extracción de áridos,No informado,CATEGORIA D,No identificado,Revisar,Coincide,Sin coincidencia,INES 1 AL 3,POLVORIN,ORO - COBRE,VALIDADO,-72.4386707,-38.56187664,0.0,1067.698,POL_622,sin_clasificar
623,675.0,ARIDOS NUEVA ERA LAUTARO,S/I,REGIÓN DE LA ARAUCANÍA,LAUTARO,Áridos,Extracción de áridos,No informado,CATEGORIA D,No identificado,Revisar,Coincide,Sin coincidencia,MINA LA NUEVA DEL 1 AL 15,MINA LA NUEVA DEL 1 AL 15,COBRE - ORO - HIERRO,VALIDADO,-72.415533,-38.519449,0.0,646.388,POL_623,sin_clasificar
624,676.0,ARIDOS LLAIMA INGENIERIAS LAUTARO,S/I,REGIÓN DE LA ARAUCANÍA,LAUTARO,Áridos,Extracción de áridos,No informado,CATEGORIA D,No identificado,Revisar,Coincide,Sin coincidencia,LAUTARO 1 AL 5,MINA LAUTARO,OXIDOS DE COBRE,VALIDADO,-72.436753,-38.611823,0.0,962.286,POL_624,sin_clasificar
625,46.0,EXTRACCION DE ARIDOS RIO CAUTIN-CANTERA LAUTARO,ARIDOS Y CONSTRUCTORA SAN VICENTE LIMITADA,REGIÓN DE LA ARAUCANÍA,LAUTARO,Áridos,Cantera,Mediana,CATEGORIA C,No identificado,Revisar,Revisar,Sin coincidencia,FAENA RIO 27,MINA RIO 27,SULFUROS DE COBRE,VALIDADO,-72.44011009,-38.58242407,2.245,799.907,POL_625,sin_clasificar
626,179.0,ARIDOS URBANOS SPA,ASESORIA Y CONSULTORA CONTROL URBANO SPA,REGIÓN DE LA ARAUCANÍA,LAUTARO,Áridos,Extracción de áridos,No informado,CATEGORIA D,No identificado,Revisar,Coincide,Sin coincidencia,FAENA CAIVICO,MINA CAIVICO,CALIZA,VALIDADO,-72.445489,-38.650957,0.022,25.702,POL_626,sin_clasificar
627,2.0,ARIDOS MAQUEHUE,SOCIEDAD DE TRANSPORTE Y ARIDOS MAQUEHUE LTDA.,REGIÓN DE LA ARAUCANÍA,PADRE DE LAS CASAS,Áridos,Extracción de áridos,Mediana,,No identificado,Revisar,Coincide,Sin coincidencia,,,,VALIDADO,-72.658869,-38.763904,0.0,,POL_627,sin_clasificar
628,446.0,EXTRACCION DE ARIDOS RIO CAUTIN SECTOR RENGALIL,EMPRESA CONSTRUCTORA COSAL S.A.,REGIÓN DE LA ARAUCANÍA,TEMUCO,Áridos,Extracción de áridos,Grande,CATEGORIA C,No identificado,Revisar,Coincide,Sin coincidencia,FAENA RIO 27,MINA RIO 27,SULFUROS DE COBRE,VALIDADO,-72.773853,-38.776324,0.0,824.706,POL_628,sin_clasificar
629,498.0,ARIDOS RIO CAUTIN POZO NILQUILCO,FERROVIAL CONSTRUCCION CHILE S.A.,REGIÓN DE LA ARAUCANÍA,PADRE DE LAS CASAS,Áridos,Extracción de áridos,Grande,CATEGORIA D,No identificado,Revisar,Revisar,Sin coincidencia,RIO 27,EXPLORACION RIO 27,COBRE - ORO - PLATA,VALIDADO,-72.71847728,-38.77085946,0.121,822.411,POL_629,sin_clasificar
630,349.0,EXTRACCION DE ARIDOS LA FRONTERA,MAQUINARIAS LA FRONTERA SPA,REGIÓN DE LA ARAUCANÍA,TEMUCO,Áridos,Extracción de áridos,Mediana,CATEGORIA D,No identificado,Revisar,Revisar,Sin coincidencia,"MINA FRONTERA MINA ESCONDIDA 5 AL 10,PERTENENCIA 8",MINA SUBTERRANEA,OXIDOS DE COBRE,VALIDADO,-72.68546446,-38.7699483,1.256,1627.717,POL_630,sin_clasificar
631,354.0,EXTRACCION DE ARIDOS OÑATE,CONSTRUCTORA EDGARDO ONATE VELOSO Y COMPANIA LIMITADA,REGIÓN DE LA ARAUCANÍA,PADRE DE LAS CASAS,Áridos,Extracción de áridos,Mediana,CATEGORIA D,No identificado,Revisar,Revisar,Sin coincidencia,LAVADERO DE ORO PUREO,LAVADERO DE ORO PUREO,ORO METÁLICO O NATIVO,VALIDADO,-72.638395,-39.277461,56.425,71.232,POL_631,sin_clasificar
632,677.0,POZO DE ARIDOS MIRTA FUTALEF-PITRUFQUEN,S/I,REGIÓN DE LA ARAUCANÍA,PITRUFQUEN,Áridos,Extracción de áridos,No informado,CATEGORIA D,No identificado,Revisar,Coincide,Sin coincidencia,SUC. MIRTA ROJAS MUNIZAGA - PLANTA MIRAFLORES,MIRAFLORES 1,SULFUROS Y ÓXIDOS DE COBRE,VALIDADO,-72.593538,-39.019082,0.008,981.314,POL_632,sin_clasificar
633,178.0,EXTRACCION DE ARIDOS TERRANOVA LTDA.,TRANSPORTES TERRANOVA LIMITADA,REGIÓN DE LA ARAUCANÍA,PITRUFQUEN,Áridos,Extracción de áridos,Pequeña,CATEGORIA D,No identificado,Revisar,Revisar,Sin coincidencia,FENIX,FENIX,COBRE - ORO,VALIDADO,-72.64050119,-39.0197475,4.28,1005.937,POL_633,sin_clasificar
634,678.0,POZO LASTRERO LOS GALPONES (POZO POLANCO) DE PITRUFQUEN,S/I,REGIÓN DE LA ARAUCANÍA,PITRUFQUEN,Áridos,Extracción de áridos,No informado,CATEGORIA D,No identificado,Posible,Coincide,Sin coincidencia,MINA DANIEL,MINA DANIEL,ORO METÁLICO O NATIVO,VALIDADO,-72.836503,-39.068374,0.0,15.146,POL_634,sin_clasificar
635,350.0,POZO LASTRE ARIMIX,SOC. EXPLORADORA DE ARIDOS ARIMIX LTDA.,REGIÓN DE LA ARAUCANÍA,VILLARRICA,Áridos,Instalación minera,Mediana,CATEGORIA A,No identificado,Revisar,Coincide,Sin coincidencia,EL ABRA,BOTADERO LASTRE 2,OXIDOS DE COBRE,VALIDADO,-72.279167,-39.245247,0.0,1948.585,POL_635,sin_clasificar
636,679.0,ARIDOS GLADYS LIEMPI,S/I,REGIÓN DE LA ARAUCANÍA,VILLARRICA,Áridos,Extracción de áridos,No informado,CATEGORIA D,No identificado,Revisar,Coincide,Sin coincidencia,MINA GLADYS,MINA GLADYS,OXIDOS DE COBRE,VALIDADO,-72.27156,-39.242736,0.0,797.098,POL_636,sin_clasificar
637,350.0,EXTRACCION DE ARIDOS ARIMIX SECTOR PUTUE BAJO,SOC. EXPLORADORA DE ARIDOS ARIMIX LTDA.,REGIÓN DE LA ARAUCANÍA,VILLARRICA,Áridos,Extracción de áridos,Mediana,CATEGORIA D,No identificado,Revisar,Coincide,Sin coincidencia,MINA LOPHAN BAJO,MINA LOPHAN BAJO,SULFUROS DE COBRE,VALIDADO,-72.263409,-39.264652,0.0,688.815,POL_637,sin_clasificar
638,680.0,EXTRACCION DE ARIDOS POZO ÑANCUPAN,ERNA ÑANCUPAN PRANAO,REGIÓN DE LA ARAUCANÍA,VILLARRICA,Áridos,Extracción de áridos,No informado,,No identificado,Revisar,Coincide,Sin coincidencia,,,,VALIDADO,-72.285217,-39.268316,0.0,,POL_638,sin_clasificar
639,681.0,EXTRACCION DE ARIDOS POZO ISRAEL,GLORIA BRAVO PINEDA,REGIÓN DE LA ARAUCANÍA,VILLARRICA,Áridos,Extracción de áridos,No informado,CATEGORIA D,No identificado,Revisar,Coincide,Sin coincidencia,ISRAEL ANTONIO,MINA ISRAEL ANTONIO 2,SULFURO AURÍFERO,VALIDADO,-72.290427,-39.258519,0.0,942.022,POL_639,sin_clasificar
640,682.0,POZO DE ARIDOS HUINCACARA,S/I,REGIÓN DE LA ARAUCANÍA,VILLARRICA,Áridos,Extracción de áridos,No informado,,No identificado,Revisar,Coincide,Sin coincidencia,,,,VALIDADO,-72.150511,-39.364569,0.0,,POL_640,sin_clasificar
641,35.0,POZO PUTÚE MUNICIPALIDAD VILLARRICA,ILUSTRE MUNICIPALIDAD DE VILLARRICA,REGIÓN DE LA ARAUCANÍA,VILLARRICA,Áridos,Instalación minera,Pequeña,CATEGORIA D,No identificado,Revisar,Revisar,Sin coincidencia,VILLARRICA,EXPLORACION Y PROSPECCION VILLARRICA,COBRE - ORO - PLATA,VALIDADO,-72.2278976,-39.2856903,3.74,1067.602,POL_641,sin_clasificar
642,309.0,ARIDO LONCOCHE,AGRICOLA CRAN CHILE LIMITADA,REGIÓN DE LA ARAUCANÍA,LONCOCHE,Áridos,Instalación minera,Grande,CATEGORIA D,No identificado,Posible,Coincide,Sin coincidencia,PLACER AURIFERO HUEIMA,PROYECTO DE EXPLOTACIÓN HUEIMA,ORO METÁLICO O NATIVO,VALIDADO,-72.632408,-39.385252,0.0,14.783,POL_642,sin_clasificar
643,683.0,EXTRACCION ARIDOS FUNDO TORREON LONCOCHE,MARIA ELENA BUSTOS DEL PRADO,REGIÓN DE LA ARAUCANÍA,LONCOCHE,Áridos,Extracción de áridos,No informado,CATEGORIA D,No identificado,Revisar,Revisar,Sin coincidencia,PLACER AURIFERO HUEIMA,PROYECTO DE EXPLOTACIÓN HUEIMA,ORO METÁLICO O NATIVO,VALIDADO,-72.52637,-39.38165,0.225,19.884,POL_643,sin_clasificar
644,684.0,AUMENTO DE EXTRACCION Y PROCESAMIENTO POZO EL VALLE,S/I,REGIÓN DE LA ARAUCANÍA,LONCOCHE,Áridos,Instalación minera,No informado,CATEGORIA D,No identificado,Revisar,Revisar,Sin coincidencia,PLACER AURIFERO HUEIMA,PROYECTO DE EXPLOTACIÓN HUEIMA,ORO METÁLICO O NATIVO,VALIDADO,-72.59616553,-39.38921178,0.109,15.824,POL_644,sin_clasificar
645,431.0,EXTRACCION DE ARIDOS CERRO LA PIEDRA,BESALCO S.A.,REGIÓN DE LA ARAUCANÍA,TOLTÉN,Áridos,Extracción de áridos,Grande,CATEGORIA D,No identificado,Revisar,Revisar,Sin coincidencia,CERRO 32 DEL 1 AL 20,CERRO 32 1 AL 20,COBRE - ORO,VALIDADO,-73.156104,-39.235697,0.772,1470.762,POL_645,sin_clasificar
646,195.0,POZO ARIDOS ARIMATUS (CURARREHUE),ARIDOS Y HORMIGONES ARIMATUS LTDA,REGIÓN DE LA ARAUCANÍA,CURARREHUE,Áridos,Extracción de áridos,No informado,,No identificado,Revisar,Coincide,Sin coincidencia,,,,VALIDADO,-71.608271,-39.349542,0.0,,POL_646,sin_clasificar
647,685.0,ARIDOS NAVARRO SECTOR BAJO ALLIPEN,JUAN EDGARDO NAVARRO VELASQUEZ,REGIÓN DE LA ARAUCANÍA,CUNCO,Áridos,Extracción de áridos,No informado,CATEGORIA D,No identificado,Revisar,Coincide,Sin coincidencia,NAVARRO,CAMPAMENTO,OXIDOS DE COBRE,VALIDADO,-72.041309,-38.96429,0.0,1601.892,POL_647,sin_clasificar
648,4.0,PROCESO DE SECADO DE MINERAL,EXPLOTACION Y COMPRAVENTA DE MINERALES,REGIÓN DE LA ARAUCANÍA,CUNCO,Carbonato de Calcio,Instalación minera,No informado,CATEGORIA D,No identificado,Posible,Coincide,Posible,FAENA CAIVICO,MINA CAIVICO,CALIZA,VALIDADO,-72.244703,-38.82544,0.0,0.09,POL_648,sin_clasificar
649,686.0,ARIDOS CAIVICO,S/I,REGIÓN DE LA ARAUCANÍA,CUNCO,Áridos,Extracción de áridos,No informado,CATEGORIA D,No identificado,Revisar,Revisar,Sin coincidencia,FAENA CAIVICO,MINA CAIVICO,CALIZA,VALIDADO,-71.991711,-38.976914,0.825,26.426,POL_649,sin_clasificar
650,173.0,EXTRACCION DE ARIDOS RUCOL,CONSTRUCTORA RUCOL LIMITADA,REGIÓN DE LA ARAUCANÍA,PADRE DE LAS CASAS,Áridos,Extracción de áridos,Pequeña,,No identificado,Revisar,Revisar,Sin coincidencia,,,,VALIDADO,-72.7206647,-38.760029,1.297,,POL_650,sin_clasificar
651,497.0,ARIDOS READY MIX,FERROVIAL CONSTRUCCION CHILE S.A.,REGIÓN DE LOS RÍOS,LANCO,Áridos,Extracción de áridos,Grande,CATEGORIA D,No identificado,Posible,Coincide,Sin coincidencia,PLACER AURIFERO HUEIMA,PROYECTO DE EXPLOTACIÓN HUEIMA,ORO METÁLICO O NATIVO,VALIDADO,-72.808672,-39.469305,0.065,10.53,POL_651,sin_clasificar
652,687.0,ARIDOS IMULFUDI,S/I,REGIÓN DE LOS RÍOS,LANCO,Áridos,Extracción de áridos,No informado,CATEGORIA D,No identificado,Posible,Coincide,Sin coincidencia,PLACER AURIFERO HUEIMA,PROYECTO DE EXPLOTACIÓN HUEIMA,ORO METÁLICO O NATIVO,VALIDADO,-72.810795,-39.472615,0.0,9.945,POL_652,sin_clasificar
653,196.0,PUMILLAHUE,COMPAÑIA MINERA PUMILLAHUE,REGIÓN DE LOS RÍOS,SAN JOSE DE MARIQUINA,Oro,Instalación minera,No informado,CATEGORIA D,No identificado,Posible,Revisar,Confirmado,FAENAS DE PROSPECCION MINERA PUMILLAHUE S.A.,FAENAS DE PROSPECCION,ORO METÁLICO O NATIVO,VALIDADO,-72.762729,-39.612541,0.238,0.579,POL_653,sin_clasificar
654,391.0,ARIDOS CIRUELOS,SOCIEDAD DE DESARROLLO URBANO VALDIVIA LTDA.,REGIÓN DE LOS RÍOS,SAN JOSE DE MARIQUINA,Áridos,Extracción de áridos,Mediana,CATEGORIA D,No identificado,Posible,Coincide,Sin coincidencia,POLO 1-6,ACOPIO,ORO METÁLICO O NATIVO,VALIDADO,-72.854794,-39.538195,0.0,7.686,POL_654,sin_clasificar
655,71.0,ARIDOS CIRUELOS 2,SOCIEDAD DE INVERSIONES PILOTRARO LTDA.,REGIÓN DE LOS RÍOS,SAN JOSE DE MARIQUINA,Áridos,Extracción de áridos,Pequeña,CATEGORIA D,No identificado,Posible,Coincide,Sin coincidencia,POLO 1-6,ACOPIO,ORO METÁLICO O NATIVO,VALIDADO,-72.894801,-39.538432,0.006,7.11,POL_655,sin_clasificar
656,322.0,ARIDOS LAS CAMELIAS,AGRICOLA LOS ACACIOS LTDA,REGIÓN DE LOS RÍOS,SAN JOSE DE MARIQUINA,Áridos,Extracción de áridos,No informado,CATEGORIA D,No identificado,Posible,Coincide,Sin coincidencia,MINA PORVENIR,CAMPAMENTO,ORO METÁLICO O NATIVO,VALIDADO,-72.93157,-39.537633,0.019,5.811,POL_656,sin_clasificar
657,461.0,ARIDOS EL PASTOR,FORESTAL ARAUCO S.A.,REGIÓN DE LOS RÍOS,LOS LAGOS,Áridos,Extracción de áridos,No informado,CATEGORIA D,No identificado,Revisar,Revisar,Sin coincidencia,LOS MAITENES,LOS MAITENES,ORO METÁLICO O NATIVO,VALIDADO,-72.704075,-39.767558,0.246,5.891,POL_657,sin_clasificar
658,688.0,ARIDOS PANCUL,ARIDOS MATERRA SPA,REGIÓN DE LOS RÍOS,LOS LAGOS,Áridos,Extracción de áridos,No informado,CATEGORIA D,No identificado,Revisar,Revisar,Sin coincidencia,LOS MAITENES,LOS MAITENES,ORO METÁLICO O NATIVO,VALIDADO,-72.85,-39.81,0.929,14.381,POL_658,sin_clasificar
659,327.0,ARIDOS PAILLACO 2,MELON ARIDOS LIMITADA,REGIÓN DE LOS RÍOS,PAILLACO,Áridos,Extracción de áridos,Grande,,No identificado,Revisar,Coincide,Sin coincidencia,,,,VALIDADO,-72.82727,-40.096471,0.0,,POL_659,sin_clasificar
660,490.0,EXPLOTACION DE ARIDOS,INMOBILIARIA SOCOVESA SUR S.A.,REGIÓN DE LOS RÍOS,PAILLACO,Áridos,Extracción de áridos,Grande,,No identificado,Revisar,Coincide,Sin coincidencia,,,,VALIDADO,-72.808899,-40.101268,0.087,,POL_660,sin_clasificar
661,689.0,ARIDOS PAILLACO,EDGAR WALTER HADIDA SCHMID,REGIÓN DE LOS RÍOS,PAILLACO,Áridos,Extracción de áridos,Mediana,,No identificado,Revisar,Coincide,Sin coincidencia,,,,VALIDADO,-72.892796,-40.060701,0.038,,POL_661,sin_clasificar
662,308.0,ARIDOS ESPERANZA,AGRICOLA CRAN CHILE LIMITADA,REGIÓN DE LOS RÍOS,PAILLACO,Áridos,Extracción de áridos,Grande,CATEGORIA D,No identificado,Revisar,Coincide,Sin coincidencia,LA ANTO 1 AL 50,CANCHA DE ACOPIO,ORO METÁLICO O NATIVO,VALIDADO,-72.910088,-40.066848,0.0,29.452,POL_662,sin_clasificar
663,690.0,MACA SERVICIOS,PATRICIO CARRASCO SCHLEFF Y COMPAÑIA LTDA.,REGIÓN DE LOS RÍOS,LA UNION,Áridos,Instalación minera,No informado,CATEGORIA D,No identificado,Revisar,Coincide,Sin coincidencia,MINA VALENTINA,MINA VALENTINA,COBRE - PLATA,VALIDADO,-73.00533803,-40.32007161,0.0,902.944,POL_663,sin_clasificar
664,691.0,ÁRIDOS ANCUD,S/I,REGIÓN DE LOS RÍOS,LA UNION,Áridos,Extracción de áridos,No informado,,No identificado,Revisar,Coincide,Sin coincidencia,,,,VALIDADO,-72.94766,-40.289972,0.0,,POL_664,sin_clasificar
665,692.0,AUMENTO DE EXTRACCION Y PROCESAMIENTO POZO VEGA TERCERA,FORESTAL ARAUCO S.A.,REGIÓN DE LOS RÍOS,LA UNION,Áridos,Instalación minera,No informado,CATEGORIA D,No identificado,Revisar,Coincide,Sin coincidencia,LA TERCERA,MINA LA TERCERA 1 AL 10 PUNTO DOS,SULFUROS Y ÓXIDOS DE COBRE,VALIDADO,-73.01981064,-40.25239928,0.0,960.583,POL_665,sin_clasificar
666,148.0,ARIDOS POZO COLUMO,SERVICIOS DE TRANSPORTES Y ARIDOS VICAT LIMITADA,REGIÓN DE LOS RÍOS,LA UNION,Áridos,Extracción de áridos,Grande,,No identificado,Revisar,Coincide,Sin coincidencia,,,,VALIDADO,-72.756183,-40.263661,0.0,,POL_666,sin_clasificar
667,693.0,ARIDOS ARTURO PRAT,LIBORIO GUENTREPAN AVILA,REGIÓN DE LOS RÍOS,LAGO RANCO,Áridos,Extracción de áridos,No informado,CATEGORIA D,No identificado,Revisar,Coincide,Sin coincidencia,ARTURO,MINA ARTURO,ORO - COBRE,VALIDADO,-72.53076732,-40.33435666,0.044,1121.295,POL_667,sin_clasificar
668,172.0,ARIDOS VICAT POZO CACHILLAHUE,INVERSIONES CONSTRUCTORA Y GESTION INMOBILIARIA RIO BUENO SPA,REGIÓN DE LOS RÍOS,RIO BUENO,Áridos,Extracción de áridos,Pequeña,,No identificado,Revisar,Coincide,Sin coincidencia,,,,VALIDADO,-72.77968,-40.342278,0.034,,POL_668,sin_clasificar
669,694.0,ARIDOS MANTILHUE,ANTONIO HORACIO SWART SILVA,REGIÓN DE LOS RÍOS,RIO BUENO,Áridos,Extracción de áridos,Pequeña,,No identificado,Revisar,Coincide,Sin coincidencia,,,,VALIDADO,-72.4668907,-40.6215099,0.026,,POL_669,sin_clasificar
670,172.0,ARIDOS VICAT POZO NALCAHUE,INVERSIONES CONSTRUCTORA Y GESTION INMOBILIARIA RIO BUENO SPA,REGIÓN DE LOS RÍOS,RIO BUENO,Áridos,Extracción de áridos,Pequeña,,No identificado,Revisar,Coincide,Sin coincidencia,,,,VALIDADO,-72.833236,-40.300221,0.0,,POL_670,sin_clasificar
671,148.0,ARIDOS VICAT,SERVICIOS DE TRANSPORTES Y ARIDOS VICAT LIMITADA,REGIÓN DE LOS RÍOS,RIO BUENO,Áridos,Extracción de áridos,Grande,,No identificado,Revisar,Coincide,Sin coincidencia,,,,VALIDADO,-72.953091,-40.3387387,0.03,,POL_671,sin_clasificar
672,695.0,ARIDOS FREDY CARCAMO,CARCAMO PINOL FREDY MODESTO,REGIÓN DE LOS RÍOS,RIO BUENO,Áridos,Extracción de áridos,Micro,CATEGORIA D,No identificado,Revisar,Coincide,Sin coincidencia,CARCAMO,PLANTA CARCAMO,OXIDOS DE COBRE,VALIDADO,-72.635223,-40.607993,0.0,1005.899,POL_672,sin_clasificar
673,11.0,ARIDOS RUTA T-35,OBRASCON HUARTE LAIN S.A. (OHL S.A.),REGIÓN DE LOS RÍOS,VALDIVIA,Áridos,Extracción de áridos,Grande,CATEGORIA D,No identificado,Revisar,Revisar,Sin coincidencia,PLANTA DE GASIFICACION SUBT.  DE CARBON,PLANTA DE GASIFICACION SUBT. DE CARBON,CARBÓN,VALIDADO,-73.0068,-39.7922,0.49,6.826,POL_673,sin_clasificar
674,696.0,ARIDOS TRICAM ANTILHUE,S/I,REGIÓN DE LOS RÍOS,VALDIVIA,Áridos,Extracción de áridos,No informado,CATEGORIA D,No identificado,Revisar,Revisar,Sin coincidencia,PLANTA DE GASIFICACION SUBT.  DE CARBON,PLANTA DE GASIFICACION SUBT. DE CARBON,CARBÓN,VALIDADO,-73.2401845,-39.81752335,20.324,7.15,POL_674,sin_clasificar
675,697.0,ARIDOS GUAL,ARIDOS GUAL LTDA.,REGIÓN DE LOS RÍOS,MÁFIL,Áridos,Extracción de áridos,No informado,CATEGORIA D,No identificado,Revisar,Revisar,Sin coincidencia,PLANTA DE GASIFICACION SUBT.  DE CARBON,PLANTA DE GASIFICACION SUBT. DE CARBON,CARBÓN,VALIDADO,-72.94,-39.81,0.479,9.55,POL_675,sin_clasificar
676,698.0,MULPUN,MINERA MULPUN LIMITADA,REGIÓN DE LOS RÍOS,MÁFIL,Áridos,Instalación minera,No informado,CATEGORIA D,No identificado,Posible,Coincide,Sin coincidencia,PLANTA DE GASIFICACION SUBT.  DE CARBON,PLANTA DE GASIFICACION SUBT. DE CARBON,CARBÓN,VALIDADO,-72.970942,-39.733486,0.041,0.411,POL_676,sin_clasificar
677,391.0,ARIDOS VALDICOR,SOCIEDAD DE DESARROLLO URBANO VALDIVIA LTDA.,REGIÓN DE LOS RÍOS,VALDIVIA,Áridos,Extracción de áridos,Mediana,CATEGORIA D,Sí,Revisar,Revisar,Sin coincidencia,LA ANTO 1 AL 50,CANCHA DE ACOPIO,ORO METÁLICO O NATIVO,VALIDADO,-72.593974,-39.950417,54.779,23.032,POL_677,sin_clasificar
678,699.0,POZO FROHLICH,S/I,REGIÓN DE LOS LAGOS,SAN PABLO,Áridos,Instalación minera,No informado,,No identificado,Revisar,Revisar,Sin coincidencia,,,,VALIDADO,-72.912029,-40.439415,0.171,,POL_678,sin_clasificar
679,700.0,ARIDOS TRES FIORDOS,S/I,REGIÓN DE LOS LAGOS,SAN PABLO,Áridos,Extracción de áridos,No informado,CATEGORIA D,No identificado,Revisar,Coincide,Sin coincidencia,ROBLE 2B 1 AL 3,MM-TRES,OXIDOS DE COBRE,VALIDADO,-73.184065,-40.524759,0.0,1514.105,POL_679,sin_clasificar
680,701.0,POZO DE ARIDOS LOS CIERVOS,S/I,REGIÓN DE LOS LAGOS,SAN PABLO,Áridos,Extracción de áridos,No informado,,No identificado,Revisar,Coincide,Sin coincidencia,,,,VALIDADO,-73.196751,-40.52164,0.0,,POL_680,sin_clasificar
681,702.0,ARIDOS HADIDA,SOCIEDAD CONCESIONARIA DE LOS LAGOS S.A.,REGIÓN DE LOS LAGOS,OSORNO,Áridos,Extracción de áridos,Mediana,CATEGORIA D,No identificado,Revisar,Revisar,Sin coincidencia,CANTERA PUZOLANA RIO NEGRO I,CANTERA PUZOLANA RIO NEGRO I,ARENA SILICEA,VALIDADO,-73.086423,-40.611486,0.609,22.296,POL_681,sin_clasificar
682,12.0,EMPRESTITO LOS MELIES,DRAGADOS S.A. AGENCIA EN CHILE,REGIÓN DE LOS LAGOS,OSORNO,Áridos,Extracción de áridos,Grande,CATEGORIA C,No identificado,Revisar,Coincide,Sin coincidencia,LLANOS DE ARQUEROS,EMPRESTITO,SULFUROS Y ÓXIDOS DE COBRE,VALIDADO,-72.94982239,-40.60037856,0.0,1209.681,POL_682,sin_clasificar
683,491.0,CONSTRUCTORA SOCOVESA,INMOBILIARIA SOCOVESA SUR S.A.,REGIÓN DE LOS LAGOS,RIO NEGRO,Áridos,Instalación minera,Grande,CATEGORIA D,No identificado,Posible,Coincide,Sin coincidencia,CANTERA PUZOLANA RIO NEGRO I,OFICINA,ARENA SILICEA,VALIDADO,-73.08,-40.70006,0.0,13.717,POL_683,sin_clasificar
684,97.0,ARIDOS DOWLING & SCHILLING SECTOR EL ALMUD,ARIDOS DOWLING & SCHILLING S.A.,REGIÓN DE LOS LAGOS,RIO NEGRO,Áridos,Extracción de áridos,Mediana,CATEGORIA D,No identificado,Posible,Coincide,Sin coincidencia,CANTERA PUZOLANA RIO NEGRO I,OFICINA,ARENA SILICEA,VALIDADO,-73.107725,-40.682039,0.0,14.165,POL_684,sin_clasificar
685,97.0,AMPLIACION DE EXTRACCION DE ARIDOS EN EL RIO RAHUE SECTOR FUNDO EL ALMUD - SAN FLORENTINO,ARIDOS DOWLING & SCHILLING S.A.,REGIÓN DE LOS LAGOS,OSORNO,Áridos,Extracción de áridos,Mediana,CATEGORIA D,No identificado,Revisar,Revisar,Sin coincidencia,CANTERA PUZOLANA RIO NEGRO I,OFICINA,ARENA SILICEA,VALIDADO,-73.065275,-40.705557,1.038,14.307,POL_685,sin_clasificar
686,703.0,ARIDOS CAIPULLI,S/I,REGIÓN DE LOS LAGOS,RIO NEGRO,Áridos,Extracción de áridos,No informado,CATEGORIA D,No identificado,Posible,Coincide,Sin coincidencia,CANTERA PUZOLANA RIO NEGRO I,OFICINA,ARENA SILICEA,VALIDADO,-73.163855,-40.651986,0.0,15.653,POL_686,sin_clasificar
687,97.0,ARIDOS DOWLING & SCHILLING SECTOR CANCURA,ARIDOS DOWLING & SCHILLING S.A.,REGIÓN DE LOS LAGOS,OSORNO,Áridos,Extracción de áridos,Mediana,CATEGORIA D,No identificado,Posible,Coincide,Sin coincidencia,CANTERA PUZOLANA RIO NEGRO I,OFICINA,ARENA SILICEA,VALIDADO,-72.971834,-40.753033,0.0,18.158,POL_687,sin_clasificar
688,704.0,MINERA NO METÁLICA PROYECTO EXTRACCIÓN Y PROCESAMIENTO DE ÁRIDOS EMPRÉSTITO SCHILLING,SCHILLING VON FREEDEN ANDREA ROSEMAR,REGIÓN DE LOS LAGOS,PURRANQUE,Áridos,Extracción de áridos,Pequeña,CATEGORIA D,No identificado,Posible,Coincide,Sin coincidencia,CANTERA PUZOLANA RIO NEGRO I,OFICINA,ARENA SILICEA,VALIDADO,-73.27359381,-40.93459125,0.0,16.883,POL_688,sin_clasificar
689,705.0,AGRICOLA Y ARIDOS CANCURA,AGRICOLA Y ARIDOS CANCURA SPA,REGIÓN DE LOS LAGOS,PUERTO OCTAY,Áridos,Extracción de áridos,No informado,CATEGORIA D,No identificado,Revisar,Revisar,Sin coincidencia,CANTERA PUZOLANA RIO NEGRO I,OFICINA,ARENA SILICEA,VALIDADO,-72.750644,-40.949739,27.715,17.713,POL_689,sin_clasificar
690,706.0,ARIDOS MOVITEX PICHIDAMAS,S/I,REGIÓN DE LOS LAGOS,PUYEHUE,Áridos,Extracción de áridos,No informado,,No identificado,Revisar,Coincide,Sin coincidencia,,,,VALIDADO,-72.80155,-40.61729,0.0,,POL_690,sin_clasificar
691,421.0,AMPLIACION PLANTA EXTRACCION DE ARIDOS BROTEC,BROTEC CONSTRUCCION LIMITADA,REGIÓN DE LOS LAGOS,PUYEHUE,Áridos,Planta / procesamiento,Mediana,CATEGORIA D,No identificado,Revisar,Coincide,Sin coincidencia,MINA SOL NACIENTE,PROYECTO DE AMPLIACION DE BOTADERO N°1,SULFUROS DE COBRE,VALIDADO,-72.76234213,-40.6296001,0.0,1487.837,POL_691,sin_clasificar
692,707.0,ARIDOS MOVITEX CORRAL DEL SUR,CONSTRUCTORA MOVITEX CONSTRUCCION SPA,REGIÓN DE LOS LAGOS,PUYEHUE,Áridos,Extracción de áridos,No informado,CATEGORIA D,No identificado,Revisar,Coincide,Sin coincidencia,MINA EL CORRAL,MINA EL CORRAL,SULFUROS Y ÓXIDOS DE COBRE,VALIDADO,-72.734176,-40.660127,0.0,932.344,POL_692,sin_clasificar
693,708.0,EMPRESTITO FUNDO CHACAYAL,FERNANDO ALBERTO HORN SCHMIDT,REGIÓN DE LOS LAGOS,PUERTO VARAS,Áridos,Extracción de áridos,Pequeña,CATEGORIA C,No identificado,Revisar,Coincide,Sin coincidencia,LLANOS DE ARQUEROS,EMPRESTITO,SULFUROS Y ÓXIDOS DE COBRE,VALIDADO,-72.79898051,-41.26880522,0.01,1280.712,POL_693,sin_clasificar
694,227.0,ARIDOS KÓBERL,INVERSIONES STYRIA SPA,REGIÓN DE LOS LAGOS,PUERTO VARAS,Áridos,Extracción de áridos,No informado,,No identificado,Revisar,Coincide,Sin coincidencia,,,,VALIDADO,-72.989655,-41.350772,0.0,,POL_694,sin_clasificar
695,511.0,ARIDOS PETROMINN (PLANTA LAJA),ARIDOS PETROMIN S.A.,REGIÓN DE LOS LAGOS,PUERTO VARAS,Áridos,Planta / procesamiento,Pequeña,CATEGORIA D,Posible,Revisar,Coincide,Sin coincidencia,LA LAJA PUNTO 9,MINA LA LAJA 1 AL 9,CUARZO AURÍFERO,VALIDADO,-72.991214,-41.369273,0.011,1244.113,POL_695,sin_clasificar
696,175.0,ARIDOS TEPUAL PUERTO MONTT,ARIDOS TEPUAL LIMITADA,REGIÓN DE LOS LAGOS,PUERTO MONTT,Áridos,Extracción de áridos,No informado,CATEGORIA A,No identificado,Revisar,Coincide,Sin coincidencia,PLANTA - (CALETA PATILLOS),PLANTA PUERTO 2,SALMUERA (SODIO),VALIDADO,-73.092177,-41.416616,0.0,2304.984,POL_696,sin_clasificar
697,266.0,EXTRACCION DE ARIDOS POZO MALDONADO,CONSTRUCTORA LA ESPERANZA LTDA.,REGIÓN DE LOS LAGOS,PUERTO MONTT,Áridos,Extracción de áridos,Grande,CATEGORIA D,No identificado,Revisar,Coincide,Sin coincidencia,CECILIA 1 AL 10 (EX ARRIENDO DE JUAN JARA MALDONADO),MINA CECILIA 1 AL 10,COBRE - ORO - PLATA,VALIDADO,-72.85336,-41.43007,0.0,1196.544,POL_697,sin_clasificar
698,709.0,ARIDOS CONSTRUCTORA RIO NEGRO,S/I,REGIÓN DE LOS LAGOS,PUERTO MONTT,Áridos,Extracción de áridos,No informado,CATEGORIA D,No identificado,Revisar,Coincide,Sin coincidencia,RIO 27,EXPLORACION RIO 27,COBRE - ORO - PLATA,VALIDADO,-72.852845,-41.444034,0.0,1115.829,POL_698,sin_clasificar
699,491.0,PROYECTO PLANTA Y EXPLOTACION DE ARIDOS LA VARA-SENDA SUR,INMOBILIARIA SOCOVESA SUR S.A./MELON ARIDOS LIMITADA,REGIÓN DE LOS LAGOS,PUERTO MONTT,Áridos,Planta / procesamiento,Grande,CATEGORIA D,No identificado,Revisar,Coincide,Sin coincidencia,LA VARA,EXPLOTACIÓN PROPIEDADES MINERAS ELIZA BEATRIZ,ORO - COBRE,VALIDADO,-72.872763,-41.429002,0.0,876.139,POL_699,sin_clasificar
700,219.0,ARIDOS LUIS NAVARRO,MAQUINARIAS LN SPA,REGIÓN DE LOS LAGOS,PUERTO MONTT,Áridos,Extracción de áridos,Mediana,CATEGORIA D,No identificado,Revisar,Revisar,Sin coincidencia,NAVARRO,POLVORIN,OXIDOS DE COBRE,VALIDADO,-72.869987,-41.409962,0.27,1881.002,POL_700,sin_clasificar
701,266.0,EMPRESTITO SENDA SUR LA VARA,CONSTRUCTORA SENDA SUR LA VARA,REGIÓN DE LOS LAGOS,PUERTO MONTT,Áridos,Extracción de áridos,Grande,CATEGORIA C,No identificado,Revisar,Revisar,Sin coincidencia,LLANOS DE ARQUEROS,EMPRESTITO,SULFUROS Y ÓXIDOS DE COBRE,VALIDADO,-72.898354,-41.412906,1.61,1299.482,POL_701,sin_clasificar
702,266.0,EXTRACCION DE ARIDOS POZO MARQUEZ,CONSTRUCTORA LA ESPERANZA LTDA.,REGIÓN DE LOS LAGOS,PUERTO MONTT,Áridos,Extracción de áridos,Grande,CATEGORIA C,No identificado,Revisar,Coincide,Sin coincidencia,EXPLORACION CERRO MARQUEZ,EXPLORACION,ORO - COBRE,VALIDADO,-72.88637,-41.43657,0.018,2538.425,POL_702,sin_clasificar
703,710.0,PLANTA DE ARIDOS Y ASFALTO-RECONDO,S/I,REGIÓN DE LOS LAGOS,PUERTO MONTT,Áridos,Planta / procesamiento,No informado,,Posible,Revisar,Coincide,Sin coincidencia,,,,VALIDADO,-72.975212,-41.455355,0.061,,POL_703,sin_clasificar
704,711.0,POZO DE ARIDOS MONRROY,S/I,REGIÓN DE LOS LAGOS,PUERTO MONTT,Áridos,Extracción de áridos,No informado,,No identificado,Revisar,Coincide,Sin coincidencia,,,,VALIDADO,-73.010864,-41.497033,0.0,,POL_704,sin_clasificar
705,88.0,EMPRESTITO 1029.000,DRAGADOS CVV CONSTRUCTORA S.A.,REGIÓN DE LOS LAGOS,PUERTO MONTT,Áridos,Extracción de áridos,Pequeña,CATEGORIA C,No identificado,Revisar,Coincide,Sin coincidencia,LLANOS DE ARQUEROS,EMPRESTITO,SULFUROS Y ÓXIDOS DE COBRE,VALIDADO,-73.043718,-41.490699,0.0,1308.401,POL_705,sin_clasificar
706,88.0,EMPRESTITO URIBE,DRAGADOS CVV CONSTRUCTORA S.A,REGIÓN DE LOS LAGOS,PUERTO MONTT,Áridos,Extracción de áridos,Pequeña,CATEGORIA C,No identificado,Revisar,Coincide,Sin coincidencia,LLANOS DE ARQUEROS,EMPRESTITO,SULFUROS Y ÓXIDOS DE COBRE,VALIDADO,-73.075288,-41.519612,0.0,1311.987,POL_706,sin_clasificar
707,294.0,ARIDOS INVERSIONES DOÑA ERMELINDA SPA,INVERSIONES DOÑA ERMELINDA SPA,REGIÓN DE LOS LAGOS,CALBUCO,Áridos,Extracción de áridos,No informado,CATEGORIA D,No identificado,Revisar,Coincide,Sin coincidencia,LA DOÑA 1 AL 10,EXPLORACION,OXIDOS DE COBRE,VALIDADO,-73.126275,-41.684021,0.007,2516.367,POL_707,sin_clasificar
708,88.0,EMPRESTITO 1039.200,DRAGADOS CVV CONSTRUCTORA S.A.,REGIÓN DE LOS LAGOS,PUERTO MONTT,Áridos,Extracción de áridos,Pequeña,CATEGORIA C,No identificado,Revisar,Revisar,Sin coincidencia,LLANOS DE ARQUEROS,EMPRESTITO,SULFUROS Y ÓXIDOS DE COBRE,VALIDADO,-73.148074,-41.535813,0.466,1314.763,POL_708,sin_clasificar
709,712.0,PLANTA DE EXTRACCION DE ARIDOS SECTOR DE ALTO BONITO,S/I,REGIÓN DE LOS LAGOS,PUERTO MONTT,Áridos,Planta / procesamiento,No informado,CATEGORIA D,Posible,Revisar,Coincide,Sin coincidencia,MONTE ALTO,PLANTA MONTE ALTO,COBRE - ORO,VALIDADO,-73.02294,-41.49276,0.0,1184.963,POL_709,sin_clasificar
710,713.0,EXTRACCION DE ARIDOS PREDIO CARDONAL BAJO,PAUL NEIL BEYER HORNIG,REGIÓN DE LOS LAGOS,PUERTO MONTT,Áridos,Extracción de áridos,Micro,CATEGORIA D,No identificado,Revisar,Coincide,Sin coincidencia,MINA CARDONAL,MINA CARDONAL,SULFUROS Y ÓXIDOS DE COBRE,VALIDADO,-72.990911,-41.45287,0.015,995.461,POL_710,sin_clasificar
711,88.0,EMPRESTITO MELLA,DRAGADOS CVV CONSTRUCTORA S.A.,REGIÓN DE LOS LAGOS,PUERTO MONTT,Áridos,Extracción de áridos,Pequeña,CATEGORIA C,No identificado,Revisar,Revisar,Sin coincidencia,LLANOS DE ARQUEROS,EMPRESTITO,SULFUROS Y ÓXIDOS DE COBRE,VALIDADO,-73.166172,-41.551882,0.14,1317.053,POL_711,sin_clasificar
712,407.0,EMPRESTITO LAGO CHAPO-RECONDO,CONSTRUCTORA RECONDO S.A.,REGIÓN DE LOS LAGOS,PUERTO MONTT,Áridos,Extracción de áridos,No informado,CATEGORIA C,No identificado,Revisar,Coincide,Sin coincidencia,LLANOS DE ARQUEROS,EMPRESTITO,SULFUROS Y ÓXIDOS DE COBRE,VALIDADO,-72.573625,-41.406933,0.08,1292.999,POL_712,sin_clasificar
713,266.0,PLANTA DE ARIDOS CHIN-CHIN,CONSTRUCTORA LA ESPERANZA LTDA.,REGIÓN DE LOS LAGOS,PUERTO MONTT,Áridos,Planta / procesamiento,Grande,,Posible,Revisar,Revisar,Sin coincidencia,,,,VALIDADO,-72.9411364,-41.468917,5.011,,POL_713,sin_clasificar
714,88.0,EMPRESTITO CABRERO,DRAGADOS CVV CONSTRUCTORA S.A.,REGIÓN DE LOS LAGOS,CALBUCO,Áridos,Extracción de áridos,Pequeña,CATEGORIA D,No identificado,Revisar,Revisar,Sin coincidencia,EXPLORACION MAULLIN,EXPLORACION MAULLIN,CARBÓN,VALIDADO,-73.53092687,-41.77200859,31.182,31.523,POL_714,sin_clasificar
715,714.0,EXTRACCION Y PROCESAMIENTO DE ARIDOS SECTOR LA CAMPANA,ARIDOS ALMUD SPA,REGIÓN DE LOS LAGOS,CALBUCO,Áridos,Extracción de áridos,No informado,CATEGORIA D,No identificado,Revisar,Coincide,Sin coincidencia,PLANTA PROCESAMIENTO,PLANTA PROCESAMIENTO,CARBONATO DE CALCIO BLANCO,VALIDADO,-73.20933111,-41.63078764,0.0,1629.792,POL_715,sin_clasificar
716,88.0,EMPRESTITO SOTO DRAGADOS CVV CONSTRUCTORA S.A.,DRAGADOS CVV CONSTRUCTORA S.A.,REGIÓN DE LOS LAGOS,CALBUCO,Áridos,Extracción de áridos,Pequeña,CATEGORIA C,No identificado,Revisar,Coincide,Sin coincidencia,LLANOS DE ARQUEROS,EMPRESTITO,SULFUROS Y ÓXIDOS DE COBRE,VALIDADO,-73.269069,-41.620859,0.0,1326.056,POL_716,sin_clasificar
717,511.0,MINERA NO METÁLICA EXTRACCIÓN Y PROCESAMIENTO DE ÁRIDOS DESDE POZO LASTRERO SECTOR PARGUA,ARIDOS PETROMIN S.A.,REGIÓN DE LOS LAGOS,CALBUCO,Áridos,Extracción de áridos,Pequeña,CATEGORIA D,No identificado,Posible,Coincide,Sin coincidencia,EXPLORACION MAULLIN,EXPLORACION MAULLIN,CARBÓN,VALIDADO,-73.49834064,-41.78151256,0.0,18.696,POL_717,sin_clasificar
718,88.0,EMPRESTITO GUNDERT,DRAGADOS CVV CONSTRUCTORA S.A.,REGIÓN DE LOS LAGOS,CALBUCO,Áridos,Extracción de áridos,Pequeña,CATEGORIA D,No identificado,Posible,Coincide,Sin coincidencia,EXPLORACION MAULLIN,EXPLORACION MAULLIN,CARBÓN,VALIDADO,-73.53092687,-41.77200859,0.0,16.672,POL_718,sin_clasificar
719,88.0,EMPRESTITO MILLAQUEN,DRAGADOS CVV CONSTRUCTORA S.A.,REGIÓN DE LOS LAGOS,CALBUCO,Áridos,Extracción de áridos,Pequeña,CATEGORIA C,No identificado,Revisar,Coincide,Sin coincidencia,LLANOS DE ARQUEROS,EMPRESTITO,SULFUROS Y ÓXIDOS DE COBRE,VALIDADO,-73.44956091,-41.76991239,0.0,1345.355,POL_719,sin_clasificar
720,88.0,EMPRESTITO LOS LINGUES,DRAGADOS CVV CONSTRUCTORA S.A.,REGIÓN DE LOS LAGOS,MAULLIN,Áridos,Extracción de áridos,Pequeña,CATEGORIA C,No identificado,Revisar,Coincide,Sin coincidencia,LLANOS DE ARQUEROS,EMPRESTITO,SULFUROS Y ÓXIDOS DE COBRE,VALIDADO,-73.343644,-41.634,0.0,1329.022,POL_720,sin_clasificar
721,88.0,EMPRESTITO AVELLANAL,DRAGADOS CVV CONSTRUCTORA S.A.,REGIÓN DE LOS LAGOS,MAULLIN,Áridos,Extracción de áridos,Pequeña,CATEGORIA C,No identificado,Revisar,Coincide,Sin coincidencia,LLANOS DE ARQUEROS,EMPRESTITO,SULFUROS Y ÓXIDOS DE COBRE,VALIDADO,-73.40381,-41.746976,0.005,1342.191,POL_721,sin_clasificar
722,88.0,EMPRESTITO SOTOMAYOR,DRAGADOS CVV CONSTRUCTORA S.A.,REGIÓN DE LOS LAGOS,CALBUCO,Áridos,Extracción de áridos,Pequeña,CATEGORIA C,No identificado,Revisar,Coincide,Sin coincidencia,LLANOS DE ARQUEROS,EMPRESTITO,SULFUROS Y ÓXIDOS DE COBRE,VALIDADO,-73.353725,-41.706244,0.0,1337.004,POL_722,sin_clasificar
723,244.0,EXTRACCION DE ARIDOS MOVITEX- RUTA W160 ANCUD,CONSTRUCTORA MOVITEX CONSTRUCCION SPA,REGIÓN DE LOS LAGOS,ANCUD,Áridos,Extracción de áridos,No informado,CATEGORIA D,No identificado,Revisar,Revisar,Sin coincidencia,TURBAS DEL SUR,PLANTA PROCESADORA,TURBA,VALIDADO,-73.709587,-41.834463,0.931,15.097,POL_723,sin_clasificar
724,715.0,ARIDOS BITUMIX DALCAHUE,S/I,REGIÓN DE LOS LAGOS,DALCAHUE,Áridos,Extracción de áridos,No informado,CATEGORIA D,No identificado,Revisar,Coincide,Sin coincidencia,TURBAS DEL SUR,BODEGA-TALLER,TURBA,VALIDADO,-73.690327,-42.24725,0.0,29.38,POL_724,sin_clasificar
725,716.0,EXTRACCION DE TURBA DEL SUR,WALDEMAR ERNESTO BORQUEZ MANSILLA,REGIÓN DE LOS LAGOS,ANCUD,Turba,Instalación minera,Pequeña,CATEGORIA D,No identificado,Confirmado,Coincide,Confirmado,TURBAS DEL SUR,TURBAS,TURBA,VALIDADO,-73.73775151,-41.9745316,0.0,0.011,POL_725,sin_clasificar
726,717.0,ARIDOS HORMIGONES DEL SUR,S/I,REGIÓN DE LOS LAGOS,DALCAHUE,Áridos,Extracción de áridos,No informado,CATEGORIA D,No identificado,Revisar,Coincide,Sin coincidencia,TURBAS DEL SUR,BODEGA-TALLER,TURBA,VALIDADO,-73.6949,-42.230659,0.0,27.395,POL_726,sin_clasificar
727,507.0,EMPRESTITO PELLINES,SOCIEDAD CONCESIONARIA DE LOS LAGOS S.A.,REGIÓN DE LOS LAGOS,LLANQUIHUE,Áridos,Extracción de áridos,Grande,CATEGORIA C,No identificado,Revisar,Revisar,Sin coincidencia,LLANOS DE ARQUEROS,EMPRESTITO,SULFUROS Y ÓXIDOS DE COBRE,VALIDADO,-73.05401,-41.19018,1.324,1276.27,POL_727,sin_clasificar
728,718.0,EMPRÉSTITO EL VARAL Y PLANTA CHANCADORA EL CISNE,CONSTRUCTORA PUERTO OCTAY LTDA,REGIÓN DE LOS LAGOS,HUALAIHUÉ,Áridos,Planta / procesamiento,No informado,CATEGORIA C,No identificado,Revisar,Revisar,Sin coincidencia,LLANOS DE ARQUEROS,EMPRESTITO,SULFUROS Y ÓXIDOS DE COBRE,VALIDADO,-72.668199,-41.980429,0.771,1357.328,POL_728,sin_clasificar
729,719.0,PLANTA CHANCADORA EL CISNE,CONSTRUCTORA PUERTO OCTAY LIMITADA,REGIÓN DE LOS LAGOS,HUALAIHUE,Áridos,Planta / procesamiento,No informado,CATEGORIA C,No identificado,Revisar,Revisar,Sin coincidencia,EXPLORACIONES II REGIÓN,CISNE,OXIDOS DE COBRE,VALIDADO,-72.668199,-41.980429,0.112,2113.054,POL_729,sin_clasificar
730,458.0,MINA PECKET,INGENIERIA DEL SUR S.A.,REGIÓN DE MAGALLANES Y LA ANTÁRTICA CHILENA,PUNTA ARENAS,Carbón,Mina / faena,Pequeña,CATEGORIA D,No identificado,Confirmado,Coincide,Confirmado,MINA PECKET,BOTADERO,CARBÓN,VALIDADO,-71.16761475,-52.958824,0.0,0.0,POL_730,sin_clasificar
731,720.0,POZO LASTRERO HUGO ROJAS (ANUBIS),EMPRESA DE SERVICIOS Y CONSTRUCTORA SUR ROMERAL LTDA.,REGIÓN DE MAGALLANES Y LA ANTÁRTICA CHILENA,PUNTA ARENAS,Áridos,Extracción de áridos,No informado,CATEGORIA B,No identificado,Posible,Coincide,Sin coincidencia,BLOQUE MANZANO,Pozo Holister A,GAS NATURAL,VALIDADO,-70.875456,-53.062334,0.0,13.446,POL_731,sin_clasificar
732,721.0,CANTERA LOS CALAFATES,S/I,REGIÓN DE MAGALLANES Y LA ANTÁRTICA CHILENA,PUNTA ARENAS,Áridos,Cantera,No informado,CATEGORIA A,No identificado,Posible,Coincide,Sin coincidencia,Grupo de Yacimientos Zona Continente y Costa Afuera,OFICINA LAREDO CAMPAMENTO SODEXO,GAS NATURAL,VALIDADO,-70.875017,-53.029122,0.0,8.272,POL_732,sin_clasificar
733,526.0,CANTERA II RÍO SECO,CONSTRUCTORA SALFA S.A./MAQSA AUSTRAL S.A./CONCREMAG S.A.,REGIÓN DE MAGALLANES Y LA ANTÁRTICA CHILENA,PUNTA ARENAS,Áridos,Cantera,Pequeña,CATEGORIA D,No identificado,Posible,Coincide,Sin coincidencia,LAGUNA 1 AL 40,MINA LAGUNA,CARBÓN,VALIDADO,-70.885244,-53.065003,0.0,5.967,POL_733,sin_clasificar
734,722.0,POZO LASTRERO VASQUEZ,OSVALDO VASQUEZ RUBILAR,REGIÓN DE MAGALLANES Y LA ANTÁRTICA CHILENA,PUNTA ARENAS,Áridos,Extracción de áridos,No informado,CATEGORIA B,No identificado,Revisar,Revisar,Sin coincidencia,BLOQUE MANZANO,Pozo Holister A,GAS NATURAL,VALIDADO,-70.917003,-53.155083,9.565,13.978,POL_734,sin_clasificar
735,306.0,CANTERA VILICIC,CONSTRUCTORA VILICIC S.A.,REGIÓN DE MAGALLANES Y LA ANTÁRTICA CHILENA,PUNTA ARENAS,Áridos,Cantera,Grande,CATEGORIA D,No identificado,Posible,Coincide,Sin coincidencia,LAGUNA 1 AL 40,MINA LAGUNA,CARBÓN,VALIDADO,-70.8950865,-53.056754,0.0,5.086,POL_735,sin_clasificar
736,282.0,CANTERA EL REBENQUE,SERVIAUSTRAL LTDA.,REGIÓN DE MAGALLANES Y LA ANTÁRTICA CHILENA,PUNTA ARENAS,Áridos,Cantera,Grande,CATEGORIA D,No identificado,Revisar,Revisar,Sin coincidencia,LAGUNA 1 AL 40,MINA LAGUNA,CARBÓN,VALIDADO,-70.903811,-53.0829311,0.306,5.073,POL_736,sin_clasificar
737,723.0,EX POZO LASTRERO PONTENOVA,IVAGO LTDA/INMOBILIARIA E INVERSIONES BIG SPA.,REGIÓN DE MAGALLANES Y LA ANTÁRTICA CHILENA,PUNTA ARENAS,Áridos,Extracción de áridos,No informado,CATEGORIA D,No identificado,Posible,Coincide,Sin coincidencia,LAGUNA 1 AL 40,MINA LAGUNA,CARBÓN,VALIDADO,-70.943725,-53.113429,0.0,4.773,POL_737,sin_clasificar
738,157.0,POZO LASTRERO IHNEN,CONCREMAG S.A.,REGIÓN DE MAGALLANES Y LA ANTÁRTICA CHILENA,PUNTA ARENAS,Áridos,Extracción de áridos,Grande,CATEGORIA B,No identificado,Revisar,Coincide,Sin coincidencia,BLOQUE MANZANO,Pozo Holister A,GAS NATURAL,VALIDADO,-70.972108,-53.273059,0.0,36.6,POL_738,sin_clasificar
739,433.0,YACIMIENTO ESPERANZA,EMPRESA NACIONAL DEL PETROLEO,REGIÓN DE MAGALLANES Y LA ANTÁRTICA CHILENA,NATALES,Petróleo,Mina / faena,Grande,CATEGORIA D,No identificado,Revisar,Revisar,Sin coincidencia,BLOQUE TRANQUILO,POZO MARÍA ANTONIETA X-1,GAS NATURAL,VALIDADO,-71.692821,-52.031825,0.185,1.133,POL_739,sin_clasificar
740,282.0,POZO EMPRESTITO ZUÑIGA,SERVIAUSTRAL LTDA.,REGIÓN DE MAGALLANES Y LA ANTÁRTICA CHILENA,NATALES,Áridos,Extracción de áridos,Grande,CATEGORIA C,No identificado,Revisar,Revisar,Sin coincidencia,LLANOS DE ARQUEROS,EMPRESTITO,SULFUROS Y ÓXIDOS DE COBRE,VALIDADO,-72.48111273,-51.70066769,2.521,2422.076,POL_740,sin_clasificar
741,438.0,POZO EMPRESTITO CARDENAS,INGENIERIA CIVIL VICENTE S.A.,REGIÓN DE MAGALLANES Y LA ANTÁRTICA CHILENA,TORRES DEL PAINE,Áridos,Extracción de áridos,Grande,CATEGORIA C,No identificado,Revisar,Coincide,Sin coincidencia,LLANOS DE ARQUEROS,EMPRESTITO,SULFUROS Y ÓXIDOS DE COBRE,VALIDADO,-72.45256119,-51.20585703,0.0,2370.834,POL_741,sin_clasificar
742,438.0,POZO EMPRESTITO HERNANDEZ,INGENIERIA CIVIL VICENTE S.A.,REGIÓN DE MAGALLANES Y LA ANTÁRTICA CHILENA,TORRES DEL PAINE,Áridos,Extracción de áridos,Grande,CATEGORIA C,No identificado,Revisar,Revisar,Sin coincidencia,LLANOS DE ARQUEROS,EMPRESTITO,SULFUROS Y ÓXIDOS DE COBRE,VALIDADO,-72.45256119,-51.20585703,1.969,2372.669,POL_742,sin_clasificar
743,306.0,POZO EMPRESTITO LAGUNA AMARGA,CONSTRUCTORA VILICIC S.A.,REGIÓN DE MAGALLANES Y LA ANTÁRTICA CHILENA,TORRES DEL PAINE,Áridos,Extracción de áridos,Grande,CATEGORIA C,No identificado,Revisar,Revisar,Sin coincidencia,LLANOS DE ARQUEROS,EMPRESTITO,SULFUROS Y ÓXIDOS DE COBRE,VALIDADO,-73.4067879,-50.9423262,50.991,2346.654,POL_743,sin_clasificar
744,420.0,CANTERAS ESTANCIA TRES PASOS Y KM 2739 DESDE PUERTO NATALES,BROTEC CONSTRUCCION LIMITADA,REGIÓN DE MAGALLANES Y LA ANTÁRTICA CHILENA,NATALES,Áridos,Cantera,Mediana,CATEGORIA A,No identificado,Revisar,Coincide,Sin coincidencia,FAENA LOS PELAMBRES,PUERTO,COBRE - MOLIBDENO,VALIDADO,-72.494112,-51.425688,0.0,2162.413,POL_744,sin_clasificar
745,53.0,BLOQUE TRANQUILO,GREGORIO ENERGY MAGALLANES LTDA,REGIÓN DE MAGALLANES Y LA ANTÁRTICA CHILENA,NATALES,Petróleo,Instalación minera,Mediana,CATEGORIA D,No identificado,Posible,Revisar,Confirmado,BLOQUE TRANQUILO,POZO PALOS QUEMADOS X-1,GAS NATURAL,VALIDADO,-71.74699348,-52.0377234,0.346,0.0,POL_745,sin_clasificar
746,168.0,MINAS LAGUNA Y LOAYZA,CHABUNCO S.A.,REGIÓN DE MAGALLANES Y LA ANTÁRTICA CHILENA,PUNTA ARENAS,Carbón,Instalación minera,Micro,CATEGORIA D,Posible,Confirmado,Coincide,Confirmado,LAGUNA 1 AL 40,MINA LAGUNA,CARBÓN,VALIDADO,-70.985712,-53.074704,0.0,0.0,POL_746,sin_clasificar
747,168.0,MINA BITSCH,CHABUNCO S.A.,REGIÓN DE MAGALLANES Y LA ANTÁRTICA CHILENA,PUNTA ARENAS,Carbón,Mina / faena,Micro,CATEGORIA D,No identificado,Posible,Revisar,Posible,MINA BITSCH 1-20,MINA BITSCH 1-20,CARBÓN,VALIDADO,-71.0827975,-53.016804,2.973,11.787,POL_747,sin_clasificar
748,372.0,CANTERA LOFFER,LOBOS Y FERNANDEZ LIMITADA,REGIÓN DE MAGALLANES Y LA ANTÁRTICA CHILENA,PUNTA ARENAS,Áridos,Cantera,Pequeña,CATEGORIA D,No identificado,Posible,Coincide,Sin coincidencia,LAGUNA 1 AL 40,MINA LAGUNA,CARBÓN,VALIDADO,-70.8991452,-53.0959127,0.012,5.846,POL_748,sin_clasificar
749,526.0,POZO LASTRERO SANTA RITA,MAQSA AUSTRAL S.A.,REGIÓN DE MAGALLANES Y LA ANTÁRTICA CHILENA,PUNTA ARENAS,Áridos,Extracción de áridos,Pequeña,CATEGORIA D,No identificado,Posible,Coincide,Sin coincidencia,LAGUNA 1 AL 40,MINA LAGUNA,CARBÓN,VALIDADO,-70.88844,-53.071412,0.089,5.604,POL_749,sin_clasificar
750,263.0,POZO LASTRERO Y PLANTA DE ARIDOS - FERNANDEZ,FERNANDEZ Y DIAZ LTDA.,REGIÓN DE MAGALLANES Y LA ANTÁRTICA CHILENA,PUNTA ARENAS,Áridos,Planta / procesamiento,Micro,CATEGORIA D,No identificado,Posible,Coincide,Sin coincidencia,LAGUNA 1 AL 40,MINA LAGUNA,CARBÓN,VALIDADO,-70.97054771,-53.23163807,0.002,17.218,POL_750,sin_clasificar
751,513.0,MINA INVIERNO,NAVIERA ULTRANAV CHILE LIMITADA,REGIÓN DE MAGALLANES Y LA ANTÁRTICA CHILENA,RIO VERDE,Carbón,Mina / faena,Grande,CATEGORIA D,No identificado,Posible,Revisar,Confirmado,MINA INVIERNO,MINA INVIERNO,CARBÓN,VALIDADO,-71.631388,-52.854671,0.293,0.0,POL_751,sin_clasificar
752,114.0,MINA CUTTER COVE,REDHILL MAGALLANES SPA,REGIÓN DE MAGALLANES Y LA ANTÁRTICA CHILENA,PUNTA ARENAS,Cobre / Oro / Plata,Mina / faena,No informado,CATEGORIA D,No identificado,Posible,Revisar,Confirmado,PROSPECCION MINERA CUTTER COVE,ZODIAC,COBRE - PLATA,VALIDADO,-72.42956,-53.359111,0.484,0.0,POL_752,sin_clasificar
753,526.0,POZO LASTRERO MUÑIZ II,MAQSA AUSTRAL S.A.,REGIÓN DE MAGALLANES Y LA ANTÁRTICA CHILENA,PUNTA ARENAS,Áridos,Extracción de áridos,Pequeña,CATEGORIA D,No identificado,Revisar,Revisar,Sin coincidencia,LAGUNA 1 AL 40,MINA LAGUNA,CARBÓN,VALIDADO,-70.985972,-53.216144,0.862,14.585,POL_753,sin_clasificar
754,439.0,POZO LASTRERO MUÑIZ,CONSTRUCTORA SALFA S.A.,REGIÓN DE MAGALLANES Y LA ANTÁRTICA CHILENA,PUNTA ARENAS,Áridos,Extracción de áridos,Grande,CATEGORIA D,No identificado,Revisar,Revisar,Sin coincidencia,LAGUNA 1 AL 40,MINA LAGUNA,CARBÓN,VALIDADO,-70.985972,-53.216144,1.923,15.734,POL_754,sin_clasificar
755,526.0,CANTERA ALEGRIA-HERMOSILLA,MAQSA AUSTRAL S.A./CONCREMAG S.A.,REGIÓN DE MAGALLANES Y LA ANTÁRTICA CHILENA,PUNTA ARENAS,Áridos,Cantera,Pequeña,CATEGORIA D,No identificado,Posible,Coincide,Sin coincidencia,LAGUNA 1 AL 40,MINA LAGUNA,CARBÓN,VALIDADO,-70.919619,-53.111825,0.0,5.641,POL_755,sin_clasificar
756,344.0,SAN JUAN,DEITAN SOLUTIONS SPA,REGIÓN DE MAGALLANES Y LA ANTÁRTICA CHILENA,PUNTA ARENAS,Turba,Instalación minera,No informado,CATEGORIA D,No identificado,Confirmado,Coincide,Confirmado,SAN JUAN,ACOPIO DE PRODUCTO CERTIFICADO,TURBA,VALIDADO,-70.968,-53.6626,0.0,0.0,POL_756,sin_clasificar
757,433.0,COMPLEJO INDUSTRIAL MULTIBOYA DE GREGORIO,EMPRESA NACIONAL DEL PETROLEO,REGIÓN DE MAGALLANES Y LA ANTÁRTICA CHILENA,SAN GREGORIO,Petróleo,Instalación minera,Grande,CATEGORIA C,Sí,Posible,Coincide,Sin coincidencia,Bloque Dorado Riquelme,POZO PUERTO SARA 2,GAS NATURAL,VALIDADO,-70.2031799,-52.6214146,0.0,3.236,POL_757,sin_clasificar
758,50.0,BLOQUE BROTULA,EMPRESA NACIONAL DEL PETROLEO,REGIÓN DE MAGALLANES Y LA ANTÁRTICA CHILENA,SAN GREGORIO,Petróleo,Instalación minera,No informado,CATEGORIA D,No identificado,Confirmado,Coincide,Confirmado,BLOQUE BRÓTULA,POZO BRÓTULA TA-2,GAS NATURAL,VALIDADO,-69.976984,-52.537098,0.0,0.0,POL_758,sin_clasificar
759,433.0,BLOQUES DORADO-PUERTO SARA Y RIQUELME-MANZANO,EMPRESA NACIONAL DEL PETROLEO,REGIÓN DE MAGALLANES Y LA ANTÁRTICA CHILENA,SAN GREGORIO,Petróleo,Instalación minera,Grande,CATEGORIA C,No identificado,Posible,Revisar,Confirmado,Bloque Dorado Riquelme,"TRAMPA LANZAMIENTO COLECTOR 6"" TROPILLA - CENTRAL PALENQUE",PETRÓLEO,VALIDADO,-70.121223,-52.468031,6.847,0.0,POL_759,sin_clasificar
760,107.0,BLOQUE FELL,GREGORIO ENERGY FELL SPA,REGIÓN DE MAGALLANES Y LA ANTÁRTICA CHILENA,SAN GREGORIO,Gas Natural,Instalación minera,Grande,CATEGORIA C,No identificado,Posible,Coincide,Posible,BLOQUE FELL,CAMPAMENTO TEHUELCHE,PETRÓLEO,VALIDADO,-69.757787,-52.397555,0.0,12.677,POL_760,sin_clasificar
761,107.0,PLANTA KIMIRI AIKE,GREGORIO ENERGT FELL SPA,REGIÓN DE MAGALLANES Y LA ANTÁRTICA CHILENA,SAN GREGORIO,Gas Natural,Planta / procesamiento,Grande,CATEGORIA C,No identificado,Confirmado,Coincide,Confirmado,BLOQUE FELL,PLANTA KIMIRI-AIKE,GAS NATURAL,VALIDADO,-69.77614972,-52.41687021,0.0,0.0,POL_761,sin_clasificar
762,433.0,POZO DANUEL ESTE X5 Y ALMEJA J,EMPRESA NACIONAL DEL PETROLEO,REGIÓN DE MAGALLANES Y LA ANTÁRTICA CHILENA,SAN GREGORIO,Petróleo,Instalación minera,Grande,CATEGORIA A,No identificado,Posible,Revisar,Confirmado,Grupo de Yacimientos Zona Continente y Costa Afuera,POZO ALMEJA J,GAS NATURAL,VALIDADO,-69.48920839,-52.38559327,0.458,0.641,POL_762,sin_clasificar
763,433.0,BLOQUE FELL - ENAP,EMPRESA NACIONAL DEL PETROLEO,REGIÓN DE MAGALLANES Y LA ANTÁRTICA CHILENA,SAN GREGORIO,Petróleo,Instalación minera,Grande,CATEGORIA C,No identificado,Posible,Revisar,Confirmado,BLOQUE FELL,CAMPAMENTO TEHUELCHE,PETRÓLEO,VALIDADO,-69.692536,-52.313643,3.716,0.0,POL_763,sin_clasificar
764,107.0,BLOQUE FELL-GEOPARK,GREGORIO ENERGY FELL SPA,REGIÓN DE MAGALLANES Y LA ANTÁRTICA CHILENA,SAN GREGORIO,Petróleo,Instalación minera,Grande,CATEGORIA C,No identificado,Posible,Revisar,Confirmado,BLOQUE FELL,POZO GUANACO 21,PETRÓLEO,VALIDADO,-69.688056,-52.315556,4.425,0.0,POL_764,sin_clasificar
765,306.0,POZO EMPRESTITO LA ITALIANA,CONSTRUCTORA VILICIC S.A.,REGIÓN DE MAGALLANES Y LA ANTÁRTICA CHILENA,PRIMAVERA,Áridos,Extracción de áridos,Grande,CATEGORIA D,No identificado,Posible,Coincide,Sin coincidencia,BLOQUE CAUPOLICAN,POZO CLARENCIA 1,GAS NATURAL,VALIDADO,-70.008755,-52.92324,0.0,2.171,POL_765,sin_clasificar
766,306.0,POZO EMPRESTITO TAFRA,CONSTRUCTORA VILICIC S.A.,REGIÓN DE MAGALLANES Y LA ANTÁRTICA CHILENA,PRIMAVERA,Áridos,Extracción de áridos,Grande,CATEGORIA A,No identificado,Posible,Coincide,Sin coincidencia,Grupo de Yacimientos Zonas Arenal e Intracampos,POZO CHILLAN 11,PETRÓLEO,VALIDADO,-69.33161118,-52.97766147,0.0,11.633,POL_766,sin_clasificar
767,523.0,TURBERA CAMERON,TURBA TIERRA DEL FUEGO CHILE S.A.,REGIÓN DE MAGALLANES Y LA ANTÁRTICA CHILENA,TIMAUKEL,Turba,Instalación minera,No informado,,No identificado,Revisar,Coincide,Sin coincidencia,,,,VALIDADO,-69.577453,-53.670345,0.061,,POL_767,sin_clasificar
768,306.0,POZO EMPRESTITO AURORA,CONSTRUCTORA VICILIC S.A.,REGIÓN DE MAGALLANES Y LA ANTÁRTICA CHILENA,PORVENIR,Áridos,Extracción de áridos,Grande,CATEGORIA D,No identificado,Posible,Coincide,Sin coincidencia,BLOQUE SAN SEBASTIAN,POZO SAN SEBASTIÁN 1,PETRÓLEO,VALIDADO,-68.87581722,-53.25499715,0.003,1.233,POL_768,sin_clasificar
769,306.0,POZO EMPRESTITO TRES LAGOS,CONSTRUCTORA VICILIC S.A.,REGIÓN DE MAGALLANES Y LA ANTÁRTICA CHILENA,PRIMAVERA,Áridos,Extracción de áridos,Grande,CATEGORIA A,No identificado,Posible,Coincide,Posible,Grupo de Yacimientos Zonas Arenal e Intracampos,POZO TRES LAGOS 96,GAS NATURAL,VALIDADO,-68.82997543,-52.97318959,0.0,6.279,POL_769,sin_clasificar
770,724.0,EXTRACCION DE ARIDOS ENSENADA VALLE SIMPSON,S/I,REGIÓN DE AYSÉN,COYHAIQUE,Áridos,Extracción de áridos,No informado,CATEGORIA D,No identificado,Revisar,Coincide,Sin coincidencia,VALLE 11,MINA VALLE 11,SULFUROS Y ÓXIDOS DE COBRE,VALIDADO,-72.138,-45.713525,0.003,1599.839,POL_770,sin_clasificar
771,725.0,EXTRACCION DE ARIDOS VILLA LAGO ATRAVESADO,S/I,REGIÓN DE AYSÉN,COYHAIQUE,Áridos,Extracción de áridos,No informado,CATEGORIA C,No identificado,Revisar,Revisar,Sin coincidencia,MINERA CERRO ESPERANZA,EXPLORACIONES CERRO ESPERANZA,CINC - ORO,VALIDADO,-72.0657515,-45.575054,14.297,86.808,POL_771,sin_clasificar
772,726.0,PLANTA DE ARIDOS HUICHALAO,S/I,REGIÓN DE AYSÉN,COYHAIQUE,Áridos,Planta / procesamiento,No informado,CATEGORIA B,No identificado,Revisar,Revisar,Sin coincidencia,FAENA EL TOQUI,PLANTA DE PASTA,CINC - PLOMO - PLATA,VALIDADO,-72.20067703,-45.66445428,1.054,70.065,POL_772,sin_clasificar
773,727.0,EXTRACCION ARIDOS CAMINO LAGO ATRAVESADO (PREDIO MATA),S/I,REGIÓN DE AYSÉN,COYHAIQUE,Áridos,Extracción de áridos,No informado,CATEGORIA C,No identificado,Revisar,Coincide,Sin coincidencia,MINERA CERRO ESPERANZA,CAMINO SUPERFICIE,ORO - CINC,VALIDADO,-72.130768,-45.628521,0.0,79.378,POL_773,sin_clasificar
774,728.0,EXTRACCION DE ARIDOS SALTO CHICO,HIPOLITO AQUEVEQUE VARGAS,REGIÓN DE AYSÉN,COYHAIQUE,Áridos,Extracción de áridos,No informado,CATEGORIA D,No identificado,Revisar,Coincide,Sin coincidencia,EL SALTO 1/20,MINA EL SALTO 1/20,PLATA METÁLICA O NATIVA,VALIDADO,-72.122247,-45.626924,0.0,1858.757,POL_774,sin_clasificar
775,729.0,EXTRACCION DE ARIDOS RIO CLARO,S/I,REGIÓN DE AYSÉN,COYHAIQUE,Áridos,Extracción de áridos,No informado,CATEGORIA D,No identificado,Revisar,Coincide,Sin coincidencia,RIO 27,EXPLORACION RIO 27,COBRE - ORO - PLATA,VALIDADO,-72.143156,-45.588132,0.054,1563.748,POL_775,sin_clasificar
776,730.0,POZO EXTRACCION DE ARIDOS FINLEZ AYSEN,SOCIEDAD FINLEZ Y RUIZ LIMITADA,REGIÓN DE AYSÉN,AYSEN,Áridos,Extracción de áridos,No informado,,No identificado,Revisar,Coincide,Sin coincidencia,,,,VALIDADO,-72.528468,-45.406045,0.0,,POL_776,sin_clasificar
777,247.0,MINERA EL TOQUI,SOCIEDAD MINERA PACIFICO DEL SUR SPA,REGIÓN DE AYSÉN,COYHAIQUE,Oro,Instalación minera,Grande,CATEGORIA B,No identificado,Confirmado,Coincide,Confirmado,FAENA EL TOQUI,PLANTA PROCESADORA DE MINERALES,CINC - PLOMO - PLATA,VALIDADO,-71.94321677,-45.03258498,0.0,0.0,POL_777,sin_clasificar
778,731.0,EXTRACCION DE ARIDOS LA PONDEROSA (RIBERA RIO CISNES),S/I,REGIÓN DE AYSÉN,CISNES,Áridos,Extracción de áridos,No informado,CATEGORIA D,No identificado,Revisar,Coincide,Sin coincidencia,MINA LA PONDEROSA,MINA LA PONDEROSA,COBRE - ORO,VALIDADO,-72.597461,-44.754225,0.0,1135.113,POL_778,sin_clasificar
779,433.0,SECTOR LAGO MERCEDES,EMPRESA NACIONAL DEL PETROLEO,REGIÓN DE MAGALLANES Y LA ANTÁRTICA CHILENA,PORVENIR,Petróleo,Instalación minera,Grande,SIN CATEGORIA,No identificado,Revisar,Revisar,Sin coincidencia,EXPLORACION DE HIDROCARBUROS,EXPLORACION DE HIDROCARBUROS,PETRÓLEO,VALIDADO,-68.845497,-53.79204,0.266,9.097,POL_779,sin_clasificar
780,433.0,POZO CARACOL B,EMPRESA NACIONAL DEL PETROLEO,REGIÓN DE MAGALLANES Y LA ANTÁRTICA CHILENA,PRIMAVERA,Petróleo,Instalación minera,Grande,CATEGORIA A,No identificado,Posible,Coincide,Sin coincidencia,Grupo de Yacimientos Zonas Arenal e Intracampos,POZO CATALINA N°13,PETRÓLEO,VALIDADO,-68.76739671,-52.54412888,0.027,7.793,POL_780,sin_clasificar
781,433.0,BLOQUE CAUPOLICAN,EMPRESA NACIONAL DEL PETROLEO,REGIÓN DE MAGALLANES Y LA ANTÁRTICA CHILENA,PRIMAVERA,Petróleo,Instalación minera,No informado,CATEGORIA D,No identificado,Posible,Revisar,Confirmado,BLOQUE CAUPOLICAN,POZO RÍO DEL ORO SW1,GAS NATURAL,VALIDADO,-69.92340852,-52.87670163,3.798,0.0,POL_781,sin_clasificar
782,306.0,POZO EMPRESTITO CUEVAS,CONSTRUCTORA VILICIC S.A.,REGIÓN DE MAGALLANES Y LA ANTÁRTICA CHILENA,PORVENIR,Áridos,Extracción de áridos,Grande,CATEGORIA C,No identificado,Revisar,Revisar,Sin coincidencia,LLANOS DE ARQUEROS,EMPRESTITO,SULFUROS Y ÓXIDOS DE COBRE,VALIDADO,-70.42451418,-53.23218607,0.366,2590.317,POL_782,sin_clasificar
783,162.0,MINA CORDON BAQUEDANO - LAVADERO DE ORO DANYKA,PLACERES RECURSOS MINEROS LIMITADA,REGIÓN DE MAGALLANES Y LA ANTÁRTICA CHILENA,PORVENIR,Oro y Plata,Mina / faena,Pequeña,CATEGORIA D,No identificado,Confirmado,Coincide,Confirmado,LAVADERO DE ORO DANYKA,BOTADERO,ORO METÁLICO O NATIVO,VALIDADO,-70.023631,-53.29755,0.059,0.025,POL_783,sin_clasificar
784,162.0,LAVADERO DE ORO DANYKA 7,PLACERES RECURSOS MINEROS LIMITADA,REGIÓN DE MAGALLANES Y LA ANTÁRTICA CHILENA,PORVENIR,Oro,Instalación minera,Pequeña,CATEGORIA D,No identificado,Confirmado,Coincide,Confirmado,LAVADERO DE ORO DANYKA 7,PLANTA DE PROCESAMIENTO,ORO METÁLICO O NATIVO,VALIDADO,-70.070977,-53.319968,0.069,0.052,POL_784,sin_clasificar
785,162.0,LAVADERO DE ORO DANYKA,PLACERES RECURSOS MINEROS LIMITADA,REGIÓN DE MAGALLANES Y LA ANTÁRTICA CHILENA,PORVENIR,Oro y Plata,Instalación minera,Pequeña,CATEGORIA D,No identificado,Posible,Coincide,Posible,LAVADERO DE ORO DANYKA 7,PLANTA DE PROCESAMIENTO,ORO METÁLICO O NATIVO,VALIDADO,-70.075502,-53.317221,0.0,0.11,POL_785,sin_clasificar
786,433.0,BLOQUE ARENAL,EMPRESA NACIONAL DEL PETROLEO,REGIÓN DE MAGALLANES Y LA ANTÁRTICA CHILENA,PRIMAVERA,Petróleo,Instalación minera,Grande,CATEGORIA A,No identificado,Confirmado,Coincide,Confirmado,Grupo de Yacimientos Zonas Arenal e Intracampos,BATERIA 1 VICTORIA SUR,PETRÓLEO,VALIDADO,-69.545318,-52.74456,0.042,0.0,POL_786,sin_clasificar
787,116.0,BLOQUE ISLA NORTE,GREGORIO ENERGY TDF SPA,REGIÓN DE MAGALLANES Y LA ANTÁRTICA CHILENA,PRIMAVERA,Petróleo,Instalación minera,Grande,CATEGORIA D,No identificado,Confirmado,Coincide,Confirmado,BLOQUE ISLA NORTE,POZO KOO X-1 (No Perforado),PETRÓLEO,VALIDADO,-69.212445,-52.806331,0.0,1.41,POL_787,sin_clasificar
788,433.0,YACIMIENTOS CULLEN VICTORIA SUR Y CATALINA,EMPRESA NACIONAL DEL PETROLEO,REGIÓN DE MAGALLANES Y LA ANTÁRTICA CHILENA,PRIMAVERA,Petróleo,Instalación minera,Grande,CATEGORIA A,No identificado,Confirmado,Coincide,Confirmado,Grupo de Yacimientos Zonas Arenal e Intracampos,POZO CULLEN 18,PETRÓLEO,VALIDADO,-68.87444919,-52.87537903,0.0,0.0,POL_788,sin_clasificar
789,433.0,GRUPO DE YACIMIENTOS ZONAS ARENAL E INTERCAMPO CULLEN,EMPRESA NACIONAL DEL PETROLEO,REGIÓN DE MAGALLANES Y LA ANTÁRTICA CHILENA,PRIMAVERA,Petróleo,Acopio / almacenamiento,No informado,CATEGORIA A,No identificado,Confirmado,Coincide,Confirmado,Grupo de Yacimientos Zonas Arenal e Intracampos,BATERIA ALMACENAMIENTO PLANTA CULLEN,PETRÓLEO,VALIDADO,-68.85966539,-52.8872985,0.0,1.101,POL_789,sin_clasificar
790,433.0,BLOQUE INTRACAMPOS,EMPRESA NACIONAL DEL PETROLEO,REGIÓN DE MAGALLANES Y LA ANTÁRTICA CHILENA,PRIMAVERA,Petróleo,Instalación minera,Grande,CATEGORIA A,No identificado,Confirmado,Coincide,Confirmado,Grupo de Yacimientos Zonas Arenal e Intracampos,BATERIA 820,PETRÓLEO,VALIDADO,-68.88136134,-52.83874405,0.005,0.0,POL_790,sin_clasificar
791,433.0,SUBAREAS C1 EN CONTINENTE Y T1 EN TIERRA DEL FUEGO,EMPRESA NACIONAL DEL PETROLEO,REGIÓN DE MAGALLANES Y LA ANTÁRTICA CHILENA,PRIMAVERA,Petróleo,Instalación minera,Grande,CATEGORIA A,No identificado,Posible,Revisar,Confirmado,Grupo de Yacimientos Zonas Arenal e Intracampos,CENTRAL TRES LAGOS N°4,GAS NATURAL,VALIDADO,-68.948146,-52.750342,2.392,0.033,POL_791,sin_clasificar
792,116.0,BLOQUE CAMPANARIO,GREGORIO ENERGY TDF SPA,REGIÓN DE MAGALLANES Y LA ANTÁRTICA CHILENA,PRIMAVERA,Petróleo,Instalación minera,Grande,CATEGORIA D,No identificado,Posible,Revisar,Confirmado,BLOQUE CAMPANARIO,POZO RIGBY X-1 (No Perforado),PETRÓLEO,VALIDADO,-69.30624645,-52.90344188,0.459,4.681,POL_792,sin_clasificar
793,433.0,POZOS REINYECTORES DE AGUA AREA ISLA,EMPRESA NACIONAL DEL PETROLEO,REGIÓN DE MAGALLANES Y LA ANTÁRTICA CHILENA,PRIMAVERA,Petróleo,Instalación minera,Grande,CATEGORIA A,No identificado,Posible,Revisar,Confirmado,Grupo de Yacimientos Zonas Arenal e Intracampos,POZO TRES LAGOS 25,PETRÓLEO,VALIDADO,-68.81684733,-52.91977792,4.869,0.0,POL_793,sin_clasificar
794,433.0,POZOS PO T-A PO T-B CO-TA Y CA T-A TERCIARIO POSESION,EMPRESA NACIONAL DEL PETROLEO,REGIÓN DE MAGALLANES Y LA ANTÁRTICA CHILENA,SAN GREGORIO,Petróleo,Instalación minera,Grande,CATEGORIA A,No identificado,Posible,Coincide,Posible,Grupo de Yacimientos Zona Continente y Costa Afuera,POZO POSESIÓN 67,GAS NATURAL,VALIDADO,-69.043179,-52.200728,0.0,2.772,POL_794,sin_clasificar
795,433.0,YACIMIENTO DANIEL,EMPRESA NACIONAL DEL PETROLEO,REGIÓN DE MAGALLANES Y LA ANTÁRTICA CHILENA,SAN GREGORIO,Petróleo,Mina / faena,Grande,CATEGORIA A,No identificado,Posible,Coincide,Posible,Grupo de Yacimientos Zona Continente y Costa Afuera,CALENTADOR SKUA DANIEL,PETRÓLEO,VALIDADO,-68.789191,-52.2844995,0.058,0.215,POL_795,sin_clasificar
796,433.0,YACIMIENTO POSESION,EMPRESA NACIONAL DEL PETROLEO,REGIÓN DE MAGALLANES Y LA ANTÁRTICA CHILENA,SAN GREGORIO,Petróleo,Mina / faena,Grande,CATEGORIA A,No identificado,Posible,Revisar,Confirmado,Grupo de Yacimientos Zona Continente y Costa Afuera,CAMPAMENTO POSESIÓN,GAS NATURAL,VALIDADO,-68.96057533,-52.24014267,0.125,0.0,POL_796,sin_clasificar
797,282.0,POZO EMPRESTITO LA CHIMBA,SERVIAUSTRAL LTDA.,REGIÓN DE MAGALLANES Y LA ANTÁRTICA CHILENA,PORVENIR,Áridos,Extracción de áridos,Grande,CATEGORIA D,No identificado,Posible,Coincide,Sin coincidencia,BLOQUE FLAMENCO,POZO CHERCÁN 3 (No Perforado),GAS NATURAL,VALIDADO,-69.27677043,-53.2144095,0.0,18.644,POL_797,sin_clasificar
798,520.0,PLANTA COLCAUSA S.A.,COLCAUSA S.A.,REGIÓN DE MAGALLANES Y LA ANTÁRTICA CHILENA,PORVENIR,Cobre,Planta / procesamiento,No informado,CATEGORIA D,No identificado,Revisar,Revisar,Sin coincidencia,LAVADERO DE ORO DANYKA 7,PLANTA DE PROCESAMIENTO,ORO METÁLICO O NATIVO,VALIDADO,-70.357037,-53.315612,1.134,20.096,POL_798,sin_clasificar
799,116.0,BLOQUE FLAMENCO,GREGORIO ENERGY TDF SPA,REGIÓN DE MAGALLANES Y LA ANTÁRTICA CHILENA,PORVENIR,Petróleo,Instalación minera,Grande,CATEGORIA D,No identificado,Posible,Revisar,Confirmado,BLOQUE FLAMENCO,BATERÍA FLAMENCO 7,PETRÓLEO,VALIDADO,-68.82151053,-53.12267678,0.137,0.0,POL_799,sin_clasificar
800,119.0,BLOQUE SAN SEBASTIAN,YPF CHILE SA,REGIÓN DE MAGALLANES Y LA ANTÁRTICA CHILENA,PORVENIR,Petróleo,Instalación minera,Grande,CATEGORIA D,No identificado,Posible,Revisar,Confirmado,BLOQUE SAN SEBASTIAN,BODEGAS Y PATIO DE MATERIALES CARPINTERO,PETRÓLEO,VALIDADO,-68.88652661,-53.1716728,1.453,2.028,POL_800,sin_clasificar
801,433.0,POZO AGUILA 1,EMPRESA NACIONAL DEL PETROLEO,REGIÓN DE MAGALLANES Y LA ANTÁRTICA CHILENA,PORVENIR,Petróleo,Instalación minera,Grande,CATEGORIA D,No identificado,Confirmado,Coincide,Confirmado,BLOQUE SAN SEBASTIAN,POZO GAVIOTA NORTE  10,PETRÓLEO,VALIDADO,-68.7203174,-53.20628551,0.005,0.0,POL_801,sin_clasificar
802,45.0,BLOQUES LENGA Y RUSSFIN,APACHE CHILE ENERGIA SPA,REGIÓN DE MAGALLANES Y LA ANTÁRTICA CHILENA,PORVENIR,Petróleo,Instalación minera,No informado,CATEGORIA D,No identificado,Posible,Revisar,Posible,BLOQUE SAN SEBASTIAN,POZO HUALA X1,PETRÓLEO,VALIDADO,-68.873168,-53.333426,1.766,0.0,POL_802,sin_clasificar
803,433.0,POZOS ALMEJA J2 Y K,EMPRESA NACIONAL DEL PETROLEO,REGIÓN DE MAGALLANES Y LA ANTÁRTICA CHILENA,PRIMAVERA,Petróleo,Instalación minera,Grande,CATEGORIA A,No identificado,Posible,Revisar,Posible,Grupo de Yacimientos Zona Continente y Costa Afuera,POZO ALMEJA J2,GAS NATURAL,VALIDADO,-69.43404977,-52.45445023,2.052,7.327,POL_803,sin_clasificar
804,201.0,SONDAJE MINERO JEINIMENI,SOUTHERN GOLD SPA,REGIÓN DE AYSÉN,CHILE CHICO,No informado,Instalación minera,No informado,CATEGORIA C,No identificado,Revisar,Revisar,Sin coincidencia,PROYECTO LOS DOMOS,PROYECTO LOS DOMOS,ORO - PLATA,VALIDADO,-71.75102234,-46.70973594,1.923,2.027,POL_804,sin_clasificar
805,331.0,MINERA CERRO BAYO,COMPAÑIA MINERA CERRO BAYO SPA,REGIÓN DE AYSÉN,CHILE CHICO,Oro y Plata,Instalación minera,Grande,CATEGORIA C,No identificado,Posible,Revisar,Confirmado,MINA CERRO BAYO,TRANQUE DE RELAVES FACHINAL,PLATA - ORO,VALIDADO,-72.002264,-46.561959,1.128,0.0,POL_805,sin_clasificar
806,732.0,EXTRACCION DE ARIDOS BALMACEDA,S/I,REGIÓN DE AYSÉN,COYHAIQUE,Áridos,Extracción de áridos,No informado,CATEGORIA D,No identificado,Revisar,Revisar,Sin coincidencia,MINA BALMACEDA,MINA BALMACEDA,SULFUROS DE COBRE,VALIDADO,-71.70765975,-45.91070022,1.125,1431.919,POL_806,sin_clasificar
807,733.0,POZO LASTRERO EL RECREO,LUIS PATRICIO ROA MUÑOZ,REGIÓN DE AYSÉN,AYSEN,Áridos,Extracción de áridos,No informado,,No identificado,Revisar,Revisar,Sin coincidencia,,,,VALIDADO,-73.6274305,-45.419398,84.597,,POL_807,sin_clasificar
808,734.0,POZO LASTRERO KM 14 PUERTO AYSEN,S/I,REGIÓN DE AYSÉN,AYSEN,Áridos,Extracción de áridos,No informado,CATEGORIA A,No identificado,Revisar,Revisar,Sin coincidencia,FAENA LOS PELAMBRES,PUERTO,COBRE - MOLIBDENO,VALIDADO,-72.543019,-45.39788,0.143,1497.662,POL_808,sin_clasificar
809,735.0,EXTRACCION DE ARIDOS POZO EL ESPEJO,MARLENE BALBOA ALVAREZ,REGIÓN DE AYSÉN,AYSEN,Áridos,Extracción de áridos,No informado,CATEGORIA D,No identificado,Revisar,Coincide,Sin coincidencia,PROSPECTO ESPEJO,EXPLORACIONES,OXIDOS DE COBRE,VALIDADO,-72.454287,-45.392119,0.0,2448.375,POL_809,sin_clasificar
810,736.0,EXTRACCION DE ARIDOS - POZO HERNANDEZ,S/I,REGIÓN DE AYSÉN,AYSEN,Áridos,Extracción de áridos,No informado,CATEGORIA C,No identificado,Revisar,Coincide,Sin coincidencia,PROCESAMIENTO DE RELAVES,HERNANDEZ 2,SULFUROS DE COBRE,VALIDADO,-72.444875,-45.379093,0.02,1527.885,POL_810,sin_clasificar
811,380.0,LAS CENIZAS TALTAL (LAS LUCES),MINERA LAS CENIZAS S.A.,REGIÓN DE ANTOFAGASTA,TALTAL,No informado,Instalación minera,Grande,CATEGORIA A,Posible,Posible,Revisar,Confirmado,LAS CENIZAS TALTAL (LAS LUCES),TRANQUE DE RELAVE,OXIDOS DE COBRE,VALIDADO,-70.526627,-25.68659233,4.125,0.0,POL_811,sin_clasificar
812,255.0,PROYECTO MINERO ATACAMA KOZAN- EL BRONCE DE ATACAMA,SOCIEDAD CONTRACTUAL MINERA ATACAMA KOZAN,REGIÓN DE ATACAMA,TIERRA AMARILLA,Cobre,Proyecto / exploración,Grande,CATEGORIA A,No identificado,Posible,Revisar,Confirmado,KOZAN,CHANCADOR PRIMARIO (INTERIOR MINA),OXIDOS DE COBRE,VALIDADO,-70.26994825,-27.43934525,7.026,0.0,POL_812,sin_clasificar
9990,,Area de mina norte 5 nueva victoria,SQM NITRATOS S.A.,REGIÓN DE TARAPACÁ,POZO ALMONTE,No informado,Mina / faena,No informado,CATEGORIA A,No identificado,Revisar,Revisar,Sin coincidencia,POZO ALMONTE (MINAS  Y FAENA TEA),MINA NORTE,CALICHE (YODO),VALIDADO,-69.81488,-20.81691,,18.209,POL_9990,sin_clasificar
9991,,MINA SAN CRISTOBAL,MINERA SAN CRISTOBAL S.A,REGIÓN DE ANTOFAGASTA,SIERRA GORDA,No informado,Mina / faena,No informado,CATEGORIA D,No identificado,Posible,Revisar,Confirmado,MINERA SAN CRISTOBAL S.A.,MINA RAJO ABIERTO,OXIDOS DE COBRE,VALIDADO,-69.54402,-23.54886,,1.296,POL_9991,sin_clasificar
900001,307.0,PLANTA PULLALLI,COMPAÑIA MINERA PULLALI LIMITADA,REGIÓN DE VALPARAÍSO,LA LIGUA,Oro y Plata,Mina,No informado,CATEGORIA C,No identificado,Revisar,Revisar,Confirmado,PLANTA PULLALLI,CHANCADO PRIMARIO,ORO METÁLICO O NATIVO,VALIDADO,-71.3203123,-32.39963834,,2.97,POL_900001,sin_clasificar
900002,276.0,PLANTA CONDORIACO,COMPAÑIA MINERA SAN GERONIMO,REGIÓN DE COQUIMBO,VICUÑA,Cobre,Mina,No informado,CATEGORIA A,No identificado,Revisar,Revisar,Confirmado,FAENA TALCUNA,TALLERES,SULFUROS DE COBRE,VALIDADO,-70.89257683,-29.86922569,,0.0,POL_900002,sin_clasificar
900003,27.0,DIVISIÓN MINISTRO HALES,CODELCO,REGIÓN DE ANTOFAGASTA,CALAMA,Cobre,Mina,Grande,CATEGORIA A,No identificado,Revisar,Revisar,Confirmado,CODELCO CHILE DIVISION CHUQUICAMATA,PLANTAS DE OXIGENO,SULFUROS Y ÓXIDOS DE COBRE,VALIDADO,-68.89674866,-22.38784053,,0.0,POL_900003,sin_clasificar
900004,27.0,MINISTRO SUR,CODELCO,REGIÓN DE ANTOFAGASTA,CALAMA,Cobre,Mina,Grande,CATEGORIA A,No identificado,Revisar,Revisar,Confirmado,CODELCO CHILE DIVISION CHUQUICAMATA,PLANTAS DE OXIGENO,SULFUROS Y ÓXIDOS DE COBRE,VALIDADO,-68.90838225,-22.31820042,,0.0,POL_900004,sin_clasificar
900005,27.0,RADOMIROC TOMIC,CODELCO,REGIÓN DE ANTOFAGASTA,CALAMA,Cobre,Mina,Grande,CATEGORIA A,No identificado,Revisar,Revisar,Confirmado,CODELCO CHILE DIVISION CHUQUICAMATA,PLANTAS DE OXIGENO,SULFUROS Y ÓXIDOS DE COBRE,VALIDADO,-68.88554957,-22.21541138,,0.0,POL_900005,sin_clasificar
900007,,MONTECRISTO,METALURGIA SOLYMET SPA,REGIÓN DE ANTOFAGASTA,TALTAL,Cobre,Mina,No informado,,No identificado,Revisar,Revisar,Sin coincidencia,,,,VALIDADO,-70.3871397,-24.96234028,,,POL_900007,sin_clasificar
900008,,MINA POMPEYA,LARA RAMIREZ LTDA,REGIÓN DE ANTOFAGASTA,MEJILLONES,Cobre,Mina,No informado,,No identificado,Revisar,Revisar,Sin coincidencia,,,,VALIDADO,-70.22101739,-22.75431751,,,POL_900008,sin_clasificar
900009,,FAENA MICHILLA - FLORIDA,MINERA HMC S.A.,REGIÓN DE ANTOFAGASTA,MEJILLONES,Cobre,Mina,No informado,,No identificado,Revisar,Revisar,Sin coincidencia,,,,VALIDADO,-70.23401003,-22.72904025,,,POL_900009,sin_clasificar
900010,,CAROLINA,SLM ROJAS Y BLANCO,REGIÓN DE ANTOFAGASTA,MEJILLONES,Cobre,Mina,No informado,,No identificado,Revisar,Revisar,Sin coincidencia,,,,VALIDADO,-70.23122291,-22.71595361,,,POL_900010,sin_clasificar
900011,,PLANTA INDUSTRIAL MARIA ELENA,SQM INDUSTRIAL S.A.,REGIÓN DE ANTOFAGASTA,MARÍA ELENA,Caliche,Planta,No informado,,No identificado,Revisar,Revisar,Sin coincidencia,,,,VALIDADO,-69.65429646,-22.33771431,,,POL_900011,sin_clasificar
900012,,FUNDICIÓN ALTONORTE,COMPLEJO METALURGICO,REGIÓN DE ANTOFAGASTA,ANTOFAGASTA,No informado,Instalación minera,No informado,,No identificado,Revisar,Revisar,Sin coincidencia,,,,VALIDADO,-70.31868002,-23.82572804,,,POL_900012,sin_clasificar
900013,,DOÑA ELBA,MINERA LOS PORTALES,REGIÓN DE ANTOFAGASTA,TALTAL,Cobre,Mina,No informado,,No identificado,Revisar,Revisar,Sin coincidencia,,,,VALIDADO,-70.39500996,-25.61205152,,,POL_900013,sin_clasificar
900014,,JULIA,MINERA RENACER LTDA,REGIÓN DE ANTOFAGASTA,TALTAL,Cobre,Mina,No informado,,No identificado,Revisar,Revisar,Sin coincidencia,,,,VALIDADO,-70.27032777,-24.90286758,,,POL_900014,sin_clasificar
900015,,DIVISIÓN GABRIELA MISTRAL,CODELCO,REGIÓN DE ANTOFAGASTA,SIERRA GORDA,Cobre,Mina,No informado,,No identificado,Revisar,Revisar,Sin coincidencia,,,,VALIDADO,-68.81120806,-23.42987602,,,POL_900015,sin_clasificar
900016,,FORTUNA,MINERA MERIDIAN LIMITADA,REGIÓN DE ANTOFAGASTA,ANTOFAGASTA,Oro,Mina,No informado,,No identificado,Revisar,Revisar,Sin coincidencia,,,,VALIDADO,-69.58866285,-24.4194549,,,POL_900016,sin_clasificar
900017,,EXPLORACIÓN SUBTERRÁNEA LAGUNA,MINERA MERIDIAN,REGIÓN DE ANTOFAGASTA,ANTOFAGASTA,Oro,Mina,No informado,,No identificado,Revisar,Revisar,Sin coincidencia,,,,VALIDADO,-69.62171197,-24.4649605,,,POL_900017,sin_clasificar
900018,,ALMANCAYA,LARA RAMIREZ LTDA,REGIÓN DE ANTOFAGASTA,TALTAL,Oro,Mina,No informado,,No identificado,Revisar,Revisar,Sin coincidencia,,,,VALIDADO,-69.81263262,-25.56730727,,,POL_900018,sin_clasificar
900019,,PLANTA ERCILLA - CHOPE,"SOCIEDAD LARA Y COMPAÑIA, MONTE DE LUZ LIMITADA",REGIÓN DE ANTOFAGASTA,SIERRA GORDA,Cobre,Mina,No informado,,No identificado,Revisar,Revisar,Sin coincidencia,,,,VALIDADO,-69.9005892,-23.16486961,,,POL_900019,sin_clasificar
900020,,COMAHUE,LUIS GUERRERO GUERRERO,REGIÓN DE ANTOFAGASTA,ANTOFAGASTA,Cobre,Mina,No informado,,No identificado,Revisar,Revisar,Sin coincidencia,,,,VALIDADO,-70.2568807,-23.48937386,,,POL_900020,sin_clasificar
900021,,EL WAY,CBB CALES S.A.,REGIÓN DE ANTOFAGASTA,ANTOFAGASTA,Carbonato de calcio,Mina,No informado,,No identificado,Revisar,Revisar,Sin coincidencia,,,,VALIDADO,-70.37843201,-23.84393684,,,POL_900021,sin_clasificar
900022,,SAN JOSÉ,SOCIEDAD CONSTRUCTORA Y SERVICIOS IÑAKI LTDA.,REGIÓN DE ANTOFAGASTA,CALAMA,Cobre,Mina,No informado,,No identificado,Revisar,Revisar,Sin coincidencia,,,,VALIDADO,-68.43327684,-22.53601233,,,POL_900022,sin_clasificar
900023,,PLANTA COCHRANE,RIPIOS DE SIERRA GORDA,REGIÓN DE ANTOFAGASTA,SIERRA GORDA,Cobre,Mina,No informado,,No identificado,Revisar,Revisar,Sin coincidencia,,,,VALIDADO,-69.37207045,-22.94785375,,,POL_900023,sin_clasificar
900024,,PLANTA BORATOS NUDO URIBE,QUIBORAX S.A.,REGIÓN DE ANTOFAGASTA,ANTOFAGASTA,ULEXITA,Mina,No informado,,No identificado,Revisar,Revisar,Sin coincidencia,,,,VALIDADO,-70.25538112,-23.58801628,,,POL_900024,sin_clasificar
900025,,CONSTANZA,SCM COMPAÑIA MINERA CONSTANZA,REGIÓN DE ANTOFAGASTA,ANTOFAGASTA,Cobre,Mina,No informado,,No identificado,Revisar,Revisar,Sin coincidencia,,,,VALIDADO,-70.16262679,-23.46716533,,,POL_900025,sin_clasificar
900026,,PAMPA AUGUSTA VICTORIA,MINERA MERIDIAN LIMITADA,REGIÓN DE ANTOFAGASTA,ANTOFAGASTA,Oro,Mina,No informado,,No identificado,Revisar,Revisar,Sin coincidencia,,,,VALIDADO,-69.42977247,-24.19530969,,,POL_900026,sin_clasificar
900028,,SANTA EMA,SOC.MINERA SANTA EMA SPA.,REGIÓN DE ARICA Y PARINACOTA,ARICA,Cobre,Mina,No informado,,No identificado,Revisar,Revisar,Sin coincidencia,,,,VALIDADO,-70.2218644,-18.63648582,,,POL_900028,sin_clasificar
900029,,BELLAVISTA,GLOBAL COMODITIES SPA,REGIÓN DE ATACAMA,COPIAPO,Hierro,Mina,No informado,,No identificado,Revisar,Revisar,Sin coincidencia,,,,VALIDADO,-70.39704074,-27.25048305,,,POL_900029,sin_clasificar
900030,,EL ALGARROBO,ARAYA HERMANOS S.A.,REGIÓN DE ATACAMA,VALLENAR,Hierro,Mina,No informado,,No identificado,Revisar,Revisar,Sin coincidencia,,,,VALIDADO,-70.98504643,-28.80752513,,,POL_900030,sin_clasificar
900031,,FILIPINA NORTE - CAMINADA,JOSE LUIS CRESPO GARCIA,REGIÓN DE ATACAMA,FREIRINA,Cobre,Mina,No informado,,No identificado,Revisar,Revisar,Sin coincidencia,,,,VALIDADO,-70.88280425,-28.41011293,,,POL_900031,sin_clasificar
900032,,DIEGO DE ALMEYDA,COMPAÑIA MINERA POTRERILLOS LTDA,REGIÓN DE ATACAMA,DIEGO DE ALMAGRO,Cobre,Mina,No informado,,No identificado,Revisar,Revisar,Sin coincidencia,,,,VALIDADO,-70.01302854,-26.36178305,,,POL_900032,sin_clasificar
900033,,EL CRISTO,CALIDRA CHILE IMPORTACIONES MINERALES SPA,REGIÓN DE ATACAMA,COPIAPO,Carbonato de calcio,Mina,No informado,,No identificado,Revisar,Revisar,Sin coincidencia,,,,VALIDADO,-71.00851507,-27.76254482,,,POL_900033,sin_clasificar
900034,,EL ENCIERRO,ANTOFAGASTA MINERALS,REGIÓN DE ATACAMA,ALTO DEL CARMÉN,Cobre,Mina,No informado,,No identificado,Revisar,Revisar,Sin coincidencia,,,,VALIDADO,-69.88003317,-29.08047788,,,POL_900034,sin_clasificar
900035,,TERNERA - EL ZORRO,EL ZORRO S.C.M.,REGIÓN DE ATACAMA,CALDERA,Oro,Mina,No informado,,No identificado,Revisar,Revisar,Sin coincidencia,,,,VALIDADO,-70.59082238,-26.78423359,,,POL_900035,sin_clasificar
900036,,LA CUESTA - FELIPE,COMPAÑIA MINERA CHIPANA S.A.,REGIÓN DE ATACAMA,FREIRINA,Cobre,Mina,No informado,,No identificado,Revisar,Revisar,Sin coincidencia,,,,VALIDADO,-71.08918439,-28.90266461,,,POL_900036,sin_clasificar
900037,,LA FAROLA,SOCIEDAD TORRES FENERO LTDA,REGIÓN DE ATACAMA,COPIAPO,Cobre,Mina,No informado,,No identificado,Revisar,Revisar,Sin coincidencia,,,,VALIDADO,-70.35528891,-27.58951346,,,POL_900037,sin_clasificar
900038,,EX-FUNDICIÓN HERNÁN VIDELA LIRA,ENAMI,REGIÓN DE ATACAMA,COPIAPO,Cobre,Mina,No informado,,No identificado,Revisar,Revisar,Sin coincidencia,,,,VALIDADO,-70.25729639,-27.42007331,,,POL_900038,sin_clasificar
900039,,PLANTA MINERA ANITA - HELENA,SOCIEDAD MINERA HELENA EXPLORACIONES,REGIÓN DE ATACAMA,CHAÑARAL,Cobre,Mina,No informado,,No identificado,Revisar,Revisar,Sin coincidencia,,,,VALIDADO,-70.38650049,-26.76836094,,,POL_900039,sin_clasificar
900040,,IRON BLACK - SAN GABRIEL,BLACKANT MINERALS SPA,REGIÓN DE ATACAMA,CHAÑARAL,Cobre,Mina,No informado,,No identificado,Revisar,Revisar,Sin coincidencia,,,,VALIDADO,-70.10575559,-25.94279532,,,POL_900040,sin_clasificar
900041,,LA MALLOCA - LA FAMOSA,INVERSIONES NUTRAM SPA,REGIÓN DE ATACAMA,VALLENAR,Cobre,Mina,No informado,,No identificado,Revisar,Revisar,Sin coincidencia,,,,VALIDADO,-70.63394993,-28.64854272,,,POL_900041,sin_clasificar
900042,,MANTOS DE COBRE,SOCIEDAD PUNTA DEL COBRE S.A.,REGIÓN DE ATACAMA,TIERRA AMARILLA,Cobre,Mina,No informado,,No identificado,Revisar,Revisar,Sin coincidencia,,,,VALIDADO,-70.25740193,-27.45696663,,,POL_900042,sin_clasificar
900043,,PLANTA VIÑITA AZUL - COYOTE,S.C.M COYOTE,REGIÓN DE ATACAMA,COPIAPO,Cobre,Mina,No informado,,No identificado,Revisar,Revisar,Sin coincidencia,,,,VALIDADO,-70.32124806,-27.4169907,,,POL_900043,sin_clasificar
900044,,PLANTA DE CAL COPIAPÓ CEMENTOS BIO BIO,INACAL S.A.,REGIÓN DE ATACAMA,COPIAPO,Carbonato de Calcio,Mina,No informado,,No identificado,Revisar,Revisar,Sin coincidencia,,,,VALIDADO,-70.22170937,-27.3583033,,,POL_900044,sin_clasificar
900045,,PLANTA MARAY,HERNAN GONZALEZ SALAZAR,REGIÓN DE ATACAMA,COPIAPO,Cobre,Mina,No informado,,No identificado,Revisar,Revisar,Sin coincidencia,,,,VALIDADO,-70.34950031,-27.40143278,,,POL_900045,sin_clasificar
900046,,PLANTA PEDRO AGUIRRE CERDA CCMC,C.C. MINERA OJOS DEL SALADO,REGIÓN DE ATACAMA,TIERRA AMARILLA,Cobre,Mina,No informado,,No identificado,Revisar,Revisar,Sin coincidencia,,,,VALIDADO,-70.25861897,-27.49409753,,,POL_900046,sin_clasificar
900047,,PLANTA RIOSAL,MINERO SALADO SPA,REGIÓN DE ATACAMA,CHAÑARAL,Cobre,Mina,No informado,,No identificado,Revisar,Revisar,Sin coincidencia,,,,VALIDADO,-70.30919068,-26.42727932,,,POL_900047,sin_clasificar
900048,,RELAVE DOMEYKO,DMC SPA,REGIÓN DE ATACAMA,HUACO,Oro,Mina,No informado,,No identificado,Revisar,Revisar,Sin coincidencia,,,,VALIDADO,-70.8874809,-28.95485327,,,POL_900048,sin_clasificar
900049,,SALITROSA,SOCIEDAD CONTRACTUAL MINERA KAMIKASE,REGIÓN DE ATACAMA,CHAÑARAL,Hierro,Mina,No informado,,No identificado,Revisar,Revisar,Sin coincidencia,,,,VALIDADO,-70.4240039,-26.73854082,,,POL_900049,sin_clasificar
900050,,SANTOS,C.C. MINERA OJOS DEL SALADO,REGIÓN DE ATACAMA,TIERRA AMARILLA,Cobre,Mina,No informado,,No identificado,Revisar,Revisar,Sin coincidencia,,,,VALIDADO,-70.26086793,-27.47354869,,,POL_900050,sin_clasificar
900051,,SAN ANTONIO - CARACOLES,CIA MIRA SAN GERONIMO,REGIÓN DE COQUIMBO,LA SERENA,Cobre,Mina,No informado,,No identificado,Revisar,Revisar,Sin coincidencia,,,,VALIDADO,-71.03633438,-29.79879233,,,POL_900051,sin_clasificar
900052,,PLANTA SAN ALEJANDRO (EX TRAPICHE),FMA/P,REGIÓN DE COQUIMBO,LA HIGUERA,Cobre,Mina,No informado,,No identificado,Revisar,Revisar,Sin coincidencia,,,,VALIDADO,-71.12298619,-29.35731617,,,POL_900052,sin_clasificar
900053,,YESO CORRAL,YESOS ANDINOS SPA,REGIÓN DE COQUIMBO,VICUÑA,Yeso,Mina,No informado,,No identificado,Revisar,Revisar,Sin coincidencia,,,,VALIDADO,-70.96514561,-30.23107185,,,POL_900053,sin_clasificar
900054,,ESCUKA EL BRILLADOR,CIA MIRA SAN GERONIMO,REGIÓN DE COQUIMBO,LA SERENA,Cobre,Mina,No informado,,No identificado,Revisar,Revisar,Sin coincidencia,,,,VALIDADO,-71.19447056,-29.81353599,,,POL_900054,sin_clasificar
900055,,SANTA ROSA - ESTRELLA ORIENTAL,SOCIEDAD HLY MINERA LTDA,REGIÓN DE COQUIMBO,LA HIGUERA,Cobre,Mina,No informado,,No identificado,Revisar,Revisar,Sin coincidencia,,,,VALIDADO,-71.12833711,-29.35569939,,,POL_900055,sin_clasificar
900056,,PLANTA SANTO DOMINGO,TERRAMINERALES CHILE SPA,REGIÓN DE COQUIMBO,LA HIGUERA,Manganeso,Mina,No informado,,No identificado,Revisar,Revisar,Sin coincidencia,,,,VALIDADO,-71.14963262,-29.34279694,,,POL_900056,sin_clasificar
900057,,CINABRO - SAN ANDRÉS,MINERA BMR SPA,REGIÓN DE COQUIMBO,OVALLE,Cobre,Mina,No informado,,No identificado,Revisar,Revisar,Sin coincidencia,,,,VALIDADO,-71.21465685,-30.72310724,,,POL_900057,sin_clasificar
900058,,FAENA CLAUDIO ALBERTO- PLANTA RIVERA,COMPAÑÍA MINERA CLAUDIO ALBERTO ISA,REGIÓN DE COQUIMBO,LA HIGUERA,Cobre,Mina,No informado,,No identificado,Revisar,Revisar,Sin coincidencia,,,,VALIDADO,-71.11542299,-29.36386549,,,POL_900058,sin_clasificar
900059,,FAENA DELIRIO -EL TAMBOR,COMPAÑIA MINERA DELIRIO,REGIÓN DE COQUIMBO,VICUÑA,Cobre,Mina,No informado,,No identificado,Revisar,Revisar,Sin coincidencia,,,,VALIDADO,-70.8766362,-29.9023713,,,POL_900059,sin_clasificar
900060,,EMELINA - TALCUNA,ENAMI,REGIÓN DE COQUIMBO,VICUÑA,Cobre,Mina,No informado,,No identificado,Revisar,Revisar,Sin coincidencia,,,,VALIDADO,-70.88819268,-29.8909294,,,POL_900060,sin_clasificar
900061,,FAENA ESCOBA - MASERVI,DANIEL FERNANDEZ GIZZI,REGIÓN DE COQUIMBO,OVALLE,Cobre,Mina,No informado,,No identificado,Revisar,Revisar,Sin coincidencia,,,,VALIDADO,-71.12801721,-30.48019742,,,POL_900061,sin_clasificar
900062,,CALIZAS DE QUILIMARI,EXPLOTADORA DE MINAS SPA,REGIÓN DE COQUIMBO,LOS VILOS,Carbonato de calcio,Mina,No informado,,No identificado,Revisar,Revisar,Sin coincidencia,,,,VALIDADO,-71.30427439,-32.01959061,,,POL_900062,sin_clasificar
900063,,FAENA LINDEROS,COMPAÑIA MINERA RINCONADA SPA,REGIÓN DE COQUIMBO,VICUÑA,Cobre,Mina,No informado,,No identificado,Revisar,Revisar,Sin coincidencia,,,,VALIDADO,-70.99643114,-29.97357469,,,POL_900063,sin_clasificar
900064,,FAENA SOR TERESA,INDUSTRIA MIERA EL TRAPICHE SPA,REGIÓN DE COQUIMBO,LA HIGUERA,Cobre,Mina,No informado,,No identificado,Revisar,Revisar,Sin coincidencia,,,,VALIDADO,-71.12104794,-29.35901121,,,POL_900064,sin_clasificar
900065,,FAENA TESORO,SOCIEDAD LEGAL MINERA TESORO,REGIÓN DE COQUIMBO,LA HIGUERA,Cobre,Mina,No informado,,No identificado,Revisar,Revisar,Sin coincidencia,,,,VALIDADO,-71.06393521,-29.3601213,,,POL_900065,sin_clasificar
900066,,ISABEL,RIGOBERTO ALFARO,REGIÓN DE COQUIMBO,LA SERENA,Cobre,Mina,No informado,,No identificado,Revisar,Revisar,Sin coincidencia,,,,VALIDADO,-71.14300864,-29.82861756,,,POL_900066,sin_clasificar
900067,,CHOLITO - ESPERANZA,CHRISTIAN FLETCHER RAMIREZ,REGIÓN DE TARAPACÁ,IQUIQUE,Salmuera,Mina,No informado,,No identificado,Revisar,Revisar,Sin coincidencia,,,,VALIDADO,-70.05284482,-20.89012797,,,POL_900067,sin_clasificar
900068,,LAGUNAS,ACF. MINERA S.A.,REGIÓN DE TARAPACÁ,POZO ALMONTE,Caliche,Mina,No informado,,No identificado,Revisar,Revisar,Sin coincidencia,,,,VALIDADO,-69.68500491,-20.96830017,,,POL_900068,sin_clasificar
900070,,PUERTO PATACHE - COLLAHUASI,COLLAHUASI,REGIÓN DE TARAPACÁ,IQUIQUE,No informado,Puerto,No informado,,Sí,Revisar,Revisar,Sin coincidencia,,,,VALIDADO,-70.20099147,-20.8073189,,,POL_900070,sin_clasificar
900071,,PUERTO PATACHE - QUEBRADA BLANCA,COMPAÑIA MARÍA TECK QUEBRADA BLANCA S.A.,REGIÓN DE TARAPACÁ,IQUIQUE,Cobre,Mina,No informado,,No identificado,Revisar,Revisar,Sin coincidencia,,,,VALIDADO,-70.18543264,-20.78424923,,,POL_900071,sin_clasificar
900072,,BROWNFIELD CATEMU,SOCIEDAD EXPLORACIÓN Y DESARROLLO MINERO (EXPLODESA),REGIÓN DE VALPARAÍSO,CATEMU,Cobre,Mina,No informado,,No identificado,Revisar,Revisar,Sin coincidencia,,,,VALIDADO,-70.97610723,-32.73095974,,,POL_900072,sin_clasificar
900073,,MAESTRANZA - EX FUNDICIÓN VENTANAS,CODELCO,REGIÓN DE VALPARAÍSO,PUCHUNCAVI,Cobre,Fundición,No informado,,No identificado,Revisar,Revisar,Sin coincidencia,,,,VALIDADO,-71.4805875,-32.75730307,,,POL_900073,sin_clasificar
900074,,FUNDICIÓN CHAGRES,ANGLO AMERICAN SUR S.A.,REGIÓN DE VALPARAÍSO,CATEMU,Cobre,Mina,No informado,,No identificado,Revisar,Revisar,Sin coincidencia,,,,VALIDADO,-70.95513797,-32.80457621,,,POL_900074,sin_clasificar
900075,,EL BRONCE,COMPAÑIA MINERA CAN CAN S.A.,REGIÓN DE VALPARAÍSO,PETORCA,Oro,Mina,No informado,,No identificado,Revisar,Revisar,Sin coincidencia,,,,VALIDADO,-70.94197958,-32.19288163,,,POL_900075,sin_clasificar
900076,,PLANTA CHINCOLCO,PLANTA CONCENTRADORA DE MINERALES CHINCOLCO SPA,REGIÓN DE VALPARAÍSO,PETORCA,Cobre,Mina,No informado,,No identificado,Revisar,Revisar,Sin coincidencia,,,,VALIDADO,-70.87506024,-32.22107727,,,POL_900076,sin_clasificar
900077,,PLANTA ED CHANCADO MOVIL KLEEMANN,INGENIERIA EN TRANSPORTE MIRADOR SPA,REGIÓN DE VALPARAÍSO,LLAYLLAY,Cobre,Mina,No informado,,No identificado,Revisar,Revisar,Sin coincidencia,,,,VALIDADO,-70.96136996,-32.8449505,,,POL_900077,sin_clasificar
900078,,PILPILCO MINERALES - PARQUE INDUSTRIAL CURANILAHUE,SOCIEDAD DE SERVICIOS MINEROS PILPILCO MINERALES LTDA. (EX ESTERO MACHO LTDA.),REGIÓN DEL BIOBÍO,CURANILAHUE,Carbón,Mina,No informado,,No identificado,Revisar,Revisar,Sin coincidencia,,,,VALIDADO,-73.36448479,-37.44891117,,,POL_900078,sin_clasificar
900079,,PLANTA CENTR DEMOSTRATIVO - INTERNEC CHILE,REEE UNO SPA,REGIÓN DEL BIOBÍO,SAN PEDRO DE LA PAZ,Tierras raras,Mina,No informado,,No identificado,Revisar,Revisar,Sin coincidencia,,,,VALIDADO,-73.14473185,-36.87018029,,,POL_900079,sin_clasificar
900080,,PLANTA DE LAVADO CARBOMAT,CARBOMAT LTDA,REGIÓN DEL BIOBÍO,CURANILAHUE,Carbón,Mina,No informado,,No identificado,Revisar,Revisar,Sin coincidencia,,,,VALIDADO,-73.35948423,-37.46632436,,,POL_900080,sin_clasificar
900081,,PLANTA PROCESO Y MINA SANTA DORILA,S.L.M.STA.DORILA DE LAS ARENITAS,REGIÓN DEL MAULE,CONSTITUCIÓN,Siliceos,Mina,No informado,,No identificado,Revisar,Revisar,Sin coincidencia,,,,VALIDADO,-72.42489986,-35.38530878,,,POL_900081,sin_clasificar
900082,,LO AGUIRRE,MARTIN ROBERTO AMÓN ESPINDOLA MADRIS,REGIÓN METROPOLITANA DE SANTIAGO,PUDAHUEL,Cobre,Mina,No informado,,No identificado,Revisar,Revisar,Sin coincidencia,,,,VALIDADO,-70.91998342,-33.44487987,,,POL_900082,sin_clasificar
900083,,MAQUILA RELAVES FRESCOS DIV. ANDINA,VALLE ACONCAGUA SA.,REGIÓN METROPOLITANA DE SANTIAGO,TILTIL,Cobre,Mina,No informado,,No identificado,Revisar,Revisar,Sin coincidencia,,,,VALIDADO,-70.76463064,-33.01035946,,,POL_900083,sin_clasificar
900084,,MINA DE PUZOLANA PUDAHUEL,CEMENTO POLPAICO,REGIÓN METROPOLITANA DE SANTIAGO,PUDAHUEL,Pumicita,Mina,No informado,,No identificado,Revisar,Revisar,Sin coincidencia,,,,VALIDADO,-70.79246903,-33.44895351,,,POL_900084,sin_clasificar
900085,,EL ROMERAL,SOCIEDAD INDUSTRIAL ROMERAL S.A.,REGIÓN METROPOLITANA DE SANTIAGO,SAN JOSÉ DE MAIPO,Yeso,Mina,No informado,,No identificado,Revisar,Revisar,Sin coincidencia,,,,VALIDADO,-69.96212428,-33.61418537,,,POL_900085,sin_clasificar
900086,,PLANTA POLCURA INTEGRADA,MINERA SAN PEDRO S.A.,REGIÓN METROPOLITANA DE SANTIAGO,TILTIL,Cobre,Mina,No informado,,No identificado,Revisar,Revisar,Sin coincidencia,,,,VALIDADO,-70.90428307,-33.10203261,,,POL_900086,sin_clasificar
900087,,PLANTA CHANCON,SOCIEDAD MINERA LOS ROBLES SPA (EX-CIA. MIN. CHILENO RUMANA),REGIÓN DEL LIBERTADOR BERNARDO OHIGGINS,RANCAGUA,Oro,Mina,No informado,,No identificado,Revisar,Revisar,Sin coincidencia,,,,VALIDADO,-70.81303172,-34.07783281,,,POL_900087,sin_clasificar
