ID_POLIGONO,ID_OA,carpeta,distancia_km,aviso
POL_1,538.0,Inventario de humedales (1),1614.3853377379432,Distancia proyectada >500 km: verificar con método geodésico si se requiere precisión a larga distancia.
POL_4,360.0,Inventario de humedales (1),1567.6239970855688,Distancia proyectada >500 km: verificar con método geodésico si se requiere precisión a larga distancia.
POL_5,360.0,Inventario de humedales (1),1664.123741726594,Distancia proyectada >500 km: verificar con método geodésico si se requiere precisión a larga distancia.
POL_6,360.0,Inventario de humedales (1),1606.6466412178702,Distancia proyectada >500 km: verificar con método geodésico si se requiere precisión a larga distancia.
POL_7,78.0,Inventario de humedales (1),1551.743118736066,Distancia proyectada >500 km: verificar con método geodésico si se requiere precisión a larga distancia.
POL_8,22.0,Inventario de humedales (1),1559.5085512447868,Distancia proyectada >500 km: verificar con método geodésico si se requiere precisión a larga distancia.
POL_9,250.0,Inventario de humedales (1),1624.5927251943936,Distancia proyectada >500 km: verificar con método geodésico si se requiere precisión a larga distancia.
POL_10,226.0,Inventario de humedales (1),1502.7589334861552,Distancia proyectada >500 km: verificar con método geodésico si se requiere precisión a larga distancia.
POL_11,539.0,Inventario de humedales (1),1408.964360231506,Distancia proyectada >500 km: verificar con método geodésico si se requiere precisión a larga distancia.
POL_12,468.0,Inventario de humedales (1),1389.4364467461094,Distancia proyectada >500 km: verificar con método geodésico si se requiere precisión a larga distancia.
POL_13,190.0,Inventario de humedales (1),1350.325582653074,Distancia proyectada >500 km: verificar con método geodésico si se requiere precisión a larga distancia.
POL_14,223.0,Inventario de humedales (1),1328.3653163433892,Distancia proyectada >500 km: verificar con método geodésico si se requiere precisión a larga distancia.
POL_15,540.0,Inventario de humedales (1),1347.2624721692787,Distancia proyectada >500 km: verificar con método geodésico si se requiere precisión a larga distancia.
POL_17,192.0,Inventario de humedales (1),1334.2318985272843,Distancia proyectada >500 km: verificar con método geodésico si se requiere precisión a larga distancia.
POL_18,541.0,Inventario de humedales (1),1338.8077163603964,Distancia proyectada >500 km: verificar con método geodésico si se requiere precisión a larga distancia.
POL_19,465.0,Inventario de humedales (1),1336.417801552814,Distancia proyectada >500 km: verificar con método geodésico si se requiere precisión a larga distancia.
POL_20,434.0,Inventario de humedales (1),1325.9577862927904,Distancia proyectada >500 km: verificar con método geodésico si se requiere precisión a larga distancia.
POL_21,434.0,Inventario de humedales (1),1320.437842790152,Distancia proyectada >500 km: verificar con método geodésico si se requiere precisión a larga distancia.
POL_22,440.0,Inventario de humedales (1),1344.6257566882834,Distancia proyectada >500 km: verificar con método geodésico si se requiere precisión a larga distancia.
POL_23,468.0,Inventario de humedales (1),1455.7162808106273,Distancia proyectada >500 km: verificar con método geodésico si se requiere precisión a larga distancia.
POL_24,468.0,Inventario de humedales (1),1406.927571896846,Distancia proyectada >500 km: verificar con método geodésico si se requiere precisión a larga distancia.
POL_25,460.0,Inventario de humedales (1),1327.2032236400935,Distancia proyectada >500 km: verificar con método geodésico si se requiere precisión a larga distancia.
POL_26,419.0,Inventario de humedales (1),1336.1066044427325,Distancia proyectada >500 km: verificar con método geodésico si se requiere precisión a larga distancia.
POL_27,447.0,Inventario de humedales (1),1431.4143400699495,Distancia proyectada >500 km: verificar con método geodésico si se requiere precisión a larga distancia.
POL_29,214.0,Inventario de humedales (1),1400.0384014303263,Distancia proyectada >500 km: verificar con método geodésico si se requiere precisión a larga distancia.
POL_30,542.0,Inventario de humedales (1),1410.2900169450907,Distancia proyectada >500 km: verificar con método geodésico si se requiere precisión a larga distancia.
POL_31,78.0,Inventario de humedales (1),1418.8044347473847,Distancia proyectada >500 km: verificar con método geodésico si se requiere precisión a larga distancia.
POL_32,543.0,Inventario de humedales (1),1400.0892657741738,Distancia proyectada >500 km: verificar con método geodésico si se requiere precisión a larga distancia.
POL_33,164.0,Inventario de humedales (1),1444.6679781100024,Distancia proyectada >500 km: verificar con método geodésico si se requiere precisión a larga distancia.
POL_35,83.0,Inventario de humedales (1),1295.8289855525197,Distancia proyectada >500 km: verificar con método geodésico si se requiere precisión a larga distancia.
POL_36,110.0,Inventario de humedales (1),1344.0794314802802,Distancia proyectada >500 km: verificar con método geodésico si se requiere precisión a larga distancia.
POL_37,63.0,Inventario de humedales (1),1219.9074801173742,Distancia proyectada >500 km: verificar con método geodésico si se requiere precisión a larga distancia.
POL_38,355.0,Inventario de humedales (1),1199.7887569288296,Distancia proyectada >500 km: verificar con método geodésico si se requiere precisión a larga distancia.
POL_39,21.0,Inventario de humedales (1),1196.0869671664195,Distancia proyectada >500 km: verificar con método geodésico si se requiere precisión a larga distancia.
POL_40,517.0,Inventario de humedales (1),1199.000421403454,Distancia proyectada >500 km: verificar con método geodésico si se requiere precisión a larga distancia.
POL_41,515.0,Inventario de humedales (1),1169.01409662522,Distancia proyectada >500 km: verificar con método geodésico si se requiere precisión a larga distancia.
POL_42,291.0,Inventario de humedales (1),1161.0455677551427,Distancia proyectada >500 km: verificar con método geodésico si se requiere precisión a larga distancia.
POL_43,75.0,Inventario de humedales (1),1142.1439935852259,Distancia proyectada >500 km: verificar con método geodésico si se requiere precisión a larga distancia.
POL_44,149.0,Inventario de humedales (1),1102.9255842837053,Distancia proyectada >500 km: verificar con método geodésico si se requiere precisión a larga distancia.
POL_45,358.0,Inventario de humedales (1),1107.4608592214067,Distancia proyectada >500 km: verificar con método geodésico si se requiere precisión a larga distancia.
POL_46,408.0,Inventario de humedales (1),1128.1334838092355,Distancia proyectada >500 km: verificar con método geodésico si se requiere precisión a larga distancia.
POL_47,330.0,Inventario de humedales (1),1118.2979357858721,Distancia proyectada >500 km: verificar con método geodésico si se requiere precisión a larga distancia.
POL_48,373.0,Inventario de humedales (1),1129.2212390992572,Distancia proyectada >500 km: verificar con método geodésico si se requiere precisión a larga distancia.
POL_49,212.0,Inventario de humedales (1),1100.6739743909088,Distancia proyectada >500 km: verificar con método geodésico si se requiere precisión a larga distancia.
POL_50,176.0,Inventario de humedales (1),1101.4510379671233,Distancia proyectada >500 km: verificar con método geodésico si se requiere precisión a larga distancia.
POL_51,544.0,Inventario de humedales (1),1101.689061032147,Distancia proyectada >500 km: verificar con método geodésico si se requiere precisión a larga distancia.
POL_52,278.0,Inventario de humedales (1),1111.928927216143,Distancia proyectada >500 km: verificar con método geodésico si se requiere precisión a larga distancia.
POL_53,545.0,Inventario de humedales (1),1163.6033198838675,Distancia proyectada >500 km: verificar con método geodésico si se requiere precisión a larga distancia.
POL_55,27.0,Inventario de humedales (1),1187.0469652090644,Distancia proyectada >500 km: verificar con método geodésico si se requiere precisión a larga distancia.
POL_56,373.0,Inventario de humedales (1),1174.89144839253,Distancia proyectada >500 km: verificar con método geodésico si se requiere precisión a larga distancia.
POL_57,411.0,Inventario de humedales (1),1161.416779131873,Distancia proyectada >500 km: verificar con método geodésico si se requiere precisión a larga distancia.
POL_59,359.0,Inventario de humedales (1),1056.3253350464072,Distancia proyectada >500 km: verificar con método geodésico si se requiere precisión a larga distancia.
POL_60,546.0,Inventario de humedales (1),1141.4498037804203,Distancia proyectada >500 km: verificar con método geodésico si se requiere precisión a larga distancia.
POL_61,187.0,Inventario de humedales (1),978.1702214356233,Distancia proyectada >500 km: verificar con método geodésico si se requiere precisión a larga distancia.
POL_61,187.0,Reserva de la biosfera (1),569.2555704930661,Distancia proyectada >500 km: verificar con método geodésico si se requiere precisión a larga distancia.
POL_62,357.0,Inventario de humedales (1),951.493981238119,Distancia proyectada >500 km: verificar con método geodésico si se requiere precisión a larga distancia.
POL_62,357.0,Reserva de la biosfera (1),574.3629234570506,Distancia proyectada >500 km: verificar con método geodésico si se requiere precisión a larga distancia.
POL_63,313.0,Inventario de humedales (1),971.358052936999,Distancia proyectada >500 km: verificar con método geodésico si se requiere precisión a larga distancia.
POL_63,313.0,Reserva de la biosfera (1),571.8094929974269,Distancia proyectada >500 km: verificar con método geodésico si se requiere precisión a larga distancia.
POL_64,426.0,Inventario de humedales (1),965.5524761162377,Distancia proyectada >500 km: verificar con método geodésico si se requiere precisión a larga distancia.
POL_64,426.0,Reserva de la biosfera (1),587.8863472466265,Distancia proyectada >500 km: verificar con método geodésico si se requiere precisión a larga distancia.
POL_65,435.0,Inventario de humedales (1),998.5671006078238,Distancia proyectada >500 km: verificar con método geodésico si se requiere precisión a larga distancia.
POL_65,435.0,Reserva de la biosfera (1),560.3272486700729,Distancia proyectada >500 km: verificar con método geodésico si se requiere precisión a larga distancia.
POL_66,548.0,Inventario de humedales (1),1012.8711671872348,Distancia proyectada >500 km: verificar con método geodésico si se requiere precisión a larga distancia.
POL_66,548.0,Reserva de la biosfera (1),549.1209353880204,Distancia proyectada >500 km: verificar con método geodésico si se requiere precisión a larga distancia.
POL_67,36.0,Inventario de humedales (1),1024.8208330303323,Distancia proyectada >500 km: verificar con método geodésico si se requiere precisión a larga distancia.
POL_67,36.0,Reserva de la biosfera (1),533.0747375717269,Distancia proyectada >500 km: verificar con método geodésico si se requiere precisión a larga distancia.
POL_68,451.0,Inventario de humedales (1),950.9741862712954,Distancia proyectada >500 km: verificar con método geodésico si se requiere precisión a larga distancia.
POL_68,451.0,Reserva de la biosfera (1),593.012030371677,Distancia proyectada >500 km: verificar con método geodésico si se requiere precisión a larga distancia.
POL_69,549.0,Inventario de humedales (1),1039.8325811240072,Distancia proyectada >500 km: verificar con método geodésico si se requiere precisión a larga distancia.
POL_69,549.0,Reserva de la biosfera (1),520.5498882697929,Distancia proyectada >500 km: verificar con método geodésico si se requiere precisión a larga distancia.
POL_70,477.0,Inventario de humedales (1),1049.334874657057,Distancia proyectada >500 km: verificar con método geodésico si se requiere precisión a larga distancia.
POL_70,477.0,Reserva de la biosfera (1),515.1164798528717,Distancia proyectada >500 km: verificar con método geodésico si se requiere precisión a larga distancia.
POL_71,518.0,Inventario de humedales (1),1183.1179737846626,Distancia proyectada >500 km: verificar con método geodésico si se requiere precisión a larga distancia.
POL_72,430.0,Inventario de humedales (1),1145.2411477207536,Distancia proyectada >500 km: verificar con método geodésico si se requiere precisión a larga distancia.
POL_73,430.0,Inventario de humedales (1),1134.462569284829,Distancia proyectada >500 km: verificar con método geodésico si se requiere precisión a larga distancia.
POL_74,390.0,Inventario de humedales (1),1118.7656875836174,Distancia proyectada >500 km: verificar con método geodésico si se requiere precisión a larga distancia.
POL_76,271.0,Inventario de humedales (1),1052.4646006601376,Distancia proyectada >500 km: verificar con método geodésico si se requiere precisión a larga distancia.
POL_77,374.0,Inventario de humedales (1),1052.285184947684,Distancia proyectada >500 km: verificar con método geodésico si se requiere precisión a larga distancia.
POL_77,374.0,Reserva de la biosfera (1),504.22016092121333,Distancia proyectada >500 km: verificar con método geodésico si se requiere precisión a larga distancia.
POL_78,262.0,Inventario de humedales (1),1023.573212922627,Distancia proyectada >500 km: verificar con método geodésico si se requiere precisión a larga distancia.
POL_78,262.0,Reserva de la biosfera (1),536.3159766099485,Distancia proyectada >500 km: verificar con método geodésico si se requiere precisión a larga distancia.
POL_79,66.0,Inventario de humedales (1),1028.490138104983,Distancia proyectada >500 km: verificar con método geodésico si se requiere precisión a larga distancia.
POL_79,66.0,Reserva de la biosfera (1),532.0718985089618,Distancia proyectada >500 km: verificar con método geodésico si se requiere precisión a larga distancia.
POL_80,295.0,Inventario de humedales (1),998.3034865084519,Distancia proyectada >500 km: verificar con método geodésico si se requiere precisión a larga distancia.
POL_80,295.0,Reserva de la biosfera (1),557.9907188013137,Distancia proyectada >500 km: verificar con método geodésico si se requiere precisión a larga distancia.
POL_81,426.0,Inventario de humedales (1),1062.716774756242,Distancia proyectada >500 km: verificar con método geodésico si se requiere precisión a larga distancia.
POL_81,426.0,Reserva de la biosfera (1),502.33761196890094,Distancia proyectada >500 km: verificar con método geodésico si se requiere precisión a larga distancia.
POL_82,358.0,Inventario de humedales (1),1062.4658354737414,Distancia proyectada >500 km: verificar con método geodésico si se requiere precisión a larga distancia.
POL_83,358.0,Inventario de humedales (1),1066.9365172163593,Distancia proyectada >500 km: verificar con método geodésico si se requiere precisión a larga distancia.
POL_84,297.0,Inventario de humedales (1),1080.017961291528,Distancia proyectada >500 km: verificar con método geodésico si se requiere precisión a larga distancia.
POL_85,134.0,Inventario de humedales (1),1076.5032831095593,Distancia proyectada >500 km: verificar con método geodésico si se requiere precisión a larga distancia.
POL_86,252.0,Inventario de humedales (1),1073.0220524495587,Distancia proyectada >500 km: verificar con método geodésico si se requiere precisión a larga distancia.
POL_87,27.0,Inventario de humedales (1),1064.667346217557,Distancia proyectada >500 km: verificar con método geodésico si se requiere precisión a larga distancia.
POL_88,550.0,Inventario de humedales (1),1053.2993457842013,Distancia proyectada >500 km: verificar con método geodésico si se requiere precisión a larga distancia.
POL_88,550.0,Reserva de la biosfera (1),516.5141396635981,Distancia proyectada >500 km: verificar con método geodésico si se requiere precisión a larga distancia.
POL_90,330.0,Inventario de humedales (1),1055.3029448749057,Distancia proyectada >500 km: verificar con método geodésico si se requiere precisión a larga distancia.
POL_91,38.0,Inventario de humedales (1),1088.145493541989,Distancia proyectada >500 km: verificar con método geodésico si se requiere precisión a larga distancia.
POL_92,146.0,Inventario de humedales (1),1159.1102006603028,Distancia proyectada >500 km: verificar con método geodésico si se requiere precisión a larga distancia.
POL_93,220.0,Inventario de humedales (1),1176.5008741402812,Distancia proyectada >500 km: verificar con método geodésico si se requiere precisión a larga distancia.
POL_94,378.0,Inventario de humedales (1),1090.6189560999999,Distancia proyectada >500 km: verificar con método geodésico si se requiere precisión a larga distancia.
POL_95,374.0,Inventario de humedales (1),1072.2875537832153,Distancia proyectada >500 km: verificar con método geodésico si se requiere precisión a larga distancia.
POL_97,303.0,Inventario de humedales (1),874.5389693293308,Distancia proyectada >500 km: verificar con método geodésico si se requiere precisión a larga distancia.
POL_97,303.0,Reserva de la biosfera (1),614.6118061794065,Distancia proyectada >500 km: verificar con método geodésico si se requiere precisión a larga distancia.
POL_97,303.0,Zona de interés turístico (1),505.6271699478938,Distancia proyectada >500 km: verificar con método geodésico si se requiere precisión a larga distancia.
POL_98,217.0,Inventario de humedales (1),866.7201518042372,Distancia proyectada >500 km: verificar con método geodésico si se requiere precisión a larga distancia.
POL_98,217.0,Reserva de la biosfera (1),590.1957011884537,Distancia proyectada >500 km: verificar con método geodésico si se requiere precisión a larga distancia.
POL_98,217.0,Zona de interés turístico (1),518.4270835015736,Distancia proyectada >500 km: verificar con método geodésico si se requiere precisión a larga distancia.
POL_99,21.0,Inventario de humedales (1),835.9587106645437,Distancia proyectada >500 km: verificar con método geodésico si se requiere precisión a larga distancia.
POL_99,21.0,Reserva de la biosfera (1),560.6598253712963,Distancia proyectada >500 km: verificar con método geodésico si se requiere precisión a larga distancia.
POL_100,136.0,Inventario de humedales (1),898.5902684673214,Distancia proyectada >500 km: verificar con método geodésico si se requiere precisión a larga distancia.
POL_100,136.0,Reserva de la biosfera (1),627.2732853494347,Distancia proyectada >500 km: verificar con método geodésico si se requiere precisión a larga distancia.
POL_101,551.0,Inventario de humedales (1),1016.3104586761507,Distancia proyectada >500 km: verificar con método geodésico si se requiere precisión a larga distancia.
POL_101,551.0,Reserva de la biosfera (1),540.2294110784402,Distancia proyectada >500 km: verificar con método geodésico si se requiere precisión a larga distancia.
POL_102,380.0,Inventario de humedales (1),777.5503936391152,Distancia proyectada >500 km: verificar con método geodésico si se requiere precisión a larga distancia.
POL_102,380.0,Reserva de la biosfera (1),511.29389321247976,Distancia proyectada >500 km: verificar con método geodésico si se requiere precisión a larga distancia.
POL_103,55.0,Inventario de humedales (1),774.7813521087613,Distancia proyectada >500 km: verificar con método geodésico si se requiere precisión a larga distancia.
POL_103,55.0,Reserva de la biosfera (1),507.4913243611213,Distancia proyectada >500 km: verificar con método geodésico si se requiere precisión a larga distancia.
POL_104,380.0,Inventario de humedales (1),791.7925988177408,Distancia proyectada >500 km: verificar con método geodésico si se requiere precisión a larga distancia.
POL_104,380.0,Reserva de la biosfera (1),519.6596110772376,Distancia proyectada >500 km: verificar con método geodésico si se requiere precisión a larga distancia.
POL_105,66.0,Inventario de humedales (1),788.23686115677,Distancia proyectada >500 km: verificar con método geodésico si se requiere precisión a larga distancia.
POL_105,66.0,Reserva de la biosfera (1),524.3570766861391,Distancia proyectada >500 km: verificar con método geodésico si se requiere precisión a larga distancia.
POL_106,380.0,Inventario de humedales (1),797.1454764398757,Distancia proyectada >500 km: verificar con método geodésico si se requiere precisión a larga distancia.
POL_106,380.0,Reserva de la biosfera (1),534.3430534072926,Distancia proyectada >500 km: verificar con método geodésico si se requiere precisión a larga distancia.
POL_107,380.0,Inventario de humedales (1),802.4812842667801,Distancia proyectada >500 km: verificar con método geodésico si se requiere precisión a larga distancia.
POL_107,380.0,Reserva de la biosfera (1),535.5843092635813,Distancia proyectada >500 km: verificar con método geodésico si se requiere precisión a larga distancia.
POL_108,67.0,Inventario de humedales (1),745.9863121440524,Distancia proyectada >500 km: verificar con método geodésico si se requiere precisión a larga distancia.
POL_109,380.0,Inventario de humedales (1),801.44348265083,Distancia proyectada >500 km: verificar con método geodésico si se requiere precisión a larga distancia.
POL_109,380.0,Reserva de la biosfera (1),526.2487727481428,Distancia proyectada >500 km: verificar con método geodésico si se requiere precisión a larga distancia.
POL_110,380.0,Inventario de humedales (1),815.8126140185946,Distancia proyectada >500 km: verificar con método geodésico si se requiere precisión a larga distancia.
POL_110,380.0,Reserva de la biosfera (1),544.854760936156,Distancia proyectada >500 km: verificar con método geodésico si se requiere precisión a larga distancia.
POL_113,390.0,Inventario de humedales (1),1049.459172877015,Distancia proyectada >500 km: verificar con método geodésico si se requiere precisión a larga distancia.
POL_113,390.0,Reserva de la biosfera (1),514.9927125248107,Distancia proyectada >500 km: verificar con método geodésico si se requiere precisión a larga distancia.
POL_114,553.0,Inventario de humedales (1),1047.1265864649943,Distancia proyectada >500 km: verificar con método geodésico si se requiere precisión a larga distancia.
POL_114,553.0,Reserva de la biosfera (1),511.1974569899117,Distancia proyectada >500 km: verificar con método geodésico si se requiere precisión a larga distancia.
POL_115,145.0,Inventario de humedales (1),1091.5654222965115,Distancia proyectada >500 km: verificar con método geodésico si se requiere precisión a larga distancia.
POL_116,48.0,Inventario de humedales (1),1092.685743423976,Distancia proyectada >500 km: verificar con método geodésico si se requiere precisión a larga distancia.
POL_117,27.0,Inventario de humedales (1),1091.918919276817,Distancia proyectada >500 km: verificar con método geodésico si se requiere precisión a larga distancia.
POL_118,411.0,Inventario de humedales (1),1091.130771972258,Distancia proyectada >500 km: verificar con método geodésico si se requiere precisión a larga distancia.
POL_120,518.0,Inventario de humedales (1),1194.1982035827377,Distancia proyectada >500 km: verificar con método geodésico si se requiere precisión a larga distancia.
POL_121,378.0,Inventario de humedales (1),1145.9260000328845,Distancia proyectada >500 km: verificar con método geodésico si se requiere precisión a larga distancia.
POL_122,516.0,Inventario de humedales (1),1176.9839047526252,Distancia proyectada >500 km: verificar con método geodésico si se requiere precisión a larga distancia.
POL_123,472.0,Inventario de humedales (1),1177.4108600455118,Distancia proyectada >500 km: verificar con método geodésico si se requiere precisión a larga distancia.
POL_124,473.0,Inventario de humedales (1),1231.2216787095092,Distancia proyectada >500 km: verificar con método geodésico si se requiere precisión a larga distancia.
POL_125,473.0,Inventario de humedales (1),1225.0736628045306,Distancia proyectada >500 km: verificar con método geodésico si se requiere precisión a larga distancia.
POL_126,373.0,Inventario de humedales (1),1172.1913913771648,Distancia proyectada >500 km: verificar con método geodésico si se requiere precisión a larga distancia.
POL_127,528.0,Inventario de humedales (1),1177.643759361773,Distancia proyectada >500 km: verificar con método geodésico si se requiere precisión a larga distancia.
POL_128,272.0,Inventario de humedales (1),704.0697256906831,Distancia proyectada >500 km: verificar con método geodésico si se requiere precisión a larga distancia.
POL_129,169.0,Inventario de humedales (1),757.5745627543644,Distancia proyectada >500 km: verificar con método geodésico si se requiere precisión a larga distancia.
POL_130,554.0,Inventario de humedales (1),766.4170972383985,Distancia proyectada >500 km: verificar con método geodésico si se requiere precisión a larga distancia.
POL_131,555.0,Inventario de humedales (1),759.5965429731448,Distancia proyectada >500 km: verificar con método geodésico si se requiere precisión a larga distancia.
POL_132,23.0,Inventario de humedales (1),723.045207229588,Distancia proyectada >500 km: verificar con método geodésico si se requiere precisión a larga distancia.
POL_133,23.0,Inventario de humedales (1),722.9184792998752,Distancia proyectada >500 km: verificar con método geodésico si se requiere precisión a larga distancia.
POL_134,204.0,Inventario de humedales (1),731.5179776419144,Distancia proyectada >500 km: verificar con método geodésico si se requiere precisión a larga distancia.
POL_135,123.0,Inventario de humedales (1),732.3606939107481,Distancia proyectada >500 km: verificar con método geodésico si se requiere precisión a larga distancia.
POL_136,123.0,Inventario de humedales (1),730.6189238588231,Distancia proyectada >500 km: verificar con método geodésico si se requiere precisión a larga distancia.
POL_137,222.0,Inventario de humedales (1),732.006551271055,Distancia proyectada >500 km: verificar con método geodésico si se requiere precisión a larga distancia.
POL_138,85.0,Inventario de humedales (1),725.86795655093,Distancia proyectada >500 km: verificar con método geodésico si se requiere precisión a larga distancia.
POL_139,127.0,Inventario de humedales (1),726.0005104407857,Distancia proyectada >500 km: verificar con método geodésico si se requiere precisión a larga distancia.
POL_140,385.0,Inventario de humedales (1),732.5298599789448,Distancia proyectada >500 km: verificar con método geodésico si se requiere precisión a larga distancia.
POL_141,103.0,Inventario de humedales (1),702.5522272099397,Distancia proyectada >500 km: verificar con método geodésico si se requiere precisión a larga distancia.
POL_142,338.0,Inventario de humedales (1),734.3291726387132,Distancia proyectada >500 km: verificar con método geodésico si se requiere precisión a larga distancia.
POL_143,230.0,Inventario de humedales (1),674.524361656221,Distancia proyectada >500 km: verificar con método geodésico si se requiere precisión a larga distancia.
POL_144,64.0,Inventario de humedales (1),668.8832061185949,Distancia proyectada >500 km: verificar con método geodésico si se requiere precisión a larga distancia.
POL_145,556.0,Inventario de humedales (1),674.0903537441002,Distancia proyectada >500 km: verificar con método geodésico si se requiere precisión a larga distancia.
POL_146,160.0,Inventario de humedales (1),690.335349323022,Distancia proyectada >500 km: verificar con método geodésico si se requiere precisión a larga distancia.
POL_147,42.0,Inventario de humedales (1),720.8875125395916,Distancia proyectada >500 km: verificar con método geodésico si se requiere precisión a larga distancia.
POL_148,529.0,Inventario de humedales (1),717.0793093615548,Distancia proyectada >500 km: verificar con método geodésico si se requiere precisión a larga distancia.
POL_149,529.0,Inventario de humedales (1),720.3942734803353,Distancia proyectada >500 km: verificar con método geodésico si se requiere precisión a larga distancia.
POL_150,127.0,Inventario de humedales (1),725.4084639335048,Distancia proyectada >500 km: verificar con método geodésico si se requiere precisión a larga distancia.
POL_151,557.0,Inventario de humedales (1),732.1356242136962,Distancia proyectada >500 km: verificar con método geodésico si se requiere precisión a larga distancia.
POL_152,28.0,Inventario de humedales (1),744.8749826989492,Distancia proyectada >500 km: verificar con método geodésico si se requiere precisión a larga distancia.
POL_153,558.0,Inventario de humedales (1),723.9485182262288,Distancia proyectada >500 km: verificar con método geodésico si se requiere precisión a larga distancia.
POL_154,493.0,Inventario de humedales (1),723.467227570373,Distancia proyectada >500 km: verificar con método geodésico si se requiere precisión a larga distancia.
POL_155,559.0,Inventario de humedales (1),679.1916611090528,Distancia proyectada >500 km: verificar con método geodésico si se requiere precisión a larga distancia.
POL_156,23.0,Inventario de humedales (1),679.9677364571794,Distancia proyectada >500 km: verificar con método geodésico si se requiere precisión a larga distancia.
POL_157,90.0,Inventario de humedales (1),786.6475490946185,Distancia proyectada >500 km: verificar con método geodésico si se requiere precisión a larga distancia.
POL_157,90.0,Reserva de la biosfera (1),548.2477281405716,Distancia proyectada >500 km: verificar con método geodésico si se requiere precisión a larga distancia.
POL_158,351.0,Inventario de humedales (1),711.305454957454,Distancia proyectada >500 km: verificar con método geodésico si se requiere precisión a larga distancia.
POL_159,155.0,Inventario de humedales (1),689.9040854649373,Distancia proyectada >500 km: verificar con método geodésico si se requiere precisión a larga distancia.
POL_160,18.0,Áreas de desarrollo Indigena (1),553.0910626798048,Distancia proyectada >500 km: verificar con método geodésico si se requiere precisión a larga distancia.
POL_162,44.0,Inventario de humedales (1),650.9590116068824,Distancia proyectada >500 km: verificar con método geodésico si se requiere precisión a larga distancia.
POL_163,41.0,Inventario de humedales (1),645.5862861123785,Distancia proyectada >500 km: verificar con método geodésico si se requiere precisión a larga distancia.
POL_164,213.0,Inventario de humedales (1),638.4960950004858,Distancia proyectada >500 km: verificar con método geodésico si se requiere precisión a larga distancia.
POL_165,211.0,Inventario de humedales (1),638.8854466048292,Distancia proyectada >500 km: verificar con método geodésico si se requiere precisión a larga distancia.
POL_166,398.0,Áreas de desarrollo Indigena (1),582.0452596946839,Distancia proyectada >500 km: verificar con método geodésico si se requiere precisión a larga distancia.
POL_167,348.0,Áreas de desarrollo Indigena (1),508.8176680015809,Distancia proyectada >500 km: verificar con método geodésico si se requiere precisión a larga distancia.
POL_168,448.0,Áreas de desarrollo Indigena (1),557.7391041125654,Distancia proyectada >500 km: verificar con método geodésico si se requiere precisión a larga distancia.
POL_169,494.0,Áreas de desarrollo Indigena (1),557.0930642423687,Distancia proyectada >500 km: verificar con método geodésico si se requiere precisión a larga distancia.
POL_170,448.0,Inventario de humedales (1),511.35660026821785,Distancia proyectada >500 km: verificar con método geodésico si se requiere precisión a larga distancia.
POL_170,448.0,Áreas de desarrollo Indigena (1),515.2386044745487,Distancia proyectada >500 km: verificar con método geodésico si se requiere precisión a larga distancia.
POL_171,560.0,Áreas de desarrollo Indigena (1),545.3786216877958,Distancia proyectada >500 km: verificar con método geodésico si se requiere precisión a larga distancia.
POL_172,561.0,Áreas de desarrollo Indigena (1),544.8282703307863,Distancia proyectada >500 km: verificar con método geodésico si se requiere precisión a larga distancia.
POL_174,448.0,Áreas de desarrollo Indigena (1),609.6776690504839,Distancia proyectada >500 km: verificar con método geodésico si se requiere precisión a larga distancia.
POL_175,448.0,Áreas de desarrollo Indigena (1),609.6822199504153,Distancia proyectada >500 km: verificar con método geodésico si se requiere precisión a larga distancia.
POL_176,448.0,Áreas de desarrollo Indigena (1),603.448594066231,Distancia proyectada >500 km: verificar con método geodésico si se requiere precisión a larga distancia.
POL_177,448.0,Áreas de desarrollo Indigena (1),606.4108657600938,Distancia proyectada >500 km: verificar con método geodésico si se requiere precisión a larga distancia.
POL_178,300.0,Áreas de desarrollo Indigena (1),607.7023529438501,Distancia proyectada >500 km: verificar con método geodésico si se requiere precisión a larga distancia.
POL_179,300.0,Áreas de desarrollo Indigena (1),607.86917245513,Distancia proyectada >500 km: verificar con método geodésico si se requiere precisión a larga distancia.
POL_180,243.0,Áreas de desarrollo Indigena (1),567.4364930428419,Distancia proyectada >500 km: verificar con método geodésico si se requiere precisión a larga distancia.
POL_181,367.0,Áreas de desarrollo Indigena (1),572.5324622049521,Distancia proyectada >500 km: verificar con método geodésico si se requiere precisión a larga distancia.
POL_182,367.0,Áreas de desarrollo Indigena (1),587.1412686770161,Distancia proyectada >500 km: verificar con método geodésico si se requiere precisión a larga distancia.
POL_183,111.0,Áreas de desarrollo Indigena (1),626.5744719348605,Distancia proyectada >500 km: verificar con método geodésico si se requiere precisión a larga distancia.
POL_184,448.0,Áreas de desarrollo Indigena (1),555.9951359704172,Distancia proyectada >500 km: verificar con método geodésico si se requiere precisión a larga distancia.
POL_185,130.0,Áreas de desarrollo Indigena (1),548.5045636808708,Distancia proyectada >500 km: verificar con método geodésico si se requiere precisión a larga distancia.
POL_186,23.0,Áreas de desarrollo Indigena (1),538.4001940829411,Distancia proyectada >500 km: verificar con método geodésico si se requiere precisión a larga distancia.
POL_187,158.0,Áreas de desarrollo Indigena (1),537.7839166712162,Distancia proyectada >500 km: verificar con método geodésico si se requiere precisión a larga distancia.
POL_188,537.0,Áreas de desarrollo Indigena (1),514.3853600813933,Distancia proyectada >500 km: verificar con método geodésico si se requiere precisión a larga distancia.
POL_189,334.0,Áreas de desarrollo Indigena (1),557.0009407106377,Distancia proyectada >500 km: verificar con método geodésico si se requiere precisión a larga distancia.
POL_190,416.0,Áreas de desarrollo Indigena (1),585.9676819851439,Distancia proyectada >500 km: verificar con método geodésico si se requiere precisión a larga distancia.
POL_191,562.0,Áreas de desarrollo Indigena (1),586.7128174586843,Distancia proyectada >500 km: verificar con método geodésico si se requiere precisión a larga distancia.
POL_192,484.0,Áreas de desarrollo Indigena (1),587.2394354187072,Distancia proyectada >500 km: verificar con método geodésico si se requiere precisión a larga distancia.
POL_193,54.0,Áreas de desarrollo Indigena (1),553.0695972432943,Distancia proyectada >500 km: verificar con método geodésico si se requiere precisión a larga distancia.
POL_194,18.0,Áreas de desarrollo Indigena (1),559.7575941271645,Distancia proyectada >500 km: verificar con método geodésico si se requiere precisión a larga distancia.
POL_195,367.0,Áreas de desarrollo Indigena (1),588.850238426064,Distancia proyectada >500 km: verificar con método geodésico si se requiere precisión a larga distancia.
POL_197,448.0,Áreas de desarrollo Indigena (1),620.1296969097617,Distancia proyectada >500 km: verificar con método geodésico si se requiere precisión a larga distancia.
POL_198,367.0,Áreas de desarrollo Indigena (1),618.5748615866568,Distancia proyectada >500 km: verificar con método geodésico si se requiere precisión a larga distancia.
POL_199,341.0,Áreas de desarrollo Indigena (1),619.6054582576407,Distancia proyectada >500 km: verificar con método geodésico si se requiere precisión a larga distancia.
POL_200,564.0,Áreas de desarrollo Indigena (1),593.4391445904737,Distancia proyectada >500 km: verificar con método geodésico si se requiere precisión a larga distancia.
POL_201,484.0,Inventario de humedales (1),531.3699147988254,Distancia proyectada >500 km: verificar con método geodésico si se requiere precisión a larga distancia.
POL_202,448.0,Inventario de humedales (1),600.9453661167078,Distancia proyectada >500 km: verificar con método geodésico si se requiere precisión a larga distancia.
POL_203,386.0,Inventario de humedales (1),599.421964189875,Distancia proyectada >500 km: verificar con método geodésico si se requiere precisión a larga distancia.
POL_204,397.0,Inventario de humedales (1),597.8975941267969,Distancia proyectada >500 km: verificar con método geodésico si se requiere precisión a larga distancia.
POL_205,238.0,Inventario de humedales (1),610.721394742977,Distancia proyectada >500 km: verificar con método geodésico si se requiere precisión a larga distancia.
POL_206,565.0,Inventario de humedales (1),598.6235891918225,Distancia proyectada >500 km: verificar con método geodésico si se requiere precisión a larga distancia.
POL_207,386.0,Inventario de humedales (1),595.8438589876838,Distancia proyectada >500 km: verificar con método geodésico si se requiere precisión a larga distancia.
POL_208,459.0,Inventario de humedales (1),605.6659359869703,Distancia proyectada >500 km: verificar con método geodésico si se requiere precisión a larga distancia.
POL_209,362.0,Inventario de humedales (1),607.2401089942737,Distancia proyectada >500 km: verificar con método geodésico si se requiere precisión a larga distancia.
POL_211,470.0,Inventario de humedales (1),607.7565747458048,Distancia proyectada >500 km: verificar con método geodésico si se requiere precisión a larga distancia.
POL_212,459.0,Inventario de humedales (1),605.6584421351048,Distancia proyectada >500 km: verificar con método geodésico si se requiere precisión a larga distancia.
POL_213,459.0,Inventario de humedales (1),631.1339402347079,Distancia proyectada >500 km: verificar con método geodésico si se requiere precisión a larga distancia.
POL_214,388.0,Inventario de humedales (1),595.8966000138238,Distancia proyectada >500 km: verificar con método geodésico si se requiere precisión a larga distancia.
POL_215,186.0,Inventario de humedales (1),592.9291658002298,Distancia proyectada >500 km: verificar con método geodésico si se requiere precisión a larga distancia.
POL_216,567.0,Inventario de humedales (1),579.9639927483584,Distancia proyectada >500 km: verificar con método geodésico si se requiere precisión a larga distancia.
POL_217,159.0,Inventario de humedales (1),608.8932264828607,Distancia proyectada >500 km: verificar con método geodésico si se requiere precisión a larga distancia.
POL_218,23.0,Inventario de humedales (1),613.5210183869611,Distancia proyectada >500 km: verificar con método geodésico si se requiere precisión a larga distancia.
POL_219,568.0,Inventario de humedales (1),587.3692381853825,Distancia proyectada >500 km: verificar con método geodésico si se requiere precisión a larga distancia.
POL_220,530.0,Inventario de humedales (1),535.7451417035815,Distancia proyectada >500 km: verificar con método geodésico si se requiere precisión a larga distancia.
POL_221,302.0,Inventario de humedales (1),611.1096384214824,Distancia proyectada >500 km: verificar con método geodésico si se requiere precisión a larga distancia.
POL_222,229.0,Inventario de humedales (1),621.2186430798315,Distancia proyectada >500 km: verificar con método geodésico si se requiere precisión a larga distancia.
POL_223,253.0,Inventario de humedales (1),595.8352033154146,Distancia proyectada >500 km: verificar con método geodésico si se requiere precisión a larga distancia.
POL_224,203.0,Inventario de humedales (1),596.3157403240239,Distancia proyectada >500 km: verificar con método geodésico si se requiere precisión a larga distancia.
POL_225,241.0,Inventario de humedales (1),640.8274137072505,Distancia proyectada >500 km: verificar con método geodésico si se requiere precisión a larga distancia.
POL_226,320.0,Inventario de humedales (1),595.556380441131,Distancia proyectada >500 km: verificar con método geodésico si se requiere precisión a larga distancia.
POL_227,265.0,Inventario de humedales (1),520.3632321952325,Distancia proyectada >500 km: verificar con método geodésico si se requiere precisión a larga distancia.
POL_228,371.0,Inventario de humedales (1),500.9968798370461,Distancia proyectada >500 km: verificar con método geodésico si se requiere precisión a larga distancia.
POL_229,253.0,Inventario de humedales (1),584.8268105514433,Distancia proyectada >500 km: verificar con método geodésico si se requiere precisión a larga distancia.
POL_230,253.0,Inventario de humedales (1),584.8792573415386,Distancia proyectada >500 km: verificar con método geodésico si se requiere precisión a larga distancia.
POL_231,209.0,Inventario de humedales (1),546.351571549891,Distancia proyectada >500 km: verificar con método geodésico si se requiere precisión a larga distancia.
POL_232,442.0,Inventario de humedales (1),604.8294391823102,Distancia proyectada >500 km: verificar con método geodésico si se requiere precisión a larga distancia.
POL_233,84.0,Inventario de humedales (1),632.7313792613803,Distancia proyectada >500 km: verificar con método geodésico si se requiere precisión a larga distancia.
POL_234,189.0,Inventario de humedales (1),627.7558917183546,Distancia proyectada >500 km: verificar con método geodésico si se requiere precisión a larga distancia.
POL_235,215.0,Inventario de humedales (1),647.635935217677,Distancia proyectada >500 km: verificar con método geodésico si se requiere precisión a larga distancia.
POL_236,61.0,Inventario de humedales (1),658.3366841113523,Distancia proyectada >500 km: verificar con método geodésico si se requiere precisión a larga distancia.
POL_237,61.0,Inventario de humedales (1),649.445845556364,Distancia proyectada >500 km: verificar con método geodésico si se requiere precisión a larga distancia.
POL_238,62.0,Inventario de humedales (1),672.2974347671411,Distancia proyectada >500 km: verificar con método geodésico si se requiere precisión a larga distancia.
POL_240,52.0,Inventario de humedales (1),689.7316489649927,Distancia proyectada >500 km: verificar con método geodésico si se requiere precisión a larga distancia.
POL_242,459.0,Inventario de humedales (1),638.5975517958667,Distancia proyectada >500 km: verificar con método geodésico si se requiere precisión a larga distancia.
POL_243,459.0,Inventario de humedales (1),653.9367781433256,Distancia proyectada >500 km: verificar con método geodésico si se requiere precisión a larga distancia.
POL_245,448.0,Inventario de humedales (1),643.2614529630615,Distancia proyectada >500 km: verificar con método geodésico si se requiere precisión a larga distancia.
POL_246,448.0,Inventario de humedales (1),638.597508833845,Distancia proyectada >500 km: verificar con método geodésico si se requiere precisión a larga distancia.
POL_247,569.0,Inventario de humedales (1),631.8945057232212,Distancia proyectada >500 km: verificar con método geodésico si se requiere precisión a larga distancia.
POL_248,129.0,Inventario de humedales (1),629.8691695613173,Distancia proyectada >500 km: verificar con método geodésico si se requiere precisión a larga distancia.
POL_249,230.0,Inventario de humedales (1),628.7995145805893,Distancia proyectada >500 km: verificar con método geodésico si se requiere precisión a larga distancia.
POL_250,152.0,Inventario de humedales (1),619.8220967006988,Distancia proyectada >500 km: verificar con método geodésico si se requiere precisión a larga distancia.
POL_251,570.0,Inventario de humedales (1),612.6313544752385,Distancia proyectada >500 km: verificar con método geodésico si se requiere precisión a larga distancia.
POL_252,366.0,Inventario de humedales (1),615.1323093502593,Distancia proyectada >500 km: verificar con método geodésico si se requiere precisión a larga distancia.
POL_253,363.0,Inventario de humedales (1),615.5432939721647,Distancia proyectada >500 km: verificar con método geodésico si se requiere precisión a larga distancia.
POL_254,571.0,Inventario de humedales (1),606.4725609124238,Distancia proyectada >500 km: verificar con método geodésico si se requiere precisión a larga distancia.
POL_255,163.0,Inventario de humedales (1),607.3368793869823,Distancia proyectada >500 km: verificar con método geodésico si se requiere precisión a larga distancia.
POL_256,459.0,Inventario de humedales (1),565.9698695583837,Distancia proyectada >500 km: verificar con método geodésico si se requiere precisión a larga distancia.
POL_257,73.0,Inventario de humedales (1),563.0879143022962,Distancia proyectada >500 km: verificar con método geodésico si se requiere precisión a larga distancia.
POL_259,59.0,Inventario de humedales (1),577.768467192808,Distancia proyectada >500 km: verificar con método geodésico si se requiere precisión a larga distancia.
POL_260,249.0,Inventario de humedales (1),689.1231358828245,Distancia proyectada >500 km: verificar con método geodésico si se requiere precisión a larga distancia.
POL_261,199.0,Inventario de humedales (1),685.997595576754,Distancia proyectada >500 km: verificar con método geodésico si se requiere precisión a larga distancia.
POL_262,29.0,Inventario de humedales (1),695.9717073280276,Distancia proyectada >500 km: verificar con método geodésico si se requiere precisión a larga distancia.
POL_263,122.0,Inventario de humedales (1),628.3378951760769,Distancia proyectada >500 km: verificar con método geodésico si se requiere precisión a larga distancia.
POL_264,329.0,Inventario de humedales (1),611.5688665017921,Distancia proyectada >500 km: verificar con método geodésico si se requiere precisión a larga distancia.
POL_265,135.0,Inventario de humedales (1),607.030035854414,Distancia proyectada >500 km: verificar con método geodésico si se requiere precisión a larga distancia.
POL_266,324.0,Inventario de humedales (1),619.0346224297731,Distancia proyectada >500 km: verificar con método geodésico si se requiere precisión a larga distancia.
POL_267,386.0,Inventario de humedales (1),618.7271979360248,Distancia proyectada >500 km: verificar con método geodésico si se requiere precisión a larga distancia.
POL_268,459.0,Inventario de humedales (1),616.8840216256403,Distancia proyectada >500 km: verificar con método geodésico si se requiere precisión a larga distancia.
POL_269,60.0,Inventario de humedales (1),586.4493271343789,Distancia proyectada >500 km: verificar con método geodésico si se requiere precisión a larga distancia.
POL_270,60.0,Inventario de humedales (1),551.8962611206985,Distancia proyectada >500 km: verificar con método geodésico si se requiere precisión a larga distancia.
POL_271,102.0,Inventario de humedales (1),594.8554008449897,Distancia proyectada >500 km: verificar con método geodésico si se requiere precisión a larga distancia.
POL_272,128.0,Áreas de desarrollo Indigena (1),649.0766037301792,Distancia proyectada >500 km: verificar con método geodésico si se requiere precisión a larga distancia.
POL_273,105.0,Áreas de desarrollo Indigena (1),623.7220757754392,Distancia proyectada >500 km: verificar con método geodésico si se requiere precisión a larga distancia.
POL_274,449.0,Áreas de desarrollo Indigena (1),646.7295911327142,Distancia proyectada >500 km: verificar con método geodésico si se requiere precisión a larga distancia.
POL_275,87.0,Áreas de desarrollo Indigena (1),636.4545045084564,Distancia proyectada >500 km: verificar con método geodésico si se requiere precisión a larga distancia.
POL_276,368.0,Áreas de desarrollo Indigena (1),631.5663661357264,Distancia proyectada >500 km: verificar con método geodésico si se requiere precisión a larga distancia.
POL_277,69.0,Áreas de desarrollo Indigena (1),654.9871397877798,Distancia proyectada >500 km: verificar con método geodésico si se requiere precisión a larga distancia.
POL_278,572.0,Áreas de desarrollo Indigena (1),690.8295182312199,Distancia proyectada >500 km: verificar con método geodésico si se requiere precisión a larga distancia.
POL_279,573.0,Áreas de desarrollo Indigena (1),690.7696251772171,Distancia proyectada >500 km: verificar con método geodésico si se requiere precisión a larga distancia.
POL_280,574.0,Áreas de desarrollo Indigena (1),691.5216947332079,Distancia proyectada >500 km: verificar con método geodésico si se requiere precisión a larga distancia.
POL_281,575.0,Áreas de desarrollo Indigena (1),690.2387406302965,Distancia proyectada >500 km: verificar con método geodésico si se requiere precisión a larga distancia.
POL_282,576.0,Áreas de desarrollo Indigena (1),691.80675257818,Distancia proyectada >500 km: verificar con método geodésico si se requiere precisión a larga distancia.
POL_283,577.0,Áreas de desarrollo Indigena (1),690.5658201204967,Distancia proyectada >500 km: verificar con método geodésico si se requiere precisión a larga distancia.
POL_284,578.0,Áreas de desarrollo Indigena (1),690.2385768850489,Distancia proyectada >500 km: verificar con método geodésico si se requiere precisión a larga distancia.
POL_285,579.0,Áreas de desarrollo Indigena (1),690.9334336822242,Distancia proyectada >500 km: verificar con método geodésico si se requiere precisión a larga distancia.
POL_286,527.0,Áreas de desarrollo Indigena (1),691.3909158853111,Distancia proyectada >500 km: verificar con método geodésico si se requiere precisión a larga distancia.
POL_287,580.0,Áreas de desarrollo Indigena (1),691.5219566131176,Distancia proyectada >500 km: verificar con método geodésico si se requiere precisión a larga distancia.
POL_288,581.0,Áreas de desarrollo Indigena (1),691.4196653112097,Distancia proyectada >500 km: verificar con método geodésico si se requiere precisión a larga distancia.
POL_289,185.0,Áreas de desarrollo Indigena (1),692.2645614949442,Distancia proyectada >500 km: verificar con método geodésico si se requiere precisión a larga distancia.
POL_290,582.0,Áreas de desarrollo Indigena (1),691.9368944527012,Distancia proyectada >500 km: verificar con método geodésico si se requiere precisión a larga distancia.
POL_291,346.0,Áreas de desarrollo Indigena (1),680.0187160146556,Distancia proyectada >500 km: verificar con método geodésico si se requiere precisión a larga distancia.
POL_292,485.0,Áreas de desarrollo Indigena (1),683.9626226003911,Distancia proyectada >500 km: verificar con método geodésico si se requiere precisión a larga distancia.
POL_293,301.0,Áreas de desarrollo Indigena (1),673.0664131419462,Distancia proyectada >500 km: verificar con método geodésico si se requiere precisión a larga distancia.
POL_294,177.0,Áreas de desarrollo Indigena (1),664.339362056061,Distancia proyectada >500 km: verificar con método geodésico si se requiere precisión a larga distancia.
POL_295,86.0,Áreas de desarrollo Indigena (1),669.5838997486723,Distancia proyectada >500 km: verificar con método geodésico si se requiere precisión a larga distancia.
POL_297,584.0,Áreas de desarrollo Indigena (1),743.2803469415469,Distancia proyectada >500 km: verificar con método geodésico si se requiere precisión a larga distancia.
POL_298,485.0,Áreas de desarrollo Indigena (1),705.1936714076274,Distancia proyectada >500 km: verificar con método geodésico si se requiere precisión a larga distancia.
POL_299,462.0,Áreas de desarrollo Indigena (1),722.0598247759211,Distancia proyectada >500 km: verificar con método geodésico si se requiere precisión a larga distancia.
POL_300,585.0,Áreas de desarrollo Indigena (1),713.4632543378399,Distancia proyectada >500 km: verificar con método geodésico si se requiere precisión a larga distancia.
POL_301,120.0,Áreas de desarrollo Indigena (1),744.0027802025438,Distancia proyectada >500 km: verificar con método geodésico si se requiere precisión a larga distancia.
POL_302,304.0,Áreas de desarrollo Indigena (1),720.2427022281009,Distancia proyectada >500 km: verificar con método geodésico si se requiere precisión a larga distancia.
POL_303,375.0,Áreas de desarrollo Indigena (1),718.8173234299961,Distancia proyectada >500 km: verificar con método geodésico si se requiere precisión a larga distancia.
POL_304,321.0,Áreas de desarrollo Indigena (1),720.6225893507293,Distancia proyectada >500 km: verificar con método geodésico si se requiere precisión a larga distancia.
POL_305,586.0,Áreas de desarrollo Indigena (1),720.9004662732007,Distancia proyectada >500 km: verificar con método geodésico si se requiere precisión a larga distancia.
POL_306,485.0,Áreas de desarrollo Indigena (1),716.1653483783745,Distancia proyectada >500 km: verificar con método geodésico si se requiere precisión a larga distancia.
POL_307,587.0,Áreas de desarrollo Indigena (1),717.8516009806243,Distancia proyectada >500 km: verificar con método geodésico si se requiere precisión a larga distancia.
POL_308,417.0,Áreas de desarrollo Indigena (1),735.4103404600529,Distancia proyectada >500 km: verificar con método geodésico si se requiere precisión a larga distancia.
POL_309,72.0,Áreas de desarrollo Indigena (1),730.8349715334615,Distancia proyectada >500 km: verificar con método geodésico si se requiere precisión a larga distancia.
POL_310,510.0,Áreas de desarrollo Indigena (1),708.9547633835075,Distancia proyectada >500 km: verificar con método geodésico si se requiere precisión a larga distancia.
POL_311,108.0,Áreas de desarrollo Indigena (1),647.1046773457101,Distancia proyectada >500 km: verificar con método geodésico si se requiere precisión a larga distancia.
POL_312,132.0,Áreas de desarrollo Indigena (1),653.5445219969771,Distancia proyectada >500 km: verificar con método geodésico si se requiere precisión a larga distancia.
POL_313,43.0,Áreas de desarrollo Indigena (1),636.7879224997715,Distancia proyectada >500 km: verificar con método geodésico si se requiere precisión a larga distancia.
POL_314,112.0,Áreas de desarrollo Indigena (1),633.0032011833213,Distancia proyectada >500 km: verificar con método geodésico si se requiere precisión a larga distancia.
POL_315,182.0,Áreas de desarrollo Indigena (1),635.955081665557,Distancia proyectada >500 km: verificar con método geodésico si se requiere precisión a larga distancia.
POL_316,277.0,Áreas de desarrollo Indigena (1),679.5663780613561,Distancia proyectada >500 km: verificar con método geodésico si se requiere precisión a larga distancia.
POL_317,346.0,Áreas de desarrollo Indigena (1),675.1984763911352,Distancia proyectada >500 km: verificar con método geodésico si se requiere precisión a larga distancia.
POL_318,425.0,Áreas de desarrollo Indigena (1),678.6224479424689,Distancia proyectada >500 km: verificar con método geodésico si se requiere precisión a larga distancia.
POL_319,276.0,Áreas de desarrollo Indigena (1),674.6124756841666,Distancia proyectada >500 km: verificar con método geodésico si se requiere precisión a larga distancia.
POL_320,56.0,Áreas de desarrollo Indigena (1),655.0232156257441,Distancia proyectada >500 km: verificar con método geodésico si se requiere precisión a larga distancia.
POL_321,399.0,Áreas de desarrollo Indigena (1),628.6849513394068,Distancia proyectada >500 km: verificar con método geodésico si se requiere precisión a larga distancia.
POL_322,489.0,Áreas de desarrollo Indigena (1),631.4591701421666,Distancia proyectada >500 km: verificar con método geodésico si se requiere precisión a larga distancia.
POL_323,290.0,Áreas de desarrollo Indigena (1),644.4853674045584,Distancia proyectada >500 km: verificar con método geodésico si se requiere precisión a larga distancia.
POL_324,290.0,Áreas de desarrollo Indigena (1),648.1978259933132,Distancia proyectada >500 km: verificar con método geodésico si se requiere precisión a larga distancia.
POL_325,588.0,Áreas de desarrollo Indigena (1),646.6814662112107,Distancia proyectada >500 km: verificar con método geodésico si se requiere precisión a larga distancia.
POL_326,91.0,Áreas de desarrollo Indigena (1),742.4446640420035,Distancia proyectada >500 km: verificar con método geodésico si se requiere precisión a larga distancia.
POL_327,264.0,Áreas de desarrollo Indigena (1),741.0564276499173,Distancia proyectada >500 km: verificar con método geodésico si se requiere precisión a larga distancia.
POL_328,589.0,Áreas de desarrollo Indigena (1),736.81585066236,Distancia proyectada >500 km: verificar con método geodésico si se requiere precisión a larga distancia.
POL_329,485.0,Áreas de desarrollo Indigena (1),745.4533881809964,Distancia proyectada >500 km: verificar con método geodésico si se requiere precisión a larga distancia.
POL_330,24.0,Áreas de desarrollo Indigena (1),749.0452618733002,Distancia proyectada >500 km: verificar con método geodésico si se requiere precisión a larga distancia.
POL_331,24.0,Áreas de desarrollo Indigena (1),752.0503310006166,Distancia proyectada >500 km: verificar con método geodésico si se requiere precisión a larga distancia.
POL_332,24.0,Áreas de desarrollo Indigena (1),753.9157767143907,Distancia proyectada >500 km: verificar con método geodésico si se requiere precisión a larga distancia.
POL_333,58.0,Áreas de desarrollo Indigena (1),756.8906720218291,Distancia proyectada >500 km: verificar con método geodésico si se requiere precisión a larga distancia.
POL_334,109.0,Áreas de desarrollo Indigena (1),759.6520483926537,Distancia proyectada >500 km: verificar con método geodésico si se requiere precisión a larga distancia.
POL_335,72.0,Áreas de desarrollo Indigena (1),762.1938921584374,Distancia proyectada >500 km: verificar con método geodésico si se requiere precisión a larga distancia.
POL_336,281.0,Áreas de desarrollo Indigena (1),756.5416440286003,Distancia proyectada >500 km: verificar con método geodésico si se requiere precisión a larga distancia.
POL_337,153.0,Áreas de desarrollo Indigena (1),738.1039748834695,Distancia proyectada >500 km: verificar con método geodésico si se requiere precisión a larga distancia.
POL_338,281.0,Áreas de desarrollo Indigena (1),754.8444270007071,Distancia proyectada >500 km: verificar con método geodésico si se requiere precisión a larga distancia.
POL_340,364.0,Áreas de desarrollo Indigena (1),629.2784771181286,Distancia proyectada >500 km: verificar con método geodésico si se requiere precisión a larga distancia.
POL_341,293.0,Áreas de desarrollo Indigena (1),682.9671488108414,Distancia proyectada >500 km: verificar con método geodésico si se requiere precisión a larga distancia.
POL_342,590.0,Áreas de desarrollo Indigena (1),673.5544484226007,Distancia proyectada >500 km: verificar con método geodésico si se requiere precisión a larga distancia.
POL_343,591.0,Áreas de desarrollo Indigena (1),652.7926194856224,Distancia proyectada >500 km: verificar con método geodésico si se requiere precisión a larga distancia.
POL_344,592.0,Áreas de desarrollo Indigena (1),654.4728851415816,Distancia proyectada >500 km: verificar con método geodésico si se requiere precisión a larga distancia.
POL_345,317.0,Áreas de desarrollo Indigena (1),681.3392889109758,Distancia proyectada >500 km: verificar con método geodésico si se requiere precisión a larga distancia.
POL_346,356.0,Áreas de desarrollo Indigena (1),659.9056119255056,Distancia proyectada >500 km: verificar con método geodésico si se requiere precisión a larga distancia.
POL_347,144.0,Áreas de desarrollo Indigena (1),688.6823271267638,Distancia proyectada >500 km: verificar con método geodésico si se requiere precisión a larga distancia.
POL_348,593.0,Áreas de desarrollo Indigena (1),685.3327559675743,Distancia proyectada >500 km: verificar con método geodésico si se requiere precisión a larga distancia.
POL_349,6.0,Áreas de desarrollo Indigena (1),722.2593438249503,Distancia proyectada >500 km: verificar con método geodésico si se requiere precisión a larga distancia.
POL_350,501.0,Áreas de desarrollo Indigena (1),661.9114950596371,Distancia proyectada >500 km: verificar con método geodésico si se requiere precisión a larga distancia.
POL_351,37.0,Áreas de desarrollo Indigena (1),659.7299784874251,Distancia proyectada >500 km: verificar con método geodésico si se requiere precisión a larga distancia.
POL_352,594.0,Áreas de desarrollo Indigena (1),683.7944393918877,Distancia proyectada >500 km: verificar con método geodésico si se requiere precisión a larga distancia.
POL_353,307.0,Áreas de desarrollo Indigena (1),567.9633980182107,Distancia proyectada >500 km: verificar con método geodésico si se requiere precisión a larga distancia.
POL_354,394.0,Áreas de desarrollo Indigena (1),555.1617763258407,Distancia proyectada >500 km: verificar con método geodésico si se requiere precisión a larga distancia.
POL_355,595.0,Áreas de desarrollo Indigena (1),591.1451724855357,Distancia proyectada >500 km: verificar con método geodésico si se requiere precisión a larga distancia.
POL_356,394.0,Áreas de desarrollo Indigena (1),558.705078998864,Distancia proyectada >500 km: verificar con método geodésico si se requiere precisión a larga distancia.
POL_357,381.0,Áreas de desarrollo Indigena (1),560.8897567469068,Distancia proyectada >500 km: verificar con método geodésico si se requiere precisión a larga distancia.
POL_358,381.0,Áreas de desarrollo Indigena (1),562.3725864862461,Distancia proyectada >500 km: verificar con método geodésico si se requiere precisión a larga distancia.
POL_359,429.0,Áreas de desarrollo Indigena (1),551.6676428738401,Distancia proyectada >500 km: verificar con método geodésico si se requiere precisión a larga distancia.
POL_360,381.0,Áreas de desarrollo Indigena (1),556.2586308264434,Distancia proyectada >500 km: verificar con método geodésico si se requiere precisión a larga distancia.
POL_361,396.0,Áreas de desarrollo Indigena (1),530.1623735820993,Distancia proyectada >500 km: verificar con método geodésico si se requiere precisión a larga distancia.
POL_362,369.0,Áreas de desarrollo Indigena (1),536.0328568956074,Distancia proyectada >500 km: verificar con método geodésico si se requiere precisión a larga distancia.
POL_363,369.0,Áreas de desarrollo Indigena (1),536.258334479783,Distancia proyectada >500 km: verificar con método geodésico si se requiere precisión a larga distancia.
POL_364,369.0,Áreas de desarrollo Indigena (1),540.5034060102622,Distancia proyectada >500 km: verificar con método geodésico si se requiere precisión a larga distancia.
POL_365,121.0,Áreas de desarrollo Indigena (1),537.1029105812029,Distancia proyectada >500 km: verificar con método geodésico si se requiere precisión a larga distancia.
POL_366,280.0,Áreas de desarrollo Indigena (1),541.0532434527868,Distancia proyectada >500 km: verificar con método geodésico si se requiere precisión a larga distancia.
POL_367,286.0,Áreas de desarrollo Indigena (1),540.7677363532567,Distancia proyectada >500 km: verificar con método geodésico si se requiere precisión a larga distancia.
POL_368,94.0,Áreas de desarrollo Indigena (1),542.249555932219,Distancia proyectada >500 km: verificar con método geodésico si se requiere precisión a larga distancia.
POL_369,286.0,Áreas de desarrollo Indigena (1),532.8028811388523,Distancia proyectada >500 km: verificar con método geodésico si se requiere precisión a larga distancia.
POL_374,332.0,Áreas de desarrollo Indigena (1),570.1664587893454,Distancia proyectada >500 km: verificar con método geodésico si se requiere precisión a larga distancia.
POL_375,206.0,Áreas de desarrollo Indigena (1),516.8107662114352,Distancia proyectada >500 km: verificar con método geodésico si se requiere precisión a larga distancia.
POL_376,198.0,Áreas de desarrollo Indigena (1),513.596903516733,Distancia proyectada >500 km: verificar con método geodésico si se requiere precisión a larga distancia.
POL_377,312.0,Áreas de desarrollo Indigena (1),511.9596375635744,Distancia proyectada >500 km: verificar con método geodésico si se requiere precisión a larga distancia.
POL_378,347.0,Áreas de desarrollo Indigena (1),512.9927213223338,Distancia proyectada >500 km: verificar con método geodésico si se requiere precisión a larga distancia.
POL_379,423.0,Áreas de desarrollo Indigena (1),531.3024803547529,Distancia proyectada >500 km: verificar con método geodésico si se requiere precisión a larga distancia.
POL_380,596.0,Áreas de desarrollo Indigena (1),512.766086287164,Distancia proyectada >500 km: verificar con método geodésico si se requiere precisión a larga distancia.
POL_381,150.0,Áreas de desarrollo Indigena (1),524.9990309781747,Distancia proyectada >500 km: verificar con método geodésico si se requiere precisión a larga distancia.
POL_382,256.0,Áreas de desarrollo Indigena (1),575.2271204958108,Distancia proyectada >500 km: verificar con método geodésico si se requiere precisión a larga distancia.
POL_383,597.0,Áreas de desarrollo Indigena (1),513.0541879267382,Distancia proyectada >500 km: verificar con método geodésico si se requiere precisión a larga distancia.
POL_384,598.0,Áreas de desarrollo Indigena (1),513.2530072021581,Distancia proyectada >500 km: verificar con método geodésico si se requiere precisión a larga distancia.
POL_385,33.0,Áreas de desarrollo Indigena (1),512.2713941792566,Distancia proyectada >500 km: verificar con método geodésico si se requiere precisión a larga distancia.
POL_386,444.0,Áreas de desarrollo Indigena (1),513.0747005634643,Distancia proyectada >500 km: verificar con método geodésico si se requiere precisión a larga distancia.
POL_391,26.0,Áreas de desarrollo Indigena (1),500.6166536895566,Distancia proyectada >500 km: verificar con método geodésico si se requiere precisión a larga distancia.
POL_395,106.0,Áreas de desarrollo Indigena (1),501.34446275554524,Distancia proyectada >500 km: verificar con método geodésico si se requiere precisión a larga distancia.
POL_396,463.0,Áreas de desarrollo Indigena (1),506.4751512077313,Distancia proyectada >500 km: verificar con método geodésico si se requiere precisión a larga distancia.
POL_620,498.0,Inventario de humedales (1),506.9432494744075,Distancia proyectada >500 km: verificar con método geodésico si se requiere precisión a larga distancia.
POL_621,673.0,Inventario de humedales (1),505.68893745684835,Distancia proyectada >500 km: verificar con método geodésico si se requiere precisión a larga distancia.
POL_622,674.0,Inventario de humedales (1),504.3287930068525,Distancia proyectada >500 km: verificar con método geodésico si se requiere precisión a larga distancia.
POL_624,676.0,Inventario de humedales (1),510.203871395877,Distancia proyectada >500 km: verificar con método geodésico si se requiere precisión a larga distancia.
POL_625,46.0,Inventario de humedales (1),509.28037297787455,Distancia proyectada >500 km: verificar con método geodésico si se requiere precisión a larga distancia.
POL_626,179.0,Inventario de humedales (1),514.4086593930971,Distancia proyectada >500 km: verificar con método geodésico si se requiere precisión a larga distancia.
POL_627,2.0,Inventario de humedales (1),531.0851844359872,Distancia proyectada >500 km: verificar con método geodésico si se requiere precisión a larga distancia.
POL_628,446.0,Inventario de humedales (1),535.0644402546153,Distancia proyectada >500 km: verificar con método geodésico si se requiere precisión a larga distancia.
POL_629,498.0,Inventario de humedales (1),532.9395248230678,Distancia proyectada >500 km: verificar con método geodésico si se requiere precisión a larga distancia.
POL_630,349.0,Inventario de humedales (1),532.0648413720218,Distancia proyectada >500 km: verificar con método geodésico si se requiere precisión a larga distancia.
POL_631,354.0,Inventario de humedales (1),530.9260775063643,Distancia proyectada >500 km: verificar con método geodésico si se requiere precisión a larga distancia.
POL_632,677.0,Inventario de humedales (1),557.3477801352019,Distancia proyectada >500 km: verificar con método geodésico si se requiere precisión a larga distancia.
POL_633,178.0,Inventario de humedales (1),555.41551543517,Distancia proyectada >500 km: verificar con método geodésico si se requiere precisión a larga distancia.
POL_634,678.0,Inventario de humedales (1),567.7656934813372,Distancia proyectada >500 km: verificar con método geodésico si se requiere precisión a larga distancia.
POL_635,350.0,Inventario de humedales (1),575.6726735184752,Distancia proyectada >500 km: verificar con método geodésico si se requiere precisión a larga distancia.
POL_636,679.0,Inventario de humedales (1),575.6285358180347,Distancia proyectada >500 km: verificar con método geodésico si se requiere precisión a larga distancia.
POL_637,350.0,Inventario de humedales (1),577.8623972675211,Distancia proyectada >500 km: verificar con método geodésico si se requiere precisión a larga distancia.
POL_638,680.0,Inventario de humedales (1),578.7970145354262,Distancia proyectada >500 km: verificar con método geodésico si se requiere precisión a larga distancia.
POL_639,681.0,Inventario de humedales (1),577.9112154616424,Distancia proyectada >500 km: verificar con método geodésico si se requiere precisión a larga distancia.
POL_640,682.0,Inventario de humedales (1),587.4073916376979,Distancia proyectada >500 km: verificar con método geodésico si se requiere precisión a larga distancia.
POL_641,35.0,Inventario de humedales (1),578.971274905217,Distancia proyectada >500 km: verificar con método geodésico si se requiere precisión a larga distancia.
POL_642,309.0,Inventario de humedales (1),597.5290786954736,Distancia proyectada >500 km: verificar con método geodésico si se requiere precisión a larga distancia.
POL_643,683.0,Inventario de humedales (1),595.5461582805232,Distancia proyectada >500 km: verificar con método geodésico si se requiere precisión a larga distancia.
POL_644,684.0,Inventario de humedales (1),597.5261538056351,Distancia proyectada >500 km: verificar con método geodésico si se requiere precisión a larga distancia.
POL_645,431.0,Inventario de humedales (1),593.7733854906302,Distancia proyectada >500 km: verificar con método geodésico si se requiere precisión a larga distancia.
POL_646,195.0,Inventario de humedales (1),579.2646053860902,Distancia proyectada >500 km: verificar con método geodésico si se requiere precisión a larga distancia.
POL_647,685.0,Inventario de humedales (1),542.0332963577695,Distancia proyectada >500 km: verificar con método geodésico si se requiere precisión a larga distancia.
POL_648,4.0,Inventario de humedales (1),529.8302144697273,Distancia proyectada >500 km: verificar con método geodésico si se requiere precisión a larga distancia.
POL_649,686.0,Inventario de humedales (1),542.4545274303745,Distancia proyectada >500 km: verificar con método geodésico si se requiere precisión a larga distancia.
POL_650,173.0,Inventario de humedales (1),533.3785103278227,Distancia proyectada >500 km: verificar con método geodésico si se requiere precisión a larga distancia.
POL_651,497.0,Inventario de humedales (1),610.1301364687777,Distancia proyectada >500 km: verificar con método geodésico si se requiere precisión a larga distancia.
POL_652,687.0,Inventario de humedales (1),610.6989483845226,Distancia proyectada >500 km: verificar con método geodésico si se requiere precisión a larga distancia.
POL_653,196.0,Inventario de humedales (1),624.4938311311636,Distancia proyectada >500 km: verificar con método geodésico si se requiere precisión a larga distancia.
POL_654,391.0,Inventario de humedales (1),618.427843626505,Distancia proyectada >500 km: verificar con método geodésico si se requiere precisión a larga distancia.
POL_655,71.0,Inventario de humedales (1),619.6289674592767,Distancia proyectada >500 km: verificar con método geodésico si se requiere precisión a larga distancia.
POL_656,322.0,Inventario de humedales (1),619.9736554145292,Distancia proyectada >500 km: verificar con método geodésico si se requiere precisión a larga distancia.
POL_657,461.0,Inventario de humedales (1),640.3241439309243,Distancia proyectada >500 km: verificar con método geodésico si se requiere precisión a larga distancia.
POL_658,688.0,Inventario de humedales (1),648.7902707839708,Distancia proyectada >500 km: verificar con método geodésico si se requiere precisión a larga distancia.
POL_659,327.0,Inventario de humedales (1),678.2228090866791,Distancia proyectada >500 km: verificar con método geodésico si se requiere precisión a larga distancia.
POL_660,490.0,Inventario de humedales (1),678.5441618358543,Distancia proyectada >500 km: verificar con método geodésico si se requiere precisión a larga distancia.
POL_661,689.0,Inventario de humedales (1),675.7883657656083,Distancia proyectada >500 km: verificar con método geodésico si se requiere precisión a larga distancia.
POL_662,308.0,Inventario de humedales (1),675.8700521502323,Distancia proyectada >500 km: verificar con método geodésico si se requiere precisión a larga distancia.
POL_663,690.0,Inventario de humedales (1),706.0107632401688,Distancia proyectada >500 km: verificar con método geodésico si se requiere precisión a larga distancia.
POL_664,691.0,Inventario de humedales (1),701.3325668728929,Distancia proyectada >500 km: verificar con método geodésico si se requiere precisión a larga distancia.
POL_665,692.0,Inventario de humedales (1),698.8470372077591,Distancia proyectada >500 km: verificar con método geodésico si se requiere precisión a larga distancia.
POL_666,148.0,Inventario de humedales (1),694.9091393122429,Distancia proyectada >500 km: verificar con método geodésico si se requiere precisión a larga distancia.
POL_667,693.0,Inventario de humedales (1),699.0439031339254,Distancia proyectada >500 km: verificar con método geodésico si se requiere precisión a larga distancia.
POL_668,172.0,Inventario de humedales (1),704.0287350392546,Distancia proyectada >500 km: verificar con método geodésico si se requiere precisión a larga distancia.
POL_669,694.0,Inventario de humedales (1),729.5707283028663,Distancia proyectada >500 km: verificar con método geodésico si se requiere precisión a larga distancia.
POL_670,172.0,Inventario de humedales (1),700.3461318122146,Distancia proyectada >500 km: verificar con método geodésico si se requiere precisión a larga distancia.
POL_671,148.0,Inventario de humedales (1),707.0603013469358,Distancia proyectada >500 km: verificar con método geodésico si se requiere precisión a larga distancia.
POL_672,695.0,Inventario de humedales (1),730.5391778925537,Distancia proyectada >500 km: verificar con método geodésico si se requiere precisión a larga distancia.
POL_673,11.0,Inventario de humedales (1),648.5559216722252,Distancia proyectada >500 km: verificar con método geodésico si se requiere precisión a larga distancia.
POL_674,696.0,Inventario de humedales (1),648.9003122282704,Distancia proyectada >500 km: verificar con método geodésico si se requiere precisión a larga distancia.
POL_675,697.0,Inventario de humedales (1),649.9061406837359,Distancia proyectada >500 km: verificar con método geodésico si se requiere precisión a larga distancia.
POL_676,698.0,Inventario de humedales (1),642.2537175413484,Distancia proyectada >500 km: verificar con método geodésico si se requiere precisión a larga distancia.
POL_677,391.0,Inventario de humedales (1),654.4510556379939,Distancia proyectada >500 km: verificar con método geodésico si se requiere precisión a larga distancia.
POL_678,699.0,Inventario de humedales (1),717.1573555553534,Distancia proyectada >500 km: verificar con método geodésico si se requiere precisión a larga distancia.
POL_679,700.0,Inventario de humedales (1),731.4984719680226,Distancia proyectada >500 km: verificar con método geodésico si se requiere precisión a larga distancia.
POL_680,701.0,Inventario de humedales (1),731.6162116482976,Distancia proyectada >500 km: verificar con método geodésico si se requiere precisión a larga distancia.
POL_681,702.0,Inventario de humedales (1),738.5046830624739,Distancia proyectada >500 km: verificar con método geodésico si se requiere precisión a larga distancia.
POL_682,12.0,Inventario de humedales (1),735.0322888184683,Distancia proyectada >500 km: verificar con método geodésico si se requiere precisión a larga distancia.
POL_683,491.0,Inventario de humedales (1),748.3471823697188,Distancia proyectada >500 km: verificar con método geodésico si se requiere precisión a larga distancia.
POL_684,97.0,Inventario de humedales (1),747.0746227309235,Distancia proyectada >500 km: verificar con método geodésico si se requiere precisión a larga distancia.
POL_685,97.0,Inventario de humedales (1),748.0282057921938,Distancia proyectada >500 km: verificar con método geodésico si se requiere precisión a larga distancia.
POL_686,703.0,Inventario de humedales (1),744.8774229700545,Distancia proyectada >500 km: verificar con método geodésico si se requiere precisión a larga distancia.
POL_687,97.0,Inventario de humedales (1),752.0470561038071,Distancia proyectada >500 km: verificar con método geodésico si se requiere precisión a larga distancia.
POL_688,704.0,Inventario de humedales (1),777.630618522954,Distancia proyectada >500 km: verificar con método geodésico si se requiere precisión a larga distancia.
POL_689,705.0,Inventario de humedales (1),753.1723132722049,Distancia proyectada >500 km: verificar con método geodésico si se requiere precisión a larga distancia.
POL_690,706.0,Inventario de humedales (1),734.2485765318734,Distancia proyectada >500 km: verificar con método geodésico si se requiere precisión a larga distancia.
POL_691,421.0,Inventario de humedales (1),734.8825188213979,Distancia proyectada >500 km: verificar con método geodésico si se requiere precisión a larga distancia.
POL_692,707.0,Inventario de humedales (1),737.9243209951567,Distancia proyectada >500 km: verificar con método geodésico si se requiere precisión a larga distancia.
POL_693,708.0,Inventario de humedales (1),805.3696830003917,Distancia proyectada >500 km: verificar con método geodésico si se requiere precisión a larga distancia.
POL_694,227.0,Inventario de humedales (1),817.3237423385384,Distancia proyectada >500 km: verificar con método geodésico si se requiere precisión a larga distancia.
POL_695,511.0,Inventario de humedales (1),819.3200610664734,Distancia proyectada >500 km: verificar con método geodésico si se requiere precisión a larga distancia.
POL_696,175.0,Inventario de humedales (1),826.2021491211492,Distancia proyectada >500 km: verificar con método geodésico si se requiere precisión a larga distancia.
POL_697,266.0,Inventario de humedales (1),823.0216246544754,Distancia proyectada >500 km: verificar con método geodésico si se requiere precisión a larga distancia.
POL_698,709.0,Inventario de humedales (1),825.2227749189751,Distancia proyectada >500 km: verificar con método geodésico si se requiere precisión a larga distancia.
POL_699,491.0,Inventario de humedales (1),823.1755513863394,Distancia proyectada >500 km: verificar con método geodésico si se requiere precisión a larga distancia.
POL_700,219.0,Inventario de humedales (1),821.4876756188077,Distancia proyectada >500 km: verificar con método geodésico si se requiere precisión a larga distancia.
POL_701,266.0,Inventario de humedales (1),824.2525154561828,Distancia proyectada >500 km: verificar con método geodésico si se requiere precisión a larga distancia.
POL_702,266.0,Inventario de humedales (1),824.757713576839,Distancia proyectada >500 km: verificar con método geodésico si se requiere precisión a larga distancia.
POL_703,710.0,Inventario de humedales (1),828.0375381676668,Distancia proyectada >500 km: verificar con método geodésico si se requiere precisión a larga distancia.
POL_704,711.0,Inventario de humedales (1),833.3572728926579,Distancia proyectada >500 km: verificar con método geodésico si se requiere precisión a larga distancia.
POL_705,88.0,Inventario de humedales (1),833.4007751594818,Distancia proyectada >500 km: verificar con método geodésico si se requiere precisión a larga distancia.
POL_706,88.0,Inventario de humedales (1),837.0304359019143,Distancia proyectada >500 km: verificar con método geodésico si se requiere precisión a larga distancia.
POL_707,294.0,Inventario de humedales (1),856.0011925298426,Distancia proyectada >500 km: verificar con método geodésico si se requiere precisión a larga distancia.
POL_708,88.0,Inventario de humedales (1),839.9514563432581,Distancia proyectada >500 km: verificar con método geodésico si se requiere precisión a larga distancia.
POL_709,712.0,Inventario de humedales (1),833.3873504121972,Distancia proyectada >500 km: verificar con método geodésico si se requiere precisión a larga distancia.
POL_710,713.0,Inventario de humedales (1),828.4531360682206,Distancia proyectada >500 km: verificar con método geodésico si se requiere precisión a larga distancia.
POL_711,88.0,Inventario de humedales (1),842.2648583992751,Distancia proyectada >500 km: verificar con método geodésico si se requiere precisión a larga distancia.
POL_712,407.0,Inventario de humedales (1),817.1519098001265,Distancia proyectada >500 km: verificar con método geodésico si se requiere precisión a larga distancia.
POL_713,266.0,Inventario de humedales (1),824.9884567595843,Distancia proyectada >500 km: verificar con método geodésico si se requiere precisión a larga distancia.
POL_714,88.0,Inventario de humedales (1),846.9794186048863,Distancia proyectada >500 km: verificar con método geodésico si se requiere precisión a larga distancia.
POL_715,714.0,Inventario de humedales (1),851.490891663173,Distancia proyectada >500 km: verificar con método geodésico si se requiere precisión a larga distancia.
POL_716,88.0,Inventario de humedales (1),851.4285877697487,Distancia proyectada >500 km: verificar con método geodésico si se requiere precisión a larga distancia.
POL_717,511.0,Inventario de humedales (1),873.2731652018477,Distancia proyectada >500 km: verificar con método geodésico si se requiere precisión a larga distancia.
POL_718,88.0,Inventario de humedales (1),873.1981054621423,Distancia proyectada >500 km: verificar con método geodésico si se requiere precisión a larga distancia.
POL_719,88.0,Inventario de humedales (1),870.9953528679634,Distancia proyectada >500 km: verificar con método geodésico si se requiere precisión a larga distancia.
POL_720,88.0,Inventario de humedales (1),854.5410376375437,Distancia proyectada >500 km: verificar con método geodésico si se requiere precisión a larga distancia.
POL_721,88.0,Inventario de humedales (1),867.7532335815121,Distancia proyectada >500 km: verificar con método geodésico si se requiere precisión a larga distancia.
POL_722,88.0,Inventario de humedales (1),862.4881534608658,Distancia proyectada >500 km: verificar con método geodésico si se requiere precisión a larga distancia.
POL_723,244.0,Inventario de humedales (1),884.6426813307685,Distancia proyectada >500 km: verificar con método geodésico si se requiere precisión a larga distancia.
POL_724,715.0,Inventario de humedales (1),927.3591966228879,Distancia proyectada >500 km: verificar con método geodésico si se requiere precisión a larga distancia.
POL_725,716.0,Inventario de humedales (1),899.1798877911725,Distancia proyectada >500 km: verificar con método geodésico si se requiere precisión a larga distancia.
POL_726,717.0,Inventario de humedales (1),925.800251084288,Distancia proyectada >500 km: verificar con método geodésico si se requiere precisión a larga distancia.
POL_727,507.0,Inventario de humedales (1),801.4937452059028,Distancia proyectada >500 km: verificar con método geodésico si se requiere precisión a larga distancia.
POL_728,718.0,Inventario de humedales (1),881.5321781228937,Distancia proyectada >500 km: verificar con método geodésico si se requiere precisión a larga distancia.
POL_729,719.0,Inventario de humedales (1),881.1992586511235,Distancia proyectada >500 km: verificar con método geodésico si se requiere precisión a larga distancia.
POL_730,458.0,Comunidades indigenas (1),1495.8568868614796,Distancia proyectada >500 km: verificar con método geodésico si se requiere precisión a larga distancia.
POL_730,458.0,Inventario de humedales (1),2078.3892711970166,Distancia proyectada >500 km: verificar con método geodésico si se requiere precisión a larga distancia.
POL_730,458.0,Planes de descontaminación (1),758.4343411443001,Distancia proyectada >500 km: verificar con método geodésico si se requiere precisión a larga distancia.
POL_731,720.0,Comunidades indigenas (1),1510.2211521188176,Distancia proyectada >500 km: verificar con método geodésico si se requiere precisión a larga distancia.
POL_731,720.0,Inventario de humedales (1),2090.5732581800153,Distancia proyectada >500 km: verificar con método geodésico si se requiere precisión a larga distancia.
POL_731,720.0,Planes de descontaminación (1),773.3071090342805,Distancia proyectada >500 km: verificar con método geodésico si se requiere precisión a larga distancia.
POL_732,721.0,Comunidades indigenas (1),1506.5389309418313,Distancia proyectada >500 km: verificar con método geodésico si se requiere precisión a larga distancia.
POL_732,721.0,Inventario de humedales (1),2086.8866085042823,Distancia proyectada >500 km: verificar con método geodésico si se requiere precisión a larga distancia.
POL_732,721.0,Planes de descontaminación (1),769.6427957449895,Distancia proyectada >500 km: verificar con método geodésico si se requiere precisión a larga distancia.
POL_733,526.0,Comunidades indigenas (1),1510.3376582092037,Distancia proyectada >500 km: verificar con método geodésico si se requiere precisión a larga distancia.
POL_733,526.0,Inventario de humedales (1),2090.841410735121,Distancia proyectada >500 km: verificar con método geodésico si se requiere precisión a larga distancia.
POL_733,526.0,Planes de descontaminación (1),773.3862409159893,Distancia proyectada >500 km: verificar con método geodésico si se requiere precisión a larga distancia.
POL_734,722.0,Comunidades indigenas (1),1510.827553053117,Distancia proyectada >500 km: verificar con método geodésico si se requiere precisión a larga distancia.
POL_734,722.0,Inventario de humedales (1),2091.359288641674,Distancia proyectada >500 km: verificar con método geodésico si se requiere precisión a larga distancia.
POL_734,722.0,Planes de descontaminación (1),773.8667830458865,Distancia proyectada >500 km: verificar con método geodésico si se requiere precisión a larga distancia.
POL_735,306.0,Comunidades indigenas (1),1509.4595792846499,Distancia proyectada >500 km: verificar con método geodésico si se requiere precisión a larga distancia.
POL_735,306.0,Inventario de humedales (1),2089.9664001698397,Distancia proyectada >500 km: verificar con método geodésico si se requiere precisión a larga distancia.
POL_735,306.0,Planes de descontaminación (1),772.509363831743,Distancia proyectada >500 km: verificar con método geodésico si se requiere precisión a larga distancia.
POL_736,282.0,Comunidades indigenas (1),1512.949311572937,Distancia proyectada >500 km: verificar con método geodésico si se requiere precisión a larga distancia.
POL_736,282.0,Inventario de humedales (1),2093.523000287193,Distancia proyectada >500 km: verificar con método geodésico si se requiere precisión a larga distancia.
POL_736,282.0,Planes de descontaminación (1),775.9716102154218,Distancia proyectada >500 km: verificar con método geodésico si se requiere precisión a larga distancia.
POL_737,723.0,Comunidades indigenas (1),1515.5464892465757,Distancia proyectada >500 km: verificar con método geodésico si se requiere precisión a larga distancia.
POL_737,723.0,Inventario de humedales (1),2096.433870020708,Distancia proyectada >500 km: verificar con método geodésico si se requiere precisión a larga distancia.
POL_737,723.0,Planes de descontaminación (1),778.4758512788435,Distancia proyectada >500 km: verificar con método geodésico si se requiere precisión a larga distancia.
POL_738,157.0,Comunidades indigenas (1),1533.3271926090902,Distancia proyectada >500 km: verificar con método geodésico si se requiere precisión a larga distancia.
POL_738,157.0,Inventario de humedales (1),2114.4374660637563,Distancia proyectada >500 km: verificar con método geodésico si se requiere precisión a larga distancia.
POL_738,157.0,Planes de descontaminación (1),796.1584002932211,Distancia proyectada >500 km: verificar con método geodésico si se requiere precisión a larga distancia.
POL_739,433.0,Comunidades indigenas (1),1392.989754564976,Distancia proyectada >500 km: verificar con método geodésico si se requiere precisión a larga distancia.
POL_739,433.0,Inventario de humedales (1),1979.6227628334457,Distancia proyectada >500 km: verificar con método geodésico si se requiere precisión a larga distancia.
POL_739,433.0,Planes de descontaminación (1),655.1997407849302,Distancia proyectada >500 km: verificar con método geodésico si se requiere precisión a larga distancia.
POL_740,282.0,Comunidades indigenas (1),1352.560923624627,Distancia proyectada >500 km: verificar con método geodésico si se requiere precisión a larga distancia.
POL_740,282.0,Inventario de humedales (1),1945.174643463256,Distancia proyectada >500 km: verificar con método geodésico si se requiere precisión a larga distancia.
POL_740,282.0,Planes de descontaminación (1),616.1742898838061,Distancia proyectada >500 km: verificar con método geodésico si se requiere precisión a larga distancia.
POL_741,438.0,Comunidades indigenas (1),1301.0314395123687,Distancia proyectada >500 km: verificar con método geodésico si se requiere precisión a larga distancia.
POL_741,438.0,Inventario de humedales (1),1893.8418435536682,Distancia proyectada >500 km: verificar con método geodésico si se requiere precisión a larga distancia.
POL_741,438.0,Planes de descontaminación (1),564.6735039136578,Distancia proyectada >500 km: verificar con método geodésico si se requiere precisión a larga distancia.
POL_742,438.0,Comunidades indigenas (1),1302.9483394191122,Distancia proyectada >500 km: verificar con método geodésico si se requiere precisión a larga distancia.
POL_742,438.0,Inventario de humedales (1),1895.6439330355613,Distancia proyectada >500 km: verificar con método geodésico si se requiere precisión a larga distancia.
POL_742,438.0,Planes de descontaminación (1),566.533142432848,Distancia proyectada >500 km: verificar con método geodésico si se requiere precisión a larga distancia.
POL_743,306.0,Comunidades indigenas (1),1275.5494214451498,Distancia proyectada >500 km: verificar con método geodésico si se requiere precisión a larga distancia.
POL_743,306.0,Inventario de humedales (1),1870.2235565767899,Distancia proyectada >500 km: verificar con método geodésico si se requiere precisión a larga distancia.
POL_743,306.0,Planes de descontaminación (1),540.3256143908866,Distancia proyectada >500 km: verificar con método geodésico si se requiere precisión a larga distancia.
POL_744,420.0,Comunidades indigenas (1),1325.1384505226465,Distancia proyectada >500 km: verificar con método geodésico si se requiere precisión a larga distancia.
POL_744,420.0,Inventario de humedales (1),1918.204828041154,Distancia proyectada >500 km: verificar con método geodésico si se requiere precisión a larga distancia.
POL_744,420.0,Planes de descontaminación (1),588.9529774352093,Distancia proyectada >500 km: verificar con método geodésico si se requiere precisión a larga distancia.
POL_745,53.0,Comunidades indigenas (1),1393.0547645027493,Distancia proyectada >500 km: verificar con método geodésico si se requiere precisión a larga distancia.
POL_745,53.0,Inventario de humedales (1),1980.0548996067753,Distancia proyectada >500 km: verificar con método geodésico si se requiere precisión a larga distancia.
POL_745,53.0,Planes de descontaminación (1),655.2682437456061,Distancia proyectada >500 km: verificar con método geodésico si se requiere precisión a larga distancia.
POL_746,168.0,Comunidades indigenas (1),1510.9806910194704,Distancia proyectada >500 km: verificar con método geodésico si se requiere precisión a larga distancia.
POL_746,168.0,Inventario de humedales (1),2092.1993377071312,Distancia proyectada >500 km: verificar con método geodésico si se requiere precisión a larga distancia.
POL_746,168.0,Planes de descontaminación (1),773.8322959349658,Distancia proyectada >500 km: verificar con método geodésico si se requiere precisión a larga distancia.
POL_747,168.0,Comunidades indigenas (1),1500.8902799824846,Distancia proyectada >500 km: verificar con método geodésico si se requiere precisión a larga distancia.
POL_747,168.0,Inventario de humedales (1),2082.9658945171145,Distancia proyectada >500 km: verificar con método geodésico si se requiere precisión a larga distancia.
POL_747,168.0,Planes de descontaminación (1),763.5553082903734,Distancia proyectada >500 km: verificar con método geodésico si se requiere precisión a larga distancia.
POL_748,372.0,Comunidades indigenas (1),1513.8113440756229,Distancia proyectada >500 km: verificar con método geodésico si se requiere precisión a larga distancia.
POL_748,372.0,Inventario de humedales (1),2094.3766136652184,Distancia proyectada >500 km: verificar con método geodésico si se requiere precisión a larga distancia.
POL_748,372.0,Planes de descontaminación (1),776.8340452801496,Distancia proyectada >500 km: verificar con método geodésico si se requiere precisión a larga distancia.
POL_749,526.0,Comunidades indigenas (1),1511.0698779263146,Distancia proyectada >500 km: verificar con método geodésico si se requiere precisión a larga distancia.
POL_749,526.0,Inventario de humedales (1),2091.6116987891874,Distancia proyectada >500 km: verificar con método geodésico si se requiere precisión a larga distancia.
POL_749,526.0,Planes de descontaminación (1),774.1057169212118,Distancia proyectada >500 km: verificar con método geodésico si se requiere precisión a larga distancia.
POL_750,263.0,Comunidades indigenas (1),1528.6329822713242,Distancia proyectada >500 km: verificar con método geodésico si se requiere precisión a larga distancia.
POL_750,263.0,Inventario de humedales (1),2109.7544719364028,Distancia proyectada >500 km: verificar con método geodésico si se requiere precisión a larga distancia.
POL_750,263.0,Planes de descontaminación (1),791.4745615033706,Distancia proyectada >500 km: verificar con método geodésico si se requiere precisión a larga distancia.
POL_751,513.0,Comunidades indigenas (1),1484.7715198101885,Distancia proyectada >500 km: verificar con método geodésico si se requiere precisión a larga distancia.
POL_751,513.0,Inventario de humedales (1),2070.781131615128,Distancia proyectada >500 km: verificar con método geodésico si se requiere precisión a larga distancia.
POL_751,513.0,Planes de descontaminación (1),746.9821591705561,Distancia proyectada >500 km: verificar con método geodésico si se requiere precisión a larga distancia.
POL_752,114.0,Comunidades indigenas (1),1539.585124127154,Distancia proyectada >500 km: verificar con método geodésico si se requiere precisión a larga distancia.
POL_752,114.0,Inventario de humedales (1),2130.6951301213617,Distancia proyectada >500 km: verificar con método geodésico si se requiere precisión a larga distancia.
POL_752,114.0,Planes de descontaminación (1),802.7694950025794,Distancia proyectada >500 km: verificar con método geodésico si se requiere precisión a larga distancia.
POL_753,526.0,Comunidades indigenas (1),1525.8263069722161,Distancia proyectada >500 km: verificar con método geodésico si se requiere precisión a larga distancia.
POL_753,526.0,Inventario de humedales (1),2107.224391294999,Distancia proyectada >500 km: verificar con método geodésico si se requiere precisión a larga distancia.
POL_753,526.0,Planes de descontaminación (1),788.6049242621539,Distancia proyectada >500 km: verificar con método geodésico si se requiere precisión a larga distancia.
POL_754,439.0,Comunidades indigenas (1),1527.1458124065723,Distancia proyectada >500 km: verificar con método geodésico si se requiere precisión a larga distancia.
POL_754,439.0,Inventario de humedales (1),2108.1309054487774,Distancia proyectada >500 km: verificar con método geodésico si se requiere precisión a larga distancia.
POL_754,439.0,Planes de descontaminación (1),790.0252391467913,Distancia proyectada >500 km: verificar con método geodésico si se requiere precisión a larga distancia.
POL_755,526.0,Comunidades indigenas (1),1515.4681131144227,Distancia proyectada >500 km: verificar con método geodésico si se requiere precisión a larga distancia.
POL_755,526.0,Inventario de humedales (1),2096.1321800783176,Distancia proyectada >500 km: verificar con método geodésico si se requiere precisión a larga distancia.
POL_755,526.0,Planes de descontaminación (1),778.4589228728022,Distancia proyectada >500 km: verificar con método geodésico si se requiere precisión a larga distancia.
POL_756,344.0,Comunidades indigenas (1),1575.593952398466,Distancia proyectada >500 km: verificar con método geodésico si se requiere precisión a larga distancia.
POL_756,344.0,Inventario de humedales (1),2156.827096810893,Distancia proyectada >500 km: verificar con método geodésico si se requiere precisión a larga distancia.
POL_756,344.0,Planes de descontaminación (1),838.3260561560073,Distancia proyectada >500 km: verificar con método geodésico si se requiere precisión a larga distancia.
POL_757,433.0,Comunidades indigenas (1),1464.6201478814965,Distancia proyectada >500 km: verificar con método geodésico si se requiere precisión a larga distancia.
POL_757,433.0,Inventario de humedales (1),2039.3934911895356,Distancia proyectada >500 km: verificar con método geodésico si se requiere precisión a larga distancia.
POL_757,433.0,Planes de descontaminación (1),730.3128645608489,Distancia proyectada >500 km: verificar con método geodésico si se requiere precisión a larga distancia.
POL_758,50.0,Comunidades indigenas (1),1454.037370420698,Distancia proyectada >500 km: verificar con método geodésico si se requiere precisión a larga distancia.
POL_758,50.0,Inventario de humedales (1),2026.9684926482448,Distancia proyectada >500 km: verificar con método geodésico si se requiere precisión a larga distancia.
POL_758,50.0,Planes de descontaminación (1),720.8970805121302,Distancia proyectada >500 km: verificar con método geodésico si se requiere precisión a larga distancia.
POL_759,433.0,Comunidades indigenas (1),1444.2226381014889,Distancia proyectada >500 km: verificar con método geodésico si se requiere precisión a larga distancia.
POL_759,433.0,Inventario de humedales (1),2019.0885341439573,Distancia proyectada >500 km: verificar con método geodésico si se requiere precisión a larga distancia.
POL_759,433.0,Planes de descontaminación (1),710.0052494529135,Distancia proyectada >500 km: verificar con método geodésico si se requiere precisión a larga distancia.
POL_760,107.0,Comunidades indigenas (1),1444.3404699810035,Distancia proyectada >500 km: verificar con método geodésico si se requiere precisión a larga distancia.
POL_760,107.0,Inventario de humedales (1),2015.0603823204833,Distancia proyectada >500 km: verificar con método geodésico si se requiere precisión a larga distancia.
POL_760,107.0,Planes de descontaminación (1),712.7693682070128,Distancia proyectada >500 km: verificar con método geodésico si se requiere precisión a larga distancia.
POL_761,107.0,Comunidades indigenas (1),1446.5495170917034,Distancia proyectada >500 km: verificar con método geodésico si se requiere precisión a larga distancia.
POL_761,107.0,Inventario de humedales (1),2017.42472899791,Distancia proyectada >500 km: verificar con método geodésico si se requiere precisión a larga distancia.
POL_761,107.0,Planes de descontaminación (1),714.8455191692681,Distancia proyectada >500 km: verificar con método geodésico si se requiere precisión a larga distancia.
POL_762,433.0,Comunidades indigenas (1),1443.0760015146282,Distancia proyectada >500 km: verificar con método geodésico si se requiere precisión a larga distancia.
POL_762,433.0,Inventario de humedales (1),2011.5655155535899,Distancia proyectada >500 km: verificar con método geodésico si se requiere precisión a larga distancia.
POL_762,433.0,Planes de descontaminación (1),712.9766488245235,Distancia proyectada >500 km: verificar con método geodésico si se requiere precisión a larga distancia.
POL_763,433.0,Comunidades indigenas (1),1415.862971602182,Distancia proyectada >500 km: verificar con método geodésico si se requiere precisión a larga distancia.
POL_763,433.0,Inventario de humedales (1),1986.332758806628,Distancia proyectada >500 km: verificar con método geodésico si se requiere precisión a larga distancia.
POL_763,433.0,Planes de descontaminación (1),684.4209916880055,Distancia proyectada >500 km: verificar con método geodésico si se requiere precisión a larga distancia.
POL_764,107.0,Comunidades indigenas (1),1434.2106842673697,Distancia proyectada >500 km: verificar con método geodésico si se requiere precisión a larga distancia.
POL_764,107.0,Inventario de humedales (1),2003.406792144876,Distancia proyectada >500 km: verificar con método geodésico si se requiere precisión a larga distancia.
POL_764,107.0,Planes de descontaminación (1),703.7333838481622,Distancia proyectada >500 km: verificar con método geodésico si se requiere precisión a larga distancia.
POL_765,306.0,Comunidades indigenas (1),1499.7074748409652,Distancia proyectada >500 km: verificar con método geodésico si se requiere precisión a larga distancia.
POL_765,306.0,Inventario de humedales (1),2073.0619734858224,Distancia proyectada >500 km: verificar con método geodésico si se requiere precisión a larga distancia.
POL_765,306.0,Planes de descontaminación (1),765.9590952858464,Distancia proyectada >500 km: verificar con método geodésico si se requiere precisión a larga distancia.
POL_766,306.0,Comunidades indigenas (1),1512.9677868940782,Distancia proyectada >500 km: verificar con método geodésico si se requiere precisión a larga distancia.
POL_766,306.0,Inventario de humedales (1),2080.5449538214993,Distancia proyectada >500 km: verificar con método geodésico si se requiere precisión a larga distancia.
POL_766,306.0,Planes de descontaminación (1),782.779583406061,Distancia proyectada >500 km: verificar con método geodésico si se requiere precisión a larga distancia.
POL_767,523.0,Comunidades indigenas (1),1584.4476976431472,Distancia proyectada >500 km: verificar con método geodésico si se requiere precisión a larga distancia.
POL_767,523.0,Inventario de humedales (1),2155.2713836171383,Distancia proyectada >500 km: verificar con método geodésico si se requiere precisión a larga distancia.
POL_767,523.0,Planes de descontaminación (1),851.576769796519,Distancia proyectada >500 km: verificar con método geodésico si se requiere precisión a larga distancia.
POL_768,306.0,Comunidades indigenas (1),1548.0565018388377,Distancia proyectada >500 km: verificar con método geodésico si se requiere precisión a larga distancia.
POL_768,306.0,Inventario de humedales (1),2112.5662454655157,Distancia proyectada >500 km: verificar con método geodésico si se requiere precisión a larga distancia.
POL_768,306.0,Planes de descontaminación (1),820.3580013323464,Distancia proyectada >500 km: verificar con método geodésico si se requiere precisión a larga distancia.
POL_769,306.0,Comunidades indigenas (1),1517.3722369427492,Distancia proyectada >500 km: verificar con método geodésico si se requiere precisión a larga distancia.
POL_769,306.0,Inventario de humedales (1),2081.206903661317,Distancia proyectada >500 km: verificar con método geodésico si se requiere precisión a larga distancia.
POL_769,306.0,Planes de descontaminación (1),791.0202680687776,Distancia proyectada >500 km: verificar con método geodésico si se requiere precisión a larga distancia.
POL_770,724.0,Comunidades indigenas (1),690.1612904317712,Distancia proyectada >500 km: verificar con método geodésico si se requiere precisión a larga distancia.
POL_770,724.0,Inventario de humedales (1),1285.7582563473109,Distancia proyectada >500 km: verificar con método geodésico si se requiere precisión a larga distancia.
POL_770,724.0,Áreas de desarrollo Indigena (1),748.8572343530627,Distancia proyectada >500 km: verificar con método geodésico si se requiere precisión a larga distancia.
POL_771,725.0,Comunidades indigenas (1),684.6527950185301,Distancia proyectada >500 km: verificar con método geodésico si se requiere precisión a larga distancia.
POL_771,725.0,Inventario de humedales (1),1281.2044127020595,Distancia proyectada >500 km: verificar con método geodésico si se requiere precisión a larga distancia.
POL_771,725.0,Áreas de desarrollo Indigena (1),742.7325576161398,Distancia proyectada >500 km: verificar con método geodésico si se requiere precisión a larga distancia.
POL_772,726.0,Comunidades indigenas (1),683.2473985522722,Distancia proyectada >500 km: verificar con método geodésico si se requiere precisión a larga distancia.
POL_772,726.0,Inventario de humedales (1),1279.6358648752116,Distancia proyectada >500 km: verificar con método geodésico si se requiere precisión a larga distancia.
POL_772,726.0,Áreas de desarrollo Indigena (1),741.4625389231949,Distancia proyectada >500 km: verificar con método geodésico si se requiere precisión a larga distancia.
POL_773,727.0,Comunidades indigenas (1),680.6051792543929,Distancia proyectada >500 km: verificar con método geodésico si se requiere precisión a larga distancia.
POL_773,727.0,Inventario de humedales (1),1276.267794448175,Distancia proyectada >500 km: verificar con método geodésico si se requiere precisión a larga distancia.
POL_773,727.0,Áreas de desarrollo Indigena (1),739.4454757508057,Distancia proyectada >500 km: verificar con método geodésico si se requiere precisión a larga distancia.
POL_774,728.0,Comunidades indigenas (1),680.4679474426446,Distancia proyectada >500 km: verificar con método geodésico si se requiere precisión a larga distancia.
POL_774,728.0,Inventario de humedales (1),1276.0571309014692,Distancia proyectada >500 km: verificar con método geodésico si se requiere precisión a larga distancia.
POL_774,728.0,Áreas de desarrollo Indigena (1),739.3701583491431,Distancia proyectada >500 km: verificar con método geodésico si se requiere precisión a larga distancia.
POL_775,729.0,Comunidades indigenas (1),676.2960037638076,Distancia proyectada >500 km: verificar con método geodésico si se requiere precisión a larga distancia.
POL_775,729.0,Inventario de humedales (1),1272.1685425874628,Distancia proyectada >500 km: verificar con método geodésico si se requiere precisión a larga distancia.
POL_775,729.0,Áreas de desarrollo Indigena (1),735.0501238381407,Distancia proyectada >500 km: verificar con método geodésico si se requiere precisión a larga distancia.
POL_776,730.0,Comunidades indigenas (1),656.4845416874606,Distancia proyectada >500 km: verificar con método geodésico si se requiere precisión a larga distancia.
POL_776,730.0,Inventario de humedales (1),1256.2449930281032,Distancia proyectada >500 km: verificar con método geodésico si se requiere precisión a larga distancia.
POL_776,730.0,Áreas de desarrollo Indigena (1),711.3361059509648,Distancia proyectada >500 km: verificar con método geodésico si se requiere precisión a larga distancia.
POL_777,247.0,Comunidades indigenas (1),614.3451782742663,Distancia proyectada >500 km: verificar con método geodésico si se requiere precisión a larga distancia.
POL_777,247.0,Inventario de humedales (1),1208.390891734922,Distancia proyectada >500 km: verificar con método geodésico si se requiere precisión a larga distancia.
POL_777,247.0,Áreas de desarrollo Indigena (1),676.082403730194,Distancia proyectada >500 km: verificar con método geodésico si se requiere precisión a larga distancia.
POL_778,731.0,Comunidades indigenas (1),584.2935873256826,Distancia proyectada >500 km: verificar con método geodésico si se requiere precisión a larga distancia.
POL_778,731.0,Inventario de humedales (1),1184.85448369782,Distancia proyectada >500 km: verificar con método geodésico si se requiere precisión a larga distancia.
POL_778,731.0,Áreas de desarrollo Indigena (1),638.5893344297789,Distancia proyectada >500 km: verificar con método geodésico si se requiere precisión a larga distancia.
POL_779,433.0,Comunidades indigenas (1),1604.8759213969088,Distancia proyectada >500 km: verificar con método geodésico si se requiere precisión a larga distancia.
POL_779,433.0,Inventario de humedales (1),2169.870505867618,Distancia proyectada >500 km: verificar con método geodésico si se requiere precisión a larga distancia.
POL_779,433.0,Planes de descontaminación (1),875.8499061106423,Distancia proyectada >500 km: verificar con método geodésico si se requiere precisión a larga distancia.
POL_780,433.0,Comunidades indigenas (1),1471.1251608143618,Distancia proyectada >500 km: verificar con método geodésico si se requiere precisión a larga distancia.
POL_780,433.0,Inventario de humedales (1),2033.9104823706612,Distancia proyectada >500 km: verificar con método geodésico si se requiere precisión a larga distancia.
POL_780,433.0,Planes de descontaminación (1),747.0154939768128,Distancia proyectada >500 km: verificar con método geodésico si se requiere precisión a larga distancia.
POL_781,433.0,Comunidades indigenas (1),1486.8035690561849,Distancia proyectada >500 km: verificar con método geodésico si se requiere precisión a larga distancia.
POL_781,433.0,Inventario de humedales (1),2058.0816819439574,Distancia proyectada >500 km: verificar con método geodésico si se requiere precisión a larga distancia.
POL_781,433.0,Planes de descontaminación (1),754.4350244927251,Distancia proyectada >500 km: verificar con método geodésico si se requiere precisión a larga distancia.
POL_782,306.0,Comunidades indigenas (1),1531.6547063088883,Distancia proyectada >500 km: verificar con método geodésico si se requiere precisión a larga distancia.
POL_782,306.0,Inventario de humedales (1),2108.524581578124,Distancia proyectada >500 km: verificar con método geodésico si se requiere precisión a larga distancia.
POL_782,306.0,Planes de descontaminación (1),795.9335596421674,Distancia proyectada >500 km: verificar con método geodésico si se requiere precisión a larga distancia.
POL_783,162.0,Comunidades indigenas (1),1540.7177066447953,Distancia proyectada >500 km: verificar con método geodésico si se requiere precisión a larga distancia.
POL_783,162.0,Inventario de humedales (1),2114.4593379826533,Distancia proyectada >500 km: verificar con método geodésico si se requiere precisión a larga distancia.
POL_783,162.0,Planes de descontaminación (1),806.4843981330047,Distancia proyectada >500 km: verificar con método geodésico si se requiere precisión a larga distancia.
POL_784,162.0,Comunidades indigenas (1),1543.964390220379,Distancia proyectada >500 km: verificar con método geodésico si se requiere precisión a larga distancia.
POL_784,162.0,Inventario de humedales (1),2118.1267331831896,Distancia proyectada >500 km: verificar con método geodésico si se requiere precisión a larga distancia.
POL_784,162.0,Planes de descontaminación (1),809.4893610886933,Distancia proyectada >500 km: verificar con método geodésico si se requiere precisión a larga distancia.
POL_785,162.0,Comunidades indigenas (1),1543.5083506672636,Distancia proyectada >500 km: verificar con método geodésico si se requiere precisión a larga distancia.
POL_785,162.0,Inventario de humedales (1),2117.771285161319,Distancia proyectada >500 km: verificar con método geodésico si se requiere precisión a larga distancia.
POL_785,162.0,Planes de descontaminación (1),808.9837361258509,Distancia proyectada >500 km: verificar con método geodésico si se requiere precisión a larga distancia.
POL_786,433.0,Comunidades indigenas (1),1484.0197273037393,Distancia proyectada >500 km: verificar con método geodésico si se requiere precisión a larga distancia.
POL_786,433.0,Inventario de humedales (1),2053.0838399532395,Distancia proyectada >500 km: verificar con método geodésico si se requiere precisión a larga distancia.
POL_786,433.0,Planes de descontaminación (1),753.1515442361805,Distancia proyectada >500 km: verificar con método geodésico si se requiere precisión a larga distancia.
POL_787,116.0,Comunidades indigenas (1),1488.9025131438461,Distancia proyectada >500 km: verificar con método geodésico si se requiere precisión a larga distancia.
POL_787,116.0,Inventario de humedales (1),2055.3382928704023,Distancia proyectada >500 km: verificar con método geodésico si se requiere precisión a larga distancia.
POL_787,116.0,Planes de descontaminación (1),759.7102360037959,Distancia proyectada >500 km: verificar con método geodésico si se requiere precisión a larga distancia.
POL_788,433.0,Comunidades indigenas (1),1503.0014076722914,Distancia proyectada >500 km: verificar con método geodésico si se requiere precisión a larga distancia.
POL_788,433.0,Inventario de humedales (1),2066.0160260331545,Distancia proyectada >500 km: verificar con método geodésico si se requiere precisión a larga distancia.
POL_788,433.0,Planes de descontaminación (1),777.972772305296,Distancia proyectada >500 km: verificar con método geodésico si se requiere precisión a larga distancia.
POL_789,433.0,Comunidades indigenas (1),1502.108184468402,Distancia proyectada >500 km: verificar con método geodésico si se requiere precisión a larga distancia.
POL_789,433.0,Inventario de humedales (1),2066.101164340954,Distancia proyectada >500 km: verificar con método geodésico si se requiere precisión a larga distancia.
POL_789,433.0,Planes de descontaminación (1),775.8092900690107,Distancia proyectada >500 km: verificar con método geodésico si se requiere precisión a larga distancia.
POL_790,433.0,Comunidades indigenas (1),1496.304486332783,Distancia proyectada >500 km: verificar con método geodésico si se requiere precisión a larga distancia.
POL_790,433.0,Inventario de humedales (1),2061.2166826743855,Distancia proyectada >500 km: verificar con método geodésico si se requiere precisión a larga distancia.
POL_790,433.0,Planes de descontaminación (1),768.8295092220311,Distancia proyectada >500 km: verificar con método geodésico si se requiere precisión a larga distancia.
POL_791,433.0,Comunidades indigenas (1),1484.6713481916834,Distancia proyectada >500 km: verificar con método geodésico si se requiere precisión a larga distancia.
POL_791,433.0,Inventario de humedales (1),2046.6573673980074,Distancia proyectada >500 km: verificar con método geodésico si se requiere precisión a larga distancia.
POL_791,433.0,Planes de descontaminación (1),761.3859095033464,Distancia proyectada >500 km: verificar con método geodésico si se requiere precisión a larga distancia.
POL_792,116.0,Comunidades indigenas (1),1493.853899652294,Distancia proyectada >500 km: verificar con método geodésico si se requiere precisión a larga distancia.
POL_792,116.0,Inventario de humedales (1),2062.7473737545974,Distancia proyectada >500 km: verificar con método geodésico si se requiere precisión a larga distancia.
POL_792,116.0,Planes de descontaminación (1),762.820860298647,Distancia proyectada >500 km: verificar con método geodésico si se requiere precisión a larga distancia.
POL_793,433.0,Comunidades indigenas (1),1509.3839499750088,Distancia proyectada >500 km: verificar con método geodésico si se requiere precisión a larga distancia.
POL_793,433.0,Inventario de humedales (1),2071.637534169568,Distancia proyectada >500 km: verificar con método geodésico si se requiere precisión a larga distancia.
POL_793,433.0,Planes de descontaminación (1),785.252995583541,Distancia proyectada >500 km: verificar con método geodésico si se requiere precisión a larga distancia.
POL_794,433.0,Comunidades indigenas (1),1427.6528933542943,Distancia proyectada >500 km: verificar con método geodésico si se requiere precisión a larga distancia.
POL_794,433.0,Inventario de humedales (1),1992.660197649219,Distancia proyectada >500 km: verificar con método geodésico si se requiere precisión a larga distancia.
POL_794,433.0,Planes de descontaminación (1),701.364098461434,Distancia proyectada >500 km: verificar con método geodésico si se requiere precisión a larga distancia.
POL_795,433.0,Comunidades indigenas (1),1442.4114868289337,Distancia proyectada >500 km: verificar con método geodésico si se requiere precisión a larga distancia.
POL_795,433.0,Inventario de humedales (1),2005.0456242143575,Distancia proyectada >500 km: verificar con método geodésico si se requiere precisión a larga distancia.
POL_795,433.0,Planes de descontaminación (1),719.1238818250954,Distancia proyectada >500 km: verificar con método geodésico si se requiere precisión a larga distancia.
POL_796,433.0,Comunidades indigenas (1),1433.370080002207,Distancia proyectada >500 km: verificar con método geodésico si se requiere precisión a larga distancia.
POL_796,433.0,Inventario de humedales (1),1997.4984877615454,Distancia proyectada >500 km: verificar con método geodésico si se requiere precisión a larga distancia.
POL_796,433.0,Planes de descontaminación (1),708.1705896094732,Distancia proyectada >500 km: verificar con método geodésico si se requiere precisión a larga distancia.
POL_797,282.0,Comunidades indigenas (1),1539.454387754143,Distancia proyectada >500 km: verificar con método geodésico si se requiere precisión a larga distancia.
POL_797,282.0,Inventario de humedales (1),2106.7279756773332,Distancia proyectada >500 km: verificar con método geodésico si se requiere precisión a larga distancia.
POL_797,282.0,Planes de descontaminación (1),809.2189080047623,Distancia proyectada >500 km: verificar con método geodésico si se requiere precisión a larga distancia.
POL_798,520.0,Comunidades indigenas (1),1540.794601456351,Distancia proyectada >500 km: verificar con método geodésico si se requiere precisión a larga distancia.
POL_798,520.0,Inventario de humedales (1),2117.416442803258,Distancia proyectada >500 km: verificar con método geodésico si se requiere precisión a larga distancia.
POL_798,520.0,Planes de descontaminación (1),805.1582540357583,Distancia proyectada >500 km: verificar con método geodésico si se requiere precisión a larga distancia.
POL_799,116.0,Comunidades indigenas (1),1530.374921705527,Distancia proyectada >500 km: verificar con método geodésico si se requiere precisión a larga distancia.
POL_799,116.0,Inventario de humedales (1),2094.671226310976,Distancia proyectada >500 km: verificar con método geodésico si se requiere precisión a larga distancia.
POL_799,116.0,Planes de descontaminación (1),803.224490755738,Distancia proyectada >500 km: verificar con método geodésico si se requiere precisión a larga distancia.
POL_800,119.0,Comunidades indigenas (1),1538.5607637664123,Distancia proyectada >500 km: verificar con método geodésico si se requiere precisión a larga distancia.
POL_800,119.0,Inventario de humedales (1),2103.267635461245,Distancia proyectada >500 km: verificar con método geodésico si se requiere precisión a larga distancia.
POL_800,119.0,Planes de descontaminación (1),810.7761768359494,Distancia proyectada >500 km: verificar con método geodésico si se requiere precisión a larga distancia.
POL_801,433.0,Comunidades indigenas (1),1541.8389977965776,Distancia proyectada >500 km: verificar con método geodésico si se requiere precisión a larga distancia.
POL_801,433.0,Inventario de humedales (1),2105.3989792000966,Distancia proyectada >500 km: verificar con método geodésico si se requiere precisión a larga distancia.
POL_801,433.0,Planes de descontaminación (1),815.4351629768216,Distancia proyectada >500 km: verificar con método geodésico si se requiere precisión a larga distancia.
POL_802,45.0,Comunidades indigenas (1),1551.353088715036,Distancia proyectada >500 km: verificar con método geodésico si se requiere precisión a larga distancia.
POL_802,45.0,Inventario de humedales (1),2116.051022412607,Distancia proyectada >500 km: verificar con método geodésico si se requiere precisión a larga distancia.
POL_802,45.0,Planes de descontaminación (1),823.3774734088013,Distancia proyectada >500 km: verificar con método geodésico si se requiere precisión a larga distancia.
POL_803,433.0,Comunidades indigenas (1),1455.9526056590184,Distancia proyectada >500 km: verificar con método geodésico si se requiere precisión a larga distancia.
POL_803,433.0,Inventario de humedales (1),2023.537063073044,Distancia proyectada >500 km: verificar con método geodésico si se requiere precisión a larga distancia.
POL_803,433.0,Planes de descontaminación (1),726.3369342517303,Distancia proyectada >500 km: verificar con método geodésico si se requiere precisión a larga distancia.
POL_804,201.0,Comunidades indigenas (1),798.0775848757186,Distancia proyectada >500 km: verificar con método geodésico si se requiere precisión a larga distancia.
POL_804,201.0,Inventario de humedales (1),1388.1670629540542,Distancia proyectada >500 km: verificar con método geodésico si se requiere precisión a larga distancia.
POL_804,201.0,Áreas de desarrollo Indigena (1),853.7241243014192,Distancia proyectada >500 km: verificar con método geodésico si se requiere precisión a larga distancia.
POL_805,331.0,Comunidades indigenas (1),781.6655435689491,Distancia proyectada >500 km: verificar con método geodésico si se requiere precisión a larga distancia.
POL_805,331.0,Inventario de humedales (1),1374.6601099495176,Distancia proyectada >500 km: verificar con método geodésico si se requiere precisión a larga distancia.
POL_805,331.0,Áreas de desarrollo Indigena (1),840.8714027301241,Distancia proyectada >500 km: verificar con método geodésico si se requiere precisión a larga distancia.
POL_806,732.0,Comunidades indigenas (1),714.0538772356821,Distancia proyectada >500 km: verificar con método geodésico si se requiere precisión a larga distancia.
POL_806,732.0,Inventario de humedales (1),1303.9664716437576,Distancia proyectada >500 km: verificar con método geodésico si se requiere precisión a larga distancia.
POL_806,732.0,Áreas de desarrollo Indigena (1),776.8849715444961,Distancia proyectada >500 km: verificar con método geodésico si se requiere precisión a larga distancia.
POL_807,733.0,Comunidades indigenas (1),655.6545013534544,Distancia proyectada >500 km: verificar con método geodésico si se requiere precisión a larga distancia.
POL_807,733.0,Inventario de humedales (1),1255.5002255190245,Distancia proyectada >500 km: verificar con método geodésico si se requiere precisión a larga distancia.
POL_807,733.0,Áreas de desarrollo Indigena (1),710.3517489430224,Distancia proyectada >500 km: verificar con método geodésico si se requiere precisión a larga distancia.
POL_808,734.0,Comunidades indigenas (1),655.846906824721,Distancia proyectada >500 km: verificar con método geodésico si se requiere precisión a larga distancia.
POL_808,734.0,Inventario de humedales (1),1255.6805975050543,Distancia proyectada >500 km: verificar con método geodésico si se requiere precisión a larga distancia.
POL_808,734.0,Áreas de desarrollo Indigena (1),710.562293515722,Distancia proyectada >500 km: verificar con método geodésico si se requiere precisión a larga distancia.
POL_809,735.0,Comunidades indigenas (1),654.6332453133153,Distancia proyectada >500 km: verificar con método geodésico si se requiere precisión a larga distancia.
POL_809,735.0,Inventario de humedales (1),1253.9674697320156,Distancia proyectada >500 km: verificar con método geodésico si se requiere precisión a larga distancia.
POL_809,735.0,Áreas de desarrollo Indigena (1),710.3056954417472,Distancia proyectada >500 km: verificar con método geodésico si se requiere precisión a larga distancia.
POL_810,736.0,Comunidades indigenas (1),653.375007314848,Distancia proyectada >500 km: verificar con método geodésico si se requiere precisión a larga distancia.
POL_810,736.0,Inventario de humedales (1),1252.6769951250676,Distancia proyectada >500 km: verificar con método geodésico si se requiere precisión a larga distancia.
POL_810,736.0,Áreas de desarrollo Indigena (1),709.1245363965782,Distancia proyectada >500 km: verificar con método geodésico si se requiere precisión a larga distancia.
POL_811,380.0,Inventario de humedales (1),803.9646819910238,Distancia proyectada >500 km: verificar con método geodésico si se requiere precisión a larga distancia.
POL_811,380.0,Reserva de la biosfera (1),527.4786029402131,Distancia proyectada >500 km: verificar con método geodésico si se requiere precisión a larga distancia.
POL_812,255.0,Inventario de humedales (1),602.8797565869904,Distancia proyectada >500 km: verificar con método geodésico si se requiere precisión a larga distancia.
POL_9990,,Inventario de humedales (1),1337.5230621105336,Distancia proyectada >500 km: verificar con método geodésico si se requiere precisión a larga distancia.
POL_9991,,Inventario de humedales (1),1045.5034063322132,Distancia proyectada >500 km: verificar con método geodésico si se requiere precisión a larga distancia.
POL_9991,,Reserva de la biosfera (1),504.61370701638606,Distancia proyectada >500 km: verificar con método geodésico si se requiere precisión a larga distancia.
POL_900001,307.0,Áreas de desarrollo Indigena (1),570.8232826366888,Distancia proyectada >500 km: verificar con método geodésico si se requiere precisión a larga distancia.
POL_900002,276.0,Áreas de desarrollo Indigena (1),674.3231910696237,Distancia proyectada >500 km: verificar con método geodésico si se requiere precisión a larga distancia.
POL_900003,27.0,Inventario de humedales (1),1180.5699041668101,Distancia proyectada >500 km: verificar con método geodésico si se requiere precisión a larga distancia.
POL_900004,27.0,Inventario de humedales (1),1186.2063218704304,Distancia proyectada >500 km: verificar con método geodésico si se requiere precisión a larga distancia.
POL_900005,27.0,Inventario de humedales (1),1197.877746070832,Distancia proyectada >500 km: verificar con método geodésico si se requiere precisión a larga distancia.
POL_900007,,Inventario de humedales (1),881.4896311326394,Distancia proyectada >500 km: verificar con método geodésico si se requiere precisión a larga distancia.
POL_900007,,Reserva de la biosfera (1),606.2066511670342,Distancia proyectada >500 km: verificar con método geodésico si se requiere precisión a larga distancia.
POL_900007,,Zona de interés turístico (1),500.51719722429306,Distancia proyectada >500 km: verificar con método geodésico si se requiere precisión a larga distancia.
POL_900008,,Inventario de humedales (1),1128.1814943701424,Distancia proyectada >500 km: verificar con método geodésico si se requiere precisión a larga distancia.
POL_900009,,Inventario de humedales (1),1131.3157520017044,Distancia proyectada >500 km: verificar con método geodésico si se requiere precisión a larga distancia.
POL_900010,,Inventario de humedales (1),1132.9004939705476,Distancia proyectada >500 km: verificar con método geodésico si se requiere precisión a larga distancia.
POL_900011,,Inventario de humedales (1),1178.006435018597,Distancia proyectada >500 km: verificar con método geodésico si se requiere precisión a larga distancia.
POL_900012,,Inventario de humedales (1),1009.1641004434418,Distancia proyectada >500 km: verificar con método geodésico si se requiere precisión a larga distancia.
POL_900012,,Reserva de la biosfera (1),547.5309924150677,Distancia proyectada >500 km: verificar con método geodésico si se requiere precisión a larga distancia.
POL_900013,,Inventario de humedales (1),811.5104468503721,Distancia proyectada >500 km: verificar con método geodésico si se requiere precisión a larga distancia.
POL_900013,,Reserva de la biosfera (1),537.7060768269961,Distancia proyectada >500 km: verificar con método geodésico si se requiere precisión a larga distancia.
POL_900014,,Inventario de humedales (1),889.9007437606814,Distancia proyectada >500 km: verificar con método geodésico si se requiere precisión a larga distancia.
POL_900014,,Reserva de la biosfera (1),616.4215049740924,Distancia proyectada >500 km: verificar con método geodésico si se requiere precisión a larga distancia.
POL_900015,,Inventario de humedales (1),1064.6128074499848,Distancia proyectada >500 km: verificar con método geodésico si se requiere precisión a larga distancia.
POL_900016,,Inventario de humedales (1),949.0022649713148,Distancia proyectada >500 km: verificar con método geodésico si se requiere precisión a larga distancia.
POL_900016,,Reserva de la biosfera (1),601.0384230693994,Distancia proyectada >500 km: verificar con método geodésico si se requiere precisión a larga distancia.
POL_900017,,Inventario de humedales (1),944.1967068538881,Distancia proyectada >500 km: verificar con método geodésico si se requiere precisión a larga distancia.
POL_900017,,Reserva de la biosfera (1),606.830122983204,Distancia proyectada >500 km: verificar con método geodésico si se requiere precisión a larga distancia.
POL_900018,,Inventario de humedales (1),820.9177094128815,Distancia proyectada >500 km: verificar con método geodésico si se requiere precisión a larga distancia.
POL_900018,,Reserva de la biosfera (1),557.8347253928329,Distancia proyectada >500 km: verificar con método geodésico si se requiere precisión a larga distancia.
POL_900019,,Inventario de humedales (1),1085.238947923576,Distancia proyectada >500 km: verificar con método geodésico si se requiere precisión a larga distancia.
POL_900020,,Inventario de humedales (1),1047.1265864649943,Distancia proyectada >500 km: verificar con método geodésico si se requiere precisión a larga distancia.
POL_900020,,Reserva de la biosfera (1),511.1974569899117,Distancia proyectada >500 km: verificar con método geodésico si se requiere precisión a larga distancia.
POL_900021,,Inventario de humedales (1),1006.813146314306,Distancia proyectada >500 km: verificar con método geodésico si se requiere precisión a larga distancia.
POL_900021,,Reserva de la biosfera (1),551.6186325126955,Distancia proyectada >500 km: verificar con método geodésico si se requiere precisión a larga distancia.
POL_900022,,Inventario de humedales (1),1173.44584116356,Distancia proyectada >500 km: verificar con método geodésico si se requiere precisión a larga distancia.
POL_900023,,Inventario de humedales (1),1114.3678986812326,Distancia proyectada >500 km: verificar con método geodésico si se requiere precisión a larga distancia.
POL_900024,,Inventario de humedales (1),1036.5141970535676,Distancia proyectada >500 km: verificar con método geodésico si se requiere precisión a larga distancia.
POL_900024,,Reserva de la biosfera (1),522.0113167900134,Distancia proyectada >500 km: verificar con método geodésico si se requiere precisión a larga distancia.
POL_900025,,Inventario de humedales (1),1050.1358695507975,Distancia proyectada >500 km: verificar con método geodésico si se requiere precisión a larga distancia.
POL_900025,,Reserva de la biosfera (1),506.44493998433995,Distancia proyectada >500 km: verificar con método geodésico si se requiere precisión a larga distancia.
POL_900026,,Inventario de humedales (1),975.7360940572843,Distancia proyectada >500 km: verificar con método geodésico si se requiere precisión a larga distancia.
POL_900026,,Reserva de la biosfera (1),575.6416961582505,Distancia proyectada >500 km: verificar con método geodésico si se requiere precisión a larga distancia.
POL_900028,,Inventario de humedales (1),1584.4457057255481,Distancia proyectada >500 km: verificar con método geodésico si se requiere precisión a larga distancia.
POL_900029,,Inventario de humedales (1),629.6217814437217,Distancia proyectada >500 km: verificar con método geodésico si se requiere precisión a larga distancia.
POL_900030,,Áreas de desarrollo Indigena (1),571.3052504271171,Distancia proyectada >500 km: verificar con método geodésico si se requiere precisión a larga distancia.
POL_900031,,Áreas de desarrollo Indigena (1),531.24219260998,Distancia proyectada >500 km: verificar con método geodésico si se requiere precisión a larga distancia.
POL_900032,,Inventario de humedales (1),730.8151792044921,Distancia proyectada >500 km: verificar con método geodésico si se requiere precisión a larga distancia.
POL_900033,,Inventario de humedales (1),572.2697360065649,Distancia proyectada >500 km: verificar con método geodésico si se requiere precisión a larga distancia.
POL_900034,,Áreas de desarrollo Indigena (1),551.878096155568,Distancia proyectada >500 km: verificar con método geodésico si se requiere precisión a larga distancia.
POL_900035,,Inventario de humedales (1),679.9246128519688,Distancia proyectada >500 km: verificar con método geodésico si se requiere precisión a larga distancia.
POL_900036,,Áreas de desarrollo Indigena (1),588.9208977155264,Distancia proyectada >500 km: verificar con método geodésico si se requiere precisión a larga distancia.
POL_900037,,Inventario de humedales (1),592.5943712430259,Distancia proyectada >500 km: verificar con método geodésico si se requiere precisión a larga distancia.
POL_900038,,Inventario de humedales (1),612.5485418592818,Distancia proyectada >500 km: verificar con método geodésico si se requiere precisión a larga distancia.
POL_900039,,Inventario de humedales (1),683.1276922669676,Distancia proyectada >500 km: verificar con método geodésico si se requiere precisión a larga distancia.
POL_900040,,Inventario de humedales (1),774.7813521212307,Distancia proyectada >500 km: verificar con método geodésico si se requiere precisión a larga distancia.
POL_900040,,Reserva de la biosfera (1),507.4913243560874,Distancia proyectada >500 km: verificar con método geodésico si se requiere precisión a larga distancia.
POL_900041,,Áreas de desarrollo Indigena (1),542.5176885118922,Distancia proyectada >500 km: verificar con método geodésico si se requiere precisión a larga distancia.
POL_900042,,Inventario de humedales (1),608.5137247264312,Distancia proyectada >500 km: verificar con método geodésico si se requiere precisión a larga distancia.
POL_900043,,Inventario de humedales (1),612.5641857641992,Distancia proyectada >500 km: verificar con método geodésico si se requiere precisión a larga distancia.
POL_900044,,Inventario de humedales (1),620.0180793431562,Distancia proyectada >500 km: verificar con método geodésico si se requiere precisión a larga distancia.
POL_900045,,Inventario de humedales (1),614.0527868876931,Distancia proyectada >500 km: verificar con método geodésico si se requiere precisión a larga distancia.
POL_900046,,Inventario de humedales (1),604.4351659648722,Distancia proyectada >500 km: verificar con método geodésico si se requiere precisión a larga distancia.
POL_900047,,Inventario de humedales (1),722.103911634618,Distancia proyectada >500 km: verificar con método geodésico si se requiere precisión a larga distancia.
POL_900048,,Áreas de desarrollo Indigena (1),584.2097656007004,Distancia proyectada >500 km: verificar con método geodésico si se requiere precisión a larga distancia.
POL_900049,,Inventario de humedales (1),686.9336780647825,Distancia proyectada >500 km: verificar con método geodésico si se requiere precisión a larga distancia.
POL_900050,,Inventario de humedales (1),606.4744884692243,Distancia proyectada >500 km: verificar con método geodésico si se requiere precisión a larga distancia.
POL_900051,,Áreas de desarrollo Indigena (1),672.419336445315,Distancia proyectada >500 km: verificar con método geodésico si se requiere precisión a larga distancia.
POL_900052,,Áreas de desarrollo Indigena (1),634.3588680803681,Distancia proyectada >500 km: verificar con método geodésico si se requiere precisión a larga distancia.
POL_900053,,Áreas de desarrollo Indigena (1),713.7729702474588,Distancia proyectada >500 km: verificar con método geodésico si se requiere precisión a larga distancia.
POL_900054,,Áreas de desarrollo Indigena (1),681.7915482559591,Distancia proyectada >500 km: verificar con método geodésico si se requiere precisión a larga distancia.
POL_900055,,Áreas de desarrollo Indigena (1),634.5171397978116,Distancia proyectada >500 km: verificar con método geodésico si se requiere precisión a larga distancia.
POL_900056,,Áreas de desarrollo Indigena (1),634.1463600275546,Distancia proyectada >500 km: verificar con método geodésico si se requiere precisión a larga distancia.
POL_900057,,Áreas de desarrollo Indigena (1),755.5232877738418,Distancia proyectada >500 km: verificar con método geodésico si se requiere precisión a larga distancia.
POL_900058,,Áreas de desarrollo Indigena (1),634.6795417385886,Distancia proyectada >500 km: verificar con método geodésico si se requiere precisión a larga distancia.
POL_900059,,Áreas de desarrollo Indigena (1),677.4120415333178,Distancia proyectada >500 km: verificar con método geodésico si se requiere precisión a larga distancia.
POL_900060,,Áreas de desarrollo Indigena (1),676.2582622485901,Distancia proyectada >500 km: verificar con método geodésico si se requiere precisión a larga distancia.
POL_900061,,Áreas de desarrollo Indigena (1),745.3841096968814,Distancia proyectada >500 km: verificar con método geodésico si se requiere precisión a larga distancia.
POL_900062,,Áreas de desarrollo Indigena (1),613.1958144681313,Distancia proyectada >500 km: verificar con método geodésico si se requiere precisión a larga distancia.
POL_900063,,Áreas de desarrollo Indigena (1),689.2681376654091,Distancia proyectada >500 km: verificar con método geodésico si se requiere precisión a larga distancia.
POL_900064,,Áreas de desarrollo Indigena (1),634.4131888414208,Distancia proyectada >500 km: verificar con método geodésico si se requiere precisión a larga distancia.
POL_900065,,Áreas de desarrollo Indigena (1),631.6300447116848,Distancia proyectada >500 km: verificar con método geodésico si se requiere precisión a larga distancia.
POL_900066,,Áreas de desarrollo Indigena (1),681.2638774440292,Distancia proyectada >500 km: verificar con método geodésico si se requiere precisión a larga distancia.
POL_900067,,Inventario de humedales (1),1335.6967706512798,Distancia proyectada >500 km: verificar con método geodésico si se requiere precisión a larga distancia.
POL_900068,,Inventario de humedales (1),1329.4736362379435,Distancia proyectada >500 km: verificar con método geodésico si se requiere precisión a larga distancia.
POL_900070,,Inventario de humedales (1),1343.8986528473579,Distancia proyectada >500 km: verificar con método geodésico si se requiere precisión a larga distancia.
POL_900071,,Inventario de humedales (1),1346.7755263378735,Distancia proyectada >500 km: verificar con método geodésico si se requiere precisión a larga distancia.
POL_900072,,Áreas de desarrollo Indigena (1),534.4523538624929,Distancia proyectada >500 km: verificar con método geodésico si se requiere precisión a larga distancia.
POL_900073,,Áreas de desarrollo Indigena (1),530.5715491356267,Distancia proyectada >500 km: verificar con método geodésico si se requiere precisión a larga distancia.
POL_900074,,Áreas de desarrollo Indigena (1),526.7976945955104,Distancia proyectada >500 km: verificar con método geodésico si se requiere precisión a larga distancia.
POL_900075,,Áreas de desarrollo Indigena (1),594.8786970885787,Distancia proyectada >500 km: verificar con método geodésico si se requiere precisión a larga distancia.
POL_900076,,Áreas de desarrollo Indigena (1),592.1911972309898,Distancia proyectada >500 km: verificar con método geodésico si se requiere precisión a larga distancia.
POL_900077,,Áreas de desarrollo Indigena (1),522.9019867157639,Distancia proyectada >500 km: verificar con método geodésico si se requiere precisión a larga distancia.
POL_900083,,Áreas de desarrollo Indigena (1),506.0544715929752,Distancia proyectada >500 km: verificar con método geodésico si se requiere precisión a larga distancia.
