campo,valor,n
OBJECTID,1,1
OBJECTID,4,1
OBJECTID,5,1
OBJECTID,6,1
OBJECTID,7,1
OBJECTID,8,1
OBJECTID,9,1
OBJECTID,10,1
OBJECTID,11,1
OBJECTID,12,1
OBJECTID,13,1
OBJECTID,14,1
OBJECTID,15,1
OBJECTID,17,1
OBJECTID,18,1
OBJECTID,19,1
OBJECTID,20,1
OBJECTID,21,1
OBJECTID,22,1
OBJECTID,23,1
OBJECTID,24,1
OBJECTID,25,1
OBJECTID,26,1
OBJECTID,27,1
OBJECTID,29,1
OBJECTID,30,1
OBJECTID,31,1
OBJECTID,32,1
OBJECTID,33,1
OBJECTID,35,1
OBJECTID,36,1
OBJECTID,37,1
OBJECTID,38,1
OBJECTID,39,1
OBJECTID,40,1
OBJECTID,41,1
OBJECTID,42,1
OBJECTID,43,1
OBJECTID,44,1
OBJECTID,45,1
OBJECTID,46,1
OBJECTID,47,1
OBJECTID,48,1
OBJECTID,49,1
OBJECTID,50,1
OBJECTID,51,1
OBJECTID,52,1
OBJECTID,53,1
OBJECTID,55,1
OBJECTID,56,1
OBJECTID,57,1
OBJECTID,59,1
OBJECTID,60,1
OBJECTID,61,1
OBJECTID,62,1
OBJECTID,63,1
OBJECTID,64,1
OBJECTID,65,1
OBJECTID,66,1
OBJECTID,67,1
OBJECTID,68,1
OBJECTID,69,1
OBJECTID,70,1
OBJECTID,71,1
OBJECTID,72,1
OBJECTID,73,1
OBJECTID,74,1
OBJECTID,76,1
OBJECTID,77,1
OBJECTID,78,1
OBJECTID,79,1
OBJECTID,80,1
OBJECTID,81,1
OBJECTID,82,1
OBJECTID,83,1
OBJECTID,84,1
OBJECTID,85,1
OBJECTID,86,1
OBJECTID,87,1
OBJECTID,88,1
OBJECTID,90,1
OBJECTID,91,1
OBJECTID,92,1
OBJECTID,93,1
OBJECTID,94,1
OBJECTID,95,1
OBJECTID,97,1
OBJECTID,98,1
OBJECTID,99,1
OBJECTID,100,1
OBJECTID,101,1
OBJECTID,102,1
OBJECTID,103,1
OBJECTID,104,1
OBJECTID,105,1
OBJECTID,106,1
OBJECTID,107,1
OBJECTID,108,1
OBJECTID,109,1
OBJECTID,110,1
OBJECTID,113,1
OBJECTID,114,1
OBJECTID,115,1
OBJECTID,116,1
OBJECTID,117,1
OBJECTID,118,1
OBJECTID,120,1
OBJECTID,121,1
OBJECTID,122,1
OBJECTID,123,1
OBJECTID,124,1
OBJECTID,125,1
OBJECTID,126,1
OBJECTID,127,1
OBJECTID,128,1
OBJECTID,129,1
OBJECTID,130,1
OBJECTID,131,1
OBJECTID,132,1
OBJECTID,133,1
OBJECTID,134,1
OBJECTID,135,1
OBJECTID,136,1
OBJECTID,137,1
OBJECTID,138,1
OBJECTID,139,1
OBJECTID,140,1
OBJECTID,141,1
OBJECTID,142,1
OBJECTID,143,1
OBJECTID,144,1
OBJECTID,145,1
OBJECTID,146,1
OBJECTID,147,1
OBJECTID,148,1
OBJECTID,149,1
OBJECTID,150,1
OBJECTID,151,1
OBJECTID,152,1
OBJECTID,153,1
OBJECTID,154,1
OBJECTID,155,1
OBJECTID,156,1
OBJECTID,157,1
OBJECTID,158,1
OBJECTID,159,1
OBJECTID,160,1
OBJECTID,162,1
OBJECTID,163,1
OBJECTID,164,1
OBJECTID,165,1
OBJECTID,166,1
OBJECTID,167,1
OBJECTID,168,1
OBJECTID,169,1
OBJECTID,170,1
OBJECTID,171,1
OBJECTID,172,1
OBJECTID,174,1
OBJECTID,175,1
OBJECTID,176,1
OBJECTID,177,1
OBJECTID,178,1
OBJECTID,179,1
OBJECTID,180,1
OBJECTID,181,1
OBJECTID,182,1
OBJECTID,183,1
OBJECTID,184,1
OBJECTID,185,1
OBJECTID,186,1
OBJECTID,187,1
OBJECTID,188,1
OBJECTID,189,1
OBJECTID,190,1
OBJECTID,191,1
OBJECTID,192,1
OBJECTID,193,1
OBJECTID,194,1
OBJECTID,195,1
OBJECTID,197,1
OBJECTID,198,1
OBJECTID,199,1
OBJECTID,200,1
OBJECTID,201,1
OBJECTID,202,1
OBJECTID,203,1
OBJECTID,204,1
OBJECTID,205,1
OBJECTID,206,1
OBJECTID,207,1
OBJECTID,208,1
OBJECTID,209,1
OBJECTID,211,1
OBJECTID,212,1
OBJECTID,213,1
OBJECTID,214,1
OBJECTID,215,1
OBJECTID,216,1
OBJECTID,217,1
OBJECTID,218,1
OBJECTID,219,1
OBJECTID,220,1
OBJECTID,221,1
OBJECTID,222,1
OBJECTID,223,1
OBJECTID,224,1
OBJECTID,225,1
OBJECTID,226,1
OBJECTID,227,1
OBJECTID,228,1
OBJECTID,229,1
OBJECTID,230,1
OBJECTID,231,1
OBJECTID,232,1
OBJECTID,233,1
OBJECTID,234,1
OBJECTID,235,1
OBJECTID,236,1
OBJECTID,237,1
OBJECTID,238,1
OBJECTID,240,1
OBJECTID,242,1
OBJECTID,243,1
OBJECTID,245,1
OBJECTID,246,1
OBJECTID,247,1
OBJECTID,248,1
OBJECTID,249,1
OBJECTID,250,1
OBJECTID,251,1
OBJECTID,252,1
OBJECTID,253,1
OBJECTID,254,1
OBJECTID,255,1
OBJECTID,256,1
OBJECTID,257,1
OBJECTID,259,1
OBJECTID,260,1
OBJECTID,261,1
OBJECTID,262,1
OBJECTID,263,1
OBJECTID,264,1
OBJECTID,265,1
OBJECTID,266,1
OBJECTID,267,1
OBJECTID,268,1
OBJECTID,269,1
OBJECTID,270,1
OBJECTID,271,1
OBJECTID,272,1
OBJECTID,273,1
OBJECTID,274,1
OBJECTID,275,1
OBJECTID,276,1
OBJECTID,277,1
OBJECTID,278,1
OBJECTID,279,1
OBJECTID,280,1
OBJECTID,281,1
OBJECTID,282,1
OBJECTID,283,1
OBJECTID,284,1
OBJECTID,285,1
OBJECTID,286,1
OBJECTID,287,1
OBJECTID,288,1
OBJECTID,289,1
OBJECTID,290,1
OBJECTID,291,1
OBJECTID,292,1
OBJECTID,293,1
OBJECTID,294,1
OBJECTID,295,1
OBJECTID,297,1
OBJECTID,298,1
OBJECTID,299,1
OBJECTID,300,1
OBJECTID,301,1
OBJECTID,302,1
OBJECTID,303,1
OBJECTID,304,1
OBJECTID,305,1
OBJECTID,306,1
OBJECTID,307,1
OBJECTID,308,1
OBJECTID,309,1
OBJECTID,310,1
OBJECTID,311,1
OBJECTID,312,1
OBJECTID,313,1
OBJECTID,314,1
OBJECTID,315,1
OBJECTID,316,1
OBJECTID,317,1
OBJECTID,318,1
OBJECTID,319,1
OBJECTID,320,1
OBJECTID,321,1
OBJECTID,322,1
OBJECTID,323,1
OBJECTID,324,1
OBJECTID,325,1
OBJECTID,326,1
OBJECTID,327,1
OBJECTID,328,1
OBJECTID,329,1
OBJECTID,330,1
OBJECTID,331,1
OBJECTID,332,1
OBJECTID,333,1
OBJECTID,334,1
OBJECTID,335,1
OBJECTID,336,1
OBJECTID,337,1
OBJECTID,338,1
OBJECTID,340,1
OBJECTID,341,1
OBJECTID,342,1
OBJECTID,343,1
OBJECTID,344,1
OBJECTID,345,1
OBJECTID,346,1
OBJECTID,347,1
OBJECTID,348,1
OBJECTID,349,1
OBJECTID,350,1
OBJECTID,351,1
OBJECTID,352,1
OBJECTID,353,1
OBJECTID,354,1
OBJECTID,355,1
OBJECTID,356,1
OBJECTID,357,1
OBJECTID,358,1
OBJECTID,359,1
OBJECTID,360,1
OBJECTID,361,1
OBJECTID,362,1
OBJECTID,363,1
OBJECTID,364,1
OBJECTID,365,1
OBJECTID,366,1
OBJECTID,367,1
OBJECTID,368,1
OBJECTID,369,1
OBJECTID,371,1
OBJECTID,372,1
OBJECTID,374,1
OBJECTID,375,1
OBJECTID,376,1
OBJECTID,377,1
OBJECTID,378,1
OBJECTID,379,1
OBJECTID,380,1
OBJECTID,381,1
OBJECTID,382,1
OBJECTID,383,1
OBJECTID,384,1
OBJECTID,385,1
OBJECTID,386,1
OBJECTID,387,1
OBJECTID,388,1
OBJECTID,389,1
OBJECTID,390,1
OBJECTID,391,1
OBJECTID,392,1
OBJECTID,393,1
OBJECTID,394,1
OBJECTID,395,1
OBJECTID,396,1
OBJECTID,397,1
OBJECTID,398,1
OBJECTID,400,1
OBJECTID,401,1
OBJECTID,402,1
OBJECTID,403,1
OBJECTID,404,1
OBJECTID,405,1
OBJECTID,406,1
OBJECTID,407,1
OBJECTID,408,1
OBJECTID,409,1
OBJECTID,410,1
OBJECTID,411,1
OBJECTID,412,1
OBJECTID,413,1
OBJECTID,414,1
OBJECTID,415,1
OBJECTID,416,1
OBJECTID,417,1
OBJECTID,418,1
OBJECTID,419,1
OBJECTID,420,1
OBJECTID,421,1
OBJECTID,422,1
OBJECTID,423,1
OBJECTID,424,1
OBJECTID,425,1
OBJECTID,426,1
OBJECTID,427,1
OBJECTID,428,1
OBJECTID,429,1
OBJECTID,430,1
OBJECTID,432,1
OBJECTID,433,1
OBJECTID,434,1
OBJECTID,436,1
OBJECTID,438,1
OBJECTID,439,1
OBJECTID,440,1
OBJECTID,441,1
OBJECTID,442,1
OBJECTID,443,1
OBJECTID,444,1
OBJECTID,445,1
OBJECTID,446,1
OBJECTID,447,1
OBJECTID,448,1
OBJECTID,449,1
OBJECTID,450,1
OBJECTID,451,1
OBJECTID,452,1
OBJECTID,453,1
OBJECTID,454,1
OBJECTID,455,1
OBJECTID,456,1
OBJECTID,457,1
OBJECTID,458,1
OBJECTID,459,1
OBJECTID,460,1
OBJECTID,461,1
OBJECTID,462,1
OBJECTID,463,1
OBJECTID,464,1
OBJECTID,465,1
OBJECTID,466,1
OBJECTID,467,1
OBJECTID,468,1
OBJECTID,469,1
OBJECTID,470,1
OBJECTID,471,1
OBJECTID,472,1
OBJECTID,473,1
OBJECTID,474,1
OBJECTID,475,1
OBJECTID,476,1
OBJECTID,477,1
OBJECTID,478,1
OBJECTID,479,1
OBJECTID,480,1
OBJECTID,481,1
OBJECTID,482,1
OBJECTID,483,1
OBJECTID,484,1
OBJECTID,485,1
OBJECTID,486,1
OBJECTID,487,1
OBJECTID,488,1
OBJECTID,489,1
OBJECTID,490,1
OBJECTID,491,1
OBJECTID,492,1
OBJECTID,493,1
OBJECTID,494,1
OBJECTID,495,1
OBJECTID,496,1
OBJECTID,497,1
OBJECTID,498,1
OBJECTID,499,1
OBJECTID,500,1
OBJECTID,501,1
OBJECTID,502,1
OBJECTID,503,1
OBJECTID,504,1
OBJECTID,505,1
OBJECTID,506,1
OBJECTID,507,1
OBJECTID,508,1
OBJECTID,509,1
OBJECTID,510,1
OBJECTID,511,1
OBJECTID,512,1
OBJECTID,513,1
OBJECTID,514,1
OBJECTID,515,1
OBJECTID,516,1
OBJECTID,517,1
OBJECTID,518,1
OBJECTID,519,1
OBJECTID,520,1
OBJECTID,521,1
OBJECTID,522,1
OBJECTID,523,1
OBJECTID,524,1
OBJECTID,525,1
OBJECTID,526,1
OBJECTID,527,1
OBJECTID,528,1
OBJECTID,529,1
OBJECTID,530,1
OBJECTID,531,1
OBJECTID,532,1
OBJECTID,533,1
OBJECTID,534,1
OBJECTID,535,1
OBJECTID,536,1
OBJECTID,537,1
OBJECTID,538,1
OBJECTID,539,1
OBJECTID,540,1
OBJECTID,541,1
OBJECTID,542,1
OBJECTID,543,1
OBJECTID,544,1
OBJECTID,545,1
OBJECTID,546,1
OBJECTID,547,1
OBJECTID,548,1
OBJECTID,549,1
OBJECTID,550,1
OBJECTID,551,1
OBJECTID,552,1
OBJECTID,553,1
OBJECTID,554,1
OBJECTID,555,1
OBJECTID,556,1
OBJECTID,557,1
OBJECTID,558,1
OBJECTID,559,1
OBJECTID,560,1
OBJECTID,561,1
OBJECTID,562,1
OBJECTID,563,1
OBJECTID,564,1
OBJECTID,565,1
OBJECTID,566,1
OBJECTID,567,1
OBJECTID,568,1
OBJECTID,569,1
OBJECTID,570,1
OBJECTID,571,1
OBJECTID,572,1
OBJECTID,573,1
OBJECTID,574,1
OBJECTID,575,1
OBJECTID,576,1
OBJECTID,577,1
OBJECTID,578,1
OBJECTID,579,1
OBJECTID,580,1
OBJECTID,581,1
OBJECTID,582,1
OBJECTID,583,1
OBJECTID,584,1
OBJECTID,585,1
OBJECTID,586,1
OBJECTID,587,1
OBJECTID,588,1
OBJECTID,589,1
OBJECTID,590,1
OBJECTID,591,1
OBJECTID,592,1
OBJECTID,593,1
OBJECTID,594,1
OBJECTID,595,1
OBJECTID,596,1
OBJECTID,597,1
OBJECTID,598,1
OBJECTID,599,1
OBJECTID,600,1
OBJECTID,601,1
OBJECTID,602,1
OBJECTID,603,1
OBJECTID,604,1
OBJECTID,605,1
OBJECTID,606,1
OBJECTID,607,1
OBJECTID,608,1
OBJECTID,609,1
OBJECTID,610,1
OBJECTID,611,1
OBJECTID,612,1
OBJECTID,613,1
OBJECTID,614,1
OBJECTID,615,1
OBJECTID,616,1
OBJECTID,617,1
OBJECTID,618,1
OBJECTID,619,1
OBJECTID,620,1
OBJECTID,621,1
OBJECTID,622,1
OBJECTID,623,1
OBJECTID,624,1
OBJECTID,625,1
OBJECTID,626,1
OBJECTID,627,1
OBJECTID,628,1
OBJECTID,629,1
OBJECTID,630,1
OBJECTID,631,1
OBJECTID,632,1
OBJECTID,633,1
OBJECTID,634,1
OBJECTID,635,1
OBJECTID,636,1
OBJECTID,637,1
OBJECTID,638,1
OBJECTID,639,1
OBJECTID,640,1
OBJECTID,641,1
OBJECTID,642,1
OBJECTID,643,1
OBJECTID,644,1
OBJECTID,645,1
OBJECTID,646,1
OBJECTID,647,1
OBJECTID,648,1
OBJECTID,649,1
OBJECTID,650,1
OBJECTID,651,1
OBJECTID,652,1
OBJECTID,653,1
OBJECTID,654,1
OBJECTID,655,1
OBJECTID,656,1
OBJECTID,657,1
OBJECTID,658,1
OBJECTID,659,1
OBJECTID,660,1
OBJECTID,661,1
OBJECTID,662,1
OBJECTID,663,1
OBJECTID,664,1
OBJECTID,665,1
OBJECTID,666,1
OBJECTID,667,1
OBJECTID,668,1
OBJECTID,669,1
OBJECTID,670,1
OBJECTID,671,1
OBJECTID,672,1
OBJECTID,673,1
OBJECTID,674,1
OBJECTID,675,1
OBJECTID,676,1
OBJECTID,677,1
OBJECTID,678,1
OBJECTID,679,1
OBJECTID,680,1
OBJECTID,681,1
OBJECTID,682,1
OBJECTID,683,1
OBJECTID,684,1
OBJECTID,685,1
OBJECTID,686,1
OBJECTID,687,1
OBJECTID,688,1
OBJECTID,689,1
OBJECTID,690,1
OBJECTID,691,1
OBJECTID,692,1
OBJECTID,693,1
OBJECTID,694,1
OBJECTID,695,1
OBJECTID,696,1
OBJECTID,697,1
OBJECTID,698,1
OBJECTID,699,1
OBJECTID,700,1
OBJECTID,701,1
OBJECTID,702,1
OBJECTID,703,1
OBJECTID,704,1
OBJECTID,705,1
OBJECTID,706,1
OBJECTID,707,1
OBJECTID,708,1
OBJECTID,709,1
OBJECTID,710,1
OBJECTID,711,1
OBJECTID,712,1
OBJECTID,713,1
OBJECTID,714,1
OBJECTID,715,1
OBJECTID,716,1
OBJECTID,717,1
OBJECTID,718,1
OBJECTID,719,1
OBJECTID,720,1
OBJECTID,721,1
OBJECTID,722,1
OBJECTID,723,1
OBJECTID,724,1
OBJECTID,725,1
OBJECTID,726,1
OBJECTID,727,1
OBJECTID,728,1
OBJECTID,729,1
OBJECTID,730,1
OBJECTID,731,1
OBJECTID,732,1
OBJECTID,733,1
OBJECTID,734,1
OBJECTID,735,1
OBJECTID,736,1
OBJECTID,737,1
OBJECTID,738,1
OBJECTID,739,1
OBJECTID,740,1
OBJECTID,741,1
OBJECTID,742,1
OBJECTID,743,1
OBJECTID,744,1
OBJECTID,745,1
OBJECTID,746,1
OBJECTID,747,1
OBJECTID,748,1
OBJECTID,749,1
OBJECTID,750,1
OBJECTID,751,1
OBJECTID,752,1
OBJECTID,753,1
OBJECTID,754,1
OBJECTID,755,1
OBJECTID,756,1
OBJECTID,757,1
OBJECTID,758,1
OBJECTID,759,1
OBJECTID,760,1
OBJECTID,761,1
OBJECTID,762,1
OBJECTID,763,1
OBJECTID,764,1
OBJECTID,765,1
OBJECTID,766,1
OBJECTID,767,1
OBJECTID,768,1
OBJECTID,769,1
OBJECTID,770,1
OBJECTID,771,1
OBJECTID,772,1
OBJECTID,773,1
OBJECTID,774,1
OBJECTID,775,1
OBJECTID,776,1
OBJECTID,777,1
OBJECTID,778,1
OBJECTID,779,1
OBJECTID,780,1
OBJECTID,781,1
OBJECTID,782,1
OBJECTID,783,1
OBJECTID,784,1
OBJECTID,785,1
OBJECTID,786,1
OBJECTID,787,1
OBJECTID,788,1
OBJECTID,789,1
OBJECTID,790,1
OBJECTID,791,1
OBJECTID,792,1
OBJECTID,793,1
OBJECTID,794,1
OBJECTID,795,1
OBJECTID,796,1
OBJECTID,797,1
OBJECTID,798,1
OBJECTID,799,1
OBJECTID,800,1
OBJECTID,801,1
OBJECTID,802,1
OBJECTID,803,1
OBJECTID,804,1
OBJECTID,805,1
OBJECTID,806,1
OBJECTID,807,1
OBJECTID,808,1
OBJECTID,809,1
OBJECTID,810,1
OBJECTID,811,1
OBJECTID,812,1
OBJECTID,9990,1
OBJECTID,9991,1
OBJECTID,900001,1
OBJECTID,900002,1
OBJECTID,900003,1
OBJECTID,900004,1
OBJECTID,900005,1
OBJECTID,900007,1
OBJECTID,900008,1
OBJECTID,900009,1
OBJECTID,900010,1
OBJECTID,900011,1
OBJECTID,900012,1
OBJECTID,900013,1
OBJECTID,900014,1
OBJECTID,900015,1
OBJECTID,900016,1
OBJECTID,900017,1
OBJECTID,900018,1
OBJECTID,900019,1
OBJECTID,900020,1
OBJECTID,900021,1
OBJECTID,900022,1
OBJECTID,900023,1
OBJECTID,900024,1
OBJECTID,900025,1
OBJECTID,900026,1
OBJECTID,900028,1
OBJECTID,900029,1
OBJECTID,900030,1
OBJECTID,900031,1
OBJECTID,900032,1
OBJECTID,900033,1
OBJECTID,900034,1
OBJECTID,900035,1
OBJECTID,900036,1
OBJECTID,900037,1
OBJECTID,900038,1
OBJECTID,900039,1
OBJECTID,900040,1
OBJECTID,900041,1
OBJECTID,900042,1
OBJECTID,900043,1
OBJECTID,900044,1
OBJECTID,900045,1
OBJECTID,900046,1
OBJECTID,900047,1
OBJECTID,900048,1
OBJECTID,900049,1
OBJECTID,900050,1
OBJECTID,900051,1
OBJECTID,900052,1
OBJECTID,900053,1
OBJECTID,900054,1
OBJECTID,900055,1
OBJECTID,900056,1
OBJECTID,900057,1
OBJECTID,900058,1
OBJECTID,900059,1
OBJECTID,900060,1
OBJECTID,900061,1
OBJECTID,900062,1
OBJECTID,900063,1
OBJECTID,900064,1
OBJECTID,900065,1
OBJECTID,900066,1
OBJECTID,900067,1
OBJECTID,900068,1
OBJECTID,900070,1
OBJECTID,900071,1
OBJECTID,900072,1
OBJECTID,900073,1
OBJECTID,900074,1
OBJECTID,900075,1
OBJECTID,900076,1
OBJECTID,900077,1
OBJECTID,900078,1
OBJECTID,900079,1
OBJECTID,900080,1
OBJECTID,900081,1
OBJECTID,900082,1
OBJECTID,900083,1
OBJECTID,900084,1
OBJECTID,900085,1
OBJECTID,900086,1
OBJECTID,900087,1
ID_OA,<NULO>,81
ID_OA,433.0,19
ID_OA,448.0,11
ID_OA,88.0,11
ID_OA,306.0,7
ID_OA,380.0,7
ID_OA,459.0,7
ID_OA,27.0,6
ID_OA,23.0,5
ID_OA,266.0,4
ID_OA,428.0,4
ID_OA,485.0,4
ID_OA,367.0,4
ID_OA,526.0,4
ID_OA,373.0,3
ID_OA,500.0,3
ID_OA,24.0,3
ID_OA,386.0,3
ID_OA,400.0,3
ID_OA,358.0,3
ID_OA,381.0,3
ID_OA,369.0,3
ID_OA,487.0,3
ID_OA,97.0,3
ID_OA,282.0,3
ID_OA,468.0,3
ID_OA,360.0,3
ID_OA,162.0,3
ID_OA,107.0,3
ID_OA,253.0,3
ID_OA,116.0,3
ID_OA,148.0,2
ID_OA,172.0,2
ID_OA,330.0,2
ID_OA,491.0,2
ID_OA,511.0,2
ID_OA,21.0,2
ID_OA,438.0,2
ID_OA,168.0,2
ID_OA,434.0,2
ID_OA,391.0,2
ID_OA,411.0,2
ID_OA,234.0,2
ID_OA,498.0,2
ID_OA,350.0,2
ID_OA,518.0,2
ID_OA,246.0,2
ID_OA,426.0,2
ID_OA,456.0,2
ID_OA,57.0,2
ID_OA,455.0,2
ID_OA,66.0,2
ID_OA,374.0,2
ID_OA,390.0,2
ID_OA,387.0,2
ID_OA,5.0,2
ID_OA,534.0,2
ID_OA,343.0,2
ID_OA,26.0,2
ID_OA,286.0,2
ID_OA,378.0,2
ID_OA,361.0,2
ID_OA,415.0,2
ID_OA,443.0,2
ID_OA,481.0,2
ID_OA,413.0,2
ID_OA,30.0,2
ID_OA,466.0,2
ID_OA,402.0,2
ID_OA,395.0,2
ID_OA,430.0,2
ID_OA,276.0,2
ID_OA,290.0,2
ID_OA,394.0,2
ID_OA,61.0,2
ID_OA,29.0,2
ID_OA,60.0,2
ID_OA,346.0,2
ID_OA,473.0,2
ID_OA,123.0,2
ID_OA,72.0,2
ID_OA,127.0,2
ID_OA,281.0,2
ID_OA,307.0,2
ID_OA,484.0,2
ID_OA,300.0,2
ID_OA,18.0,2
ID_OA,230.0,2
ID_OA,529.0,2
ID_OA,78.0,2
ID_OA,730.0,1
ID_OA,190.0,1
ID_OA,538.0,1
ID_OA,22.0,1
ID_OA,250.0,1
ID_OA,226.0,1
ID_OA,247.0,1
ID_OA,731.0,1
ID_OA,520.0,1
ID_OA,119.0,1
ID_OA,45.0,1
ID_OA,201.0,1
ID_OA,460.0,1
ID_OA,419.0,1
ID_OA,420.0,1
ID_OA,157.0,1
ID_OA,723.0,1
ID_OA,75.0,1
ID_OA,291.0,1
ID_OA,515.0,1
ID_OA,517.0,1
ID_OA,355.0,1
ID_OA,63.0,1
ID_OA,110.0,1
ID_OA,255.0,1
ID_OA,736.0,1
ID_OA,735.0,1
ID_OA,734.0,1
ID_OA,733.0,1
ID_OA,732.0,1
ID_OA,398.0,1
ID_OA,211.0,1
ID_OA,213.0,1
ID_OA,41.0,1
ID_OA,44.0,1
ID_OA,155.0,1
ID_OA,351.0,1
ID_OA,90.0,1
ID_OA,559.0,1
ID_OA,493.0,1
ID_OA,558.0,1
ID_OA,28.0,1
ID_OA,557.0,1
ID_OA,42.0,1
ID_OA,160.0,1
ID_OA,556.0,1
ID_OA,397.0,1
ID_OA,564.0,1
ID_OA,341.0,1
ID_OA,54.0,1
ID_OA,562.0,1
ID_OA,416.0,1
ID_OA,334.0,1
ID_OA,537.0,1
ID_OA,158.0,1
ID_OA,130.0,1
ID_OA,111.0,1
ID_OA,243.0,1
ID_OA,561.0,1
ID_OA,560.0,1
ID_OA,494.0,1
ID_OA,348.0,1
ID_OA,265.0,1
ID_OA,320.0,1
ID_OA,241.0,1
ID_OA,203.0,1
ID_OA,229.0,1
ID_OA,302.0,1
ID_OA,530.0,1
ID_OA,568.0,1
ID_OA,159.0,1
ID_OA,567.0,1
ID_OA,186.0,1
ID_OA,388.0,1
ID_OA,470.0,1
ID_OA,362.0,1
ID_OA,565.0,1
ID_OA,238.0,1
ID_OA,163.0,1
ID_OA,571.0,1
ID_OA,363.0,1
ID_OA,366.0,1
ID_OA,570.0,1
ID_OA,152.0,1
ID_OA,129.0,1
ID_OA,569.0,1
ID_OA,52.0,1
ID_OA,62.0,1
ID_OA,215.0,1
ID_OA,189.0,1
ID_OA,84.0,1
ID_OA,442.0,1
ID_OA,209.0,1
ID_OA,371.0,1
ID_OA,572.0,1
ID_OA,69.0,1
ID_OA,368.0,1
ID_OA,87.0,1
ID_OA,449.0,1
ID_OA,105.0,1
ID_OA,128.0,1
ID_OA,102.0,1
ID_OA,324.0,1
ID_OA,135.0,1
ID_OA,329.0,1
ID_OA,122.0,1
ID_OA,199.0,1
ID_OA,249.0,1
ID_OA,59.0,1
ID_OA,73.0,1
ID_OA,516.0,1
ID_OA,48.0,1
ID_OA,145.0,1
ID_OA,301.0,1
ID_OA,582.0,1
ID_OA,185.0,1
ID_OA,581.0,1
ID_OA,580.0,1
ID_OA,527.0,1
ID_OA,579.0,1
ID_OA,578.0,1
ID_OA,577.0,1
ID_OA,576.0,1
ID_OA,575.0,1
ID_OA,574.0,1
ID_OA,573.0,1
ID_OA,304.0,1
ID_OA,120.0,1
ID_OA,585.0,1
ID_OA,462.0,1
ID_OA,584.0,1
ID_OA,86.0,1
ID_OA,177.0,1
ID_OA,85.0,1
ID_OA,222.0,1
ID_OA,204.0,1
ID_OA,555.0,1
ID_OA,554.0,1
ID_OA,169.0,1
ID_OA,272.0,1
ID_OA,528.0,1
ID_OA,472.0,1
ID_OA,489.0,1
ID_OA,399.0,1
ID_OA,56.0,1
ID_OA,425.0,1
ID_OA,277.0,1
ID_OA,182.0,1
ID_OA,112.0,1
ID_OA,43.0,1
ID_OA,132.0,1
ID_OA,108.0,1
ID_OA,510.0,1
ID_OA,417.0,1
ID_OA,587.0,1
ID_OA,586.0,1
ID_OA,321.0,1
ID_OA,375.0,1
ID_OA,593.0,1
ID_OA,144.0,1
ID_OA,356.0,1
ID_OA,317.0,1
ID_OA,592.0,1
ID_OA,591.0,1
ID_OA,590.0,1
ID_OA,293.0,1
ID_OA,364.0,1
ID_OA,153.0,1
ID_OA,109.0,1
ID_OA,58.0,1
ID_OA,589.0,1
ID_OA,264.0,1
ID_OA,91.0,1
ID_OA,588.0,1
ID_OA,347.0,1
ID_OA,312.0,1
ID_OA,198.0,1
ID_OA,206.0,1
ID_OA,332.0,1
ID_OA,285.0,1
ID_OA,94.0,1
ID_OA,280.0,1
ID_OA,121.0,1
ID_OA,396.0,1
ID_OA,429.0,1
ID_OA,595.0,1
ID_OA,594.0,1
ID_OA,37.0,1
ID_OA,501.0,1
ID_OA,6.0,1
ID_OA,106.0,1
ID_OA,600.0,1
ID_OA,242.0,1
ID_OA,248.0,1
ID_OA,599.0,1
ID_OA,311.0,1
ID_OA,531.0,1
ID_OA,193.0,1
ID_OA,444.0,1
ID_OA,33.0,1
ID_OA,598.0,1
ID_OA,597.0,1
ID_OA,256.0,1
ID_OA,150.0,1
ID_OA,596.0,1
ID_OA,423.0,1
ID_OA,252.0,1
ID_OA,134.0,1
ID_OA,297.0,1
ID_OA,483.0,1
ID_OA,207.0,1
ID_OA,208.0,1
ID_OA,310.0,1
ID_OA,602.0,1
ID_OA,601.0,1
ID_OA,200.0,1
ID_OA,492.0,1
ID_OA,202.0,1
ID_OA,218.0,1
ID_OA,205.0,1
ID_OA,403.0,1
ID_OA,463.0,1
ID_OA,479.0,1
ID_OA,326.0,1
ID_OA,318.0,1
ID_OA,228.0,1
ID_OA,154.0,1
ID_OA,553.0,1
ID_OA,67.0,1
ID_OA,55.0,1
ID_OA,551.0,1
ID_OA,136.0,1
ID_OA,217.0,1
ID_OA,303.0,1
ID_OA,220.0,1
ID_OA,146.0,1
ID_OA,38.0,1
ID_OA,550.0,1
ID_OA,608.0,1
ID_OA,607.0,1
ID_OA,606.0,1
ID_OA,605.0,1
ID_OA,604.0,1
ID_OA,603.0,1
ID_OA,93.0,1
ID_OA,188.0,1
ID_OA,124.0,1
ID_OA,508.0,1
ID_OA,536.0,1
ID_OA,467.0,1
ID_OA,522.0,1
ID_OA,34.0,1
ID_OA,410.0,1
ID_OA,273.0,1
ID_OA,616.0,1
ID_OA,615.0,1
ID_OA,614.0,1
ID_OA,613.0,1
ID_OA,414.0,1
ID_OA,174.0,1
ID_OA,336.0,1
ID_OA,495.0,1
ID_OA,612.0,1
ID_OA,77.0,1
ID_OA,1.0,1
ID_OA,611.0,1
ID_OA,345.0,1
ID_OA,7.0,1
ID_OA,610.0,1
ID_OA,609.0,1
ID_OA,509.0,1
ID_OA,279.0,1
ID_OA,624.0,1
ID_OA,623.0,1
ID_OA,232.0,1
ID_OA,622.0,1
ID_OA,621.0,1
ID_OA,620.0,1
ID_OA,79.0,1
ID_OA,496.0,1
ID_OA,118.0,1
ID_OA,619.0,1
ID_OA,535.0,1
ID_OA,618.0,1
ID_OA,617.0,1
ID_OA,519.0,1
ID_OA,224.0,1
ID_OA,412.0,1
ID_OA,532.0,1
ID_OA,437.0,1
ID_OA,628.0,1
ID_OA,476.0,1
ID_OA,236.0,1
ID_OA,627.0,1
ID_OA,89.0,1
ID_OA,626.0,1
ID_OA,328.0,1
ID_OA,70.0,1
ID_OA,382.0,1
ID_OA,392.0,1
ID_OA,625.0,1
ID_OA,422.0,1
ID_OA,275.0,1
ID_OA,503.0,1
ID_OA,283.0,1
ID_OA,237.0,1
ID_OA,267.0,1
ID_OA,139.0,1
ID_OA,225.0,1
ID_OA,51.0,1
ID_OA,340.0,1
ID_OA,339.0,1
ID_OA,151.0,1
ID_OA,633.0,1
ID_OA,632.0,1
ID_OA,631.0,1
ID_OA,630.0,1
ID_OA,629.0,1
ID_OA,289.0,1
ID_OA,636.0,1
ID_OA,342.0,1
ID_OA,240.0,1
ID_OA,635.0,1
ID_OA,295.0,1
ID_OA,262.0,1
ID_OA,271.0,1
ID_OA,477.0,1
ID_OA,549.0,1
ID_OA,451.0,1
ID_OA,36.0,1
ID_OA,548.0,1
ID_OA,435.0,1
ID_OA,313.0,1
ID_OA,634.0,1
ID_OA,13.0,1
ID_OA,445.0,1
ID_OA,161.0,1
ID_OA,409.0,1
ID_OA,39.0,1
ID_OA,319.0,1
ID_OA,514.0,1
ID_OA,259.0,1
ID_OA,641.0,1
ID_OA,258.0,1
ID_OA,640.0,1
ID_OA,504.0,1
ID_OA,639.0,1
ID_OA,638.0,1
ID_OA,533.0,1
ID_OA,637.0,1
ID_OA,651.0,1
ID_OA,650.0,1
ID_OA,649.0,1
ID_OA,648.0,1
ID_OA,231.0,1
ID_OA,126.0,1
ID_OA,424.0,1
ID_OA,647.0,1
ID_OA,646.0,1
ID_OA,401.0,1
ID_OA,645.0,1
ID_OA,644.0,1
ID_OA,643.0,1
ID_OA,141.0,1
ID_OA,642.0,1
ID_OA,184.0,1
ID_OA,156.0,1
ID_OA,657.0,1
ID_OA,140.0,1
ID_OA,454.0,1
ID_OA,167.0,1
ID_OA,101.0,1
ID_OA,269.0,1
ID_OA,482.0,1
ID_OA,656.0,1
ID_OA,95.0,1
ID_OA,655.0,1
ID_OA,654.0,1
ID_OA,653.0,1
ID_OA,216.0,1
ID_OA,652.0,1
ID_OA,171.0,1
ID_OA,670.0,1
ID_OA,669.0,1
ID_OA,668.0,1
ID_OA,142.0,1
ID_OA,667.0,1
ID_OA,666.0,1
ID_OA,665.0,1
ID_OA,664.0,1
ID_OA,663.0,1
ID_OA,662.0,1
ID_OA,661.0,1
ID_OA,660.0,1
ID_OA,133.0,1
ID_OA,659.0,1
ID_OA,658.0,1
ID_OA,288.0,1
ID_OA,679.0,1
ID_OA,678.0,1
ID_OA,178.0,1
ID_OA,677.0,1
ID_OA,354.0,1
ID_OA,349.0,1
ID_OA,446.0,1
ID_OA,2.0,1
ID_OA,179.0,1
ID_OA,46.0,1
ID_OA,676.0,1
ID_OA,675.0,1
ID_OA,674.0,1
ID_OA,673.0,1
ID_OA,672.0,1
ID_OA,671.0,1
ID_OA,408.0,1
ID_OA,149.0,1
ID_OA,497.0,1
ID_OA,173.0,1
ID_OA,686.0,1
ID_OA,4.0,1
ID_OA,685.0,1
ID_OA,195.0,1
ID_OA,431.0,1
ID_OA,684.0,1
ID_OA,683.0,1
ID_OA,309.0,1
ID_OA,35.0,1
ID_OA,682.0,1
ID_OA,681.0,1
ID_OA,680.0,1
ID_OA,327.0,1
ID_OA,688.0,1
ID_OA,461.0,1
ID_OA,322.0,1
ID_OA,71.0,1
ID_OA,196.0,1
ID_OA,687.0,1
ID_OA,357.0,1
ID_OA,187.0,1
ID_OA,546.0,1
ID_OA,359.0,1
ID_OA,545.0,1
ID_OA,278.0,1
ID_OA,544.0,1
ID_OA,176.0,1
ID_OA,212.0,1
ID_OA,701.0,1
ID_OA,700.0,1
ID_OA,699.0,1
ID_OA,698.0,1
ID_OA,697.0,1
ID_OA,696.0,1
ID_OA,11.0,1
ID_OA,695.0,1
ID_OA,694.0,1
ID_OA,693.0,1
ID_OA,692.0,1
ID_OA,691.0,1
ID_OA,690.0,1
ID_OA,308.0,1
ID_OA,689.0,1
ID_OA,490.0,1
ID_OA,294.0,1
ID_OA,711.0,1
ID_OA,710.0,1
ID_OA,219.0,1
ID_OA,709.0,1
ID_OA,175.0,1
ID_OA,227.0,1
ID_OA,708.0,1
ID_OA,707.0,1
ID_OA,421.0,1
ID_OA,706.0,1
ID_OA,705.0,1
ID_OA,704.0,1
ID_OA,703.0,1
ID_OA,12.0,1
ID_OA,702.0,1
ID_OA,331.0,1
ID_OA,722.0,1
ID_OA,721.0,1
ID_OA,720.0,1
ID_OA,458.0,1
ID_OA,719.0,1
ID_OA,718.0,1
ID_OA,507.0,1
ID_OA,717.0,1
ID_OA,716.0,1
ID_OA,715.0,1
ID_OA,244.0,1
ID_OA,714.0,1
ID_OA,407.0,1
ID_OA,713.0,1
ID_OA,712.0,1
ID_OA,447.0,1
ID_OA,729.0,1
ID_OA,728.0,1
ID_OA,727.0,1
ID_OA,726.0,1
ID_OA,725.0,1
ID_OA,724.0,1
ID_OA,523.0,1
ID_OA,440.0,1
ID_OA,465.0,1
ID_OA,541.0,1
ID_OA,192.0,1
ID_OA,540.0,1
ID_OA,223.0,1
ID_OA,539.0,1
ID_OA,53.0,1
ID_OA,64.0,1
ID_OA,338.0,1
ID_OA,103.0,1
ID_OA,385.0,1
ID_OA,50.0,1
ID_OA,344.0,1
ID_OA,439.0,1
ID_OA,114.0,1
ID_OA,513.0,1
ID_OA,263.0,1
ID_OA,372.0,1
ID_OA,83.0,1
ID_OA,164.0,1
ID_OA,543.0,1
ID_OA,542.0,1
ID_OA,214.0,1
NOMBRE,EL DORADO,2
NOMBRE,LAS CENIZAS TALTAL (LAS LUCES),2
NOMBRE,BELLAVISTA,2
NOMBRE,SANTO DOMINGO,2
NOMBRE,EL ABRA,2
NOMBRE,FORTUNA,2
NOMBRE,TRES VALLES,2
NOMBRE,EXTRACCION MANUAL DE ULEXITA SALAR DE COLPITAS QUIBORAX S.A,1
NOMBRE,PLANTA EL AGUILA QUIBORAX S.A.,1
NOMBRE,MINERA PAMPA CAMARONES,1
NOMBRE,ENAMI CAMARONES,1
NOMBRE,MINERA CHOQUELIMPIE,1
NOMBRE,TANA - (ex-Bullmine),1
NOMBRE,Extraccion de Áridos Camino a Ferronor - El Boro,1
NOMBRE,PLANTA DE PRODUCCION DE YODO SOLEDAD- COSAYACH,1
NOMBRE,TERMINAL CALETA PATILLOS SAL LOBOS,1
NOMBRE,TENARDITA,1
NOMBRE,PLANTA HIDROMETALURGICA LUZ MARÍA (LAS MARÍAS 1 Y 2),1
NOMBRE,MINA CALIFORNIA,1
NOMBRE,SANTA ROSA - ESTRELLA ORIENTAL,1
NOMBRE,PRODUCCIÓN DE YODO Y NITRATOS ELOISA,1
NOMBRE,ALMACENAJE MINERO PARQUE INDUSTRIA ZOFRI,1
NOMBRE,EXTENSION PLANTA DE YODO DSM MINERIA,1
NOMBRE,FAENA NUEVA VICTORIA- SQM,1
NOMBRE,PAMPA HERMOSA SQM,1
NOMBRE,RUTA A-760 EXTRACCION DE ARIDOS,1
NOMBRE,SCM COSAYACH-NEGREIROS,1
NOMBRE,MINERA CALA CALA COSAYACH,1
NOMBRE,FAENA MINERA QUEBRADA BLANCA,1
NOMBRE,FAENA DOÑA INES DE COLLAHUASI,1
NOMBRE,FAENA CERRO COLORADO,1
NOMBRE,EXTRACCION DE ÁRIDOS POZO SARA - INBRADA ARIDOS,1
NOMBRE,EXPLOTACION ANDIVAL SECTOR SAGASCA,1
NOMBRE,MINERA SAGASCA MADRE HMC,1
NOMBRE,CANTERA SAN NICOLAS- CERRO MOLLECITO,1
NOMBRE,MINERA ORCOMA,1
NOMBRE,PUERTO PATACHE - QUEBRADA BLANCA,1
NOMBRE,PLANTA ISABEL SALAR GRANDE,1
NOMBRE,MINERA CAPACHO VIEJO,1
NOMBRE,MINA PLANTA MANTOS AL SOL,1
NOMBRE,ENAMI TOCOPILLA - BARRILES,1
NOMBRE,PLANTA LIPESED,1
NOMBRE,MANTOS DE LA LUNA,1
NOMBRE,PLANTA DE CAL,1
NOMBRE,ANTUCOYA,1
NOMBRE,MINA ELENITA,1
NOMBRE,PROSPECCION MINERA SIERRA VALENZUELA,1
NOMBRE,SPENCE,1
NOMBRE,SIERRA GORDA,1
NOMBRE,MINERA CERRO DOMINADOR S.A.,1
NOMBRE,CENTINELA SULFUROS,1
NOMBRE,PROYECTO OXIDOS ENCUENTRO,1
NOMBRE,EXPLOTACION MOLIENDA Y TRANSPORTE DE SILICE EN YACIMIENTO NANCY,1
NOMBRE,AMPLIACION DE EXTRACCIÓN DE ÁRIDOS POZO PATAGÓNICO 1,1
NOMBRE,PLANTA DE ARIDOS MARCOS MURAÑA/ABELARDO CRUZ,1
NOMBRE,CODELCO CHUQUICAMATA,1
NOMBRE,SANTA MARGARITA,1
NOMBRE,PLANTA DE EXTRACCIÓN Y PROCESAMIENTO DE ARIDOS EN POZO LASTRERO,1
NOMBRE,SQM SALAR ATACAMA,1
NOMBRE,PROYECTO PALOMA,1
NOMBRE,MINERA ZALDIVAR,1
NOMBRE,MINERA ESCONDIDA,1
NOMBRE,AGUAS BLANCAS,1
NOMBRE,PUZOLANA NORTE,1
NOMBRE,MINERA NO METALICA ARENEX VARILLAS,1
NOMBRE,PUERTO MINA ESCONDIDA (COLOSO),1
NOMBRE,BODEGA DE TRANSFERENCIA DE GRANELES MINERALES SECTOR PORTEZUELO,1
NOMBRE,MINA EL PEÑON,1
NOMBRE,EXTRACCION DE ARIDOS QUEBRADA LA CHIMBA,1
NOMBRE,EXTRACCION DE ARENA DESDE SECTOR COSTERO LA RINCONADA PARA RELLENOS DE TROCADERO,1
NOMBRE,MINA AGUA DULCE,1
NOMBRE,MICHILLA,1
NOMBRE,MINA MICHILLA,1
NOMBRE,EXTRACCION DE ARENA SECTOR COSTERO HORNITOS,1
NOMBRE,MINERA METÁLICA MANTOS BLANCOS,1
NOMBRE,EXTRACCION DE ARIDOS EMPRESTITO E-63,1
NOMBRE,PLANTA DE SULFATO COBRE PENTAHIDRATADO MINERA REFIMIN LTDA,1
NOMBRE,PUERTO DE ANTOFAGASTA/TRANSPORTE DE ZINC EN POLVO/TRANSPORTE CATODOS DE COBRE,1
NOMBRE,MINA PARDO,1
NOMBRE,YESO NORTE,1
NOMBRE,IVAN ZAR,1
NOMBRE,EMPERATRIZ,1
NOMBRE,MINERA MARIMACA,1
NOMBRE,PROYECTO CAPRICA IRON,1
NOMBRE,SIERRA MIRANDA,1
NOMBRE,GABRIELA MISTRAL,1
NOMBRE,PLANTA SALAR DE ATACAMA,1
NOMBRE,LOMAS BAYAS,1
NOMBRE,ALGORTA,1
NOMBRE,PLANTA DE ARIDOS SAN PEDRO,1
NOMBRE,EXPLOTACIÓN SUBTERRANEA MINA PAMPITA,1
NOMBRE,MINA PAMPA BLANCA,1
NOMBRE,ARIDOS SIERRA GORDA,1
NOMBRE,MINA GUANACO,1
NOMBRE,PLANTA JOSE ANTONIO MORENO DE TALTAL,1
NOMBRE,LOS CHANGOS - NITONA,1
NOMBRE,PLANTA QUIMICA LA NEGRA,1
NOMBRE,MINA BARREAL SECO,1
NOMBRE,EXPLOTACION DE HIERRO SAN GABRIEL,1
NOMBRE,PLANTA DE ÓXIDOS TALTAL,1
NOMBRE,MINERA FRANKE,1
NOMBRE,MINERA ALTAMIRA - AGUILUCHO,1
NOMBRE,EXPLOTACION DE MINERALES DOÑA ELBA,1
NOMBRE,PROYECTO MINERO SS-XAVIER 1 ESSEX HOLDINGS,1
NOMBRE,EXPLOTACION DE MINERALES MINA FLIOMENA,1
NOMBRE,EXTRACCION DE ARENA DESDE SECTOR COSTERO LA RINCONADA,1
NOMBRE,MINERA COMAHUE,1
NOMBRE,PLANTA PROCESADORA DE METALES,1
NOMBRE,PROCESAMIENTO MOLIBDENO MEJILLONES,1
NOMBRE,PLANTA DE PROCESAMIENTO DE CONCENTRADO DE MOLIBDENO,1
NOMBRE,EXTRACCION Y PROCESAMIENTO DE ARIDOS PLANTA CERRO GRIS,1
NOMBRE,MINA ANGELICA,1
NOMBRE,MINA PEDRO DE VALDIVIA,1
NOMBRE,PROYECTO DE INVERSIONES MINERAS MARMOL TRAVERTINO,1
NOMBRE,CANTERA ZORRO 8 Y ZORRO 9 DE MARMOLES SAN MARINO,1
NOMBRE,AMPLIACION Y DESARROLLO DE FAENAS MINERAS EN TUINA - MINA DINKO,1
NOMBRE,AUMENTO DE LA PRODUCCION DE SULFATO DE COBRE CRISTALIZADO,1
NOMBRE,MINERA METÁLICA MANTO VERDE DE MANTOS COPPER,1
NOMBRE,MINERA METÁLICA DON EDUARDO,1
NOMBRE,CARRIZALILLO EXPLORACIÓN,1
NOMBRE,PLANTA DE LIXIVIACION FLOR DE LIRIO,1
NOMBRE,PLANTA SALADO ENAMI,1
NOMBRE,PLANTA OSVALDO MARTINEZ DE CHANCADO,1
NOMBRE,PLANTA CARMEN,1
NOMBRE,MINA SAN DANIEL - HERMANDAD,1
NOMBRE,MINA LA SUERTE SUKAMERIKA MINERALS LTDA,1
NOMBRE,PLANTA NORA,1
NOMBRE,MINERA MONTEGRANDE,1
NOMBRE,MINERA METÁLICA DIEGO DE ALMAGRO - SIERRA NORTE,1
NOMBRE,PLANTA FALDA VERDE,1
NOMBRE,SAN LUIS PREFERIDA,1
NOMBRE,MINERA VETA ESPERANZA,1
NOMBRE,PATRICIA,1
NOMBRE,MINERA BELLA ESTER,1
NOMBRE,EXPLOTACION MINERA MORION 48,1
NOMBRE,BERTA,1
NOMBRE,SUMITOMO-PROSPECCION RADISS,1
NOMBRE,MINERA LEJANO OESTE,1
NOMBRE,PROSPECCION GEOLOGICA CARMEN PAULINA,1
NOMBRE,PLANTA EL DURAZNO,1
NOMBRE,CODELCO SALVADOR - POTRERILLOS,1
NOMBRE,SAN ANTONIO - MANTOS DE AGUA DE LA FALDA,1
NOMBRE,MINERA AGUA DE LA FALDA - JERONIMO,1
NOMBRE,INCA DEL ORO,1
NOMBRE,CONDOR - MIRAFLORES,1
NOMBRE,SALARES NORTE,1
NOMBRE,KINROSS - NUEVA ESPERANZA,1
NOMBRE,DELIRIO,1
NOMBRE,MARIPOSA,1
NOMBRE,PUERTO CALDERA,1
NOMBRE,PLANTA BAHIA INGLESA,1
NOMBRE,PODER DE COMPRA PROCESAMIENTO Y EXPORTACION DE MINERALES DE HIERRO,1
NOMBRE,PASCUA LAMA,1
NOMBRE,EL MORRO,1
NOMBRE,CMP- PLANTA PELLETS,1
NOMBRE,CEMENTOS DE CHILE,1
NOMBRE,LOS COLORADOS,1
NOMBRE,ÁRIDOS Y EXCAVACIONES ARAYA,1
NOMBRE,ÁRIDOS EL MURO,1
NOMBRE,LOS CRISTALES,1
NOMBRE,CERRO NEGRO CRISTALES,1
NOMBRE,CRISTAL - LOMA CORTADERA,1
NOMBRE,CRISTALES - MORRO ALQUINTA,1
NOMBRE,EXPLOTACION DE MINERALES DE HIERRO DESDE DEPOSITOS ALUVIALES SECTOR LLANOS DE CRISTALES,1
NOMBRE,MINA TUNILLA - LOS CRISTALES,1
NOMBRE,PROYECTO CERRO BLANCO,1
NOMBRE,EXPLODESA- EXTRACCION DE DESMONTES MINEROS DISTRITOS FRAGUITA Y EL MORADO,1
NOMBRE,EL MORADO,1
NOMBRE,ROCK EXPLORATION-PROSPECCION MINERA CACHIYUYO,1
NOMBRE,ALCAPARRA,1
NOMBRE,LA JAPONESA,1
NOMBRE,PLANTA VALLENAR,1
NOMBRE,PLANTA COBRE NORTE,1
NOMBRE,RELINCHO COPPER- ANDES CENTRAL,1
NOMBRE,MINA JOHANNA- CORTADERA,1
NOMBRE,DOS AMIGOS,1
NOMBRE,SOPROMIN DOMEYCO- PLANTA PROCESADORA DE MINERALES NO METALICOS,1
NOMBRE,SACYR- EXTRACCION DE ARIDOS QUEBRADA CHAÑARAL,1
NOMBRE,LA PRODUCTORA,1
NOMBRE,SOBERANA,1
NOMBRE,DOMEYKO,1
NOMBRE,PROSPECTO PLEITO,1
NOMBRE,MINA SANTA ROSA,1
NOMBRE,DESVIO NORTE,1
NOMBRE,ASOCIACION MINERA DOMEYCO,1
NOMBRE,SACYR- EXTRACCION DE ARIDOS QUEBRADA EL ALGARROBAL,1
NOMBRE,PLANTA METALÚRGICA MAGNETITA CMP,1
NOMBRE,TIGRESA,1
NOMBRE,CANDELARIA,1
NOMBRE,NUEVA PLANTA MARIA ISABEL,1
NOMBRE,PROYECTO MINERO TRANSITO,1
NOMBRE,PLANTA LAS PINTADAS COMPAÑIA MINERA CARMEN BAJO,1
NOMBRE,PLANTA SAN JOSÉ,1
NOMBRE,CAROLA,1
NOMBRE,MINA ALCARRAPOSA- CANDELARIA OJOS DEL SALADO,1
NOMBRE,PUCOBRE-PLANTA SAN JOSÉ,1
NOMBRE,VENADO SUR,1
NOMBRE,COEMIN,1
NOMBRE,CATANIA,1
NOMBRE,PLANTA ELISA DE BORDOS,1
NOMBRE,MINERA JILGUERO,1
NOMBRE,PLANTA MANUEL ANTONIO MATTA RUIZ,1
NOMBRE,"PROCESAMIENTO DE MINERALES Y RELAVES PARA LA EXTRACCION Y RECUPERACION DE ORO, PLATA Y COBRE",1
NOMBRE,CASERONES,1
NOMBRE,MARICUNGA - REFUGIO,1
NOMBRE,CUENCA LAGUNA NEGRO FRANCISCO,1
NOMBRE,SANTA CECILIA,1
NOMBRE,EXPLORACION MINERA CASPICHE,1
NOMBRE,LA PEPA,1
NOMBRE,MINERA GHOM,1
NOMBRE,MINERA FRONTERA DEL ORO,1
NOMBRE,MINERA CYPRUS- EXPLORACION VICUÑA,1
NOMBRE,BARRICK -CERRO CASALE,1
NOMBRE,PROSPECCION LUCIANO BARRICK,1
NOMBRE,PROSPECTO NÉMESIS,1
NOMBRE,PROSPECCION CERRO MATTA,1
NOMBRE,ANDINA MINERALS,1
NOMBRE,PROSPECCION MINERA SIERRA LA SAL DE FORTUNE VALLEY,1
NOMBRE,LOBO - MARTE,1
NOMBRE,LOBO MARTE,1
NOMBRE,FENIX GOLD,1
NOMBRE,MINA LA COIPA - RAJO PUREN,1
NOMBRE,PUNTA DEL COBRE - VENADO NORTE,1
NOMBRE,TRIUNFO,1
NOMBRE,CERRO NEGRO NORTE,1
NOMBRE,ADRIANITA,1
NOMBRE,DOÑA EMA - CONDOR 1/2,1
NOMBRE,CHAGO MARIO,1
NOMBRE,DAYMA ARIDOS,1
NOMBRE,PLANTA SAN EDUARDO,1
NOMBRE,SAN ESTEBAN I,1
NOMBRE,PLANTA PUERTO RICO,1
NOMBRE,PLANTA GUBIER MARAMBIO (VIRGINIA),1
NOMBRE,GLOBAL MINING,1
NOMBRE,MANTO NEGRO,1
NOMBRE,MINERA OSO NEGRO - SAN FIERRO,1
NOMBRE,PROYECTO CAL CHILE,1
NOMBRE,SALARES MARICUNGA MINERALS,1
NOMBRE,SIMBALIK GROUP INVERSIONES- SALAR MARICUNGA,1
NOMBRE,EXPLORACIÓN SALAR DE MARICUNGA,1
NOMBRE,ESPERANZA II,1
NOMBRE,AMERICAN CANYON,1
NOMBRE,SHECHURA MINNING-MINA JAVIERA,1
NOMBRE,SOL NACIENTE,1
NOMBRE,CMCB MANTOS COBRIZOS,1
NOMBRE,PLANTA DE BENEFICIO BIOCOBRE,1
NOMBRE,MINA OSORNINA,1
NOMBRE,MINA RENACER-ORNELLA,1
NOMBRE,PLANTA DON FITO,1
NOMBRE,MINA RESGUARDO,1
NOMBRE,PROYECTO MINERO PUQUIOS,1
NOMBRE,MINA EL TOFO,1
NOMBRE,PROYECTO DOMINGA NORTE Y SUR,1
NOMBRE,FAENA EL MANTO,1
NOMBRE,FAENA MOL,1
NOMBRE,ARIDOS JOSE LUIS CORTES VELIZ,1
NOMBRE,ARIDOS IVOCAR,1
NOMBRE,ARIDOS APRISA,1
NOMBRE,ARIDOS ROBERTO BARRAZA,1
NOMBRE,ARIDOS ARISER,1
NOMBRE,ARIDOS CORSAN,1
NOMBRE,ARIDOS MILKO,1
NOMBRE,ARIDOS LIN,1
NOMBRE,EXTRACCION DE ARIDOS ACONCAGUA- HORMIGONES INDEPENDENCIA,1
NOMBRE,ARIDOS SANTA ROSA,1
NOMBRE,ARIDOS BIG FLOWER LTDA.,1
NOMBRE,PAJONALES - ALTOVALSOL,1
NOMBRE,ARIDOS GONZALEZ,1
NOMBRE,FAENA LAMBERT - SAN LORENZO,1
NOMBRE,MINERA NO METÁLICA PORYECTO EXTRACCION DE ARIDOS POZO SILVA,1
NOMBRE,MINA EL ROMERAL,1
NOMBRE,LLANOS DE ARQUEROS - TUGAL,1
NOMBRE,PROSPECCION MINERA MANDALAY,1
NOMBRE,PROCESAMIENTO DE GRANALLA ECOBLAST O BLASTOC,1
NOMBRE,EXTRACCION DE ARIDOS POZO 10-RUTA D-43,1
NOMBRE,MINERA FLORIDA,1
NOMBRE,PLANTA SAN LUIS,1
NOMBRE,FAENA LA CALCITA - GRACIELA - LA NIÑA,1
NOMBRE,TECK CARMEN DE ANDACOLLO,1
NOMBRE,DAYTON - MINA ANDACOLLO ORO,1
NOMBRE,FAENA PONCE,1
NOMBRE,PLANTA SANTA MARIA VERONICA,1
NOMBRE,POZO ARIDOS EL MANZANO,1
NOMBRE,PLANTA RELAVES ANDACOLLO GO SPA,1
NOMBRE,MINERA LOS PINGOS,1
NOMBRE,PLANTA MINERA PILAR,1
NOMBRE,PLANTA DE CHANCADO PARA CALIZA,1
NOMBRE,MINA LLANOS DEL TOFO,1
NOMBRE,PROSPECCION MINERA LA HIGUERA,1
NOMBRE,SAN JACINTO,1
NOMBRE,PROSPECCION MINERA MESCALERO,1
NOMBRE,VARILLA,1
NOMBRE,FAENA TALCUNA,1
NOMBRE,LIDIA - RENDIC,1
NOMBRE,MANGANESOS ATACAMA S.A. (MARQUESA),1
NOMBRE,MINERA TALCUNA,1
NOMBRE,PROYECTO ALTURAS,1
NOMBRE,PROYECTO MINERO TAMBO,1
NOMBRE,MINERA LOS PELAMBRES,1
NOMBRE,PLANTA MINERA DOÑA LEONOR,1
NOMBRE,FAENA TAMBO DE ORO,1
NOMBRE,MINERA ALTOS DE PUNITAQUI,1
NOMBRE,DALMACIA,1
NOMBRE,MINERA NO METALICA EXTRACCION DE ARIDOS ROMERALCILLO,1
NOMBRE,FAENA DELTA ENAMI,1
NOMBRE,FAENA DELTA,1
NOMBRE,FAENA PANULCILLO,1
NOMBRE,PLANTA EL DORADO,1
NOMBRE,SAN CAYETANO - MIRADOR,1
NOMBRE,MINERA EL CHACO - LA CABRA - LA OVEJA,1
NOMBRE,PLANTA LA VENTOLERA,1
NOMBRE,PLANTA CHACO,1
NOMBRE,PLANTA LAS VACAS,1
NOMBRE,PROYECTO EL ESPINO,1
NOMBRE,FAENA TUNQUEN (EX EL ALMENDRO),1
NOMBRE,FAENA EL MAITEN,1
NOMBRE,MINERA PIEDRAS BLANCAS (EX-TUNGA SUR),1
NOMBRE,EL ESPINO - EL TRAPICHE - EL LLANO,1
NOMBRE,MINERA PORTEZUELO,1
NOMBRE,MINERA LLAHUIN,1
NOMBRE,PLANTA SANTA TERESA,1
NOMBRE,EL HUACHO,1
NOMBRE,EXTRACCION DE ARIDOS DEL CURSO INFERIOR DEL RIO CHOAPA,1
NOMBRE,FAENA HUENTELAUQUEN,1
NOMBRE,MINERA FARELLONES,1
NOMBRE,MINA PULLALI,1
NOMBRE,PLANTA LA PATAGUA,1
NOMBRE,PLANTA PROCESADORA DE MINERALES OXIDADOS DE COBRE COMPAÑIA MINERA BASSI LTDA.,1
NOMBRE,MINERA METÁLICA MINA PEUMO,1
NOMBRE,MINA CARMEN - MARGARITA,1
NOMBRE,LAS CENIZAS CABILDO - SAUCE,1
NOMBRE,MINA CERRO NEGRO,1
NOMBRE,MINA DON JAIME,1
NOMBRE,PLANTA CATEMU - CEMIN,1
NOMBRE,MINA UVA,1
NOMBRE,PLANTA DE CHANCADO EL BOLDO,1
NOMBRE,MINA CARDENILLA,1
NOMBRE,ÑILHUE,1
NOMBRE,PLANTA BELLAVISTA,1
NOMBRE,MINA EL SOLDADO,1
NOMBRE,MINA EL NAVIO,1
NOMBRE,MINA CAQUICITO,1
NOMBRE,CODELCO - DIVISION ANDINA,1
NOMBRE,LOS BRONCES - ANGLO AMERICAN SUR S.A.,1
NOMBRE,MINERA PIMENTÓN,1
NOMBRE,ARIDOS BOCO,1
NOMBRE,ARIDOS SANTA ELISA,1
NOMBRE,EXTRACCION Y PROCESAMIENTO ARIDOS MAGGI,1
NOMBRE,CANTERA LAS GARZAS,1
NOMBRE,PLANTA DE FLOTACION LOS MAITENES,1
NOMBRE,PLANTA ARENEX,1
NOMBRE,ARIDOS SANTA ANGELA,1
NOMBRE,VIZCACHITAS,1
NOMBRE,POZO LASTRERO FUNDO LA LIBERTAD,1
NOMBRE,ARIDOS JORQPARD,1
NOMBRE,MINERA NO METALICA ARIDOS ILUSTRE MUNICIPALIDAD DE LIMACHE,1
NOMBRE,PLANTA DE EXTRACCION DE ARIDOS PETREOS,1
NOMBRE,ARIDOS TULIO HENRIQUEZ,1
NOMBRE,MINA EL TURCO,1
NOMBRE,PROYECTO EMPRESTITO DE MATERIAL DE TERRAPLEN SANTA ROSA DE LA MAR,1
NOMBRE,ARIDOS RIO MAIPO,1
NOMBRE,TRANQUE OVEJERIA,1
NOMBRE,ARIDOS TILTIL-FELIPE BRUCHER,1
NOMBRE,SERCAL MINERALS,1
NOMBRE,CACHINALES,1
NOMBRE,PLANTA DE TRATAMIENTO CANTERA CHACABUCO,1
NOMBRE,DCP TECNOQUIMICA S.A. (RECUPERACION DE POLVOS DE ACERO)-COLINA,1
NOMBRE,PROCESAMIENTO DE ARIDOS-POZO PRINCESA,1
NOMBRE,ARIDOS VICENTE GALAZ,1
NOMBRE,EXTRACCION DE ARIDOS EN RIO COLINA- COLINA,1
NOMBRE,PROCESAMIENTO DE ARIDOS QUARZO-COLINA,1
NOMBRE,PLANTA DE PROCESAMIENTO Y EXTRACCION DE ROCAS CANTERA CERRO PORTEZUELO COLINA,1
NOMBRE,EMBALSE DE RELAVES CAREN - EL TENIENTE,1
NOMBRE,MINA LA FLORIDA,1
NOMBRE,ARIDOS ARCOIRIS - BUIN,1
NOMBRE,PLACERES DEL MAIPO,1
NOMBRE,LAVADERO DE ORO MECANIZADO SANTA CECILIA,1
NOMBRE,EXTRACCION DE ARIDOS EN RIO MAIPO-BUIN,1
NOMBRE,EXTRACCION DE ARIDOS PUENTE LOS MORROS - BUIN,1
NOMBRE,EXTRACCION DE ARIDOS SANTA GLORIA- SAN BERNARDO,1
NOMBRE,EXTRACCION DE ARIDOS EL HUITE-BUIN,1
NOMBRE,EXTRACCION DE ARIDOS PARA HORMIGON-BUIN,1
NOMBRE,EXTRACCION DE ARIDOS TEMPLE- SAN BERNARDO,1
NOMBRE,PROCESAMIENTO DE ARIDOS MINERA ROSARIO- SAN BERNARDO,1
NOMBRE,EXTRACCION DE ARIDOS KM 45-65 SECTOR PUENTE MAIPO (HORMIGONES TRANSEX)-SAN BERNARDO,1
NOMBRE,PLANTA DE PROCESAMIENTO Y EXTRACCION DE ARIDOS (MEGARIDOS)-SAN BERNARDO,1
NOMBRE,EXTRACCION DE ARIDOS MINERA SANTA LAURA-SAN BERNARDO,1
NOMBRE,MINERA LOS ESTEROS DE MARGA MARGA S.A. (RECUPERACION DE POZO DE EXTRACCION DE ARIDOS EN ABANDONO),1
NOMBRE,EXPLORACION DE MINERA AURORA-SAN BERNARDO,1
NOMBRE,EXTRACCION DE ARIDOS SECTOR PUENTE LOS MORROS (ARENAS Y RIPIOS SANTIAGO LTDA.)-SAN BERNARDO,1
NOMBRE,EXTRACCION DE ARIDOS POZO LA SANCHINA-BUIN,1
NOMBRE,EXPLOTACION DE ARIDOS MINERA SANTA LAURA-BUIN (RIO MAIPO KM 1650),1
NOMBRE,MINERALES HARBOLITE CHILE LTDA. - QUILICURA,1
NOMBRE,EXTRACCION DE POMACITA CANTERA FUNDO LA BOTELLA (ARIDOS SANTA GLORIA)-PUDAHUEL,1
NOMBRE,EXTRACCION DE ARIDOS HACIENDA LAS CASAS (BESALCO)-PUDAHUEL,1
NOMBRE,PROCESAMIENTO DE POMACITA-RIO CAUTIN S.A.,1
NOMBRE,RELAVES LA AFRICANA-PUDAHUEL,1
NOMBRE,ARIDOS MAIPU S.A.,1
NOMBRE,MINERA ESPAÑOLA,1
NOMBRE,EXTRACCION Y COMERCIALIZACION DE MINERALES INVERPAC,1
NOMBRE,PLANTA DE PROCESAMIENTO Y EXTRACCION DE ARIDOS PROYECTO AL VIÑA (PETREOS S.A.),1
NOMBRE,EXTRACCION DE ARIDOS CANTERA LA VIÑA,1
NOMBRE,EXTRACCION DE ARIDOS RIO MAPOCHO SECTOR EL TREBAL-PADRE HURTADO,1
NOMBRE,ARIDOS AGUSTIN MOZO VÍO,1
NOMBRE,"PLANTA DE PROCESAMIENTO DE ARIDOS TAMAYO LTM, SECTOR LA PALMA",1
NOMBRE,EXTRACCION EN CANTERA PAPAGALLO-TALAGANTE,1
NOMBRE,MINERA TANGO,1
NOMBRE,PLANTA LO VALDÉS (CHANCADO Y ACOPIO),1
NOMBRE,MINA YESERAS,1
NOMBRE,CHANCADO Y TRANSPORTE DE CALIZA MINERA JAVIERA,1
NOMBRE,CANTERA PIEDRAS COLORADAS,1
NOMBRE,EXTRACCION Y EXPLOTACION DE ARENAS DE RODADOS RIO MAIPO- SAN JOSE DE MAIPO,1
NOMBRE,EXPLORACION MINERA LOS PICHES DE MINERA LOS PICHES-SAN JOSE DE MAIPO,1
NOMBRE,ARIDOS FUNDO EL TOYO- SAN JOSE DE MAIPO,1
NOMBRE,EXTRACCION DE ARIDOS RIO MAIPO,1
NOMBRE,ARIDOS CATALAN,1
NOMBRE,EXTRACCION ARIDOS BALMACEDA- SAN JOSE DE MAIPO,1
NOMBRE,EXTRACCION ARIDOS INEL-PUENTE ALTO,1
NOMBRE,MINERA LA PERLA-SAN JOSE DE MAIPO,1
NOMBRE,EXPLORACIÓN MINERA ESCALONES,1
NOMBRE,PLANTA DE ARIDOS MINERA ROSARIO-PUENTE ALTO,1
NOMBRE,EXTRACCION DE ARIDOS TRAMO 43-34 Y BANCO DECANTADOR 40-37,1
NOMBRE,PLANTA DE EXTRACCION DE ARIDOS BALTIERRA,1
NOMBRE,PLANTA DE EXTRACCION DE ARIDOS SEMOT,1
NOMBRE,PLANTA DE EXTRACCION DE ARIDOS REGEMAC,1
NOMBRE,ARIDOS CAMARENA-MELIPILLA,1
NOMBRE,ARIDOS TAMARENA-MELIPILLA,1
NOMBRE,EXTRACCION DE ARIDOS EN SECTOR PUENTE INGENIERO MARAMBIO-MELIPILLA,1
NOMBRE,PLANTA DE PROCESAMIENTO Y EXTRACCION DE ARIDOS RIO MAIPO SECTOR CONFLUENCIA CON ESTERO PUANGUE,1
NOMBRE,ARIDOS TRANSVEG-MELIPILLA,1
NOMBRE,ARIDOS HUILCO BAJO,1
NOMBRE,EXTRACCION PUZOLANA MINERA RIO TENO-MELIPILLA,1
NOMBRE,PLANTA EXTRACCION DE ARIDOS NELSON CONTRERAS GONGORA,1
NOMBRE,CANTERA CERRO LO AGUILA,1
NOMBRE,EXTRACCION DE ARIDOS RIO ANGOSTURA SECTOR PUENTE AGUILA NORTE (FERROVIAL AGROMAN CHILE S.A.)-PAINE,1
NOMBRE,EXTRACCION MECANIZADA DE ARIDOS ISLA DE MAIPO,1
NOMBRE,EXTRACCION DE ARIDOS PETREOS - BUIN,1
NOMBRE,ARIDOS ARITERRA,1
NOMBRE,EXTRACCION DE ÁRIDOS Y EXPLOTACIÓN MINERA RIO MAIPO-ISLA DE MAIPO,1
NOMBRE,PLANTA DE ARIDOS ECAVAL,1
NOMBRE,SIBELCO CHILE-LAMPA,1
NOMBRE,CANTERA CERRO BLANCO,1
NOMBRE,PLANTA EXTRACCION DE ARIDOS CERRO CHALLAY,1
NOMBRE,MINERA MIRADOR DE BATUCO-LAMPA,1
NOMBRE,EXTRACCION DE ARIDOS ESTERO PUANGUE (RUTAS DEL PACIFICO)- CUARACAVI,1
NOMBRE,ARIDOS FERROVIAL-SAN FRANCISCO,1
NOMBRE,PLANTA EL INGLES,1
NOMBRE,ARIDOS SAN VICENTE-RANCAGUA,1
NOMBRE,"MINERA NO METÁLICA EXTRACCIÓN DE ÁRIDOS DEL RÍO CACHAPOAL, KM -1,5 AL -2,5, SECTOR GULTRO",1
NOMBRE,ARIDOS CACHAPOAL-OLIVAR,1
NOMBRE,ARIDOS GUERRICO,1
NOMBRE,ARIDOS CACHAPOAL-MACHALI,1
NOMBRE,MINA EL TENIENTE Y FUNDICION CALETONES,1
NOMBRE,EL TENIENTE,1
NOMBRE,MINERA VALLE CENTRAL,1
NOMBRE,TRANQUE DE RELAVES LAGUNA CAUQUENES MINA EL TENIENTE,1
NOMBRE,ARIDOS RIO CACHAPOAL-DOÑIHUE,1
NOMBRE,ARIDOS RIO CLARO,1
NOMBRE,ARIDOS SAN VICENTE,1
NOMBRE,ARIDOS PUENTE PEUMO-RIO CACHAPOAL,1
NOMBRE,YACIMIENTO LA PATAGUA,1
NOMBRE,ARIDOS PETROMAX,1
NOMBRE,ARIDOS RIO LONTUE,1
NOMBRE,MINERA NO METÁLICA ARIDOS RIO MAULE-SECTOR MELLICO Y PIEDRA DEL LOBO,1
NOMBRE,PLANTA Y MINAS DE ARENAS SILICEAS,1
NOMBRE,ARIDOS FOREL,1
NOMBRE,ARIDOS SANTA MARTA,1
NOMBRE,MINA LAS PIEDRAS,1
NOMBRE,ARIDOS DRY MIX,1
NOMBRE,Faena Chepica,1
NOMBRE,ARIDOS LA ESPERANZA,1
NOMBRE,ARIDOS BUENA VISTA,1
NOMBRE,ARIDOS RIVERMAQ,1
NOMBRE,ÁRIDOS LOS MAITENES,1
NOMBRE,ARIDOS BADILLA EN RIO ACHIBUENO,1
NOMBRE,ARIDOS CONSTRUCTORA SAN ANDRES,1
NOMBRE,ARIDOS TRANSMARA,1
NOMBRE,ÁRIDOS TRICAM SECTOR RIO LONGAVI,1
NOMBRE,MINERA FARO CARRANZA - PIRAZZOLI - LOANCO,1
NOMBRE,ARIDOS PLACILLA,1
NOMBRE,PLANTA ARIDOS RINCONADA CHILLAN,1
NOMBRE,PLANTA ARMIX LIMITADA,1
NOMBRE,ARIDOS LIVIO MAGGI CHILLAN,1
NOMBRE,ARIDOS FE BLANCA SAN CARLOS,1
NOMBRE,EXTRACCION Y PROCESAMIENTO ARIDOS NAHUELTORO,1
NOMBRE,EXTRACCION ARIDOS READY MIX SUR RIO ÑUBLE- SECTOR QUINCHAMALI,1
NOMBRE,EXTRACCION MECANIZADA DE ARIDOS SECTOR CHONCHORAL- CIA MINERA LA ISLA,1
NOMBRE,POZO DE ARIDOS EL LUCERO,1
NOMBRE,EXTRACCION ARIDOS ABRATEC,1
NOMBRE,EXTRACCION ARIDOS EN POZO LASTRERO- SECTOR RINCONADA PAL-PAL- ABRATEC,1
NOMBRE,EXTRACCION ARIDOS LOS PINOS,1
NOMBRE,ARIDOS SAN MARCOS,1
NOMBRE,EXTRACCION ARIDOS SOPRAMAT CAUCE DEL RIO DIGUILLIN-SECTOR LOS TILOS,1
NOMBRE,POZO ARIDOS RINCONADA DIGUILLIN,1
NOMBRE,EXTRACCION MECANIZADA DE ARIDOS POZO NEBUCO,1
NOMBRE,PLANTA DE ARIDOS COVADONGA,1
NOMBRE,ARIDOS LIVIO MAGGIO CHILLAN,1
NOMBRE,PLANTA CHANCADORA CONSTRUCTORA LAMAS,1
NOMBRE,PLANTA DE ARIDOS EL MAITEN,1
NOMBRE,CANTERA QUIRIHUE,1
NOMBRE,EXTRACCION DE ARIDOS EL BOLDAL- RIO ÑUBLE EN CONFLUENCIA CON RIOS CHILLAN Y CHANGARAL,1
NOMBRE,EXTRACCION DE ARIDOS RIO ÑUBLE,1
NOMBRE,PLANTA CHANCADORA NUEVO CAMINO SAN CARLOS,1
NOMBRE,EXTRACCION MECANIZADA DE ARIDOS LAJA,1
NOMBRE,EXTRACCION ARIDOS RIO LAJA TRIBASA,1
NOMBRE,EXTRACCION DE ARIDOS Y CHANCADORA- VISTA HERMOSA,1
NOMBRE,CANTERA LAS PATAGUAS,1
NOMBRE,EXTRACCION DE ARIDOS INVERSIONES DE LA ROCA SPA-CABRERO,1
NOMBRE,CANTERA TOMECO,1
NOMBRE,POZO LASTRERO LOS PERROS,1
NOMBRE,EXTRACCION DE ARIDOS HUALQUI SECTOR OMER HUET,1
NOMBRE,ARENERA ARIDOS BIOBIO SA,1
NOMBRE,EXTRACCION DE ARENAS RIBERA NORTE ARENAS COSTANERA BIOBIO,1
NOMBRE,COMPAÑIA MINERA TRIDENTE,1
NOMBRE,ARENERA PRICE,1
NOMBRE,ARENERA DEL PACIFICO LTDA,1
NOMBRE,ARENERA RIO BIOBIO EL BOLDAL,1
NOMBRE,CANTERAS LONCO,1
NOMBRE,EXTRACCION DE ARIDOS RIO BIOBIO COSTANERA CONCEPCION-CHIGUAYANTE,1
NOMBRE,CANTERA JOSE MARIA,1
NOMBRE,CANTERA EL BOLDO,1
NOMBRE,CANTERA SANTA BARBARA,1
NOMBRE,EXTRACCION Y PROCESAMIENTO DE ARIDOS CANTERA SANTA ROSA,1
NOMBRE,CANTERA FUNDO PALCO CHUPONAL,1
NOMBRE,EXTRACCION DE ARIDOS EN EL KILOMETRO 21 DE LA RUTA 160 PARQUE INDUSTRIAL UNO ESCUADRON,1
NOMBRE,CANTERA PATAGUAL DITONER,1
NOMBRE,EXTRACCION ARIDOS NELSON BETANZO SAEZ,1
NOMBRE,CANTERA EMPRESTITO LOS DURAZNOS Y LOS CASTAÑOS,1
NOMBRE,CANTERA EMPRESTITO MOLINO DEL SOL,1
NOMBRE,MOLINO DE SOL,1
NOMBRE,CANTERA LAS CORRIENTES,1
NOMBRE,EXTRACCION ARIDOS CEFERINO SAEZ- ARAUCO,1
NOMBRE,ARIDOS RIO TRONGOL- ARAUCO,1
NOMBRE,CANTERA EL DESCABEZADO,1
NOMBRE,CANTERA MINERA CLARA,1
NOMBRE,Emprésito,1
NOMBRE,ARIDOS RIO TRONGOL,1
NOMBRE,POZO LASTRERO MESAMAVIDA,1
NOMBRE,EXTRACCION ARIDOS ABICE,1
NOMBRE,EXTRACCION DE ARIDOS SECTOR LA SUERTE,1
NOMBRE,EXTRACCION MECANIZADA DE ARIDOS FUNDO TRALPENES,1
NOMBRE,EXTRACCION DE ARIDOS POZO GALLEGOS,1
NOMBRE,EXTRACCION Y PLANTAS DE PROCESAMIENTO DE ARIDOS SECTOR EL SAUCE,1
NOMBRE,EXTRACCION DE ARIDOS EN EL RIO BIO-BIO SECTOR MIRADOR DEL BIO-BIO,1
NOMBRE,PLANTA ARIDOS POZO LASTRERO NPSH MULCHEN,1
NOMBRE,EXTRACCION MECANIZADA DE ARIDOS RIO BIO-BIO SECTOR SAN CARLOS DE PUREN,1
NOMBRE,EXTRACCION MECANIZADA DE ARIDOS FUNDO RESERVA EL PROGRESO SECTOR DUQUECO,1
NOMBRE,EXTRACCION ARIDOS SECTOR LA ISLA,1
NOMBRE,EXTRACCION DE ARIDOS LA ISLA,1
NOMBRE,EXTRACCION ARIDOS RIO BIOBIO SECTOR LA SUERTE,1
NOMBRE,PROYECTO EXTRACCION DE ARENA DE POZO LASTRERO FUNDO SANTA GREGORIA,1
NOMBRE,EXTRACCION DE ARIDOS HELENA ZAPATA E.I.R.L,1
NOMBRE,EXTRACCION DE ARIDOS RODRIGO MEDINA,1
NOMBRE,EXTRACCION DE ARIDOS SECTOR AVARIA,1
NOMBRE,CANTERA FUNDO LO ALFARO,1
NOMBRE,EXTRACCION ARIDOS SEGUNDA ZONA NAVAL THNO,1
NOMBRE,EXTRACCION DE ARIDOS RIO ANDALIEN-BESALCO,1
NOMBRE,EXTRACCION ARIDOS SECTOR BOCA SUR INGEMAC-SPP,1
NOMBRE,EXTRACCION DE ARENAS DEL RIO BIO BIO - INCHILE,1
NOMBRE,CANTERA FUNDO EL PELLÍN ÁRIDOS LEON ZAVALA,1
NOMBRE,EXTRACCION ARIDOS FORESTAL CRECEX- SECTOR LAS NIEVES,1
NOMBRE,EXTRACCION DE ARIDOS FUNDO LANDA,1
NOMBRE,EXTRACCION Y PROCESAMIENTO DE ARIDOS DESDE POZO LASTRERO SECTOR MUNILQUE,1
NOMBRE,EXTRACCION MECANIZADA DE ARIDOS FUNDO NIHUINCO,1
NOMBRE,EXTRACCION ARIDOS FUNDO SAN JOSE ORIENTE,1
NOMBRE,EXTRACCION DE ARIDOS FUNDO SANTA ROSA DE HIDROMAQ,1
NOMBRE,PLANTA ARIDOS SERVITERRA SECTOR HUEPIL,1
NOMBRE,EXTRACCION MECANIZADA ARIDOS EL PEDREGAL,1
NOMBRE,CANTERA POZO CRUZ DE PIEDRA,1
NOMBRE,EXTRACCION DE ARIDOS SECTOR EL LABRADOR,1
NOMBRE,EXTRACCION DE ARIDOS INVERSIONES PIEDRAS NEGRAS,1
NOMBRE,POZO LASTRERO EL TRANQUE,1
NOMBRE,PLANTA DE ARIDOS SIERRA NEVADA DE ANGOL,1
NOMBRE,ARIDOS LOTEO VALLE DE SAN JUAN ANGOL,1
NOMBRE,MINERA NO METÁLICA ÁRIDOS EN PARCELA PANGUECO SECTOR CHACAICO,1
NOMBRE,EXTRACCION Y PROCESAMIENTO DE ARIDOS SAN JOSE DE CANCURA,1
NOMBRE,POZO DE ARIDOS TROMEN,1
NOMBRE,POZO DE ARIDOS FERRETI,1
NOMBRE,EXTRACCION ARIDOS POZO LOS SAUCES,1
NOMBRE,EXTRACCION Y PROCESAMIENTO DE ARIDOS POZO EL SAUCE,1
NOMBRE,EXTRACCION ARIDOS CHUFQUEN TRAIGUEN,1
NOMBRE,ARIDOS FELIX MOLINA CURACAUTIN,1
NOMBRE,EXTRACCION DE ARIDOS CAÑON DEL BLANCO,1
NOMBRE,EXTRACCION DE ARIDOS SECTOR PUNTA NEGRA,1
NOMBRE,EXTRACCION DE ARIDOS CUESTA PIEDRAS BLANCAS,1
NOMBRE,ARIDOS LUIS RUBILAR,1
NOMBRE,POZO LA CANTERA RIO CAUTIN LAUTARO,1
NOMBRE,EXTRACCION MECANIZADA DE ARIDOS GALLARDO,1
NOMBRE,EXTRACCION DE ARIDOS MACOGA SECTOR SANTA INES KM 3,1
NOMBRE,ARIDOS NUEVA ERA LAUTARO,1
NOMBRE,ARIDOS LLAIMA INGENIERIAS LAUTARO,1
NOMBRE,EXTRACCION DE ARIDOS RIO CAUTIN-CANTERA LAUTARO,1
NOMBRE,ARIDOS URBANOS SPA,1
NOMBRE,ARIDOS MAQUEHUE,1
NOMBRE,EXTRACCION DE ARIDOS RIO CAUTIN SECTOR RENGALIL,1
NOMBRE,ARIDOS RIO CAUTIN POZO NILQUILCO,1
NOMBRE,EXTRACCION DE ARIDOS LA FRONTERA,1
NOMBRE,EXTRACCION DE ARIDOS OÑATE,1
NOMBRE,POZO DE ARIDOS MIRTA FUTALEF-PITRUFQUEN,1
NOMBRE,EXTRACCION DE ARIDOS TERRANOVA LTDA.,1
NOMBRE,POZO LASTRERO LOS GALPONES (POZO POLANCO) DE PITRUFQUEN,1
NOMBRE,POZO LASTRE ARIMIX,1
NOMBRE,ARIDOS GLADYS LIEMPI,1
NOMBRE,EXTRACCION DE ARIDOS ARIMIX SECTOR PUTUE BAJO,1
NOMBRE,EXTRACCION DE ARIDOS POZO ÑANCUPAN,1
NOMBRE,EXTRACCION DE ARIDOS POZO ISRAEL,1
NOMBRE,POZO DE ARIDOS HUINCACARA,1
NOMBRE,POZO PUTÚE MUNICIPALIDAD VILLARRICA,1
NOMBRE,ARIDO LONCOCHE,1
NOMBRE,EXTRACCION ARIDOS FUNDO TORREON LONCOCHE,1
NOMBRE,AUMENTO DE EXTRACCION Y PROCESAMIENTO POZO EL VALLE,1
NOMBRE,EXTRACCION DE ARIDOS CERRO LA PIEDRA,1
NOMBRE,POZO ARIDOS ARIMATUS (CURARREHUE),1
NOMBRE,ARIDOS NAVARRO SECTOR BAJO ALLIPEN,1
NOMBRE,PROCESO DE SECADO DE MINERAL,1
NOMBRE,ARIDOS CAIVICO,1
NOMBRE,EXTRACCION DE ARIDOS RUCOL,1
NOMBRE,ARIDOS READY MIX,1
NOMBRE,ARIDOS IMULFUDI,1
NOMBRE,PUMILLAHUE,1
NOMBRE,ARIDOS CIRUELOS,1
NOMBRE,ARIDOS CIRUELOS 2,1
NOMBRE,ARIDOS LAS CAMELIAS,1
NOMBRE,ARIDOS EL PASTOR,1
NOMBRE,ARIDOS PANCUL,1
NOMBRE,ARIDOS PAILLACO 2,1
NOMBRE,EXPLOTACION DE ARIDOS,1
NOMBRE,ARIDOS PAILLACO,1
NOMBRE,ARIDOS ESPERANZA,1
NOMBRE,MACA SERVICIOS,1
NOMBRE,ÁRIDOS ANCUD,1
NOMBRE,AUMENTO DE EXTRACCION Y PROCESAMIENTO POZO VEGA TERCERA,1
NOMBRE,ARIDOS POZO COLUMO,1
NOMBRE,ARIDOS ARTURO PRAT,1
NOMBRE,ARIDOS VICAT POZO CACHILLAHUE,1
NOMBRE,ARIDOS MANTILHUE,1
NOMBRE,ARIDOS VICAT POZO NALCAHUE,1
NOMBRE,ARIDOS VICAT,1
NOMBRE,ARIDOS FREDY CARCAMO,1
NOMBRE,ARIDOS RUTA T-35,1
NOMBRE,ARIDOS TRICAM ANTILHUE,1
NOMBRE,ARIDOS GUAL,1
NOMBRE,MULPUN,1
NOMBRE,ARIDOS VALDICOR,1
NOMBRE,POZO FROHLICH,1
NOMBRE,ARIDOS TRES FIORDOS,1
NOMBRE,POZO DE ARIDOS LOS CIERVOS,1
NOMBRE,ARIDOS HADIDA,1
NOMBRE,EMPRESTITO LOS MELIES,1
NOMBRE,CONSTRUCTORA SOCOVESA,1
NOMBRE,ARIDOS DOWLING & SCHILLING SECTOR EL ALMUD,1
NOMBRE,AMPLIACION DE EXTRACCION DE ARIDOS EN EL RIO RAHUE SECTOR FUNDO EL ALMUD - SAN FLORENTINO,1
NOMBRE,ARIDOS CAIPULLI,1
NOMBRE,ARIDOS DOWLING & SCHILLING SECTOR CANCURA,1
NOMBRE,MINERA NO METÁLICA PROYECTO EXTRACCIÓN Y PROCESAMIENTO DE ÁRIDOS EMPRÉSTITO SCHILLING,1
NOMBRE,AGRICOLA Y ARIDOS CANCURA,1
NOMBRE,ARIDOS MOVITEX PICHIDAMAS,1
NOMBRE,AMPLIACION PLANTA EXTRACCION DE ARIDOS BROTEC,1
NOMBRE,ARIDOS MOVITEX CORRAL DEL SUR,1
NOMBRE,EMPRESTITO FUNDO CHACAYAL,1
NOMBRE,ARIDOS KÓBERL,1
NOMBRE,ARIDOS PETROMINN (PLANTA LAJA),1
NOMBRE,ARIDOS TEPUAL PUERTO MONTT,1
NOMBRE,EXTRACCION DE ARIDOS POZO MALDONADO,1
NOMBRE,ARIDOS CONSTRUCTORA RIO NEGRO,1
NOMBRE,PROYECTO PLANTA Y EXPLOTACION DE ARIDOS LA VARA-SENDA SUR,1
NOMBRE,ARIDOS LUIS NAVARRO,1
NOMBRE,EMPRESTITO SENDA SUR LA VARA,1
NOMBRE,EXTRACCION DE ARIDOS POZO MARQUEZ,1
NOMBRE,PLANTA DE ARIDOS Y ASFALTO-RECONDO,1
NOMBRE,POZO DE ARIDOS MONRROY,1
NOMBRE,EMPRESTITO 1029.000,1
NOMBRE,EMPRESTITO URIBE,1
NOMBRE,ARIDOS INVERSIONES DOÑA ERMELINDA SPA,1
NOMBRE,EMPRESTITO 1039.200,1
NOMBRE,PLANTA DE EXTRACCION DE ARIDOS SECTOR DE ALTO BONITO,1
NOMBRE,EXTRACCION DE ARIDOS PREDIO CARDONAL BAJO,1
NOMBRE,EMPRESTITO MELLA,1
NOMBRE,EMPRESTITO LAGO CHAPO-RECONDO,1
NOMBRE,PLANTA DE ARIDOS CHIN-CHIN,1
NOMBRE,EMPRESTITO CABRERO,1
NOMBRE,EXTRACCION Y PROCESAMIENTO DE ARIDOS SECTOR LA CAMPANA,1
NOMBRE,EMPRESTITO SOTO DRAGADOS CVV CONSTRUCTORA S.A.,1
NOMBRE,MINERA NO METÁLICA EXTRACCIÓN Y PROCESAMIENTO DE ÁRIDOS DESDE POZO LASTRERO SECTOR PARGUA,1
NOMBRE,EMPRESTITO GUNDERT,1
NOMBRE,EMPRESTITO MILLAQUEN,1
NOMBRE,EMPRESTITO LOS LINGUES,1
NOMBRE,EMPRESTITO AVELLANAL,1
NOMBRE,EMPRESTITO SOTOMAYOR,1
NOMBRE,EXTRACCION DE ARIDOS MOVITEX- RUTA W160 ANCUD,1
NOMBRE,ARIDOS BITUMIX DALCAHUE,1
NOMBRE,EXTRACCION DE TURBA DEL SUR,1
NOMBRE,ARIDOS HORMIGONES DEL SUR,1
NOMBRE,EMPRESTITO PELLINES,1
NOMBRE,EMPRÉSTITO EL VARAL Y PLANTA CHANCADORA EL CISNE,1
NOMBRE,PLANTA CHANCADORA EL CISNE,1
NOMBRE,MINA PECKET,1
NOMBRE,POZO LASTRERO HUGO ROJAS (ANUBIS),1
NOMBRE,CANTERA LOS CALAFATES,1
NOMBRE,CANTERA II RÍO SECO,1
NOMBRE,POZO LASTRERO VASQUEZ,1
NOMBRE,CANTERA VILICIC,1
NOMBRE,CANTERA EL REBENQUE,1
NOMBRE,EX POZO LASTRERO PONTENOVA,1
NOMBRE,POZO LASTRERO IHNEN,1
NOMBRE,YACIMIENTO ESPERANZA,1
NOMBRE,POZO EMPRESTITO ZUÑIGA,1
NOMBRE,POZO EMPRESTITO CARDENAS,1
NOMBRE,POZO EMPRESTITO HERNANDEZ,1
NOMBRE,POZO EMPRESTITO LAGUNA AMARGA,1
NOMBRE,CANTERAS ESTANCIA TRES PASOS Y KM 2739 DESDE PUERTO NATALES,1
NOMBRE,BLOQUE TRANQUILO,1
NOMBRE,MINAS LAGUNA Y LOAYZA,1
NOMBRE,MINA BITSCH,1
NOMBRE,CANTERA LOFFER,1
NOMBRE,POZO LASTRERO SANTA RITA,1
NOMBRE,POZO LASTRERO Y PLANTA DE ARIDOS - FERNANDEZ,1
NOMBRE,MINA INVIERNO,1
NOMBRE,MINA CUTTER COVE,1
NOMBRE,POZO LASTRERO MUÑIZ II,1
NOMBRE,POZO LASTRERO MUÑIZ,1
NOMBRE,CANTERA ALEGRIA-HERMOSILLA,1
NOMBRE,SAN JUAN,1
NOMBRE,COMPLEJO INDUSTRIAL MULTIBOYA DE GREGORIO,1
NOMBRE,BLOQUE BROTULA,1
NOMBRE,BLOQUES DORADO-PUERTO SARA Y RIQUELME-MANZANO,1
NOMBRE,BLOQUE FELL,1
NOMBRE,PLANTA KIMIRI AIKE,1
NOMBRE,POZO DANUEL ESTE X5 Y ALMEJA J,1
NOMBRE,BLOQUE FELL - ENAP,1
NOMBRE,BLOQUE FELL-GEOPARK,1
NOMBRE,POZO EMPRESTITO LA ITALIANA,1
NOMBRE,POZO EMPRESTITO TAFRA,1
NOMBRE,TURBERA CAMERON,1
NOMBRE,POZO EMPRESTITO AURORA,1
NOMBRE,POZO EMPRESTITO TRES LAGOS,1
NOMBRE,EXTRACCION DE ARIDOS ENSENADA VALLE SIMPSON,1
NOMBRE,EXTRACCION DE ARIDOS VILLA LAGO ATRAVESADO,1
NOMBRE,PLANTA DE ARIDOS HUICHALAO,1
NOMBRE,EXTRACCION ARIDOS CAMINO LAGO ATRAVESADO (PREDIO MATA),1
NOMBRE,EXTRACCION DE ARIDOS SALTO CHICO,1
NOMBRE,EXTRACCION DE ARIDOS RIO CLARO,1
NOMBRE,POZO EXTRACCION DE ARIDOS FINLEZ AYSEN,1
NOMBRE,MINERA EL TOQUI,1
NOMBRE,EXTRACCION DE ARIDOS LA PONDEROSA (RIBERA RIO CISNES),1
NOMBRE,SECTOR LAGO MERCEDES,1
NOMBRE,POZO CARACOL B,1
NOMBRE,BLOQUE CAUPOLICAN,1
NOMBRE,POZO EMPRESTITO CUEVAS,1
NOMBRE,MINA CORDON BAQUEDANO - LAVADERO DE ORO DANYKA,1
NOMBRE,LAVADERO DE ORO DANYKA 7,1
NOMBRE,LAVADERO DE ORO DANYKA,1
NOMBRE,BLOQUE ARENAL,1
NOMBRE,BLOQUE ISLA NORTE,1
NOMBRE,YACIMIENTOS CULLEN VICTORIA SUR Y CATALINA,1
NOMBRE,GRUPO DE YACIMIENTOS ZONAS ARENAL E INTERCAMPO CULLEN,1
NOMBRE,BLOQUE INTRACAMPOS,1
NOMBRE,SUBAREAS C1 EN CONTINENTE Y T1 EN TIERRA DEL FUEGO,1
NOMBRE,BLOQUE CAMPANARIO,1
NOMBRE,POZOS REINYECTORES DE AGUA AREA ISLA,1
NOMBRE,POZOS PO T-A PO T-B CO-TA Y CA T-A TERCIARIO POSESION,1
NOMBRE,YACIMIENTO DANIEL,1
NOMBRE,YACIMIENTO POSESION,1
NOMBRE,POZO EMPRESTITO LA CHIMBA,1
NOMBRE,PLANTA COLCAUSA S.A.,1
NOMBRE,BLOQUE FLAMENCO,1
NOMBRE,BLOQUE SAN SEBASTIAN,1
NOMBRE,POZO AGUILA 1,1
NOMBRE,BLOQUES LENGA Y RUSSFIN,1
NOMBRE,POZOS ALMEJA J2 Y K,1
NOMBRE,SONDAJE MINERO JEINIMENI,1
NOMBRE,MINERA CERRO BAYO,1
NOMBRE,EXTRACCION DE ARIDOS BALMACEDA,1
NOMBRE,POZO LASTRERO EL RECREO,1
NOMBRE,POZO LASTRERO KM 14 PUERTO AYSEN,1
NOMBRE,EXTRACCION DE ARIDOS POZO EL ESPEJO,1
NOMBRE,EXTRACCION DE ARIDOS - POZO HERNANDEZ,1
NOMBRE,PROYECTO MINERO ATACAMA KOZAN- EL BRONCE DE ATACAMA,1
NOMBRE,Area de mina norte 5 nueva victoria,1
NOMBRE,MINA SAN CRISTOBAL,1
NOMBRE,PLANTA PULLALLI,1
NOMBRE,PLANTA CONDORIACO,1
NOMBRE,DIVISIÓN MINISTRO HALES,1
NOMBRE,MINISTRO SUR,1
NOMBRE,RADOMIROC TOMIC,1
NOMBRE,MONTECRISTO,1
NOMBRE,MINA POMPEYA,1
NOMBRE,FAENA MICHILLA - FLORIDA,1
NOMBRE,CAROLINA,1
NOMBRE,PLANTA INDUSTRIAL MARIA ELENA,1
NOMBRE,FUNDICIÓN ALTONORTE,1
NOMBRE,DOÑA ELBA,1
NOMBRE,JULIA,1
NOMBRE,DIVISIÓN GABRIELA MISTRAL,1
NOMBRE,EXPLORACIÓN SUBTERRÁNEA LAGUNA,1
NOMBRE,ALMANCAYA,1
NOMBRE,PLANTA ERCILLA - CHOPE,1
NOMBRE,COMAHUE,1
NOMBRE,EL WAY,1
NOMBRE,SAN JOSÉ,1
NOMBRE,PLANTA COCHRANE,1
NOMBRE,PLANTA BORATOS NUDO URIBE,1
NOMBRE,CONSTANZA,1
NOMBRE,PAMPA AUGUSTA VICTORIA,1
NOMBRE,SANTA EMA,1
NOMBRE,EL ALGARROBO,1
NOMBRE,FILIPINA NORTE - CAMINADA,1
NOMBRE,DIEGO DE ALMEYDA,1
NOMBRE,EL CRISTO,1
NOMBRE,EL ENCIERRO,1
NOMBRE,TERNERA - EL ZORRO,1
NOMBRE,LA CUESTA - FELIPE,1
NOMBRE,LA FAROLA,1
NOMBRE,EX-FUNDICIÓN HERNÁN VIDELA LIRA,1
NOMBRE,PLANTA MINERA ANITA - HELENA,1
NOMBRE,IRON BLACK - SAN GABRIEL,1
NOMBRE,LA MALLOCA - LA FAMOSA,1
NOMBRE,MANTOS DE COBRE,1
NOMBRE,PLANTA VIÑITA AZUL - COYOTE,1
NOMBRE,PLANTA DE CAL COPIAPÓ CEMENTOS BIO BIO,1
NOMBRE,PLANTA MARAY,1
NOMBRE,PLANTA PEDRO AGUIRRE CERDA CCMC,1
NOMBRE,PLANTA RIOSAL,1
NOMBRE,RELAVE DOMEYKO,1
NOMBRE,SALITROSA,1
NOMBRE,SANTOS,1
NOMBRE,SAN ANTONIO - CARACOLES,1
NOMBRE,PLANTA SAN ALEJANDRO (EX TRAPICHE),1
NOMBRE,YESO CORRAL,1
NOMBRE,ESCUKA EL BRILLADOR,1
NOMBRE,BROWNFIELD CATEMU,1
NOMBRE,PLANTA SANTO DOMINGO,1
NOMBRE,CINABRO - SAN ANDRÉS,1
NOMBRE,FAENA CLAUDIO ALBERTO- PLANTA RIVERA,1
NOMBRE,FAENA DELIRIO -EL TAMBOR,1
NOMBRE,EMELINA - TALCUNA,1
NOMBRE,FAENA ESCOBA - MASERVI,1
NOMBRE,CALIZAS DE QUILIMARI,1
NOMBRE,FAENA LINDEROS,1
NOMBRE,FAENA SOR TERESA,1
NOMBRE,FAENA TESORO,1
NOMBRE,ISABEL,1
NOMBRE,CHOLITO - ESPERANZA,1
NOMBRE,LAGUNAS,1
NOMBRE,PUERTO PATACHE - COLLAHUASI,1
NOMBRE,PLANTA CHANCON,1
NOMBRE,MINA IRLANDA,1
NOMBRE,MAESTRANZA - EX FUNDICIÓN VENTANAS,1
NOMBRE,FUNDICIÓN CHAGRES,1
NOMBRE,EL BRONCE,1
NOMBRE,PLANTA CHINCOLCO,1
NOMBRE,PLANTA ED CHANCADO MOVIL KLEEMANN,1
NOMBRE,PILPILCO MINERALES - PARQUE INDUSTRIAL CURANILAHUE,1
NOMBRE,PLANTA CENTR DEMOSTRATIVO - INTERNEC CHILE,1
NOMBRE,PLANTA DE LAVADO CARBOMAT,1
NOMBRE,PLANTA PROCESO Y MINA SANTA DORILA,1
NOMBRE,LO AGUIRRE,1
NOMBRE,MAQUILA RELAVES FRESCOS DIV. ANDINA,1
NOMBRE,MINA DE PUZOLANA PUDAHUEL,1
NOMBRE,EL ROMERAL,1
NOMBRE,PLANTA POLCURA INTEGRADA,1
NOMBRE,MINA SALAR SURIRE,1
EMPRESA,S/I,97
EMPRESA,EMPRESA NACIONAL DEL PETROLEO,20
EMPRESA,ENAMI,13
EMPRESA,CODELCO,11
EMPRESA,COMPAÑIA MINERA DEL PACIFICO S.A.,10
EMPRESA,MINERA LAS CENIZAS S.A.,10
EMPRESA,DRAGADOS CVV CONSTRUCTORA S.A.,10
EMPRESA,SACYR CHILE S.A.,8
EMPRESA,FORESTAL ARAUCO S.A.,8
EMPRESA,FERROVIAL CONSTRUCCION CHILE S.A.,7
EMPRESA,SOCIEDAD PUNTA DEL COBRE S.A.,7
EMPRESA,CONSTRUCTORA VILICIC S.A.,5
EMPRESA,COMPAÑIA MINERA SAN GERONIMO,5
EMPRESA,ARENEX S.A.,4
EMPRESA,SOCIEDAD PETREOS S.A.,4
EMPRESA,QUIBORAX S.A.,4
EMPRESA,FORESTAL MININCO SPA,4
EMPRESA,ANGLO AMERICAN SUR S.A.,4
EMPRESA,PLACERES RECURSOS MINEROS LIMITADA,3
EMPRESA,SERVIAUSTRAL LTDA.,3
EMPRESA,GREGORIO ENERGY TDF SPA,3
EMPRESA,MELON ARIDOS LIMITADA,3
EMPRESA,MINERA BMR SPA,3
EMPRESA,CONSTRUCTORA LA ESPERANZA LTDA.,3
EMPRESA,ARIDOS DOWLING & SCHILLING S.A.,3
EMPRESA,TRIBASA CONO SUR S.A.,3
EMPRESA,BESALCO CONSTRUCCIONES S.A.,3
EMPRESA,MINERA RAYROCK LTDA.,3
EMPRESA,SOCIEDAD DE EXPLORACION Y DESARROLLO MINERO,3
EMPRESA,COMPAÑIA MINERA MARICUNGA,3
EMPRESA,MORTEROS Y ARIDOS DRY MIX LTDA.,3
EMPRESA,SOCIEDAD DE EXPLORACION Y DESARROLLO MINERO (EXPLODESA),3
EMPRESA,MINERA MERIDIAN LIMITADA,3
EMPRESA,MINERA HMC S.A.,3
EMPRESA,SOCIEDAD CONTRACTUAL MINERA CORPORACION DE DESARROLLO DEL NORTE,3
EMPRESA,ADMIRALTY MINERALS CHILE PTY LTD,2
EMPRESA,SOCIEDAD CONTRACTUAL MINERA EL ABRA,2
EMPRESA,MINERA SANTO DOMINGO S.C.M.,2
EMPRESA,MELON S.A.,2
EMPRESA,COMPAÑIA MINERA PULLALI LIMITADA,2
EMPRESA,CCA CHILE INVERSION Y DESARROLLO MINERO S.A.,2
EMPRESA,COMPAÑIA MINERA CARMEN BAJO,2
EMPRESA,INVERSIONES NUTRAM SPA,2
EMPRESA,MIGRIN S.A.,2
EMPRESA,NORTE ABIERTO SPA,2
EMPRESA,SQM INDUSTRIAL,2
EMPRESA,COMPAÑIA MINERA SIERRA NORTE S.A.,2
EMPRESA,SKANSKA CHILE S.A.,2
EMPRESA,SOCIEDAD CONTRACTUAL MINERA ROCK EXPLORATION,2
EMPRESA,EMPRESA CONSTRUCTORA CONTEX LTDA.,2
EMPRESA,COMPAÑIA MINERA LA PATAGUA,2
EMPRESA,COMPAÑIA MINERA GATICO S.A.,2
EMPRESA,MINERA SANTA LAURA LIMITADA,2
EMPRESA,HORMIGONES TRANSEX LIMITADA,2
EMPRESA,COMPAÑIA MINERA LO VALDES LIMITADA,2
EMPRESA,CALIDRA CHILE IMPORTACIONES MINERALES SPA,2
EMPRESA,MINERA FARO CARRANZA S.A.,2
EMPRESA,ABRATEC S.A.,2
EMPRESA,SOCIEDAD ARIDOS LIVIO MAGGI Y CIA LIMITADA,2
EMPRESA,DRAGADOS S.A. AGENCIA EN CHILE,2
EMPRESA,SOCIEDAD CONCESIONARIA RUTA NAHUELBUTA S.A.,2
EMPRESA,SERGIO CERVA S.A.,2
EMPRESA,CONSTRUCTORA RUTA 160 S.A.,2
EMPRESA,TRANSPORTES MONACO LIMITADA,2
EMPRESA,AGRICOLA CRAN CHILE LIMITADA,2
EMPRESA,SOC. EXPLORADORA DE ARIDOS ARIMIX LTDA.,2
EMPRESA,INVERSIONES CONSTRUCTORA Y GESTION INMOBILIARIA RIO BUENO SPA,2
EMPRESA,SERVICIOS DE TRANSPORTES Y ARIDOS VICAT LIMITADA,2
EMPRESA,INMOBILIARIA SOCOVESA SUR S.A.,2
EMPRESA,SOCIEDAD DE DESARROLLO URBANO VALDIVIA LTDA.,2
EMPRESA,ARIDOS PETROMIN S.A.,2
EMPRESA,CONSTRUCTORA MOVITEX CONSTRUCCION SPA,2
EMPRESA,BROTEC CONSTRUCCION LIMITADA,2
EMPRESA,SOCIEDAD CONCESIONARIA DE LOS LAGOS S.A.,2
EMPRESA,GREGORIO ENERGY FELL SPA,2
EMPRESA,MAQSA AUSTRAL S.A.,2
EMPRESA,CHABUNCO S.A.,2
EMPRESA,INGENIERIA CIVIL VICENTE S.A.,2
EMPRESA,CONSTRUCTORA SALFA S.A.,2
EMPRESA,CONSTRUCTORA VICILIC S.A.,2
EMPRESA,LARA RAMIREZ LTDA,2
EMPRESA,CIA MIRA SAN GERONIMO,2
EMPRESA,C.C. MINERA OJOS DEL SALADO,2
EMPRESA,EXTRACCIONES Y MONTAJES COM S.A.,1
EMPRESA,EMPRESA PORTUARIA ANTOFAGASTA,1
EMPRESA,MINERA ESCONDIDA LTDA.,1
EMPRESA,ARIDOS ARENEX LIMITADA,1
EMPRESA,CEMENTO POLPAICO S.A,1
EMPRESA,ATACAMA MINERALS CHILE S.C.M.,1
EMPRESA,ALBEMARLE S.A.,1
EMPRESA,COLLAO INVERSIONES EN MINERIA,1
EMPRESA,COMPAÑIA MINERA NOVA VENTURA,1
EMPRESA,GUANACO COMPAÑIA MINERA SPARABOLISTIC SPA,1
EMPRESA,SEMIAT SPA,1
EMPRESA,ARIDOS SAN PEDRO SPA,1
EMPRESA,ACF MINERA S.A.,1
EMPRESA,COMPAÑIA MINERA LOMAS BAYAS,1
EMPRESA,ALBEMARLE,1
EMPRESA,EXPLORACIONES MINERAS ANDINAS,1
EMPRESA,SIERRA ATACAMA SPA,1
EMPRESA,SOCIEDAD CONTRACTUAL CAPRICA IRON,1
EMPRESA,COMPAÑÍA MINERA CIELO AZUL LIMITADA,1
EMPRESA,CEMENTO POLPAICO S.A.,1
EMPRESA,PATRICIO HAPPY OSSANDON ELGUETA,1
EMPRESA,COMPAÑIA MINERA CARMEN/MINERA SANTA FE/COMPAÑIA MINERA DON DANIEL,1
EMPRESA,MINERA CARRIZALILLO LIMITADA,1
EMPRESA,COMPAÑIA MINERA SAN FRANCISCO S.A.,1
EMPRESA,MANTOS COPPER S.A.,1
EMPRESA,SULFATOS DEL NORTE S.A.,1
EMPRESA,BCJ SERVICIOS MINEROS LTDA/MINERA CERRO DOMINADOR S.A./EXPLOTADORA MINERA DEL CE,1
EMPRESA,MARMOLES SAN MARINO CHILE S.A.,1
EMPRESA,STANDARD UNO S.A.,1
EMPRESA,COMPLEJO INDUSTRIAL MOLYNOR S.A.,1
EMPRESA,PLANTA RECUPERADORA DE METALES SPA,1
EMPRESA,NEXT MINERALS S.A.,1
EMPRESA,REPRESENTACIONES Y GESTION DE NEGOCIOS CHILETOOLS SPA,1
EMPRESA,SOCIEDAD CONTRACTUAL MINERA FRANKE,1
EMPRESA,HIERRO TALTAL S.C.M.,1
EMPRESA,AGUA DE LA FALDA S.A.,1
EMPRESA,MINERA HOMESTAKE CHILE LTDA. - CODELCO,1
EMPRESA,CODELCO /INCA DE ORO S.A.,1
EMPRESA,GONZALO SEGOVIA,1
EMPRESA,SUMITOMO METAL MINING CHILE LTDA.,1
EMPRESA,SANTIAGO METALS PROYECTO CUATRO LIMITADA,1
EMPRESA,MINERA SAN FIERRO CHILE LTDA,1
EMPRESA,SOCIEDAD CONTRACTUAL MINERA DESIERTO DE HIERRO,1
EMPRESA,MINERA TPX,1
EMPRESA,MINERA CRUZ LIMITADA,1
EMPRESA,COMPAÑIA MINERA FALDA VERDE,1
EMPRESA,MINERA MONTEGRANDE S.A.,1
EMPRESA,SOCIEDAD CONTRACTUAL MINERA BERTA,1
EMPRESA,SUDAMERIKA MINERALS LTDA,1
EMPRESA,COMPAÑIA MINERA TAURO S.C.M,1
EMPRESA,COMPAÑIA MINERA TAURO S.C.M.,1
EMPRESA,MINERA MELÓN S.A.,1
EMPRESA,COMPLEJO METALURGICO ALTONORTE S.A./ EL MORRO SPA,1
EMPRESA,COMPAÑIA MINERA NEVADA SPA,1
EMPRESA,SHABU CORPORATION S.A.,1
EMPRESA,FOSFATOS DE CALDERA SPA,1
EMPRESA,SANTA FE MINING/CIA. MINERA SAN ESTEBAN PRIMERA S.A.,1
EMPRESA,ANDINOMETAL S.A.,1
EMPRESA,SANTIAGO METALS PROYECTO DOS LIMITADA,1
EMPRESA,COMPAÑIA MINERA MANTOS DE ORO/LAGUNA RESOURCES CHILE LTDA,1
EMPRESA,MINERA GOLD FIELDS SALARES NORTE SPA,1
EMPRESA,ALBERTO CARRIZO DIAZ,1
EMPRESA,MARLETTE CALONGE,1
EMPRESA,LENBOX CHILE LIMITADA,1
EMPRESA,COMPAÑIA MINERA DEL PACIIFICO S.A.,1
EMPRESA,SOCIEDAD MINERA FRONTERA SPA,1
EMPRESA,SOCIEDAD MINERA EL AGUILA SPA,1
EMPRESA,SOPROMIN DOMEYKO,1
EMPRESA,SOCEDAD EXPLORACIÓN Y DESARROLLO MINERO (EXPLODESA),1
EMPRESA,SOCIEDAD MINERA LA FRONTERA SPA,1
EMPRESA,NUEVAUNION SPA,1
EMPRESA,SOCIEDAD CONTRACTUAL MINERA VALLENAR IRON COMPANY,1
EMPRESA,COMPAÑIA MINERA DEL PACIFIICO S.A.,1
EMPRESA,ATACAMA SUR SPA,1
EMPRESA,MINERA SANTA SPA,1
EMPRESA,LAGUNA NEGRO FRANCISCO SPA,1
EMPRESA,SCM MINERA LUMINA COPPER CHILE LTDA,1
EMPRESA,MINERA PABELLON,1
EMPRESA,MINERA JILGUERO S.A.,1
EMPRESA,COMPAÑIA EXPLOTACIÓN DE MINAS SAN ANDRÉS,1
EMPRESA,MINERA CATANIA VERDE S.A.,1
EMPRESA,COMPAÑIA EXPLORADORA Y EXPLOTADORA DE MINAS CHILENO RUMANA,1
EMPRESA,COMPAÑIA CONTRACTUAL MINERA OJOS DEL SALADO,1
EMPRESA,SOCIEDAD CONTRACTUAL MINERA CAROLA,1
EMPRESA,NUEVA MARIA ISABEL MINERA Y SERVICIOS SPA,1
EMPRESA,CIA CONTRACTUAL MINERA CANDELARIA/CIA CONTRACTUAL MINERA OJOS DEL SALADO/TRANSNE,1
EMPRESA,COMPAÑIA MINERA CARMEN BAJO LTDA,1
EMPRESA,COMPAÑIA MINERA MINERALES COPIAPO LTDA,1
EMPRESA,COMPAÑIA MINERA SANTA FE.,1
EMPRESA,SOCIEDAD PUNTA DEL COBRE SA,1
EMPRESA,COMPAÑIA MINERA MANTOS DE ORO,1
EMPRESA,MINERA PEÑOLES DE CHILE LTDA.,1
EMPRESA,RIO EXPLORATIONS SPA,1
EMPRESA,FORTUNE VALLEY RESOURCES CHILE S.A.,1
EMPRESA,ANDINA MINERALS CHILE LTDA,1
EMPRESA,ANTOFAGASTA MINERALS S.A.,1
EMPRESA,MINERA PEÑOLES DE CHILE LTDA,1
EMPRESA,MINERA CYPRUS AMAX CHILE LTDA./CYPRUS CHILE LTDA.,1
EMPRESA,MINERA FRONTERA DEK ORO SPA/FRONTERA CHILE LTDA.,1
EMPRESA,SOCIEDAD MINERA GHOM,1
EMPRESA,MINERA CAVANCHA SPA,1
EMPRESA,SOCIEDAD CONTRACTUAL MINERA ETON CHILE,1
EMPRESA,AMERICAN CANYON MINING CHILE LTDA,1
EMPRESA,SOCIEDAD EXPLOTACION MINERA SINCUI INTERNATIONAL LIMITADA,1
EMPRESA,EXPLORACIONES MINERAS ANDINAS S.A.,1
EMPRESA,SIMCO SPA,1
EMPRESA,SOCIEDAD SALAR MARICUNGA MINERALS GROUP SPA,1
EMPRESA,SOCIEDAD CONTRACTUAL MINERA B&T,1
EMPRESA,MINESOCIEDAD CONT. MINERA FENGSHUN,1
EMPRESA,FORTIFICACIONES Y SERVICIOS DE MINERIA INTEGRAL LIMITADA,1
EMPRESA,ARENAS MINERALIZADAS DE CHILE SPA,1
EMPRESA,GUBIER MARAMBIO H SPA,1
EMPRESA,MINE TRADE SPA,1
EMPRESA,CIA. MINERA SAN ESTEBAN PRIMERA S.A.,1
EMPRESA,RENTAS E INVERSIONES SAN MARINO S.A.,1
EMPRESA,ARRIENDOS Y SERVICIOS DAYMA LIMITADA,1
EMPRESA,MINERA TPX S.A,1
EMPRESA,RAUL TAPIA Y CIA LTDA-,1
EMPRESA,MINERA MANDALAY LIMITADA,1
EMPRESA,COMPAÑIA MINERA ARQUEROS S.A./MINERA MANTOS DE TALCUNA LIMITADA,1
EMPRESA,INVERSIONES TRES PLUMAS LIMITADA,1
EMPRESA,HORMIGONES BICENTENARIO S.A./ARIDOS ACONCAGUA S.A.,1
EMPRESA,ARIDOS CORSAN LTDA,1
EMPRESA,JOSE LUIS CORTES VELIZ,1
EMPRESA,INVERSIONES JORGE CARDENAS Y COMPAÑIA LIMITADA,1
EMPRESA,SOCIEDAD MINERA ATAHUALPA,1
EMPRESA,ANDES IRON SPA,1
EMPRESA,CUPRUM RESOURCES CHILE SPA,1
EMPRESA,SERENA IRON SpA,1
EMPRESA,SOCIEDAD ATACAMA DESERT MINERALS S.A.,1
EMPRESA,MINERA NITTETSU-ATACAMA KOZAN,1
EMPRESA,SOCIEDAD MINERA VARRY LTDA.,1
EMPRESA,COMPAÑIA MINERA SALITRALES LTDA,1
EMPRESA,MANGANESOS ATACAMA S.A.,1
EMPRESA,MINERA Y ARIDOS JUAN GALLEGUILLOS ALVARADO EIRL,1
EMPRESA,COMPAÑIA MINER LOS NIPAS S.A.,1
EMPRESA,MINERA PEREGRINE LIMITADA,1
EMPRESA,CHILE EXPLORATION AND MINING S.A.,1
EMPRESA,AGROINDUSTRIAL IBARRA S.A.,1
EMPRESA,SOCIEDAD COMERCIAL Y MINERA EL RELOJ LTDA.,1
EMPRESA,COMPAÑIA EXPLOTADORA DE MINAS SPA,1
EMPRESA,ANDACOLLO GO SPA,1
EMPRESA,SLM NANCY PRIMERA DE EL MANZANO,1
EMPRESA,COMPAÑIA MINERA DAYTON,1
EMPRESA,COMPAÑIA MINERA TECK CARMEN DE ANDACOLLO,1
EMPRESA,MINERA MELON S.A. - LAS PALMAS,1
EMPRESA,TRANSPORTES SANA TERESA S.A.,1
EMPRESA,COMPAÑIA MINERA FLORIDA S.A.,1
EMPRESA,INVERSIONES NORTH (CHILE) LTDA.,1
EMPRESA,ALFREDO VILLALOBOS ROMAN,1
EMPRESA,MINERA PLATA CARINA,1
EMPRESA,SQM S.A. SQM SALAR S.A.,1
EMPRESA,MINERA CERRO DOMINADOR S.A. NORTHERN CHILE LTDA.,1
EMPRESA,MURAÑA QUISPE MARCOS/,1
EMPRESA,INGENIERIA MONTAJE Y SERVICIOS PATAGONIA LTDA,1
EMPRESA,COMPAÑIA CONTRACTUAL MINERA ENCUENTRO,1
EMPRESA,MINERA CENTINELA,1
EMPRESA,MINERA CERRO DOMINADOR S.A.,1
EMPRESA,SIERRA GORDA SOCIEDAD CONTRACTUAL MINERA,1
EMPRESA,MINERA SPENCE S.A.,1
EMPRESA,SOCIEDAD CONTRACTUAL MINERA ANTAKENA,1
EMPRESA,COMERCIAL MINERA NORTEARIDOS MINERALS LTDA,1
EMPRESA,INVERSIONES QAC S.A./S.C.M FRANKE,1
EMPRESA,SOCIEDAD AGUIRRE MOYANO LTDA,1
EMPRESA,EL ESPINO SPA,1
EMPRESA,MINERA DON ALBERTO,1
EMPRESA,COMPAÑIA MINERA APC CHILE LTDA,1
EMPRESA,MINERA FLOR DE MAYO LIMITADA,1
EMPRESA,MINERA E INMOBILIARIA LICHI LIMITADA/COMPAÑIA MINERA HJC LIMITADA,1
EMPRESA,SOCIEDAD COMERCIAL Y MINERA EL RELOJ LTDA/COMPAÑIA MINERA POTRERILLOS LTDA,1
EMPRESA,SOCIEDAD DE INVERSIONES TIERRA DEL FUEGO LIMITADA,1
EMPRESA,FF MINERALS S.A.,1
EMPRESA,MINERA TRES VALLES SPA,1
EMPRESA,COMPAÑIA MINERA TRES VALLES SPA,1
EMPRESA,MINERA LOS PELAMBRES,1
EMPRESA,COMPAÑIA MINERA NEVADA SPA/BARRICK CHILE LIMITADA,1
EMPRESA,MINERA PAKMIN SPA,1
EMPRESA,MINERA MELON S.A.,1
EMPRESA,COMPAÑIA MINERA AMALIA LIMITADA/COMPAÑIA MINERA PULLALLI LIMITADA,1
EMPRESA,COMPAÑIA MINERA CERRO NEGRO S.A.,1
EMPRESA,COMPAÑIA MINERA BASSI LTDA.,1
EMPRESA,SOC. CONTRACTUAL MINERA FARELLONES,1
EMPRESA,SOCIEDAD CONTRACTUAL MINERA SIGLO XXI,1
EMPRESA,SOCIEDAD CONCESIONARIA DEL ELQUI S.A.,1
EMPRESA,COMPAÑIA MINERA GEOVITTA S.A.,1
EMPRESA,INVERSIONES SINAXIS S.A.,1
EMPRESA,MINERA LLAHUIN S.C.M.,1
EMPRESA,COMPAÑIA MINERA PORTEZUELA LTDA. - ENAMI,1
EMPRESA,MINERA LEALTAD LTDA.,1
EMPRESA,EXPLORACION Y COMERCIALIZACION DE MINERALES SERCAL SPA,1
EMPRESA,COMPAÑIA MINERA E INMOBILIARIA BRUVAL LTDA.,1
EMPRESA,EMPRESA CONSTRUCTORA AGUA SANTA SA,1
EMPRESA,TRANSPORTES Y ARIDOS TULIO ENRIQUE GUITIERREZ STRANGE E.I.R.L.,1
EMPRESA,ILUSTRE MUNICIPALIDAD DE LIMACHE,1
EMPRESA,COMPAÑIA MINERA VIZCACHITAS HOLDING,1
EMPRESA,SOC GANADERA Y EXTRACTORA DE ARIDOS SANTA ANGELA LTDA,1
EMPRESA,COMPAÑIA MINERA TOCOPILLA S.A.,1
EMPRESA,ARIDOS ACONCAGUA LIMITADA,1
EMPRESA,ARIDOS MAGGI LTDA,1
EMPRESA,ARIDOS SANTA ELISA LTDA,1
EMPRESA,ARIDOS BOCO LIMITADA,1
EMPRESA,COMPAÑIA MINERA PIMENTON,1
EMPRESA,COMPAÑIA MINERA EL TEMPLE LIMITADA,1
EMPRESA,EL HUITE S.A./RELLENOS DEL MAIPO S.A.,1
EMPRESA,ALVA ARIDOS S.A.,1
EMPRESA,MMNN EXPLOTADORA DE ARIDOS S.A.,1
EMPRESA,JORGE ALBERTO GONZÁLEZ PIAZRRO,1
EMPRESA,SOCIEDAD LEGAL MINERA SANTA CECILIA,1
EMPRESA,ARIDOS ARCOIRIS SPA,1
EMPRESA,MIENRA FLORIDA LIMITADA,1
EMPRESA,ARIDOS QUINTAY S.A.,1
EMPRESA,INMOBILIARIA LA RESERVA LIMITADA,1
EMPRESA,PROCESADORA DE AR IDOS LIMITADA,1
EMPRESA,ARIDOS VICENTE GALAZ SPA,1
EMPRESA,MUSALEM BENDEK MAQUINARIAS LTDA.,1
EMPRESA,DCP TECNOQUIMICA S.A.,1
EMPRESA,CANTERAS CHACABUCO S.A.,1
EMPRESA,INVERSIONES PACIFICO SPA,1
EMPRESA,MINERA ESPAÑOLA CHILE LIMITADA,1
EMPRESA,PROYECTOS E INGENIERIA RINCONADA S.A.,1
EMPRESA,NUEVA PUDAHUEL S.A.,1
EMPRESA,RIO CAUTIN SA,1
EMPRESA,ARENEX S.A./EMPRESA DE ARIDOS Y MOVIMIENTO DE TIERRA INTERTIERRA LTDA.,1
EMPRESA,IMERYS MINERALES CHILE SPA/IMERYS MINERALES SANTIAGO LIMITADA,1
EMPRESA,ILUSTRE MUNICIPALIDAD DE BUIN,1
EMPRESA,MINERA ENTRE TIERRAS LIMITADA,1
EMPRESA,INDUSTRIAL Y MINERA LOS ESTEROS DE MARGA MARGA SA,1
EMPRESA,SQM S.A.,1
EMPRESA,SOCIEDAD CONTRACTUAL MINERA VILACOLLO,1
EMPRESA,SOCIEDAD MINERA ROSARIO LIMITADA,1
EMPRESA,ECOLOGICAL SYSTEMS S.A.,1
EMPRESA,CONTRERAS GONGORA NELSON GERARDO,1
EMPRESA,UNACEM CHILE S.A.,1
EMPRESA,SOCIEDAD CONCESIONARIA LITORAL CENTRAL S.A.,1
EMPRESA,INMOBILIARIA AGRICOLA Y COMERCIAL BALTIERRA,1
EMPRESA,SOCIEDAD EXPLOTADORA DE ARIDOS CAVILU SPA,1
EMPRESA,TRIMETALS MINING CHILE SCM,1
EMPRESA,MINERA RIO COLORADO S.A.,1
EMPRESA,ARIDOS BALMACEDA LTDA,1
EMPRESA,CATALAN HERRENA HNOS,1
EMPRESA,EL TOYO MINERALES LTDA,1
EMPRESA,SOCIEDAD LEGAL MINERA LOS PICHES 1 AL 6,1
EMPRESA,CARLOS ALBERTO OLIVARES QUINTANA,1
EMPRESA,SCM BULLMINE,1
EMPRESA,MINERA TANGO S.A.,1
EMPRESA,ARIDOS TAMAYO LTM,1
EMPRESA,FRANCISCO MARIN,1
EMPRESA,MINERA VALLE CENTRAL S.A./COLIHUES ENERGIA S.A.,1
EMPRESA,CODELCO/VAPOR PROCESOS S.A.,1
EMPRESA,ARIDOS GUERRICO CHILE LIMITADA,1
EMPRESA,ARIDOS CACHAPOAL LIMITADA,1
EMPRESA,CONSTRUCTORA DE PAVIMENTOS ASFALTICOS BITUMIX S.A.,1
EMPRESA,COMPAÑIA MINERA EL INGLES,1
EMPRESA,SOCIEDAD CONCESIONARIA RUTAS DEL PACIFICO S.A.,1
EMPRESA,A. ASESORIAS Y PROYECTOS LTDA.,1
EMPRESA,COOPERATIVA COLONIA KENNEDY,1
EMPRESA,CEMENTOS POLPAICO S.A.,1
EMPRESA,SOCIEDAD PUNTA DE LOBOS S.A.,1
EMPRESA,SOCIEDAD COMERCIALIZADORA DE ARIDOS ECAVAL LIMITADA,1
EMPRESA,ARIDOS Y MOVIMIENTOS DE TIERRA ARITIERRA LTDA.,1
EMPRESA,ARIMAIPO LIMITADA,1
EMPRESA,CONSTRUCCIONES SEGUROLA SPA,1
EMPRESA,TRANSPORTE MAQUINARIA Y ARIDOS TRANSMARA SPA,1
EMPRESA,CONSTRUCTORA SAN ANDRES SPA,1
EMPRESA,JORGE BADILLA,1
EMPRESA,ARIDOS BUENA VISTA SPA,1
EMPRESA,CONSTRUCTORA LA ESPERANZA LTDA,1
EMPRESA,SOCIEDAD CONTRACTUAL MINERA PAICAVI S.A.,1
EMPRESA,ARENEX S.A./MORTEROS Y ARIDOS DRY MIX LTDA.,1
EMPRESA,COMPAÑIA MINERA CORDILLERA CHILE SCM,1
EMPRESA,PINOCHET NAVARRETE LISSETTE PAOLA,1
EMPRESA,ARIDOS TENO LIMITADA,1
EMPRESA,TRANSPORTES PETROMAX S.A.,1
EMPRESA,MINERA RIO TENO S.A.,1
EMPRESA,SOCIEDAD CONCESIONARIA LA FRUTA S.A.,1
EMPRESA,SOC. ARIDOS SAN VICENTE LTDA,1
EMPRESA,MINERA VALLE CENTRAL S.A.,1
EMPRESA,CHAVEZ SALAZAR NESTOR FABIAN,1
EMPRESA,EMPRESA CONSTRUCTORA PAOLA LAMAS Y CIA. LIMITADA,1
EMPRESA,SOCIEDAD PRODUCTORA DE ARIDOS SERVICIOS Y TRANSPORTE LIMITADA,1
EMPRESA,SOCIEDAD DE ARIDOS SAN MARCOS LTDA,1
EMPRESA,INVERSIONES ORION,1
EMPRESA,RICARDO ROMERO,1
EMPRESA,COMPAÑIA MINERA LA ISLA LTDA,1
EMPRESA,READY MIX SUR S.A.,1
EMPRESA,CONSTRUCTORA HUEQUECURA LIMITADA,1
EMPRESA,INGENIERIA Y CONSTRUCCIONES FE BLANCA SPA,1
EMPRESA,INVERSIONES ATACAMA BLANCA SPA,1
EMPRESA,ARMIX LTDA,1
EMPRESA,ARIDOS RINCONADA LIMITADA,1
EMPRESA,ARIDOS PLACILLA SPA,1
EMPRESA,CONSTRUCTORA TRICAM LIMITADA,1
EMPRESA,TRANSPORTES JUAN ENOC LEIVA SANHUEZA EIRL,1
EMPRESA,SOCIEDAD DE TRANSPORTES MAF SPA,1
EMPRESA,DITONER Y CIA LTDA.,1
EMPRESA,FORESTAL CELCO S.A.,1
EMPRESA,TIERRA GRANDE SPA,1
EMPRESA,AJAY SQM CHILE S.A.,1
EMPRESA,CANTERAS LONCO S.A.,1
EMPRESA,SOCIEDD ARENERA DEL PACIFICO LTDA.,1
EMPRESA,ARENERA PRICE LTDA.,1
EMPRESA,COMPAÑIA MINERA TRIDENTE LIMITADA,1
EMPRESA,ELECTRA PRICE FABBRI Y COMPAÑIA LIMITADA,1
EMPRESA,ARIDOS BIO BIO S.A.,1
EMPRESA,ARIDOS MANQUECURA SPA,1
EMPRESA,INVERSIONES DE LA ROCA SPA,1
EMPRESA,JORGE SAN MARTIN SANHUEZA,1
EMPRESA,ARIDOS DEL LAJA S.A.,1
EMPRESA,EMPRESA DE INVERSIONES Y URBANIZACIONES CHILENAS LTDA,1
EMPRESA,INGENIERIA MAQUINARIAS Y CONSTRUCCIONES INGEMAC LIMITADA,1
EMPRESA,SOCIEDAD EXTRACTORA Y COMERCIALIZADORA DE ARIDOS SANTA FE LTDA,1
EMPRESA,ARIDOS SGA SPA,1
EMPRESA,SOCIEDAD ARIDOS Y ASFALTOS SERVITERRA LIMITADA,1
EMPRESA,S.A.F. ALTIKON LTDA.,1
EMPRESA,OXIQUIM S.A./SQM S.A.,1
EMPRESA,EMPRESA DOS RIOS ALCIDES VIAL EIRL,1
EMPRESA,PIETRO RICARDO FRANCO MARI REYES E.I.R.L.,1
EMPRESA,SOCIEDAD CONTRACTUAL MINERA KAMIKASE,1
EMPRESA,VIDRIOS LIRQUEN S.A.,1
EMPRESA,FORESTAL CELCO S.A./FORESTAL ARAUCO S.A.,1
EMPRESA,MINERA RAMADILLAS,1
EMPRESA,MINERA ANTUCOYA LTD,1
EMPRESA,DITONER Y CIA LTDA,1
EMPRESA,LUIS RUBILAR ALBORNOZ,1
EMPRESA,ANTONIO CIUFFARDI CHIESA,1
EMPRESA,FELIX HAROLD MOLINA BURGOS,1
EMPRESA,ARIDOS PASO MALO LIMITADA,1
EMPRESA,VIVIAN ORIELA VASQUEZ NAVARRETE,1
EMPRESA,HERNAN ROA POBLETE,1
EMPRESA,SOCIEDAD MINERA LOS ROBLES SPA (EX-CIA. MIN. CHILENO RUMANA),1
EMPRESA,INVERSIONES PIEDRAS NEGRAS LTDA,1
EMPRESA,SOC. CONSECIONARIA RUTA NAHUELBUTA S.A.,1
EMPRESA,SACYR CHILE S.A./CONSTRUCTORA RIVERA LIMITADA,1
EMPRESA,SERVICIOS MECANIZADOS SERVITERRA LIMITADA /SOCIEDAD ARIDOS Y ASFALTOS SERVITERRA,1
EMPRESA,HYDROMAQ RENTAL EIRL,1
EMPRESA,ARIDOS PETREOS NPSH SPA,1
EMPRESA,ARIDOS MADESAL SPA,1
EMPRESA,CMPC PULP S.P.A.,1
EMPRESA,INVERSIONES LEON ZAVALA LIMITADA,1
EMPRESA,BESALCO S.A.,1
EMPRESA,MARIA ELENA BUSTOS DEL PRADO,1
EMPRESA,CHRISTIAN FLETCHER RAMIREZ,1
EMPRESA,ILUSTRE MUNICIPALIDAD DE VILLARRICA,1
EMPRESA,GLORIA BRAVO PINEDA,1
EMPRESA,ERNA ÑANCUPAN PRANAO,1
EMPRESA,SOCIEDAD INDUSTRIAL ROMERAL S.A.,1
EMPRESA,TRANSPORTES TERRANOVA LIMITADA,1
EMPRESA,CONSTRUCTORA EDGARDO ONATE VELOSO Y COMPANIA LIMITADA,1
EMPRESA,MAQUINARIAS LA FRONTERA SPA,1
EMPRESA,EMPRESA CONSTRUCTORA COSAL S.A.,1
EMPRESA,SOCIEDAD DE TRANSPORTE Y ARIDOS MAQUEHUE LTDA.,1
EMPRESA,ASESORIA Y CONSULTORA CONTROL URBANO SPA,1
EMPRESA,ARIDOS Y CONSTRUCTORA SAN VICENTE LIMITADA,1
EMPRESA,ARIDOS MACOGA SPA,1
EMPRESA,ARIDOS GALLARDO SPA,1
EMPRESA,ANTONIO HORACIO SWART SILVA,1
EMPRESA,CEMENTO POLPAICO,1
EMPRESA,LIBORIO GUENTREPAN AVILA,1
EMPRESA,VALLE ACONCAGUA SA.,1
EMPRESA,PATRICIO CARRASCO SCHLEFF Y COMPAÑIA LTDA.,1
EMPRESA,EDGAR WALTER HADIDA SCHMID,1
EMPRESA,MARTIN ROBERTO AMÓN ESPINDOLA MADRIS,1
EMPRESA,ARIDOS MATERRA SPA,1
EMPRESA,AGRICOLA LOS ACACIOS LTDA,1
EMPRESA,SOCIEDAD DE INVERSIONES PILOTRARO LTDA.,1
EMPRESA,S.L.M.STA.DORILA DE LAS ARENITAS,1
EMPRESA,COMPAÑIA MINERA PUMILLAHUE,1
EMPRESA,CONSTRUCTORA RUCOL LIMITADA,1
EMPRESA,EXPLOTACION Y COMPRAVENTA DE MINERALES,1
EMPRESA,JUAN EDGARDO NAVARRO VELASQUEZ,1
EMPRESA,ARIDOS Y HORMIGONES ARIMATUS LTDA,1
EMPRESA,INMOBILIARIA SOCOVESA SUR S.A./MELON ARIDOS LIMITADA,1
EMPRESA,ARIDOS TEPUAL LIMITADA,1
EMPRESA,CARBOMAT LTDA,1
EMPRESA,INVERSIONES STYRIA SPA,1
EMPRESA,FERNANDO ALBERTO HORN SCHMIDT,1
EMPRESA,REEE UNO SPA,1
EMPRESA,SOCIEDAD DE SERVICIOS MINEROS PILPILCO MINERALES LTDA. (EX ESTERO MACHO LTDA.),1
EMPRESA,AGRICOLA Y ARIDOS CANCURA SPA,1
EMPRESA,SCHILLING VON FREEDEN ANDREA ROSEMAR,1
EMPRESA,INGENIERIA EN TRANSPORTE MIRADOR SPA,1
EMPRESA,MINERA MULPUN LIMITADA,1
EMPRESA,ARIDOS GUAL LTDA.,1
EMPRESA,OBRASCON HUARTE LAIN S.A. (OHL S.A.),1
EMPRESA,CARCAMO PINOL FREDY MODESTO,1
EMPRESA,OSVALDO VASQUEZ RUBILAR,1
EMPRESA,CONSTRUCTORA SALFA S.A./MAQSA AUSTRAL S.A./CONCREMAG S.A.,1
EMPRESA,EMPRESA DE SERVICIOS Y CONSTRUCTORA SUR ROMERAL LTDA.,1
EMPRESA,INGENIERIA DEL SUR S.A.,1
EMPRESA,CONSTRUCTORA PUERTO OCTAY LIMITADA,1
EMPRESA,CONSTRUCTORA PUERTO OCTAY LTDA,1
EMPRESA,WALDEMAR ERNESTO BORQUEZ MANSILLA,1
EMPRESA,ARIDOS ALMUD SPA,1
EMPRESA,CONSTRUCTORA RECONDO S.A.,1
EMPRESA,PAUL NEIL BEYER HORNIG,1
EMPRESA,INVERSIONES DOÑA ERMELINDA SPA,1
EMPRESA,DRAGADOS CVV CONSTRUCTORA S.A,1
EMPRESA,CONSTRUCTORA SENDA SUR LA VARA,1
EMPRESA,MAQUINARIAS LN SPA,1
EMPRESA,GREGORIO ENERGT FELL SPA,1
EMPRESA,PLANTA CONCENTRADORA DE MINERALES CHINCOLCO SPA,1
EMPRESA,DEITAN SOLUTIONS SPA,1
EMPRESA,MAQSA AUSTRAL S.A./CONCREMAG S.A.,1
EMPRESA,REDHILL MAGALLANES SPA,1
EMPRESA,NAVIERA ULTRANAV CHILE LIMITADA,1
EMPRESA,FERNANDEZ Y DIAZ LTDA.,1
EMPRESA,COMPAÑIA MINERA CAN CAN S.A.,1
EMPRESA,LOBOS Y FERNANDEZ LIMITADA,1
EMPRESA,SOCIEDAD EXPLORACIÓN Y DESARROLLO MINERO (EXPLODESA),1
EMPRESA,GREGORIO ENERGY MAGALLANES LTDA,1
EMPRESA,COMPAÑIA MARÍA TECK QUEBRADA BLANCA S.A.,1
EMPRESA,CONCREMAG S.A.,1
EMPRESA,IVAGO LTDA/INMOBILIARIA E INVERSIONES BIG SPA.,1
EMPRESA,SQM NITRATOS S.A.,1
EMPRESA,SOCIEDAD CONTRACTUAL MINERA ATACAMA KOZAN,1
EMPRESA,COMPAÑIA MINERA MANTOS DE LA LUNA S.A.,1
EMPRESA,LIPESED S.A.,1
EMPRESA,SOCIEDAD MINERA E INDUSTRIAL LOS MANTOS LIMITADA,1
EMPRESA,MINERA CAPACHO VIEJO LIMITADA,1
EMPRESA,IQUIQUE MINERAL SATLT S.A,1
EMPRESA,ELOISA SPA.,1
EMPRESA,ORCOMA SPA,1
EMPRESA,HALDEMAN MINING COMPANY S.A.,1
EMPRESA,ARIDOS Y ASFALTOS INBRADA SPA.,1
EMPRESA,COMPAÑIA MINERA CERRO COLORADO LTDA.,1
EMPRESA,COMPAÑIA MINERA DOÑA INES DE COLLAHUASI SCM ENAEX SERVICIOS S.A.,1
EMPRESA,COMPAÑIA MINERA TECK QUEBRADA BLANCA,1
EMPRESA,ACF. MINERA S.A.,1
EMPRESA,PEREY MATURANA CARLOS JAVIER,1
EMPRESA,MINERA ESCONDIDA LIMITADA,1
EMPRESA,COMPAÑIA MINERA ZALDIVAR SPA,1
EMPRESA,MARLENE BALBOA ALVAREZ,1
EMPRESA,LUIS PATRICIO ROA MUÑOZ,1
EMPRESA,COMPAÑIA MINERA CERRO BAYO SPA,1
EMPRESA,SOUTHERN GOLD SPA,1
EMPRESA,APACHE CHILE ENERGIA SPA,1
EMPRESA,YPF CHILE SA,1
EMPRESA,COLCAUSA S.A.,1
EMPRESA,SOCIEDAD MINERA PACIFICO DEL SUR SPA,1
EMPRESA,SOCIEDAD FINLEZ Y RUIZ LIMITADA,1
EMPRESA,HIPOLITO AQUEVEQUE VARGAS,1
EMPRESA,MINERA SAN PEDRO S.A.,1
EMPRESA,TURBA TIERRA DEL FUEGO CHILE S.A.,1
EMPRESA,SOC.MINERA SANTA EMA SPA.,1
EMPRESA,SCM COMPAÑIA MINERA CONSTANZA,1
EMPRESA,RIPIOS DE SIERRA GORDA,1
EMPRESA,SOCIEDAD CONSTRUCTORA Y SERVICIOS IÑAKI LTDA.,1
EMPRESA,CBB CALES S.A.,1
EMPRESA,LUIS GUERRERO GUERRERO,1
EMPRESA,"SOCIEDAD LARA Y COMPAÑIA, MONTE DE LUZ LIMITADA",1
EMPRESA,MINERA MERIDIAN,1
EMPRESA,MINERA RENACER LTDA,1
EMPRESA,MINERA LOS PORTALES,1
EMPRESA,COMPLEJO METALURGICO,1
EMPRESA,SQM INDUSTRIAL S.A.,1
EMPRESA,SLM ROJAS Y BLANCO,1
EMPRESA,REFIMIN SERVICIOS INDUSTRIALES LIMITADA,1
EMPRESA,METALURGIA SOLYMET SPA,1
EMPRESA,MINERA SAN CRISTOBAL S.A,1
EMPRESA,COLLAHUASI,1
EMPRESA,SOPROMIN TOCOPILLA LIMITADA,1
EMPRESA,RIGOBERTO ALFARO,1
EMPRESA,SOCIEDAD LEGAL MINERA TESORO,1
EMPRESA,INDUSTRIA MIERA EL TRAPICHE SPA,1
EMPRESA,COMPAÑIA MINERA RINCONADA SPA,1
EMPRESA,EXPLOTADORA DE MINAS SPA,1
EMPRESA,DANIEL FERNANDEZ GIZZI,1
EMPRESA,COMPAÑIA MINERA DELIRIO,1
EMPRESA,COMPAÑÍA MINERA CLAUDIO ALBERTO ISA,1
EMPRESA,TERRAMINERALES CHILE SPA,1
EMPRESA,SOCIEDAD HLY MINERA LTDA,1
EMPRESA,YESOS ANDINOS SPA,1
EMPRESA,FMA/P,1
EMPRESA,MANTOS COPPER S.A,1
EMPRESA,PAMPA CAMARONES S.P.A,1
EMPRESA,DMC SPA,1
EMPRESA,MINERO SALADO SPA,1
EMPRESA,MICHILLA COSTA SPA.,1
EMPRESA,HERNAN GONZALEZ SALAZAR,1
EMPRESA,INACAL S.A.,1
EMPRESA,S.C.M COYOTE,1
EMPRESA,BLACKANT MINERALS SPA,1
EMPRESA,SOCIEDAD MINERA HELENA EXPLORACIONES,1
EMPRESA,SOCIEDAD TORRES FENERO LTDA,1
EMPRESA,COMPAÑIA MINERA CHIPANA S.A.,1
EMPRESA,EL ZORRO S.C.M.,1
EMPRESA,ANTOFAGASTA MINERALS,1
EMPRESA,COMPAÑIA MINERA POTRERILLOS LTDA,1
EMPRESA,JOSE LUIS CRESPO GARCIA,1
EMPRESA,ARAYA HERMANOS S.A.,1
EMPRESA,GLOBAL COMODITIES SPA,1
REGION,REGIÓN DE ATACAMA,160
REGION,REGIÓN DE ANTOFAGASTA,107
REGION,REGIÓN DE COQUIMBO,96
REGION,REGIÓN METROPOLITANA DE SANTIAGO,90
REGION,REGIÓN DEL BIOBÍO,66
REGION,REGIÓN DE MAGALLANES Y LA ANTÁRTICA CHILENA,65
REGION,REGIÓN DE LOS LAGOS,52
REGION,REGIÓN DE LA ARAUCANÍA,49
REGION,REGIÓN DE VALPARAÍSO,42
REGION,REGIÓN DE TARAPACÁ,29
REGION,REGIÓN DE LOS RÍOS,27
REGION,REGIÓN DE ÑUBLE,25
REGION,REGIÓN DEL MAULE,20
REGION,REGIÓN DEL LIBERTADOR BERNARDO OHIGGINS,17
REGION,REGIÓN DE AYSÉN,16
REGION,REGIÓN DE ARICA Y PARINACOTA,8
COMUNA,COPIAPO,45
COMUNA,TIERRA AMARILLA,33
COMUNA,ANTOFAGASTA,28
COMUNA,VALLENAR,22
COMUNA,LA SERENA,21
COMUNA,DIEGO DE ALMAGRO,20
COMUNA,PUNTA ARENAS,19
COMUNA,SIERRA GORDA,18
COMUNA,CHAÑARAL,17
COMUNA,TALTAL,17
COMUNA,PUERTO MONTT,17
COMUNA,LA HIGUERA,17
COMUNA,CALAMA,16
COMUNA,MEJILLONES,14
COMUNA,PRIMAVERA,14
COMUNA,LOS ANGELES,13
COMUNA,POZO ALMONTE,13
COMUNA,OVALLE,13
COMUNA,FREIRINA,12
COMUNA,PORVENIR,12
COMUNA,SAN JOSE DE MAIPO,12
COMUNA,VICUÑA,11
COMUNA,SAN GREGORIO,11
COMUNA,IQUIQUE,10
COMUNA,SAN BERNARDO,9
COMUNA,TOCOPILLA,8
COMUNA,CALBUCO,8
COMUNA,BUIN,8
COMUNA,COYHAIQUE,8
COMUNA,ILLAPEL,7
COMUNA,MELIPILLA,7
COMUNA,CHILLAN,7
COMUNA,CORONEL,7
COMUNA,ARAUCO,7
COMUNA,ANGOL,7
COMUNA,CATEMU,7
COMUNA,VILLARRICA,7
COMUNA,LAUTARO,7
COMUNA,TILTIL,6
COMUNA,PUDAHUEL,6
COMUNA,ANDACOLLO,6
COMUNA,COLINA,6
COMUNA,MULCHEN,5
COMUNA,BULNES,5
COMUNA,AYSEN,5
COMUNA,RIO BUENO,5
COMUNA,HUALPEN,5
COMUNA,CABILDO,5
COMUNA,LAMPA,5
COMUNA,PUENTE ALTO,5
COMUNA,SAN JOSE DE MARIQUINA,4
COMUNA,PAILLACO,4
COMUNA,PADRE DE LAS CASAS,4
COMUNA,CURANILAHUE,4
COMUNA,MACHALI,4
COMUNA,ISLA DE MAIPO,4
COMUNA,CONSTITUCION,4
COMUNA,CALDERA,4
COMUNA,COQUIMBO,4
COMUNA,LIMACHE,4
COMUNA,SALAMANCA,4
COMUNA,QUILLOTA,4
COMUNA,LA UNION,4
COMUNA,OSORNO,4
COMUNA,NATALES,4
COMUNA,TALAGANTE,3
COMUNA,SAN PEDRO DE LA PAZ,3
COMUNA,CUNCO,3
COMUNA,PAINE,3
COMUNA,PADRE HURTADO,3
COMUNA,PUERTO VARAS,3
COMUNA,RIO NEGRO,3
COMUNA,TORRES DEL PAINE,3
COMUNA,PUYEHUE,3
COMUNA,LONCOCHE,3
COMUNA,PITRUFQUEN,3
COMUNA,SAN PABLO,3
COMUNA,VALDIVIA,3
COMUNA,MAIPU,3
COMUNA,RANCAGUA,3
COMUNA,NEGRETE,3
COMUNA,TALCAHUANO,3
COMUNA,SAN CARLOS,3
COMUNA,ARICA,3
COMUNA,SAN PEDRO DE ATACAMA,3
COMUNA,CANELA,3
COMUNA,HUASCO,3
COMUNA,PUNITAQUI,3
COMUNA,PETORCA,3
COMUNA,NOGALES,3
COMUNA,LA LIGUA,3
COMUNA,HUARA,3
COMUNA,RIO HURTADO,2
COMUNA,ALTO DEL CARMEN,2
COMUNA,CHILE CHICO,2
COMUNA,MAULLIN,2
COMUNA,TEMUCO,2
COMUNA,MÁFIL,2
COMUNA,LOS LAGOS,2
COMUNA,LANCO,2
COMUNA,DALCAHUE,2
COMUNA,ANCUD,2
COMUNA,TUCAPEL,2
COMUNA,HUALQUI,2
COMUNA,CHILLAN VIEJO,2
COMUNA,RENAICO,2
COMUNA,COMBARBALA,2
COMUNA,LOS VILOS,2
COMUNA,SAN ANTONIO,2
COMUNA,QUILICURA,2
COMUNA,MARIA ELENA,2
COMUNA,CAMARONES,2
COMUNA,PUTRE,2
COMUNA,PICA,2
COMUNA,PUCHUNCAVI,2
COMUNA,QUILLON,2
COMUNA,CABRERO,2
COMUNA,LINARES,2
COMUNA,LOS ALAMOS,2
COMUNA,CHIGUAYANTE,2
COMUNA,CURICO,2
COMUNA,REQUINOA,2
COMUNA,SAN VICENTE,2
COMUNA,MAULE,2
COMUNA,OLIVAR,2
COMUNA,ALHUE,2
COMUNA,LOS SAUCES,2
COMUNA,LONQUIMAY,2
COMUNA,PENCO,2
COMUNA,LOS ANDES,1
COMUNA,ALGARROBO,1
COMUNA,CARTAGENA,1
COMUNA,LO BARNECHEA,1
COMUNA,PUTAENDO,1
COMUNA,MONTE PATRIA,1
COMUNA,SAN FELIPE,1
COMUNA,GENERAL LAGOS,1
COMUNA,ALTO HOSPICIO,1
COMUNA,SAN ESTEBAN,1
COMUNA,CONCON,1
COMUNA,QUINTERO,1
COMUNA,CHANCO,1
COMUNA,RENGO,1
COMUNA,DOÑIHUE,1
COMUNA,SAN FRANCISCO DE MOSTAZAL,1
COMUNA,PERALILLO,1
COMUNA,CURACAVI,1
COMUNA,SAN PEDRO,1
COMUNA,LA FLORIDA,1
COMUNA,EL MONTE,1
COMUNA,EMPEDRADO,1
COMUNA,LICANTEN,1
COMUNA,RETIRO,1
COMUNA,YUNGAY,1
COMUNA,QUIRIHUE,1
COMUNA,PENCAHUE,1
COMUNA,SAN JAVIER,1
COMUNA,TALCA,1
COMUNA,YUMBEL,1
COMUNA,SAN IGNACIO,1
COMUNA,CONCEPCION,1
COMUNA,COIHUECO,1
COMUNA,EL CARMEN,1
COMUNA,TREHUACO,1
COMUNA,PARRAL,1
COMUNA,COLBUN,1
COMUNA,NACIMIENTO,1
COMUNA,QUILLECO,1
COMUNA,TOLTÉN,1
COMUNA,COLLIPULLI,1
COMUNA,CURACAUTIN,1
COMUNA,CUARACAUTIN,1
COMUNA,TRAIGUEN,1
COMUNA,PERQUENCO,1
COMUNA,LAGO RANCO,1
COMUNA,CURARREHUE,1
COMUNA,HUALAIHUÉ,1
COMUNA,PURRANQUE,1
COMUNA,PUERTO OCTAY,1
COMUNA,HUALAIHUE,1
COMUNA,LLANQUIHUE,1
COMUNA,RIO VERDE,1
COMUNA,TIMAUKEL,1
COMUNA,CISNES,1
COMUNA,MARÍA ELENA,1
COMUNA,ALTO DEL CARMÉN,1
COMUNA,HUACO,1
COMUNA,LLAYLLAY,1
COMUNA,CONSTITUCIÓN,1
COMUNA,SAN JOSÉ DE MAIPO,1
MINERAL,Áridos,407
MINERAL,Cobre,193
MINERAL,No informado,55
MINERAL,Hierro,47
MINERAL,Petróleo,27
MINERAL,Oro,24
MINERAL,Oro y Plata,16
MINERAL,Carbonato de Calcio,15
MINERAL,Yodo,13
MINERAL,Cobre / Oro / Plata,7
MINERAL,Carbón,6
MINERAL,Sal,6
MINERAL,Litio,5
MINERAL,Ulexita,3
MINERAL,Carbonato de calcio,3
MINERAL,Turba,3
MINERAL,COBRE,3
MINERAL,Yeso,2
MINERAL,Caliche,2
MINERAL,Mármol,2
MINERAL,Siliceos,2
MINERAL,Manganeso,2
MINERAL,Oro y Cobre,2
MINERAL,Molibdeno,2
MINERAL,Oro / Plata,2
MINERAL,Cal y Yeso,2
MINERAL,Gas Natural,2
MINERAL,Hierro / Cobre,2
MINERAL,Sílice,1
MINERAL,Cobre / Molibdeno,1
MINERAL,Cobre / Oro,1
MINERAL,Cobre / Zinc,1
MINERAL,"Oro,  Plata y Cobre",1
MINERAL,Oro/ Cobre,1
MINERAL,Hierro / Magnetita,1
MINERAL,Fósforo,1
MINERAL,Cobre - Plata,1
MINERAL,Cobre - Oro -Plata,1
MINERAL,ULEXITA,1
MINERAL,Salmuera,1
MINERAL,Tierras raras,1
MINERAL,Pumicita,1
TIPO,Extracción de áridos,299
TIPO,Instalación minera,229
TIPO,Planta / procesamiento,93
TIPO,Mina,80
TIPO,Mina / faena,55
TIPO,Proyecto / exploración,54
TIPO,Cantera,37
TIPO,Relaves,13
TIPO,Acopio / almacenamiento,3
TIPO,Puerto / terminal,2
TIPO,PLANTA CONCENTRADORA,1
TIPO,Planta,1
TIPO,Puerto,1
TIPO,Fundición,1
TAM_EMP,No informado,372
TAM_EMP,Grande,309
TAM_EMP,Pequeña,82
TAM_EMP,Mediana,66
TAM_EMP,Micro,40
CAT_SERN,CATEGORIA D,429
CAT_SERN,CATEGORIA C,138
CAT_SERN,CATEGORIA A,123
CAT_SERN,<NULO>,110
CAT_SERN,CATEGORIA B,49
CAT_SERN,SIN CATEGORIA,20
PUERTO,No identificado,847
PUERTO,Posible,16
PUERTO,Sí,6
AUTO_STAT,Posible,364
AUTO_STAT,Revisar,362
AUTO_STAT,Confirmado,143
OA_STAT,Revisar,440
OA_STAT,Coincide,429
SERN_STAT,Sin coincidencia,489
SERN_STAT,Confirmado,312
SERN_STAT,Posible,68
SERN_FAENA,<NULO>,110
SERN_FAENA,LLANOS DE ARQUEROS,22
SERN_FAENA,Grupo de Yacimientos Zonas Arenal e Intracampos,11
SERN_FAENA,LAGUNA 1 AL 40,11
SERN_FAENA,CANTERA SAN MIGUEL,9
SERN_FAENA,CANTERA PUZOLANA RIO NEGRO I,8
SERN_FAENA,RIO 27,6
SERN_FAENA,MELIPILLA,6
SERN_FAENA,Grupo de Yacimientos Zona Continente y Costa Afuera,6
SERN_FAENA,MINA AURORA 1 AL 14,6
SERN_FAENA,PLANTA SAN GABRIEL,6
SERN_FAENA,MINERA VALLE CENTRAL S.A.,5
SERN_FAENA,SIT  SA,5
SERN_FAENA,LA VARA,5
SERN_FAENA,PLACERES DEL MAIPO,5
SERN_FAENA,PLACER AURIFERO HUEIMA,5
SERN_FAENA,LOS CRISTALES,5
SERN_FAENA,FAENA RIO 27,5
SERN_FAENA,CODELCO CHILE DIVISION CHUQUICAMATA,4
SERN_FAENA,LAVADERO DE ORO DANYKA 7,4
SERN_FAENA,PLANTA DE GASIFICACION SUBT.  DE CARBON,4
SERN_FAENA,PLANTA DE CATODOS LA CAMPANA,4
SERN_FAENA,LOS BRONCES-LAS TÓRTOLAS,4
SERN_FAENA,MINA DOS HERMANOS II 1/2,4
SERN_FAENA,CONCESIÓN RIO MAIPO II 1/2,4
SERN_FAENA,BLOQUE FELL,4
SERN_FAENA,ALIA,4
SERN_FAENA,BLOQUE SAN SEBASTIAN,4
SERN_FAENA,CASERONES,4
SERN_FAENA,PLANTA CENTRO DEMOSTRATIVO,4
SERN_FAENA,MINA MOLINO EL SOL,4
SERN_FAENA,TURBAS DEL SUR,4
SERN_FAENA,FAENA CAIVICO,3
SERN_FAENA,"EXPLORACIONES SIERRA GORDA, MICHILLA - REG. ANTOF",3
SERN_FAENA,EXPLORACION MAULLIN,3
SERN_FAENA,EL ABRA,3
SERN_FAENA,PAJONALES,3
SERN_FAENA,FAENA LOS PELAMBRES,3
SERN_FAENA,LAVADERO DE ORO MECANIZADO SANTA CECILIA UNO,3
SERN_FAENA,FAENA  ENAMI DELTA,3
SERN_FAENA,EXPLOTACIÓN MINA LAS PIEDRAS DEL 1 AL 20,3
SERN_FAENA,MINA ISLA,3
SERN_FAENA,YACIMIENTO MIRAMAR FASE I,3
SERN_FAENA,EXPLORACION II REGION,3
SERN_FAENA,BLOQUE MANZANO,3
SERN_FAENA,LAVADERO DE ORO MECANIZADO SANTA CECILIA TRES,3
SERN_FAENA,EXPLORACION SALAR DE MARICUNGA,3
SERN_FAENA,PLANTA EL SALAR,3
SERN_FAENA,FAENA ALIA,3
SERN_FAENA,MINA LONCOYAN SEGUNDA 1/12,2
SERN_FAENA,VALLE 11,2
SERN_FAENA,NAVARRO,2
SERN_FAENA,BLOQUE FLAMENCO,2
SERN_FAENA,POZO POMACITA,2
SERN_FAENA,CANTERA LAS CASAS,2
SERN_FAENA,MINA PAPAGAYO,2
SERN_FAENA,PROSPECTO MINERO LAS BRUJAS DE PAINE,2
SERN_FAENA,CANTERA PUZOLANAS PUANGUE,2
SERN_FAENA,PLANTA Y MINAS DE ARENAS SILICEAS,2
SERN_FAENA,CLUSTER TENIENTE,2
SERN_FAENA,MINA LA SUERTE,2
SERN_FAENA,MINA ESCONDIDA,2
SERN_FAENA,MINA ILUSIÓN PRIMERA 1 AL 10,2
SERN_FAENA,PLANTA PROCESO Y MINA SANTA DORILA,2
SERN_FAENA,MINA SANTA ANGELICA,2
SERN_FAENA,PLANTA EL ARENAL,2
SERN_FAENA,MINA LOS PLACERES DE DIEGO,2
SERN_FAENA,PLANTA REMULCAO,2
SERN_FAENA,SANTA ALEJANDRA,2
SERN_FAENA,MINA EL MORRO,2
SERN_FAENA,PLANTA DE SECADO DE ARENA SILICICA,2
SERN_FAENA,LOS MAITENES,2
SERN_FAENA,LA ANTO 1 AL 50,2
SERN_FAENA,COSAYACH CALA CALA,2
SERN_FAENA,POLO 1-6,2
SERN_FAENA,DIVISION EL SOLDADO,2
SERN_FAENA,LAS CENIZAS TALTAL (LAS LUCES),2
SERN_FAENA,EXPLORACIONES,2
SERN_FAENA,PLANTA LOS MAITENES,2
SERN_FAENA,MINA SARA 2 PUNTO 2,2
SERN_FAENA,PLANTA DE CHANCADO CELSOUTH,2
SERN_FAENA,CAPRICA IRON,2
SERN_FAENA,EXPLORACIONES II REGIÓN,2
SERN_FAENA,CODELCO CHILE DIVISION EL TENIENTE,2
SERN_FAENA,MINA IVAN,2
SERN_FAENA,VISTA HERMOSA,2
SERN_FAENA,FAENA LAMBERT,2
SERN_FAENA,FAENA TRES VALLES,2
SERN_FAENA,FAENA TALCUNA,2
SERN_FAENA,FAENA LA VENTOLERA,2
SERN_FAENA,PLANTA PULLALLI,2
SERN_FAENA,FAENA EL MAITEN,2
SERN_FAENA,PROYECTO EL ESPINO,2
SERN_FAENA,CODELCO CHILE DIVISION ANDINA,2
SERN_FAENA,LAS PIRITAS 1 AL 10,2
SERN_FAENA,CONDOR 1/2,2
SERN_FAENA,PROYECTO LOBO MARTE,2
SERN_FAENA,MINA SOL NACIENTE,2
SERN_FAENA,SUERTE 11 AL 16,2
SERN_FAENA,ENAMI-PTA O.MARTINEZ- SALADO,2
SERN_FAENA,PLANTA CARMEN,2
SERN_FAENA,AGUA DE LA FALDA,2
SERN_FAENA,MINERA CANDELARIA,2
SERN_FAENA,PLANTA SAN JOSE,2
SERN_FAENA,REFUGIO,2
SERN_FAENA,PLANTA PELLETS,2
SERN_FAENA,MANTO NEGRO,2
SERN_FAENA,DESVIO NORTE,2
SERN_FAENA,EL MORADO,2
SERN_FAENA,MINERA CERRO ESPERANZA,2
SERN_FAENA,FAENA EL TOQUI,2
SERN_FAENA,Bloque Dorado Riquelme,2
SERN_FAENA,BLOQUE CAUPOLICAN,2
SERN_FAENA,BLOQUE TRANQUILO,2
SERN_FAENA,POZO ALMONTE (MINAS  Y FAENA TEA),2
SERN_FAENA,NUEVA VICTORIA (PLANTA YODO),2
SERN_FAENA,PLANTA - (CALETA PATILLOS),2
SERN_FAENA,MINERA SAN CRISTOBAL S.A.,1
SERN_FAENA,MINA SURIRE,1
SERN_FAENA,PLANTA EL AGUILA,1
SERN_FAENA,EXPLORACION PAMPA CAMARONES,1
SERN_FAENA,MINA CAMARON,1
SERN_FAENA,CHOQUELIMPIE,1
SERN_FAENA,CECILIA 1 AL 10 (EX ARRIENDO DE JUAN JARA MALDONADO),1
SERN_FAENA,LA LAJA PUNTO 9,1
SERN_FAENA,MINA EL CORRAL,1
SERN_FAENA,ROBLE 2B 1 AL 3,1
SERN_FAENA,LIPESED,1
SERN_FAENA,ENAMI TOCOPILLA,1
SERN_FAENA,MINA LOS MANTOS AL SOL,1
SERN_FAENA,MINERA CAPACHO VIEJO,1
SERN_FAENA,PLANTA ISABEL,1
SERN_FAENA,Producción de Yodo y Nitratos Eloisa,1
SERN_FAENA,Proyecto Sumo Pampa Orcoma,1
SERN_FAENA,MINA CHOLITO 1 AL 6,1
SERN_FAENA,SAGASCA,1
SERN_FAENA,Andival,1
SERN_FAENA,MINA CERRO COLORADO,1
SERN_FAENA,UJINA,1
SERN_FAENA,EXPLORACION RAJO DOS AMIGOS,1
SERN_FAENA,EXPLORACIÓN JOHANNA - CORTADERA,1
SERN_FAENA,PROYECTO ANDES CENTRAL,1
SERN_FAENA,PLANTA COBRE NORTE,1
SERN_FAENA,PLANTA DE BENEFICIO DE MINERALES - VALLENAR,1
SERN_FAENA,LA JAPONESA,1
SERN_FAENA,PROSPECTO ALCAPARRA,1
SERN_FAENA,TOBIAS 1/20,1
SERN_FAENA,CERRO BLANCO,1
SERN_FAENA,VICTORIA 1/5,1
SERN_FAENA,AÑAÑUCA 1,1
SERN_FAENA,LOS COLORADOS,1
SERN_FAENA,EL MORRO,1
SERN_FAENA,PASCUA LAMA,1
SERN_FAENA,PLANTA BIFOX,1
SERN_FAENA,BELLAVISTA 1/8,1
SERN_FAENA,MATIS,1
SERN_FAENA,RADISS,1
SERN_FAENA,PROYECTO BERTA,1
SERN_FAENA,EXPLORACION LOS NEGRITOS,1
SERN_FAENA,EXPLORACION QUEBRADA SALITROSA,1
SERN_FAENA,PATRICIA,1
SERN_FAENA,PLANTA MAGNETITA,1
SERN_FAENA,BOQUERÓN CHAÑAR,1
SERN_FAENA,PRAGA,1
SERN_FAENA,MINA SANTA ROSA,1
SERN_FAENA,PROSPECTO PLEITO,1
SERN_FAENA,DOMINOCEROS UNA A VEINTE,1
SERN_FAENA,PROYECTO SOBERANA,1
SERN_FAENA,PROYECTO LA PRODUCTORA,1
SERN_FAENA,DOS AMIGOS,1
SERN_FAENA,DOMEYKO,1
SERN_FAENA,PLANTA CERRILLOS,1
SERN_FAENA,PLANTA DE TRATAMIENTO DE MINERAL VENADO SUR,1
SERN_FAENA,CAROLA,1
SERN_FAENA,LAS PINTADAS,1
SERN_FAENA,EXPLORACION TRANSITO,1
SERN_FAENA,PLANTA NUEVA MARIA ISABEL,1
SERN_FAENA,TIGRESA,1
SERN_FAENA,PROYECTO MARIPOSA,1
SERN_FAENA,DELIRIO,1
SERN_FAENA,NUEVA ESPERANZA,1
SERN_FAENA,SALARES NORTE,1
SERN_FAENA,PROYECTO INCA DE ORO,1
SERN_FAENA,PLANTA DE CIANURACIÓN ANDREA,1
SERN_FAENA,CODELCO CHILE DIVISION SALVADOR,1
SERN_FAENA,PLANTA ARTESANAL DE ORO,1
SERN_FAENA,SANTO DOMINGO,1
SERN_FAENA,PROYECTO CERRO MATTA,1
SERN_FAENA,PROSPECTO NEMESIS,1
SERN_FAENA,PROSPECCION LUCIANO,1
SERN_FAENA,CASALE,1
SERN_FAENA,EXPLORACION TAMBERIAS,1
SERN_FAENA,PROYECTO LOS HELADOS,1
SERN_FAENA,AMANDA 1/50,1
SERN_FAENA,PROYECTO LA PEPA,1
SERN_FAENA,CASPICHE,1
SERN_FAENA,EL GALENO 9/2015,1
SERN_FAENA,PROYECTO CUENCA LAGUNA NEGRO FRANCISCO,1
SERN_FAENA,LA FAROLA,1
SERN_FAENA,PLANTA MATTA,1
SERN_FAENA,JILGUERO,1
SERN_FAENA,PLANTA ELISA DE BORDOS,1
SERN_FAENA,CERRO LA PLATA,1
SERN_FAENA,OSO NEGRO,1
SERN_FAENA,INDIA 1-4,1
SERN_FAENA,PLANTA GUBIER MARAMBIO (VIRGINIA),1
SERN_FAENA,PLANTA CORONA,1
SERN_FAENA,SAN ESTEBAN I,1
SERN_FAENA,PLANTA SAN EDUARDO,1
SERN_FAENA,PLANTA DAY,1
SERN_FAENA,PROYECTO FORTUNA,1
SERN_FAENA,CHAGO MARIO,1
SERN_FAENA,ADRIANITA,1
SERN_FAENA,CERRO NEGRO NORTE,1
SERN_FAENA,TRIUNFO,1
SERN_FAENA,MINA PUNTA DEL COBRE,1
SERN_FAENA,LA COIPA,1
SERN_FAENA,FENIX GOLD,1
SERN_FAENA,DORADO,1
SERN_FAENA,EXPLORACIONES II REGION,1
SERN_FAENA,FAENA MOL,1
SERN_FAENA,FAENA EL MANTO,1
SERN_FAENA,FAENA DOMINGA NORTE Y SUR / FASE DE PROSPECCION,1
SERN_FAENA,IMG LTDA EXPLORACIONES IV REGION,1
SERN_FAENA,PUQUIOS,1
SERN_FAENA,RESGUARDO,1
SERN_FAENA,PLANTA DON FITO,1
SERN_FAENA,RENACER,1
SERN_FAENA,EXPLORACIONES OSORNINA,1
SERN_FAENA,PLANTA BIOCOBRE,1
SERN_FAENA,MANTOS COBRIZOS,1
SERN_FAENA,JAVIERA 1 Y 2,1
SERN_FAENA,SAN RAMON,1
SERN_FAENA,ESPERANZA II,1
SERN_FAENA,CAL CHILE,1
SERN_FAENA,PLANTA RETORTEO DE MATERIALES,1
SERN_FAENA,FAENAS EL ROMERAL,1
SERN_FAENA,FAENA SEAWOLF JUAN SOLDADO,1
SERN_FAENA,CAMILA,1
SERN_FAENA,FAENA SAN CARLOS,1
SERN_FAENA,VETA ESPERANZA,1
SERN_FAENA,SAN LUIS Y PREFERIDA,1
SERN_FAENA,PLANTA FALDA VERDE,1
SERN_FAENA,JERUSALEN,1
SERN_FAENA,AMELIA,1
SERN_FAENA,TIGRE,1
SERN_FAENA,FLOR DE LIRIO,1
SERN_FAENA,CARRIZALILLO EXPLORACION,1
SERN_FAENA,ESTRELLA 1/30,1
SERN_FAENA,MANTO VERDE,1
SERN_FAENA,PLANTA DE PRODUCCION DE CEMENTO COBRE,1
SERN_FAENA,PLANTA PROFESOR ALDO LETTURA MATAS,1
SERN_FAENA,FAENA  ALFA,1
SERN_FAENA,RELAVES LA HIGUERA,1
SERN_FAENA,CHUPETE,1
SERN_FAENA,CERT RIO HURTADO,1
SERN_FAENA,PLANTA MINERA PILAR,1
SERN_FAENA,FAENA LOS PINGOS,1
SERN_FAENA,ANDACOLLO,1
SERN_FAENA,EL MANZANO,1
SERN_FAENA,FAENA SANTA MARIA,1
SERN_FAENA,LAS TAZAS,1
SERN_FAENA,EL MAXIMO (21B DAYTON),1
SERN_FAENA,FAENA ANDACOLLO COBRE,1
SERN_FAENA,FAENA LA NIÑA,1
SERN_FAENA,PLANTA SAN LUIS,1
SERN_FAENA,TAMBILLOS,1
SERN_FAENA,CHACO 1 AL 4,1
SERN_FAENA,FAENA MIRADOR,1
SERN_FAENA,FAENA EL DORADO,1
SERN_FAENA,PLANTA EL DORADO,1
SERN_FAENA,FAENA PANULCILLO,1
SERN_FAENA,FAENA LA CARBONILLO,1
SERN_FAENA,DALMACIA,1
SERN_FAENA,WALDO FERREL OJAVO (PLANTA PUNITAQUI),1
SERN_FAENA,FAENA TAMBO DE ORO,1
SERN_FAENA,FAENA SANTA FILOMENA,1
SERN_FAENA,FAENA TAMBO,1
SERN_FAENA,PROYECTO ALTURAS,1
SERN_FAENA,MANGANESOS  ATACAMA  S.A. (MARQUESA),1
SERN_FAENA,LIDIA,1
SERN_FAENA,FAENA TALCUNA (OMINT),1
SERN_FAENA,VARILLA 1 AL 20,1
SERN_FAENA,LAS CENIZAS CABILDO,1
SERN_FAENA,MINA CARMEN - MARGARITA,1
SERN_FAENA,MINA PEUMO,1
SERN_FAENA,COBRE 1-16,1
SERN_FAENA,PLANTA LA PATAGUA,1
SERN_FAENA,SOC.CONTRACTUAL MINERA FARELLONES,1
SERN_FAENA,FAENA HUENTELAUQUEN,1
SERN_FAENA,FAENA CHOAPA 1/10,1
SERN_FAENA,MINA TERMAS,1
SERN_FAENA,PLANTA SANTA TERESA,1
SERN_FAENA,LLAHUIN,1
SERN_FAENA,FAENA PORTEZUELO,1
SERN_FAENA,PIEDRAS BLANCAS (EX-TUNGA SUR),1
SERN_FAENA,FAENA TUNQUÉN EX EL ALMENDRO,1
SERN_FAENA,FAENA LAS VACAS,1
SERN_FAENA,CARO,1
SERN_FAENA,MINA FRANKE,1
SERN_FAENA,PLANTA DE ÓXIDOS,1
SERN_FAENA,PROYECTO SAN GABRIEL,1
SERN_FAENA,MINA BARREAL SECO,1
SERN_FAENA,PLANTA QUIMICA LA NEGRA,1
SERN_FAENA,DOS HERMANOS,1
SERN_FAENA,MINA PIMENTON,1
SERN_FAENA,MINA NAVIO,1
SERN_FAENA,MINAS Y PLANTA BELLAVISTA,1
SERN_FAENA,ÑILHUE,1
SERN_FAENA,MINA CARDENILLA,1
SERN_FAENA,MINA EL BOLDO,1
SERN_FAENA,MINA UVA,1
SERN_FAENA,PLANTA CATEMU,1
SERN_FAENA,DON JAIME,1
SERN_FAENA,CERRO NEGRO,1
SERN_FAENA,EL MACHO,1
SERN_FAENA,MINA EL TURCO,1
SERN_FAENA,MINA PEÑAFLOR II,1
SERN_FAENA,VIZCACHITAS,1
SERN_FAENA,CODELCO CHILE DIVISION VENTANAS,1
SERN_FAENA,MINA FREDDY,1
SERN_FAENA,MINA VÍA LACTEA 1 AL 10,1
SERN_FAENA,CANTERA CAÑON VERDE I,1
SERN_FAENA,EXPLORACIONES ZONA NORTE,1
SERN_FAENA,SQM SA (II REGIÓN),1
SERN_FAENA,ANGELICA,1
SERN_FAENA,Angamos I del 1 al 16,1
SERN_FAENA,COMAHUE,1
SERN_FAENA,"RAJO FILOMENA (ARENA IV 1 AL 30, 40% PERT. 15 Y 16 Y 100% PERT. 17 AL 30",1
SERN_FAENA,SS-XAVIER 1,1
SERN_FAENA,MINA ALTAMIRA,1
SERN_FAENA,PROYECTO DE EXPLORACION,1
SERN_FAENA,ENAMI PLANTA JOSÉ ANTONIO MORENO DE TALTAL,1
SERN_FAENA,MINA SANTO DOMINGO,1
SERN_FAENA,MINA GUANACO,1
SERN_FAENA,PAMPA BLANCA,1
SERN_FAENA,"PAMPA DOS 1 AL 40 PERTENENCIAS 13, 14, 15 y 16",1
SERN_FAENA,SAN ANDRES DEL 1 AL 10,1
SERN_FAENA,FAENA ALGORTA NORTE,1
SERN_FAENA,LOMAS BAYAS,1
SERN_FAENA,SIERRA ATACAMA,1
SERN_FAENA,YESO NORTE (ANTOFAGASTA),1
SERN_FAENA,ALTONORTE,1
SERN_FAENA,"MINA PLAZA DEL COBRE 1, 1 AL 20",1
SERN_FAENA,MINERA FLORIDA,1
SERN_FAENA,CACHINALES,1
SERN_FAENA,MINA SAN JOSÉ 1-12,1
SERN_FAENA,TUCA 1 AL 19,1
SERN_FAENA,CARMELITA,1
SERN_FAENA,LA PERSEVERANCIA 1/9,1
SERN_FAENA,LA ESPERANZA 2 DEL 1 AL 10,1
SERN_FAENA,LACMO 2,1
SERN_FAENA,EXPLORACION MINERA ESCALONES II,1
SERN_FAENA,MINA LA PERLA,1
SERN_FAENA,MINA YESO ROMERAL,1
SERN_FAENA,MINA LAS COLORADAS,1
SERN_FAENA,PLANTA DE CHANCADO JAVIERA UNO,1
SERN_FAENA,MINA YESERAS,1
SERN_FAENA,PLANTA LO VALDES,1
SERN_FAENA,SANDOVAL,1
SERN_FAENA,MINA PANALES 1-54,1
SERN_FAENA,MINA LA PLATA  CUATRO PRIMERA DE MAIPU,1
SERN_FAENA,MINA LA AFRICANA,1
SERN_FAENA,MINA TAMA 2 1 AL 30,1
SERN_FAENA,PUZOLANA NORTE (ANTOFAGASTA),1
SERN_FAENA,AGUAS BLANCAS,1
SERN_FAENA,ZALDIVAR,1
SERN_FAENA,PROYECTO VALLE HERMOSO,1
SERN_FAENA,YACIMIENTO LA PATAGUA,1
SERN_FAENA,PLANTA LA HIGUERA (EX PLANTA FLOR DE TE),1
SERN_FAENA,MINA MEDIANOCHE 2,1
SERN_FAENA,PERTENENCIA ALTOS DE CHAÑAR 1 AL 20,1
SERN_FAENA,MINA EL CHACO,1
SERN_FAENA,PLANTA RANCAGUA,1
SERN_FAENA,PLANTA EL INGLES,1
SERN_FAENA,MINA SAN FRANCISCO,1
SERN_FAENA,ESTERO PUANGUE,1
SERN_FAENA,PLANTA BATUCO,1
SERN_FAENA,CANTERA CERRO BLANCO,1
SERN_FAENA,MINA EL LINGUE,1
SERN_FAENA,MINA ESPERANZA,1
SERN_FAENA,FAENA CHEPICA,1
SERN_FAENA,MINA SANTA FE DEL 1 AL 7,1
SERN_FAENA,MINA LAS PIEDRAS,1
SERN_FAENA,MINA ORQUIDEA II,1
SERN_FAENA,MINA PERTINHO RAJO NORTE,1
SERN_FAENA,MINA MARTA,1
SERN_FAENA,MANTOS BLANCOS,1
SERN_FAENA,MINA MERCEDES,1
SERN_FAENA,MICHILLA COSTA,1
SERN_FAENA,FAENA MICHILLA,1
SERN_FAENA,MANTOS DEL PACIFICO,1
SERN_FAENA,"MINA LOS MORROS 3, 1 AL 10",1
SERN_FAENA,EL PEÑON,1
SERN_FAENA,PLANTA CARBONATO DE LITIO (SQM SALAR),1
SERN_FAENA,CARBOMAT II,1
SERN_FAENA,LA LAJA,1
SERN_FAENA,FAENA LA LAJA,1
SERN_FAENA,SAN CAMINO,1
SERN_FAENA,MINA LOS PENSAMIENTOS 1 AL 10,1
SERN_FAENA,MINA CAOLIN QUIRIHUE,1
SERN_FAENA,RINCONADA 1 AL 5,1
SERN_FAENA,MINA SAN MARCOS,1
SERN_FAENA,MINA LOS PINOS,1
SERN_FAENA,LA RINCONADA,1
SERN_FAENA,LA PEPITA,1
SERN_FAENA,LUCERO 1 AL 12,1
SERN_FAENA,MINA BLANCA I 1 AL 20,1
SERN_FAENA,FAENA RINCONADA 1/20,1
SERN_FAENA,PLACILLA 1 AL 6,1
SERN_FAENA,FAENA LLANCAHUE,1
SERN_FAENA,PLANTA CERRO DOMINADOR,1
SERN_FAENA,SIERRA GORDA,1
SERN_FAENA,MINA SPENCE,1
SERN_FAENA,MINA ELENITA,1
SERN_FAENA,MINA ANTUCOYA,1
SERN_FAENA,MANTOS DE LA LUNA,1
SERN_FAENA,"MINA RESERVA I, 1-20",1
SERN_FAENA,MIRADOR,1
SERN_FAENA,PLANTA EL SAUCE,1
SERN_FAENA,LA ENCONTRADA 1 AL 5,1
SERN_FAENA,MINA EL PARAISO (EX PIRQUEN PARAISO),1
SERN_FAENA,PIRQUEN LA ALDEA,1
SERN_FAENA,MINA CLARA 1 AL 37,1
SERN_FAENA,MINA EL DESCABEZADO 1 AL 10,1
SERN_FAENA,LA CARAMBA,1
SERN_FAENA,MINA DON PEDRO,1
SERN_FAENA,ORIENTE,1
SERN_FAENA,EXPLORACION RIO LIA,1
SERN_FAENA,FORESTAL,1
SERN_FAENA,EXPLORACIONES BIOLANTANIDOS,1
SERN_FAENA,MINA LA SALVADORA,1
SERN_FAENA,RODRIGO 1 AL 10,1
SERN_FAENA,HELENA XV 1/50,1
SERN_FAENA,FAENA LA ARENA,1
SERN_FAENA,SUERTE,1
SERN_FAENA,PROYECTO PALOMA,1
SERN_FAENA,ALTO LOS LEONES,1
SERN_FAENA,PLANTA SANTA MARGARITA,1
SERN_FAENA,PLANTA DE PROCESO Y TRATAMIENTO DE TIERRAS DIATOMEAS,1
SERN_FAENA,"NANCY 1 AL 24, PERT. 3,6,9,12,14,15,17,18,20,21,23 Y 24",1
SERN_FAENA,ENCUENTRO,1
SERN_FAENA,CENTINELA SULFUROS,1
SERN_FAENA,SUC. MIRTA ROJAS MUNIZAGA - PLANTA MIRAFLORES,1
SERN_FAENA,LAVADERO DE ORO PUREO,1
SERN_FAENA,"MINA FRONTERA MINA ESCONDIDA 5 AL 10,PERTENENCIA 8",1
SERN_FAENA,LAUTARO 1 AL 5,1
SERN_FAENA,MINA LA NUEVA DEL 1 AL 15,1
SERN_FAENA,INES 1 AL 3,1
SERN_FAENA,MINERA LA MARGARITA,1
SERN_FAENA,LA CUESTA,1
SERN_FAENA,MINA LA NEGRA,1
SERN_FAENA,PROYECTO BLANCO,1
SERN_FAENA,FELIX 1/10,1
SERN_FAENA,EXPLORACIÓN NO METÁLICA ORCOMA,1
SERN_FAENA,NEVADA I 1 AL 6,1
SERN_FAENA,LABRADOR II 1 AL 173,1
SERN_FAENA,MINA LA CRUZ,1
SERN_FAENA,FAENA LA ROSA,1
SERN_FAENA,QUEBRADA BLANCA,1
SERN_FAENA,NEGREIROS,1
SERN_FAENA,Exploración Nueva Victoria,1
SERN_FAENA,CARCAMO,1
SERN_FAENA,ARTURO,1
SERN_FAENA,LA TERCERA,1
SERN_FAENA,MINA VALENTINA,1
SERN_FAENA,MINA PORVENIR,1
SERN_FAENA,FAENAS DE PROSPECCION MINERA PUMILLAHUE S.A.,1
SERN_FAENA,CERRO 32 DEL 1 AL 20,1
SERN_FAENA,VILLARRICA,1
SERN_FAENA,ISRAEL ANTONIO,1
SERN_FAENA,MINA LOPHAN BAJO,1
SERN_FAENA,MINA GLADYS,1
SERN_FAENA,MINA DANIEL,1
SERN_FAENA,FENIX,1
SERN_FAENA,TANA,1
SERN_FAENA,KOZAN,1
SERN_FAENA,PROCESAMIENTO DE RELAVES,1
SERN_FAENA,PROSPECTO ESPEJO,1
SERN_FAENA,MINA BALMACEDA,1
SERN_FAENA,MINA CERRO BAYO,1
SERN_FAENA,PROYECTO LOS DOMOS,1
SERN_FAENA,SOC.LEGAL MRA. MACARENA,1
SERN_FAENA,BLOQUE CAMPANARIO,1
SERN_FAENA,BLOQUE ISLA NORTE,1
SERN_FAENA,MINA PECKET,1
SERN_FAENA,PLANTA PROCESAMIENTO,1
SERN_FAENA,MINA CARDONAL,1
SERN_FAENA,MONTE ALTO,1
SERN_FAENA,LA DOÑA 1 AL 10,1
SERN_FAENA,EXPLORACION CERRO MARQUEZ,1
SERN_FAENA,PUERTO CALDERA,1
SERN_FAENA,LAVADERO DE ORO DANYKA,1
SERN_FAENA,EXPLORACION DE HIDROCARBUROS,1
SERN_FAENA,MINA LA PONDEROSA,1
SERN_FAENA,EL SALTO 1/20,1
SERN_FAENA,BLOQUE BRÓTULA,1
SERN_FAENA,SAN JUAN,1
SERN_FAENA,PROSPECCION MINERA CUTTER COVE,1
SERN_FAENA,MINA INVIERNO,1
SERN_FAENA,MINA BITSCH 1-20,1
SERN_FAENA,IRLANDA TRES,1
SERN_FAENA,Mina California,1
SERN_FAENA,LAS MARIAS 1 Y 2,1
SERN_FAENA,TENARDITA,1
SERN_FAENA,SOLEDAD,1
SERN_FAENA,PROYECTO HUANTAJAYA,1
SERN_INST,<NULO>,110
SERN_INST,EMPRESTITO,20
SERN_INST,CAMPAMENTO,16
SERN_INST,MINA LAGUNA,11
SERN_INST,POLVORIN,11
SERN_INST,CANTERA SAN MIGUEL,9
SERN_INST,OFICINA,7
SERN_INST,BODEGA-TALLER,7
SERN_INST,EXPLORACION RIO 27,6
SERN_INST,PLANTA DE PROCESAMIENTO,6
SERN_INST,PROYECTO DE PERFORACIÓN SONDAJES DIAMANTINOS HQ3,6
SERN_INST,BOTADERO,6
SERN_INST,LAVADERO,6
SERN_INST,PROYECTO DE EXPLOTACIÓN HUEIMA,5
SERN_INST,PLANTA MECANIZADA,5
SERN_INST,EXPLOTACIÓN PROPIEDADES MINERAS ELIZA BEATRIZ,5
SERN_INST,MINA RIO 27,5
SERN_INST,PLANTA AURORA 1 AL 14,4
SERN_INST,PLANTA DE CATODOS LA CAMPANA,4
SERN_INST,CONCESION RIO MAIPO II 1/12,4
SERN_INST,MINA SUBTERRANEA,4
SERN_INST,MODULO PENCO,4
SERN_INST,PLANTAS DE OXIGENO,4
SERN_INST,MINA RAJO ABIERTO,4
SERN_INST,PLANTA CHANCADO,4
SERN_INST,PLANTA DE GASIFICACION SUBT. DE CARBON,4
SERN_INST,MINA,4
SERN_INST,BOTADERO PROYECTO ALIA II,4
SERN_INST,MINA DOS HERMANOS,4
SERN_INST,Pozo Holister A,3
SERN_INST,POLVORÍN MINA ISLA,3
SERN_INST,BOTADERO DE RECHAZOS,3
SERN_INST,MINA EL MORRO,3
SERN_INST,EXPLORACION MINA ALIA II 1 AL 18,3
SERN_INST,SALAR DE MARICUNGA,3
SERN_INST,"EXPLORACIÓN PROPIEDADES MINERAS SANTA CECILIA, PROYECTO PLACERES DEL MAIPO - SC4",3
SERN_INST,RAJO,3
SERN_INST,EXPLORACION MAULLIN,3
SERN_INST,MINA CAIVICO,3
SERN_INST,CANCHA DE ACOPIO,3
SERN_INST,ACOPIO,3
SERN_INST,EXPLORACION,3
SERN_INST,BODEGA,3
SERN_INST,PLANTA DE CHANCADO,3
SERN_INST,YACIMIENTO MIRAMAR FASE I,3
SERN_INST,LAS PIEDRAS DEL 1 AL 20,3
SERN_INST,RELAVE PAJONALES,3
SERN_INST,POZO CHILLAN 11,3
SERN_INST,CANTERA 4,3
SERN_INST,TUINA,2
SERN_INST,BOTADERO DE ESTERILES,2
SERN_INST,PLANTA LIXIVIACION,2
SERN_INST,PLANTA SX EW,2
SERN_INST,MINA LONCOYAN SEGUNDA 1/12,2
SERN_INST,MINA VALLE 11,2
SERN_INST,LOS MAITENES,2
SERN_INST,CAMPAMENTO TEHUELCHE,2
SERN_INST,PLANTA YODO,2
SERN_INST,PUERTO,2
SERN_INST,BOTADERO AURORA 1 AL 14,2
SERN_INST,CANTERA POZO PUDAHUEL,2
SERN_INST,PROYECTO MEJILLONES,2
SERN_INST,PLATAFORMA DE REFORESTACIÓN,2
SERN_INST,02 TRANQUE DE RELAVES CAUQUENES,2
SERN_INST,PLANTA PROCESO SANTA DORILA,2
SERN_INST,LAS BRUJAS DE PAINE,2
SERN_INST,TENIENTE NW,2
SERN_INST,PLANTA SANTA ALEJANDRA,2
SERN_INST,MINA MARIA ALESSANDRA,2
SERN_INST,PLANTA REMULCAO,2
SERN_INST,ADMINISTACIÓN - CAMPAMENTO,2
SERN_INST,MINA SANTA ANGELICA,2
SERN_INST,EXPLORACIÓN,2
SERN_INST,PLANTA DE CHANCADO CELSOUTH,2
SERN_INST,Tranque Las Tórtolas/Piscinas de traspaso Muro Este,2
SERN_INST,TALLERES,2
SERN_INST,CHANCADO PRIMARIO,2
SERN_INST,EXPLORACIONES,2
SERN_INST,PLANTA MOLIENDA,2
SERN_INST,SUERTE 11 AL 16,2
SERN_INST,MINA NORTE,2
SERN_INST,LAS PIRITAS 1 AL 10,2
SERN_INST,MINA SARA 2 PUNTO 2,2
SERN_INST,MINA EL MORADO,2
SERN_INST,BOTADERO SUR,2
SERN_INST,PLANTA PROCESAMIENTO,2
SERN_INST,MINA LOS CRISTALES,2
SERN_INST,BOTADERO 1,2
SERN_INST,RAJO CENTRAL,2
SERN_INST,Laboratorio Muestrera,2
SERN_INST,MINA AGUA DE LA FALDA,2
SERN_INST,DESCARGA ÁCIDO SULFÚRICO,1
SERN_INST,PLANTA DE BENEFICIO,1
SERN_INST,MINA SURIRE,1
SERN_INST,ACOPIO DE SALES DESCARTE (19-30),1
SERN_INST,POZO TRES LAGOS 96,1
SERN_INST,POZO SAN SEBASTIÁN 1,1
SERN_INST,POZO CLARENCIA 1,1
SERN_INST,POZO GUANACO 21,1
SERN_INST,POZO ALMEJA J,1
SERN_INST,PLANTA KIMIRI-AIKE,1
SERN_INST,"TRAMPA LANZAMIENTO COLECTOR 6"" TROPILLA - CENTRAL PALENQUE",1
SERN_INST,POZO BRÓTULA TA-2,1
SERN_INST,POZO PUERTO SARA 2,1
SERN_INST,ACOPIO DE PRODUCTO CERTIFICADO,1
SERN_INST,DEPOSITO DE RELAVES,1
SERN_INST,ELENITA,1
SERN_INST,PLANTA SX,1
SERN_INST,ALFA 1 AL 5,1
SERN_INST,CENTRAL TRES LAGOS N°4,1
SERN_INST,BATERIA 820,1
SERN_INST,SONDAJE BERTA,1
SERN_INST,EXPLORACION LOS NEGRITOS,1
SERN_INST,EXPLORACION QUEBRADA SALITROSA,1
SERN_INST,RAJO PATRICIA 2,1
SERN_INST,PORTAL MARTA,1
SERN_INST,MINA SAN LUIS Y PREFERIDA,1
SERN_INST,PLANTA FALDA VERDE,1
SERN_INST,ADM. OFICINA MINA,1
SERN_INST,Prospección Nueva Victoria,1
SERN_INST,MINA OESTE,1
SERN_INST,Mina,1
SERN_INST,TRANQUE DE RELAVE,1
SERN_INST,HERNANDEZ 2,1
SERN_INST,MINA BALMACEDA,1
SERN_INST,TRANQUE DE RELAVES FACHINAL,1
SERN_INST,PROYECTO LOS DOMOS,1
SERN_INST,PLANTA ARD,1
SERN_INST,TUNELES EXPLORACION MANTO NEGRO,1
SERN_INST,PLANTA BIFOX,1
SERN_INST,MINA BELLAVISTA,1
SERN_INST,PUERTO CALDERA,1
SERN_INST,RAJO MARIPOSA,1
SERN_INST,BOTADERO DELIRIO - TUCUMANA,1
SERN_INST,EXPLORACIÓN NUEVA ESPERANZA,1
SERN_INST,RAJO SALARES NORTE,1
SERN_INST,SONDAJES INCA DE ORO,1
SERN_INST,PLANTA DE CIANURACION ANDREA,1
SERN_INST,DEPOSITO DE RELAVE EL SALVADOR (INACTIVO),1
SERN_INST,PLANTA ARTESANAL DE ORO,1
SERN_INST,TALLER MANTENCIÓN CARMEN,1
SERN_INST,MINA MATIS,1
SERN_INST,SONDAJES RADISS,1
SERN_INST,PLANTA EXTRACCIÓN POR SOLVENTE (SX),1
SERN_INST,EXPLORACIÓN DOMEYKO,1
SERN_INST,EXPLORACION RAJO DOS AMIGOS,1
SERN_INST,JOHANNA - CORTADERA,1
SERN_INST,RELINCHO,1
SERN_INST,FLOTACION,1
SERN_INST,PLANTA DE LIXIVIACION N° 2 Y SECUNDARIA,1
SERN_INST,PLANTA CONCENTRADORA,1
SERN_INST,PROSPECTO ALCAPARRA,1
SERN_INST,EXPLORACIÓN TOBIAS,1
SERN_INST,RAJO CERRO BLANCO,1
SERN_INST,ACOPIO PRODUCTO FINAL,1
SERN_INST,SOCAVON AÑAÑUCA 1,1
SERN_INST,PLANTA DE PROCESAMIENTO DE RECHAZO,1
SERN_INST,DEPOSITO DE RELAVES FILTRADOS,1
SERN_INST,PLANTA ENDURECIMIENTO TÉRMICO,1
SERN_INST,ACUEDUCTO,1
SERN_INST,SUB-ESTACIÓN MELÉNDEZ,1
SERN_INST,TRANQUE SAN JOSE,1
SERN_INST,MINA LAS PINTADAS,1
SERN_INST,EXPLORACION TRANSITO,1
SERN_INST,PLANTA CONCENTRADORA NUEVA MARIA ISABEL,1
SERN_INST,DEPOSITO RELAVES CANDELARIA,1
SERN_INST,ESTACIÓN DE COMBUSTIBLE,1
SERN_INST,TALLER DE MANTENIMIENTO,1
SERN_INST,PLANTA DE LIXIVIACIÓN BOQUERÓN CHAÑAR,1
SERN_INST,EXPLORACION PRAGA,1
SERN_INST,"MINA SANTA ROSA 90, 99, 100",1
SERN_INST,SONDAJE PLEITO,1
SERN_INST,EXPLORACION DOMINOCEROS UNA A VEINTE,1
SERN_INST,PLANTA DE CONCENTRACION MAGNETICA SOBERANA,1
SERN_INST,PLATAFORMA NS3,1
SERN_INST,PROYECTO CERRO MATTA,1
SERN_INST,PROSPECTO NEMESIS,1
SERN_INST,SONDAJE LUCIANO,1
SERN_INST,CAMPAMENTO CASALE,1
SERN_INST,EXPLORACION TAMBLERIAS,1
SERN_INST,LOS HELADOS,1
SERN_INST,MINA AMANDITA,1
SERN_INST,LA PEPA,1
SERN_INST,SONDAJES CASPICHE,1
SERN_INST,EXPLORACION CUENCA LAGUNA NEGRO FRANCISCO,1
SERN_INST,PLANTA CIANURACIÓN REFUGIO,1
SERN_INST,POLVORIN DYNO NOBE,1
SERN_INST,PLANTA SX/EW,1
SERN_INST,PLANTA CHANCADO ELISA DE BORDOS,1
SERN_INST,MINA CERRO LA PLATA,1
SERN_INST,BOTADEROS VENADO SUR,1
SERN_INST,TRANQUE DE RELAVES CORONA,1
SERN_INST,PLANTA N° 1,1
SERN_INST,PLANTA SAN EDUARDO,1
SERN_INST,SONDAJES FORTUNA,1
SERN_INST,RAJO CHAGO MARIO,1
SERN_INST,MINA CONDOR 1/2 SOCAVON 1,1
SERN_INST,MINA ADRIANITA,1
SERN_INST,ACOPIO BAJA LEY,1
SERN_INST,MINA VENADO NORTE,1
SERN_INST,RAJO PUREN,1
SERN_INST,FENIX GOLD MINA,1
SERN_INST,EXPLORACION LOBO MARTE CONDENACION,1
SERN_INST,PROYECTO LOBO MARTE,1
SERN_INST,DORADO,1
SERN_INST,ACUEDUCTO POZO PLANTA,1
SERN_INST,MINA CONDOR 1/2,1
SERN_INST,RELAVE MOL (recuperacion),1
SERN_INST,REBAJE DE LABOR,1
SERN_INST,SOCAVON RAJO 2,1
SERN_INST,PROYECTO EL TOFO,1
SERN_INST,MINA PUQUIOS,1
SERN_INST,MINA RESGUARDO,1
SERN_INST,DESMONTE RENACER,1
SERN_INST,OSORNINA,1
SERN_INST,TALLER DE CONTRATISTA,1
SERN_INST,CANCHA DE ACOPIO N° 1,1
SERN_INST,JAVIERA 1 Y 2,1
SERN_INST,PIQUE 1,1
SERN_INST,MINA ESPERANZA II,1
SERN_INST,ACOPIO DE PRODUCTOS,1
SERN_INST,MINA MANTO NEGRO,1
SERN_INST,LA INDIA,1
SERN_INST,MINA EL MANZANO NORTE,1
SERN_INST,MINA SANTA MARIA,1
SERN_INST,PLANTA LAS TAZAS,1
SERN_INST,LOA 1/18 PUNTO 11 EL MAXIMO,1
SERN_INST,MINA CARMEN DE ANDACOLLO,1
SERN_INST,MINA LA NIÑA,1
SERN_INST,PLANTA SAN LUIS,1
SERN_INST,MINA FLORIDA,1
SERN_INST,PLANTA RETORTEO DE MATERIALES,1
SERN_INST,PLANTA TRATAMIENTO DE AGUAS 4,1
SERN_INST,PROSPECCION MINERA ARQUEROS FASE II,1
SERN_INST,OFICINA ADMINISTRACION,1
SERN_INST,BOTADERO NORTE,1
SERN_INST,PLANTA SEAWOLF JUAN SOLDADO,1
SERN_INST,PLANTA SAN LORENZO SX - CX,1
SERN_INST,MINA CAMILA 1-9,1
SERN_INST,PLANTA SX -EW,1
SERN_INST,CAMPAMENTO COM,1
SERN_INST,CANTO SUR (BOT.ESTERIL),1
SERN_INST,PROSPECCION ALTURAS,1
SERN_INST,PLANTA JIG MARQUESA,1
SERN_INST,MINA RAJO LIDIA 3,1
SERN_INST,TRANQUE DE RELAVES YENNY,1
SERN_INST,MINA VARILLA 1 AL 20,1
SERN_INST,EXPLORACION DEPOSITO RELAVES ALTO ADIGIO,1
SERN_INST,PROYECTO ALFA,1
SERN_INST,LA HIGUERA 5,1
SERN_INST,EXPLORACION CHUPETE,1
SERN_INST,NATALIA 2 Y 3 - EMPRESA MINERA NOEMI LIMITADA,1
SERN_INST,BARRIO CIVICO,1
SERN_INST,LO PINGOS 2,1
SERN_INST,DESCONOCIDO,1
SERN_INST,MINA LAS VACAS,1
SERN_INST,MINA CARO,1
SERN_INST,PLANTA LA VENTOLERA,1
SERN_INST,MINA CHACO,1
SERN_INST,EXPLORACION MIRADOR 1/18,1
SERN_INST,MINA EL DORADO - SECTOR EL DORADO 1 - 3,1
SERN_INST,DESMONTES DE HIERRO,1
SERN_INST,PLANTA LA COCINERA,1
SERN_INST,RESERVORIO DE AGUA RELAVE,1
SERN_INST,PLANTA DE CHANCADO SULFUROS,1
SERN_INST,MINA CARBONILLO 1  AL 5,1
SERN_INST,GARITA DE ACCESO,1
SERN_INST,PUNITAQUI 1,1
SERN_INST,ÁREA GEOLOGÍA (TESTIGOTECA),1
SERN_INST,PLANTA SANTA FILOMENA,1
SERN_INST,BOTADERO ESTERIL DON GABRIEL,1
SERN_INST,RELAVEDUCTO DREIM,1
SERN_INST,MINA CARMEN / NV 720,1
SERN_INST,MINA PEUMO,1
SERN_INST,TRANQUE 4 A,1
SERN_INST,MANTO GRIS,1
SERN_INST,PLANTA HUENTELAUQUEN,1
SERN_INST,MINA CHOAPA 1/10,1
SERN_INST,MINA TERMAS,1
SERN_INST,SANTA TERESA,1
SERN_INST,EXPLORACION LLAHUIN,1
SERN_INST,PLANTA PORTEZUELO,1
SERN_INST,SONDAJES DE EXPLORACION EL ESPINO,1
SERN_INST,PLANTA PIEDRAS BLANCAS,1
SERN_INST,ORIENTE,1
SERN_INST,TRANQUE TUNQUÉN,1
SERN_INST,RAJO EL ESPINO,1
SERN_INST,EXPLORACION CARRIZALILLO,1
SERN_INST,MINA ESTRELLA 1/30,1
SERN_INST,PLANTA,1
SERN_INST,TERMINAL DE ACIDO  SULFURICO (TAS),1
SERN_INST,ROM I,1
SERN_INST,CANTERA,1
SERN_INST,TÚNEL DE ACCESO A TORRE DE EVACUACIÓN / EMBALSE LOS LEONES,1
SERN_INST,MINA CAQUICITO,1
SERN_INST,MINA NAVIO,1
SERN_INST,PROYECTO HSH-W,1
SERN_INST,PLANTA BELLAVISTA,1
SERN_INST,CANTERA EL ÑILHUE/BOTADERO,1
SERN_INST,MINA CARDENILLA,1
SERN_INST,TALLER DE MANTENCION CHANCADO,1
SERN_INST,PETROLERA,1
SERN_INST,PLANTA DE SULFUROS/PATIO DE RESIDUOS PELIGROSOS,1
SERN_INST,MINA EL TURCO,1
SERN_INST,MINA PEÑAFLOR II,1
SERN_INST,VIZCACHITAS,1
SERN_INST,SALA DE FUERZA,1
SERN_INST,MINA FREDDY,1
SERN_INST,PLANTA LOS MAITENES,1
SERN_INST,VÍA LÁCTEA 1 AL 10,1
SERN_INST,DOS HERMANOS,1
SERN_INST,PLANTA/LABORATORIO,1
SERN_INST,MINA LOS BRONCES/POLVORÍN,1
SERN_INST,MINA AMELIA,1
SERN_INST,MINA TIGRE,1
SERN_INST,PLANTA CONCENTRADORA MAGNETICA,1
SERN_INST,PLANTA CHANCADO N°2,1
SERN_INST,BOTADERO DE RIPIOS N° 2,1
SERN_INST,MINA FLOR DE LIRIO,1
SERN_INST,PATIO CATADOS,1
SERN_INST,TALLER DE MANTENCION,1
SERN_INST,ACOPIO DE MINERALES DE ALTA LEY,1
SERN_INST,PLANTA TRATAMIENTO DE AGUAS SERVIDAS (TAS),1
SERN_INST,PROYECTO NITONA,1
SERN_INST,DESCARGA DE ACIDO,1
SERN_INST,STOCK DE MINERAL,1
SERN_INST,AUTRAL,1
SERN_INST,CENTRO OPERACION MINERA,1
SERN_INST,ESTANQUES AUSTRALIANOS,1
SERN_INST,022 EMBALSE DE RELAVES CAREN,1
SERN_INST,PLANTA LAS TÓRTOLAS/REMOLIENDA PLANTA 1,1
SERN_INST,PLANTA TRITURADORA,1
SERN_INST,INSTALACIÓN FAENA SAN JOSÉ 1-12,1
SERN_INST,LUBRICANTERA,1
SERN_INST,TRANQUE  OVEJERÍA/TRANQUE DE RELAVES,1
SERN_INST,EXPLORACION MINERA ESCALONES II,1
SERN_INST,BOTADERO LA PERLA,1
SERN_INST,ACOPIO LLANO LARGO ROMERAL,1
SERN_INST,PLANTA EL ROMERAL,1
SERN_INST,MINA LAS COLORADAS,1
SERN_INST,RAJO NORTE,1
SERN_INST,PROYECTO SANDOVAL,1
SERN_INST,MINA PANALES 1-54,1
SERN_INST,MINA LA PLATA CUATRO 1-60,1
SERN_INST,MINA LA AFRICANA,1
SERN_INST,PLANTAS YODO - P. VALDIVIA,1
SERN_INST,PLANTA DE CONCENTRACION MAGNETICA,1
SERN_INST,ACOPIO MINERAL,1
SERN_INST,ACOPIO DE MINERAL - MINA,1
SERN_INST,SIERRA OVERA ( PERT AÑIL),1
SERN_INST,GERENCIA,1
SERN_INST,08 PLANTA DE RECUPERACIÓN DE AGUA INDUSTRIAL,1
SERN_INST,019 PATIO RANCAGUA,1
SERN_INST,04 PLANTA DE SECADO y FILTRADO,1
SERN_INST,EMBALSE FILTRADO RANCAGUA,1
SERN_INST,EMBALSE DE RELAVES,1
SERN_INST,MINA SAN FRANCISCO,1
SERN_INST,EXPLORACION SAN LUIS,1
SERN_INST,PLANTA BATUCO,1
SERN_INST,MINA CERRO BLANCO,1
SERN_INST,EXPLOTACION MINA CARMELITA,1
SERN_INST,LA PERSEVERANCIA 1/9,1
SERN_INST,AREA DE MANEJO DE RESIDUOS,1
SERN_INST,LA ESPERANZA 2 DEL 1 AL 10,1
SERN_INST,PLANTA SELECCIONADORA,1
SERN_INST,PUZOLANAS PUANGUE,1
SERN_INST,LACMO 2,1
SERN_INST,PLANTA PILOTO,1
SERN_INST,TALLER MANTENCIÓN CONTRATISTA,1
SERN_INST,BOTADERO INTERIOR,1
SERN_INST,MINA (CANTERA),1
SERN_INST,BOTADERO CHEPICA,1
SERN_INST,MINA SANTA FE DEL 1 AL 7,1
SERN_INST,DEPOSITO DE LODOS N°1 (antiguo),1
SERN_INST,MINA ORQUIDEA II,1
SERN_INST,PLANTA FLORA,1
SERN_INST,PROYECTO VALLE HERMOSO,1
SERN_INST,YACIMIENTO LA PATAGUA,1
SERN_INST,PLANTA DE MOLIENDA/ FLOTACION,1
SERN_INST,MINA MEDIANOCHE 2,1
SERN_INST,PERTENENCIA ALTOS DE CHAÑAR 1 AL 20,1
SERN_INST,MINA EL CHACO,1
SERN_INST,05 TALLERES,1
SERN_INST,MINA RINCONADA 1/20,1
SERN_INST,PLACILLA 1 AL 6,1
SERN_INST,MINA LOANCO 9,1
SERN_INST,PROSPECTO LLANCAHUE,1
SERN_INST,MINA EL LINGUE,1
SERN_INST,ESPESAMIENTO/FILTRADO,1
SERN_INST,MINA ESPERANZA,1
SERN_INST,LIXIVIACION LOMAS,1
SERN_INST,PLANTA REMOSION DE MAGNESIO,1
SERN_INST,GABY OESTE,1
SERN_INST,LIXIVIACION 2,1
SERN_INST,MARIMACA,1
SERN_INST,MINA RAJO ABIERTO EMPERATRIZ,1
SERN_INST,ADMINISTRACION-OFICINA,1
SERN_INST,PLANTA DE AGUAS SERVIDAS,1
SERN_INST,ROM MERCEDES,1
SERN_INST,PLANTA MOLIBDENO,1
SERN_INST,DEPOSITO DE RIPIOS DE LIXIVIACION,1
SERN_INST,PLANTA FLOTACION,1
SERN_INST,MINA LA ROCA,1
SERN_INST,EXPLORACIÓN VISTA HERMOSA,1
SERN_INST,EXPLORACION Y PROSPECCION LA LAJA,1
SERN_INST,MINA LAJA 36,1
SERN_INST,MINA SAN CAMINO,1
SERN_INST,MINA LOS PENSAMIENTOS 1 AL 10,1
SERN_INST,MINA EL MAITEN SUR,1
SERN_INST,MINA CAOLIN QUIRIHUE,1
SERN_INST,MINA RINCONADA,1
SERN_INST,MINA SAN MARCOS,1
SERN_INST,MINA LOS PINOS,1
SERN_INST,MINA LA RINCONADA,1
SERN_INST,MINA BLANCA I 1 AL 20,1
SERN_INST,PIRQUEN LA ALDEA,1
SERN_INST,MINA CLARA 1 AL 37,1
SERN_INST,MINA EL DESCABEZADO 1 AL 10,1
SERN_INST,ADMINISTRACION (OFICINAS-BODEGAS),1
SERN_INST,GRUPO ELECTROGENO,1
SERN_INST,PLANTA MOLINO EL SOL,1
SERN_INST,COMEDOR-BAÑO,1
SERN_INST,PLANTA LAVADO DON PEDRO,1
SERN_INST,"OFICINAS, SALA DE OPERACION Y GALPON",1
SERN_INST,MUELLE MECANIZADO (COLOSO),1
SERN_INST,MINA AGUAS BLANCAS,1
SERN_INST,BOTADERO N° 1 OLAP,1
SERN_INST,PLANTA CHANCADO TERCIARIO,1
SERN_INST,PLANTA CARNALITA DE LITIO,1
SERN_INST,PLANTA PROCESAMIENTO TIERRAS DIATOMEAS,1
SERN_INST,YOLANDA,1
SERN_INST,TRANQUE 3,1
SERN_INST,MINA LA CRUZ,1
SERN_INST,MINA LA ROSA 1 AL 20 (RAJO),1
SERN_INST,BOTADERO 2,1
SERN_INST,EXPLORACION RIO LIA,1
SERN_INST,EXPLORACIONES BIOLANTANIDOS,1
SERN_INST,POLVORIN LA SALVADORA,1
SERN_INST,MINA RODRIGO,1
SERN_INST,MINA LA ARENA,1
SERN_INST,SUERTE,1
SERN_INST,"MINA RESERVA I, 1-20",1
SERN_INST,MINA MIRADOR,1
SERN_INST,PLANTA DE LIXIVIACION,1
SERN_INST,MINA LA ENCONTRADA 1 AL 5,1
SERN_INST,DEPOSITO DE ESTERILES,1
SERN_INST,MINA EL PARAISO (EX PIRQUEN PARAISO),1
SERN_INST,EXPLORACION Y PROSPECCION VILLARRICA,1
SERN_INST,MINA ISRAEL ANTONIO 2,1
SERN_INST,MINA LOPHAN BAJO,1
SERN_INST,MINA GLADYS,1
SERN_INST,BOTADERO LASTRE 2,1
SERN_INST,MINA DANIEL,1
SERN_INST,FENIX,1
SERN_INST,MIRAFLORES 1,1
SERN_INST,LAVADERO DE ORO PUREO,1
SERN_INST,MINA LAUTARO,1
SERN_INST,MINA LA NUEVA DEL 1 AL 15,1
SERN_INST,BOTADERO DE ESTERIL,1
SERN_INST,MINA LA NEGRA,1
SERN_INST,EXPLOTACIÓN SUBTERRÁNEA BLANCO,1
SERN_INST,II EXPLORACIÓN NO METÁLICA ORCOMA,1
SERN_INST,NEVADA I 1 AL 6,1
SERN_INST,PLANTA PROCESADORA,1
SERN_INST,MINA CARDONAL,1
SERN_INST,PLANTA MONTE ALTO,1
SERN_INST,MINA CECILIA 1 AL 10,1
SERN_INST,PLANTA PUERTO 2,1
SERN_INST,MINA LA LAJA 1 AL 9,1
SERN_INST,MINA EL CORRAL,1
SERN_INST,PROYECTO DE AMPLIACION DE BOTADERO N°1,1
SERN_INST,CANTERA PUZOLANA RIO NEGRO I,1
SERN_INST,MM-TRES,1
SERN_INST,PLANTA CARCAMO,1
SERN_INST,MINA ARTURO,1
SERN_INST,MINA LA TERCERA 1 AL 10 PUNTO DOS,1
SERN_INST,MINA VALENTINA,1
SERN_INST,FAENAS DE PROSPECCION,1
SERN_INST,CERRO 32 1 AL 20,1
SERN_INST,BATERIA ALMACENAMIENTO PLANTA CULLEN,1
SERN_INST,POZO CULLEN 18,1
SERN_INST,POZO KOO X-1 (No Perforado),1
SERN_INST,BATERIA 1 VICTORIA SUR,1
SERN_INST,POZO RÍO DEL ORO SW1,1
SERN_INST,POZO CATALINA N°13,1
SERN_INST,EXPLORACION DE HIDROCARBUROS,1
SERN_INST,MINA LA PONDEROSA,1
SERN_INST,ZODIAC,1
SERN_INST,MINA INVIERNO,1
SERN_INST,MINA BITSCH 1-20,1
SERN_INST,POZO PALOS QUEMADOS X-1,1
SERN_INST,POZO MARÍA ANTONIETA X-1,1
SERN_INST,OFICINA LAREDO CAMPAMENTO SODEXO,1
SERN_INST,CISNE,1
SERN_INST,TURBAS,1
SERN_INST,PLANTA DE FILTRO,1
SERN_INST,POZO TRES LAGOS 25,1
SERN_INST,ADMINISTRACION,1
SERN_INST,POZO RIGBY X-1 (No Perforado),1
SERN_INST,CHANCADOR PRIMARIO (INTERIOR MINA),1
SERN_INST,Planta Yodo,1
SERN_INST,Exploraciones Proy. Sumo,1
SERN_INST,Mina Andival,1
SERN_INST,ADM. OFICINA,1
SERN_INST,MANTENCION MINA UJINA,1
SERN_INST,CASA DE FUERZA,1
SERN_INST,POZO CHERCÁN 3 (No Perforado),1
SERN_INST,CAMPAMENTO POSESIÓN,1
SERN_INST,CALENTADOR SKUA DANIEL,1
SERN_INST,POZO POSESIÓN 67,1
SERN_INST,TALLERES Y MAESTRANZA,1
SERN_INST,POZO ALMEJA J2,1
SERN_INST,POZO HUALA X1,1
SERN_INST,POZO GAVIOTA NORTE  10,1
SERN_INST,BODEGAS Y PATIO DE MATERIALES CARPINTERO,1
SERN_INST,BATERÍA FLAMENCO 7,1
SERN_INST,PLANTA PROCESADORA DE MINERALES,1
SERN_INST,MINA EL SALTO 1/20,1
SERN_INST,CAMINO SUPERFICIE,1
SERN_INST,PLANTA DE PASTA,1
SERN_INST,EXPLORACIONES CERRO ESPERANZA,1
SERN_INST,Cancha de Almacenamiento,1
SERN_INST,PLANTA QUIMICA,1
SERN_INST,EXPLORACION PROY. HUANTAJAYA,1
SERN_INST,MANTENCION MINA,1
SERN_INST,EXPLORACION MUESTREO DE BOTADEROS,1
SERN_INST,ADMINISTRACION OFICINA TECNICA(exploracion),1
SERN_REC,OXIDOS DE COBRE,122
SERN_REC,<NULO>,110
SERN_REC,SULFUROS Y ÓXIDOS DE COBRE,82
SERN_REC,SULFUROS DE COBRE,69
SERN_REC,ARENA SILICEA,42
SERN_REC,ORO METÁLICO O NATIVO,36
SERN_REC,ORO - COBRE,31
SERN_REC,CARBÓN,29
SERN_REC,MAGNETITA,27
SERN_REC,COBRE - ORO - PLATA,24
SERN_REC,COBRE - ORO,23
SERN_REC,PETRÓLEO,22
SERN_REC,GAS NATURAL,18
SERN_REC,HEMATITA - MAGNETITA,18
SERN_REC,COBRE - MOLIBDENO,17
SERN_REC,SULFURO AURÍFERO,16
SERN_REC,CARBONATO DE CALCIO BLANCO,15
SERN_REC,CALICHE (YODO),13
SERN_REC,CUARZO AURÍFERO,12
SERN_REC,ORO - COBRE - PLATA,10
SERN_REC,ORO - PLATA,10
SERN_REC,CALICHE (NITRATOS),9
SERN_REC,CALIZA,9
SERN_REC,PUMICITA,8
SERN_REC,CUARZO,7
SERN_REC,HEMATITA,7
SERN_REC,HEMATITA - MAGNETITA - LIMONITA,7
SERN_REC,SALMUERA,6
SERN_REC,ITRIO,6
SERN_REC,SALMUERA (SODIO),5
SERN_REC,YESO,5
SERN_REC,COBRE - ORO - HIERRO - MOLIBDENO,5
SERN_REC,TURBA,5
SERN_REC,COBRE - PLATA,4
SERN_REC,ESFALERITA,4
SERN_REC,SALMUERA (LITIO),4
SERN_REC,COBRE - ORO - HIERRO,3
SERN_REC,CAOLIN,3
SERN_REC,ULEXITA,2
SERN_REC,CINC - PLOMO - PLATA,2
SERN_REC,ZEOLITAS,2
SERN_REC,ARCILLA REFRACTARIA,2
SERN_REC,PLATA - ORO,2
SERN_REC,ARCILLA PLASTICA,2
SERN_REC,ORO - CINC,2
SERN_REC,GRANITO,2
SERN_REC,ÓXIDO DE MANGANESO,2
SERN_REC,ANHIDRITA,1
SERN_REC,DIATOMITA,1
SERN_REC,SULFUROS DE COBRE DE ZONA PRIMARIA,1
SERN_REC,MERCURIO,1
SERN_REC,FELDESPATO SODICO,1
SERN_REC,BARITINA,1
SERN_REC,CINC - ORO,1
SERN_REC,PLATA METÁLICA O NATIVA,1
REV_MAN,VALIDADO,869
LONGITUD,-70.3321587,8
LONGITUD,-71.044317,4
LONGITUD,-70.526627,2
LONGITUD,-71.0209,2
LONGITUD,-70.577365,2
LONGITUD,-69.408484,2
LONGITUD,-71.087399,2
LONGITUD,-71.150837,2
LONGITUD,-70.255228,2
LONGITUD,-70.23825452,2
LONGITUD,-70.412221,2
LONGITUD,-69.029479,2
LONGITUD,-71.21763733,2
LONGITUD,-68.78715044,2
LONGITUD,-72.35536,2
LONGITUD,-73.53092687,2
LONGITUD,-72.668199,2
LONGITUD,-72.45256119,2
LONGITUD,-70.985972,2
LONGITUD,-70.2967,1
LONGITUD,-70.230519,1
LONGITUD,-70.217746,1
LONGITUD,-69.2545,1
LONGITUD,-69.884,1
LONGITUD,-70.97610723,1
LONGITUD,-69.9992385,1
LONGITUD,-70.058938,1
LONGITUD,-70.1502686,1
LONGITUD,-70.1424535,1
LONGITUD,-69.630112,1
LONGITUD,-69.67007458,1
LONGITUD,-69.701631,1
LONGITUD,-69.698211,1
LONGITUD,-69.95422315,1
LONGITUD,-69.795,1
LONGITUD,-68.7958,1
LONGITUD,-68.66580016,1
LONGITUD,-69.28953482,1
LONGITUD,-69.663334,1
LONGITUD,-69.8642,1
LONGITUD,-69.3492035,1
LONGITUD,-70.125415,1
LONGITUD,-69.94976617,1
LONGITUD,-69.8787,1
LONGITUD,-70.050235,1
LONGITUD,-69.871914,1
LONGITUD,-69.86951,1
LONGITUD,-70.0892405,1
LONGITUD,-70.213179,1
LONGITUD,-70.16936148,1
LONGITUD,-70.2522965,1
LONGITUD,-69.8570785,1
LONGITUD,-69.912674,1
LONGITUD,-69.878439,1
LONGITUD,-69.29287433,1
LONGITUD,-69.3420375,1
LONGITUD,-69.4095585,1
LONGITUD,-69.07031557,1
LONGITUD,-69.109372,1
LONGITUD,-68.884624,1
LONGITUD,-68.89502538,1
LONGITUD,-68.919301,1
LONGITUD,-68.8991388,1
LONGITUD,-68.690486,1
LONGITUD,-68.572759,1
LONGITUD,-68.389522,1
LONGITUD,-67.569188,1
LONGITUD,-69.07003033,1
LONGITUD,-69.35466971,1
LONGITUD,-69.87302,1
LONGITUD,-70.10499,1
LONGITUD,-70.34677105,1
LONGITUD,-70.44917634,1
LONGITUD,-70.279617,1
LONGITUD,-69.55839713,1
LONGITUD,-70.3797891,1
LONGITUD,-70.491974,1
LONGITUD,-70.185235,1
LONGITUD,-70.164027,1
LONGITUD,-70.1981707,1
LONGITUD,-70.29967,1
LONGITUD,-70.3926583,1
LONGITUD,-70.1924345,1
LONGITUD,-70.353517,1
LONGITUD,-70.402615,1
LONGITUD,-70.3975022,1
LONGITUD,-70.54467,1
LONGITUD,-70.281733,1
LONGITUD,-70.253686,1
LONGITUD,-70.411353,1
LONGITUD,-70.270311,1
LONGITUD,-70.11712975,1
LONGITUD,-68.8141774,1
LONGITUD,-68.2636501,1
LONGITUD,-69.4196425,1
LONGITUD,-70.099899,1
LONGITUD,-68.483328,1
LONGITUD,-68.417443,1
LONGITUD,-69.680312,1
LONGITUD,-69.758988,1
LONGITUD,-69.53832733,1
LONGITUD,-70.493276,1
LONGITUD,-70.390576,1
LONGITUD,-70.4803027,1
LONGITUD,-70.3081307,1
LONGITUD,-70.066573,1
LONGITUD,-70.102321,1
LONGITUD,-70.3205738,1
LONGITUD,-69.867254,1
LONGITUD,-69.8560565,1
LONGITUD,-70.03366247,1
LONGITUD,-70.31099,1
LONGITUD,-70.221446,1
LONGITUD,-70.506464,1
LONGITUD,-70.25039214,1
LONGITUD,-70.375324,1
LONGITUD,-70.377443,1
LONGITUD,-70.38015667,1
LONGITUD,-70.318123,1
LONGITUD,-70.14057238,1
LONGITUD,-69.897677,1
LONGITUD,-68.825323,1
LONGITUD,-68.811239,1
LONGITUD,-68.4111735,1
LONGITUD,-68.430618,1
LONGITUD,-70.345429,1
LONGITUD,-70.27018571,1
LONGITUD,-70.31001809,1
LONGITUD,-70.147591,1
LONGITUD,-70.3211956,1
LONGITUD,-70.316806,1
LONGITUD,-70.35763486,1
LONGITUD,-70.053874,1
LONGITUD,-70.18083,1
LONGITUD,-70.16655381,1
LONGITUD,-70.607489,1
LONGITUD,-70.624193,1
LONGITUD,-70.15047176,1
LONGITUD,-70.1549425,1
LONGITUD,-70.2119395,1
LONGITUD,-70.11949299,1
LONGITUD,-70.058447,1
LONGITUD,-70.107815,1
LONGITUD,-70.07566,1
LONGITUD,-70.01617278,1
LONGITUD,-70.0475302,1
LONGITUD,-69.99241,1
LONGITUD,-69.66440069,1
LONGITUD,-69.9644045,1
LONGITUD,-69.9414575,1
LONGITUD,-68.926899,1
LONGITUD,-69.165766,1
LONGITUD,-69.097023,1
LONGITUD,-70.7571009,1
LONGITUD,-70.836522,1
LONGITUD,-70.670018,1
LONGITUD,-70.864128,1
LONGITUD,-70.544244,1
LONGITUD,-70.063014,1
LONGITUD,-69.89707733,1
LONGITUD,-71.2469595,1
LONGITUD,-71.235023,1
LONGITUD,-70.8083725,1
LONGITUD,-70.942265,1
LONGITUD,-70.91947,1
LONGITUD,-71.022935,1
LONGITUD,-71.046171,1
LONGITUD,-71.097513,1
LONGITUD,-71.086629,1
LONGITUD,-70.9120492,1
LONGITUD,-70.823218,1
LONGITUD,-70.737707,1
LONGITUD,-70.74119093,1
LONGITUD,-70.331482,1
LONGITUD,-70.692126,1
LONGITUD,-70.89366764,1
LONGITUD,-70.905494,1
LONGITUD,-70.9224946,1
LONGITUD,-70.817234,1
LONGITUD,-70.8369142,1
LONGITUD,-70.804131,1
LONGITUD,-71.105513,1
LONGITUD,-71.058012,1
LONGITUD,-71.03282,1
LONGITUD,-70.888119,1
LONGITUD,-70.660813,1
LONGITUD,-70.350744,1
LONGITUD,-70.39232,1
LONGITUD,-70.3088,1
LONGITUD,-70.27245963,1
LONGITUD,-70.35170888,1
LONGITUD,-70.347294,1
LONGITUD,-70.24253005,1
LONGITUD,-70.2681214,1
LONGITUD,-70.287568,1
LONGITUD,-70.2494,1
LONGITUD,-70.194808,1
LONGITUD,-70.182713,1
LONGITUD,-70.213819,1
LONGITUD,-69.56033751,1
LONGITUD,-69.2679,1
LONGITUD,-69.20088497,1
LONGITUD,-69.3146525,1
LONGITUD,-69.242053,1
LONGITUD,-69.992128,1
LONGITUD,-69.606601,1
LONGITUD,-69.679338,1
LONGITUD,-69.1779312,1
LONGITUD,-69.3794,1
LONGITUD,-69.393384,1
LONGITUD,-69.452693,1
LONGITUD,-69.1485595,1
LONGITUD,-69.069893,1
LONGITUD,-68.930357,1
LONGITUD,-69.236686,1
LONGITUD,-70.001145,1
LONGITUD,-69.981533,1
LONGITUD,-70.34704125,1
LONGITUD,-70.36762199,1
LONGITUD,-70.35331366,1
LONGITUD,-70.37285278,1
LONGITUD,-70.4155745,1
LONGITUD,-70.363938,1
LONGITUD,-70.35691543,1
LONGITUD,-70.30975134,1
LONGITUD,-70.38086,1
LONGITUD,-70.434728,1
LONGITUD,-70.575655,1
LONGITUD,-70.431915,1
LONGITUD,-69.101008,1
LONGITUD,-69.070473,1
LONGITUD,-69.03516461,1
LONGITUD,-70.661229,1
LONGITUD,-70.64373,1
LONGITUD,-70.679812,1
LONGITUD,-70.28997074,1
LONGITUD,-70.751096,1
LONGITUD,-71.259235,1
LONGITUD,-70.72285844,1
LONGITUD,-71.227959,1
LONGITUD,-71.170208,1
LONGITUD,-70.949578,1
LONGITUD,-71.228484,1
LONGITUD,-71.213358,1
LONGITUD,-71.206821,1
LONGITUD,-71.204761,1
LONGITUD,-71.211801,1
LONGITUD,-71.229668,1
LONGITUD,-71.183893,1
LONGITUD,-71.179982,1
LONGITUD,-71.178066,1
LONGITUD,-71.169751,1
LONGITUD,-71.165779,1
LONGITUD,-71.197709,1
LONGITUD,-71.13305495,1
LONGITUD,-71.130722,1
LONGITUD,-71.2121727,1
LONGITUD,-71.26733668,1
LONGITUD,-71.236226,1
LONGITUD,-70.912019,1
LONGITUD,-70.94566499,1
LONGITUD,-71.20961,1
LONGITUD,-71.26330342,1
LONGITUD,-71.242537,1
LONGITUD,-71.208808,1
LONGITUD,-71.502654,1
LONGITUD,-71.0965,1
LONGITUD,-71.0946,1
LONGITUD,-71.08600117,1
LONGITUD,-71.080815,1
LONGITUD,-71.20505377,1
LONGITUD,-71.070592,1
LONGITUD,-70.496553,1
LONGITUD,-70.98025733,1
LONGITUD,-70.685287,1
LONGITUD,-71.239327,1
LONGITUD,-71.225756,1
LONGITUD,-70.684623,1
LONGITUD,-71.141185,1
LONGITUD,-71.13698,1
LONGITUD,-70.997656,1
LONGITUD,-70.91426708,1
LONGITUD,-70.9188,1
LONGITUD,-70.866892,1
LONGITUD,-69.93164156,1
LONGITUD,-69.95853,1
LONGITUD,-70.4956,1
LONGITUD,-70.935702,1
LONGITUD,-71.224744,1
LONGITUD,-71.2263,1
LONGITUD,-71.261965,1
LONGITUD,-71.16494,1
LONGITUD,-71.1763165,1
LONGITUD,-71.222355,1
LONGITUD,-71.225639,1
LONGITUD,-71.2249593,1
LONGITUD,-71.21129254,1
LONGITUD,-71.673425,1
LONGITUD,-71.245282,1
LONGITUD,-71.43828,1
LONGITUD,-71.09777361,1
LONGITUD,-71.250609,1
LONGITUD,-71.38280413,1
LONGITUD,-71.010812,1
LONGITUD,-70.724632,1
LONGITUD,-71.01861528,1
LONGITUD,-71.160446,1
LONGITUD,-71.466665,1
LONGITUD,-71.548521,1
LONGITUD,-71.194979,1
LONGITUD,-71.291489,1
LONGITUD,-71.159488,1
LONGITUD,-70.874683,1
LONGITUD,-71.0711299,1
LONGITUD,-71.066093,1
LONGITUD,-71.068819,1
LONGITUD,-70.872167,1
LONGITUD,-70.995566,1
LONGITUD,-70.988224,1
LONGITUD,-70.967763,1
LONGITUD,-70.966804,1
LONGITUD,-70.992766,1
LONGITUD,-70.8865,1
LONGITUD,-70.789865,1
LONGITUD,-71.169739,1
LONGITUD,-71.18043,1
LONGITUD,-71.08974,1
LONGITUD,-70.603259,1
LONGITUD,-70.3244411,1
LONGITUD,-70.59439469,1
LONGITUD,-71.270444,1
LONGITUD,-71.39537448,1
LONGITUD,-71.34099,1
LONGITUD,-71.30578145,1
LONGITUD,-71.450547,1
LONGITUD,-71.45411683,1
LONGITUD,-71.5302249,1
LONGITUD,-70.426616,1
LONGITUD,-71.3946,1
LONGITUD,-71.418698,1
LONGITUD,-71.34132,1
LONGITUD,-71.278666,1
LONGITUD,-71.65935048,1
LONGITUD,-71.481372,1
LONGITUD,-71.573421,1
LONGITUD,-71.583401,1
LONGITUD,-70.768649,1
LONGITUD,-70.891057,1
LONGITUD,-70.798242,1
LONGITUD,-70.792964,1
LONGITUD,-70.68009422,1
LONGITUD,-70.704981,1
LONGITUD,-70.69603,1
LONGITUD,-70.681111,1
LONGITUD,-70.616419,1
LONGITUD,-70.699443,1
LONGITUD,-70.711268,1
LONGITUD,-71.18439375,1
LONGITUD,-71.027923,1
LONGITUD,-70.711646,1
LONGITUD,-70.715066,1
LONGITUD,-70.7055565,1
LONGITUD,-70.690859,1
LONGITUD,-70.69303,1
LONGITUD,-70.758957,1
LONGITUD,-70.745802,1
LONGITUD,-70.780877,1
LONGITUD,-70.78578083,1
LONGITUD,-70.7736,1
LONGITUD,-70.7726,1
LONGITUD,-70.731748,1
LONGITUD,-70.799572,1
LONGITUD,-70.664737,1
LONGITUD,-70.745641,1
LONGITUD,-70.717079,1
LONGITUD,-70.710348,1
LONGITUD,-70.83073966,1
LONGITUD,-70.808769,1
LONGITUD,-70.822493,1
LONGITUD,-70.80568,1
LONGITUD,-70.808773,1
LONGITUD,-70.813819,1
LONGITUD,-70.72556,1
LONGITUD,-70.9105,1
LONGITUD,-70.813625,1
LONGITUD,-70.810467,1
LONGITUD,-70.8206335,1
LONGITUD,-70.829805,1
LONGITUD,-71.054899,1
LONGITUD,-70.966304,1
LONGITUD,-70.82224843,1
LONGITUD,-70.812229,1
LONGITUD,-70.052202,1
LONGITUD,-69.990185,1
LONGITUD,-70.087368,1
LONGITUD,-70.18767197,1
LONGITUD,-70.221472,1
LONGITUD,-70.083996,1
LONGITUD,-70.35274164,1
LONGITUD,-70.3523006,1
LONGITUD,-70.478477,1
LONGITUD,-70.491524,1
LONGITUD,-70.02326,1
LONGITUD,-69.96123322,1
LONGITUD,-70.58762727,1
LONGITUD,-70.60309097,1
LONGITUD,-70.59245053,1
LONGITUD,-70.60876999,1
LONGITUD,-71.200996,1
LONGITUD,-71.192613,1
LONGITUD,-71.203347,1
LONGITUD,-71.353125,1
LONGITUD,-71.226044,1
LONGITUD,-71.2183924,1
LONGITUD,-71.309622,1
LONGITUD,-71.45820737,1
LONGITUD,-70.762603,1
LONGITUD,-70.754375,1
LONGITUD,-70.9,1
LONGITUD,-70.871404,1
LONGITUD,-70.866301,1
LONGITUD,-70.967326,1
LONGITUD,-70.879328,1
LONGITUD,-70.83377978,1
LONGITUD,-70.80949217,1
LONGITUD,-70.7364923,1
LONGITUD,-70.828596,1
LONGITUD,-71.160541,1
LONGITUD,-70.701706,1
LONGITUD,-70.856046,1
LONGITUD,-70.786613,1
LONGITUD,-70.7456501,1
LONGITUD,-70.774467,1
LONGITUD,-70.716328,1
LONGITUD,-70.685986,1
LONGITUD,-70.477744,1
LONGITUD,-70.65456515,1
LONGITUD,-70.6849114,1
LONGITUD,-70.7949215,1
LONGITUD,-70.89975552,1
LONGITUD,-70.818749,1
LONGITUD,-71.132824,1
LONGITUD,-71.13773,1
LONGITUD,-71.53972167,1
LONGITUD,-71.255213,1
LONGITUD,-71.26661,1
LONGITUD,-72.30991746,1
LONGITUD,-72.57450833,1
LONGITUD,-72.198189,1
LONGITUD,-72.344745,1
LONGITUD,-72.403907,1
LONGITUD,-71.779663,1
LONGITUD,-71.851362,1
LONGITUD,-71.658232,1
LONGITUD,-71.634956,1
LONGITUD,-71.62519688,1
LONGITUD,-71.423671,1
LONGITUD,-71.569869,1
LONGITUD,-71.751049,1
LONGITUD,-71.722207,1
LONGITUD,-71.561559,1
LONGITUD,-72.57322125,1
LONGITUD,-72.042294,1
LONGITUD,-72.049339,1
LONGITUD,-72.077072,1
LONGITUD,-70.1818355,1
LONGITUD,-71.92826,1
LONGITUD,-71.78781214,1
LONGITUD,-72.420595,1
LONGITUD,-72.454821,1
LONGITUD,-72.415934,1
LONGITUD,-72.40619674,1
LONGITUD,-72.396193,1
LONGITUD,-72.423141,1
LONGITUD,-72.383821,1
LONGITUD,-72.198455,1
LONGITUD,-72.20555933,1
LONGITUD,-72.20647238,1
LONGITUD,-72.15052935,1
LONGITUD,-72.70267609,1
LONGITUD,-72.41313,1
LONGITUD,-72.461419,1
LONGITUD,-72.3302,1
LONGITUD,-72.054543,1
LONGITUD,-72.077867,1
LONGITUD,-72.16294935,1
LONGITUD,-72.222678,1
LONGITUD,-72.433333,1
LONGITUD,-72.509346,1
LONGITUD,-72.4838,1
LONGITUD,-72.607536,1
LONGITUD,-72.917743,1
LONGITUD,-72.992548,1
LONGITUD,-73.05584,1
LONGITUD,-73.0515564,1
LONGITUD,-73.094121,1
LONGITUD,-73.093996,1
LONGITUD,-73.099748,1
LONGITUD,-73.102108,1
LONGITUD,-73.031126,1
LONGITUD,-73.040048,1
LONGITUD,-73.096727,1
LONGITUD,-73.093272,1
LONGITUD,-73.098608,1
LONGITUD,-73.07747841,1
LONGITUD,-73.00281523,1
LONGITUD,-73.160687,1
LONGITUD,-73.06562441,1
LONGITUD,-73.227566,1
LONGITUD,-73.22176,1
LONGITUD,-73.235645,1
LONGITUD,-73.215383,1
LONGITUD,-73.122117,1
LONGITUD,-73.372493,1
LONGITUD,-73.249862,1
LONGITUD,-73.312556,1
LONGITUD,-73.256649,1
LONGITUD,-73.31654442,1
LONGITUD,-73.301389,1
LONGITUD,-72.52669099,1
LONGITUD,-72.511,1
LONGITUD,-72.55795513,1
LONGITUD,-72.602331,1
LONGITUD,-72.55221135,1
LONGITUD,-72.599402,1
LONGITUD,-72.296474,1
LONGITUD,-72.467498,1
LONGITUD,-72.276645,1
LONGITUD,-72.287037,1
LONGITUD,-72.374898,1
LONGITUD,-72.380581,1
LONGITUD,-72.3544522,1
LONGITUD,-72.44157581,1
LONGITUD,-72.362503,1
LONGITUD,-72.311141,1
LONGITUD,-72.620432,1
LONGITUD,-73.098166,1
LONGITUD,-73.136288,1
LONGITUD,-73.039461,1
LONGITUD,-73.1457,1
LONGITUD,-73.122408,1
LONGITUD,-73.095652,1
LONGITUD,-72.642731,1
LONGITUD,-73.0032,1
LONGITUD,-72.260918,1
LONGITUD,-72.099793,1
LONGITUD,-72.224788,1
LONGITUD,-72.437701,1
LONGITUD,-71.978275,1
LONGITUD,-71.86183,1
LONGITUD,-72.0181605,1
LONGITUD,-72.5892062,1
LONGITUD,-72.47626916,1
LONGITUD,-72.69655032,1
LONGITUD,-72.695376,1
LONGITUD,-72.682201,1
LONGITUD,-72.69636,1
LONGITUD,-72.6346626,1
LONGITUD,-72.584431,1
LONGITUD,-72.584532,1
LONGITUD,-72.89297554,1
LONGITUD,-72.88027221,1
LONGITUD,-72.70485482,1
LONGITUD,-71.833141,1
LONGITUD,-71.753725,1
LONGITUD,-71.424234,1
LONGITUD,-71.023054,1
LONGITUD,-72.322237,1
LONGITUD,-72.445995,1
LONGITUD,-72.44183721,1
LONGITUD,-72.4386707,1
LONGITUD,-72.415533,1
LONGITUD,-72.436753,1
LONGITUD,-72.44011009,1
LONGITUD,-72.445489,1
LONGITUD,-72.658869,1
LONGITUD,-72.773853,1
LONGITUD,-72.71847728,1
LONGITUD,-72.68546446,1
LONGITUD,-72.638395,1
LONGITUD,-72.593538,1
LONGITUD,-72.64050119,1
LONGITUD,-72.836503,1
LONGITUD,-72.279167,1
LONGITUD,-72.27156,1
LONGITUD,-72.263409,1
LONGITUD,-72.285217,1
LONGITUD,-72.290427,1
LONGITUD,-72.150511,1
LONGITUD,-72.2278976,1
LONGITUD,-72.632408,1
LONGITUD,-72.52637,1
LONGITUD,-72.59616553,1
LONGITUD,-73.156104,1
LONGITUD,-71.608271,1
LONGITUD,-72.041309,1
LONGITUD,-72.244703,1
LONGITUD,-71.991711,1
LONGITUD,-72.7206647,1
LONGITUD,-72.808672,1
LONGITUD,-72.810795,1
LONGITUD,-72.762729,1
LONGITUD,-72.854794,1
LONGITUD,-72.894801,1
LONGITUD,-72.93157,1
LONGITUD,-72.704075,1
LONGITUD,-72.85,1
LONGITUD,-72.82727,1
LONGITUD,-72.808899,1
LONGITUD,-72.892796,1
LONGITUD,-72.910088,1
LONGITUD,-73.00533803,1
LONGITUD,-72.94766,1
LONGITUD,-73.01981064,1
LONGITUD,-72.756183,1
LONGITUD,-72.53076732,1
LONGITUD,-72.77968,1
LONGITUD,-72.4668907,1
LONGITUD,-72.833236,1
LONGITUD,-72.953091,1
LONGITUD,-72.635223,1
LONGITUD,-73.0068,1
LONGITUD,-73.2401845,1
LONGITUD,-72.94,1
LONGITUD,-72.970942,1
LONGITUD,-72.593974,1
LONGITUD,-72.912029,1
LONGITUD,-73.184065,1
LONGITUD,-73.196751,1
LONGITUD,-73.086423,1
LONGITUD,-72.94982239,1
LONGITUD,-73.08,1
LONGITUD,-73.107725,1
LONGITUD,-73.065275,1
LONGITUD,-73.163855,1
LONGITUD,-72.971834,1
LONGITUD,-73.27359381,1
LONGITUD,-72.750644,1
LONGITUD,-72.80155,1
LONGITUD,-72.76234213,1
LONGITUD,-72.734176,1
LONGITUD,-72.79898051,1
LONGITUD,-72.989655,1
LONGITUD,-72.991214,1
LONGITUD,-73.092177,1
LONGITUD,-72.85336,1
LONGITUD,-72.852845,1
LONGITUD,-72.872763,1
LONGITUD,-72.869987,1
LONGITUD,-72.898354,1
LONGITUD,-72.88637,1
LONGITUD,-72.975212,1
LONGITUD,-73.010864,1
LONGITUD,-73.043718,1
LONGITUD,-73.075288,1
LONGITUD,-73.126275,1
LONGITUD,-73.148074,1
LONGITUD,-73.02294,1
LONGITUD,-72.990911,1
LONGITUD,-73.166172,1
LONGITUD,-72.573625,1
LONGITUD,-72.9411364,1
LONGITUD,-70.81303172,1
LONGITUD,-73.20933111,1
LONGITUD,-73.269069,1
LONGITUD,-73.49834064,1
LONGITUD,-73.44956091,1
LONGITUD,-73.343644,1
LONGITUD,-73.40381,1
LONGITUD,-73.353725,1
LONGITUD,-73.709587,1
LONGITUD,-73.690327,1
LONGITUD,-73.73775151,1
LONGITUD,-73.6949,1
LONGITUD,-73.05401,1
LONGITUD,-70.32323409,1
LONGITUD,-71.16761475,1
LONGITUD,-70.875456,1
LONGITUD,-70.875017,1
LONGITUD,-70.885244,1
LONGITUD,-70.917003,1
LONGITUD,-70.8950865,1
LONGITUD,-70.903811,1
LONGITUD,-70.943725,1
LONGITUD,-70.972108,1
LONGITUD,-71.692821,1
LONGITUD,-72.48111273,1
LONGITUD,-69.055355,1
LONGITUD,-73.4067879,1
LONGITUD,-72.494112,1
LONGITUD,-71.74699348,1
LONGITUD,-70.985712,1
LONGITUD,-71.0827975,1
LONGITUD,-70.8991452,1
LONGITUD,-70.88844,1
LONGITUD,-70.97054771,1
LONGITUD,-71.631388,1
LONGITUD,-72.42956,1
LONGITUD,-69.43425203,1
LONGITUD,-70.919619,1
LONGITUD,-70.968,1
LONGITUD,-70.2031799,1
LONGITUD,-69.976984,1
LONGITUD,-70.121223,1
LONGITUD,-69.757787,1
LONGITUD,-69.77614972,1
LONGITUD,-69.48920839,1
LONGITUD,-69.692536,1
LONGITUD,-69.688056,1
LONGITUD,-70.008755,1
LONGITUD,-69.33161118,1
LONGITUD,-69.577453,1
LONGITUD,-68.87581722,1
LONGITUD,-68.82997543,1
LONGITUD,-72.138,1
LONGITUD,-72.0657515,1
LONGITUD,-72.20067703,1
LONGITUD,-72.130768,1
LONGITUD,-72.122247,1
LONGITUD,-72.143156,1
LONGITUD,-72.528468,1
LONGITUD,-71.94321677,1
LONGITUD,-72.597461,1
LONGITUD,-68.845497,1
LONGITUD,-68.76739671,1
LONGITUD,-69.92340852,1
LONGITUD,-70.42451418,1
LONGITUD,-70.023631,1
LONGITUD,-70.070977,1
LONGITUD,-70.075502,1
LONGITUD,-69.545318,1
LONGITUD,-69.212445,1
LONGITUD,-68.87444919,1
LONGITUD,-68.85966539,1
LONGITUD,-68.88136134,1
LONGITUD,-68.948146,1
LONGITUD,-69.30624645,1
LONGITUD,-68.81684733,1
LONGITUD,-69.043179,1
LONGITUD,-68.789191,1
LONGITUD,-68.96057533,1
LONGITUD,-69.27677043,1
LONGITUD,-70.357037,1
LONGITUD,-68.82151053,1
LONGITUD,-68.88652661,1
LONGITUD,-68.7203174,1
LONGITUD,-68.873168,1
LONGITUD,-69.43404977,1
LONGITUD,-71.75102234,1
LONGITUD,-72.002264,1
LONGITUD,-71.70765975,1
LONGITUD,-73.6274305,1
LONGITUD,-72.543019,1
LONGITUD,-72.454287,1
LONGITUD,-72.444875,1
LONGITUD,-70.26994825,1
LONGITUD,-69.81488,1
LONGITUD,-69.54402,1
LONGITUD,-71.3203123,1
LONGITUD,-70.89257683,1
LONGITUD,-68.89674866,1
LONGITUD,-68.90838225,1
LONGITUD,-68.88554957,1
LONGITUD,-70.3871397,1
LONGITUD,-70.22101739,1
LONGITUD,-70.23401003,1
LONGITUD,-70.23122291,1
LONGITUD,-69.65429646,1
LONGITUD,-70.31868002,1
LONGITUD,-70.39500996,1
LONGITUD,-70.27032777,1
LONGITUD,-68.81120806,1
LONGITUD,-69.58866285,1
LONGITUD,-69.62171197,1
LONGITUD,-69.81263262,1
LONGITUD,-69.9005892,1
LONGITUD,-70.2568807,1
LONGITUD,-70.37843201,1
LONGITUD,-68.43327684,1
LONGITUD,-69.37207045,1
LONGITUD,-70.25538112,1
LONGITUD,-70.16262679,1
LONGITUD,-69.42977247,1
LONGITUD,-70.2218644,1
LONGITUD,-70.39704074,1
LONGITUD,-70.98504643,1
LONGITUD,-70.88280425,1
LONGITUD,-70.01302854,1
LONGITUD,-71.00851507,1
LONGITUD,-69.88003317,1
LONGITUD,-70.59082238,1
LONGITUD,-71.08918439,1
LONGITUD,-70.35528891,1
LONGITUD,-70.25729639,1
LONGITUD,-70.38650049,1
LONGITUD,-70.10575559,1
LONGITUD,-70.63394993,1
LONGITUD,-70.25740193,1
LONGITUD,-70.32124806,1
LONGITUD,-70.22170937,1
LONGITUD,-70.34950031,1
LONGITUD,-70.25861897,1
LONGITUD,-70.30919068,1
LONGITUD,-70.8874809,1
LONGITUD,-70.4240039,1
LONGITUD,-70.26086793,1
LONGITUD,-71.03633438,1
LONGITUD,-71.12298619,1
LONGITUD,-70.96514561,1
LONGITUD,-71.19447056,1
LONGITUD,-70.0694717,1
LONGITUD,-71.14963262,1
LONGITUD,-71.21465685,1
LONGITUD,-71.11542299,1
LONGITUD,-70.8766362,1
LONGITUD,-70.88819268,1
LONGITUD,-71.12801721,1
LONGITUD,-71.30427439,1
LONGITUD,-70.99643114,1
LONGITUD,-71.12104794,1
LONGITUD,-71.06393521,1
LONGITUD,-71.14300864,1
LONGITUD,-70.05284482,1
LONGITUD,-69.68500491,1
LONGITUD,-70.20099147,1
LONGITUD,-69.236876,1
LONGITUD,-71.12833711,1
LONGITUD,-71.4805875,1
LONGITUD,-70.95513797,1
LONGITUD,-70.94197958,1
LONGITUD,-70.87506024,1
LONGITUD,-70.96136996,1
LONGITUD,-73.36448479,1
LONGITUD,-73.14473185,1
LONGITUD,-73.35948423,1
LONGITUD,-72.42489986,1
LONGITUD,-70.91998342,1
LONGITUD,-70.76463064,1
LONGITUD,-70.79246903,1
LONGITUD,-69.96212428,1
LONGITUD,-70.90428307,1
LONGITUD,-70.18543264,1
LATITUD,-27.3665763,8
LATITUD,-29.140932,4
LATITUD,-27.491569,2
LATITUD,-27.51198927,2
LATITUD,-26.345919,2
LATITUD,-27.173309,2
LATITUD,-30.49419667,2
LATITUD,-21.93824411,2
LATITUD,-23.6509279,2
LATITUD,-25.68659233,2
LATITUD,-31.7422,2
LATITUD,-33.602321,2
LATITUD,-26.501983,2
LATITUD,-31.47561,2
LATITUD,-28.770555,2
LATITUD,-36.613818,2
LATITUD,-39.81,2
LATITUD,-41.77200859,2
LATITUD,-41.980429,2
LATITUD,-51.20585703,2
LATITUD,-53.216144,2
LATITUD,-17.95524731,1
LATITUD,-18.4787022,1
LATITUD,-29.35569939,1
LATITUD,-20.4092,1
LATITUD,-20.7458985,1
LATITUD,-20.945953,1
LATITUD,-20.783222,1
LATITUD,-20.2132607,1
LATITUD,-20.2377265,1
LATITUD,-20.909912,1
LATITUD,-20.90107958,1
LATITUD,-20.854801,1
LATITUD,-20.837103,1
LATITUD,-19.71297019,1
LATITUD,-20.2349,1
LATITUD,-21.002,1
LATITUD,-20.93490402,1
LATITUD,-18.862796,1
LATITUD,-20.335184,1
LATITUD,-20.247586,1
LATITUD,-20.1442875,1
LATITUD,-20.307225,1
LATITUD,-19.95440006,1
LATITUD,-21.2257,1
LATITUD,-20.818105,1
LATITUD,-21.949532,1
LATITUD,-22.114159,1
LATITUD,-22.1519735,1
LATITUD,-22.121732,1
LATITUD,-22.3233829,1
LATITUD,-22.459323,1
LATITUD,-22.65460425,1
LATITUD,-23.001392,1
LATITUD,-22.958129,1
LATITUD,-22.690981,1
LATITUD,-22.8329405,1
LATITUD,-23.07881883,1
LATITUD,-22.96320227,1
LATITUD,-23.103668,1
LATITUD,-23.125018,1
LATITUD,-23.0295751,1
LATITUD,-22.554955,1
LATITUD,-22.32940969,1
LATITUD,-22.46698475,1
LATITUD,-22.633191,1
LATITUD,-23.560917,1
LATITUD,-23.015242,1
LATITUD,-24.20407533,1
LATITUD,-24.13178164,1
LATITUD,-24.165821,1
LATITUD,-24.24107,1
LATITUD,-23.92768012,1
LATITUD,-23.79546129,1
LATITUD,-23.688498,1
LATITUD,-24.34789687,1
LATITUD,-23.5557417,1
LATITUD,-23.463115,1
LATITUD,-22.537266,1
LATITUD,-22.606593,1
LATITUD,-22.6812031,1
LATITUD,-22.836612,1
LATITUD,-23.466704,1
LATITUD,-23.687273,1
LATITUD,-23.651336,1
LATITUD,-23.328287,1
LATITUD,-23.341217,1
LATITUD,-23.318775,1
LATITUD,-23.090996,1
LATITUD,-23.234286,1
LATITUD,-23.25154,1
LATITUD,-23.401938,1
LATITUD,-23.5133117,1
LATITUD,-23.28333283,1
LATITUD,-23.1067238,1
LATITUD,-22.663986,1
LATITUD,-22.517867,1
LATITUD,-23.126756,1
LATITUD,-23.294529,1
LATITUD,-25.10737,1
LATITUD,-25.1011045,1
LATITUD,-25.513894,1
LATITUD,-25.406494,1
LATITUD,-23.77750372,1
LATITUD,-25.932388,1
LATITUD,-25.924888,1
LATITUD,-25.7874706,1
LATITUD,-25.838729,1
LATITUD,-25.837026,1
LATITUD,-25.74107184,1
LATITUD,-26.186507,1
LATITUD,-25.573865,1
LATITUD,-23.459029,1
LATITUD,-23.49088784,1
LATITUD,-23.085277,1
LATITUD,-23.072877,1
LATITUD,-23.07867233,1
LATITUD,-23.07984,1
LATITUD,-22.16471117,1
LATITUD,-22.698526,1
LATITUD,-22.448812,1
LATITUD,-22.450016,1
LATITUD,-22.515057,1
LATITUD,-22.505265,1
LATITUD,-26.556954,1
LATITUD,-26.11464633,1
LATITUD,-26.02128014,1
LATITUD,-26.094031,1
LATITUD,-26.417164,1
LATITUD,-26.418889,1
LATITUD,-26.446489,1
LATITUD,-26.354845,1
LATITUD,-26.396784,1
LATITUD,-26.40366331,1
LATITUD,-26.3183805,1
LATITUD,-26.3450046,1
LATITUD,-26.32314356,1
LATITUD,-26.853003,1
LATITUD,-26.904285,1
LATITUD,-26.86832328,1
LATITUD,-26.703122,1
LATITUD,-26.443674,1
LATITUD,-26.489487,1
LATITUD,-26.42581982,1
LATITUD,-26.3902488,1
LATITUD,-26.362434,1
LATITUD,-26.33590258,1
LATITUD,-26.3956935,1
LATITUD,-26.7877345,1
LATITUD,-25.997148,1
LATITUD,-26.643705,1
LATITUD,-26.1619056,1
LATITUD,-28.5746022,1
LATITUD,-27.05657,1
LATITUD,-27.104359,1
LATITUD,-27.152751,1
LATITUD,-27.166497,1
LATITUD,-29.282648,1
LATITUD,-28.63747967,1
LATITUD,-28.479669,1
LATITUD,-28.470365,1
LATITUD,-28.2895185,1
LATITUD,-28.51719444,1
LATITUD,-28.523935,1
LATITUD,-29.134096,1
LATITUD,-29.145289,1
LATITUD,-28.611387,1
LATITUD,-29.295134,1
LATITUD,-28.64505489,1
LATITUD,-28.644944,1
LATITUD,-28.5621255,1
LATITUD,-28.56585261,1
LATITUD,-28.508858,1
LATITUD,-28.788568,1
LATITUD,-28.98236698,1
LATITUD,-28.971715,1
LATITUD,-28.9713568,1
LATITUD,-28.7043435,1
LATITUD,-28.71864485,1
LATITUD,-29.042941,1
LATITUD,-29.227205,1
LATITUD,-29.244262,1
LATITUD,-29.260406,1
LATITUD,-29.047699,1
LATITUD,-28.123853,1
LATITUD,-27.503032,1
LATITUD,-27.524818,1
LATITUD,-27.5217,1
LATITUD,-27.43932851,1
LATITUD,-27.51902652,1
LATITUD,-27.5753395,1
LATITUD,-27.47262883,1
LATITUD,-27.475629,1
LATITUD,-27.48214,1
LATITUD,-27.5723,1
LATITUD,-27.603148,1
LATITUD,-27.714604,1
LATITUD,-27.45406,1
LATITUD,-28.16853452,1
LATITUD,-27.5677,1
LATITUD,-27.50825753,1
LATITUD,-27.686911,1
LATITUD,-27.281067,1
LATITUD,-27.608052,1
LATITUD,-28.369623,1
LATITUD,-28.474907,1
LATITUD,-27.62815,1
LATITUD,-27.789161,1
LATITUD,-28.135915,1
LATITUD,-27.522033,1
LATITUD,-27.3135175,1
LATITUD,-27.433261,1
LATITUD,-27.302721,1
LATITUD,-26.766667,1
LATITUD,-27.209063,1
LATITUD,-27.064648,1
LATITUD,-27.1990385,1
LATITUD,-27.16320263,1
LATITUD,-27.24021316,1
LATITUD,-27.25242657,1
LATITUD,-27.271458,1
LATITUD,-27.3488107,1
LATITUD,-27.41431332,1
LATITUD,-27.39213443,1
LATITUD,-27.470591,1
LATITUD,-27.483904,1
LATITUD,-27.811686,1
LATITUD,-27.844048,1
LATITUD,-26.881686,1
LATITUD,-26.869651,1
LATITUD,-26.83309788,1
LATITUD,-27.254446,1
LATITUD,-27.410794,1
LATITUD,-27.455411,1
LATITUD,-27.40388768,1
LATITUD,-27.547848,1
LATITUD,-29.44399,1
LATITUD,-29.44719101,1
LATITUD,-29.435144,1
LATITUD,-29.362286,1
LATITUD,-29.392591,1
LATITUD,-29.513958,1
LATITUD,-29.893884,1
LATITUD,-29.896952,1
LATITUD,-29.903581,1
LATITUD,-29.890264,1
LATITUD,-29.897759,1
LATITUD,-29.904362,1
LATITUD,-29.902586,1
LATITUD,-29.910196,1
LATITUD,-29.919582,1
LATITUD,-29.922812,1
LATITUD,-29.906856,1
LATITUD,-29.94671578,1
LATITUD,-29.941058,1
LATITUD,-29.9395809,1
LATITUD,-29.79802723,1
LATITUD,-29.706368,1
LATITUD,-29.770616,1
LATITUD,-29.78079695,1
LATITUD,-30.608247,1
LATITUD,-30.00682659,1
LATITUD,-30.198484,1
LATITUD,-30.121881,1
LATITUD,-30.298325,1
LATITUD,-30.2462,1
LATITUD,-30.2291,1
LATITUD,-30.234519,1
LATITUD,-30.253781,1
LATITUD,-30.15374735,1
LATITUD,-30.228124,1
LATITUD,-30.948348,1
LATITUD,-30.39445895,1
LATITUD,-30.294258,1
LATITUD,-29.6645055,1
LATITUD,-29.501335,1
LATITUD,-29.583684,1
LATITUD,-29.335357,1
LATITUD,-29.361213,1
LATITUD,-29.966515,1
LATITUD,-29.86678225,1
LATITUD,-29.895476,1
LATITUD,-29.884895,1
LATITUD,-30.01738343,1
LATITUD,-29.7597035,1
LATITUD,-31.7426,1
LATITUD,-31.723339,1
LATITUD,-30.854489,1
LATITUD,-30.86,1
LATITUD,-30.896737,1
LATITUD,-30.4649,1
LATITUD,-30.547178,1
LATITUD,-30.559663,1
LATITUD,-30.585742,1
LATITUD,-30.6755727,1
LATITUD,-30.6425745,1
LATITUD,-30.9062965,1
LATITUD,-30.72651,1
LATITUD,-31.87901,1
LATITUD,-31.37441799,1
LATITUD,-31.661148,1
LATITUD,-31.64352325,1
LATITUD,-31.362581,1
LATITUD,-31.576923,1
LATITUD,-31.33532361,1
LATITUD,-31.044783,1
LATITUD,-31.583336,1
LATITUD,-31.448798,1
LATITUD,-31.372791,1
LATITUD,-32.42436,1
LATITUD,-32.529521,1
LATITUD,-32.2369,1
LATITUD,-32.51207545,1
LATITUD,-32.497492,1
LATITUD,-32.460955,1
LATITUD,-32.58536,1
LATITUD,-32.525489,1
LATITUD,-32.76929,1
LATITUD,-32.723705,1
LATITUD,-32.723258,1
LATITUD,-32.684695,1
LATITUD,-32.7207,1
LATITUD,-32.689195,1
LATITUD,-32.666912,1
LATITUD,-32.671138,1
LATITUD,-32.747092,1
LATITUD,-32.834211,1
LATITUD,-33.1674435,1
LATITUD,-32.83545485,1
LATITUD,-32.890097,1
LATITUD,-32.91837154,1
LATITUD,-32.919956,1
LATITUD,-32.93099403,1
LATITUD,-32.760451,1
LATITUD,-32.9269048,1
LATITUD,-32.9337434,1
LATITUD,-32.415426,1
LATITUD,-32.92271,1
LATITUD,-32.922585,1
LATITUD,-32.93178,1
LATITUD,-32.9879412,1
LATITUD,-33.28382676,1
LATITUD,-33.539785,1
LATITUD,-33.568219,1
LATITUD,-33.649298,1
LATITUD,-33.075114,1
LATITUD,-33.178809,1
LATITUD,-33.171727,1
LATITUD,-33.16542,1
LATITUD,-33.058455,1
LATITUD,-33.011067,1
LATITUD,-33.345681,1
LATITUD,-33.286667,1
LATITUD,-33.18573,1
LATITUD,-33.317574,1
LATITUD,-33.316893,1
LATITUD,-34.0939805,1
LATITUD,-34.034335,1
LATITUD,-33.681132,1
LATITUD,-33.685767,1
LATITUD,-33.670521,1
LATITUD,-33.664059,1
LATITUD,-33.693009,1
LATITUD,-33.701232,1
LATITUD,-33.699105,1
LATITUD,-33.724196,1
LATITUD,-33.71895149,1
LATITUD,-33.7072,1
LATITUD,-33.7143,1
LATITUD,-33.534393,1
LATITUD,-33.734692,1
LATITUD,-33.630362,1
LATITUD,-33.607859,1
LATITUD,-33.673979,1
LATITUD,-33.786514,1
LATITUD,-33.752863,1
LATITUD,-35.806488,1
LATITUD,-33.422619,1
LATITUD,-33.41669,1
LATITUD,-33.3981055,1
LATITUD,-33.459929,1
LATITUD,-33.520217,1
LATITUD,-33.4989,1
LATITUD,-33.494507,1
LATITUD,-33.534574,1
LATITUD,-33.56466275,1
LATITUD,-33.545145,1
LATITUD,-33.714824,1
LATITUD,-33.678542,1
LATITUD,-33.69208231,1
LATITUD,-33.678056,1
LATITUD,-33.828074,1
LATITUD,-33.823409,1
LATITUD,-33.830879,1
LATITUD,-33.80833688,1
LATITUD,-33.794127,1
LATITUD,-33.672072,1
LATITUD,-33.61282993,1
LATITUD,-33.6412379,1
LATITUD,-33.58909,1
LATITUD,-33.597801,1
LATITUD,-33.385324,1
LATITUD,-34.12384261,1
LATITUD,-33.63429348,1
LATITUD,-33.56987299,1
LATITUD,-33.57033033,1
LATITUD,-33.56939083,1
LATITUD,-33.700172,1
LATITUD,-33.696714,1
LATITUD,-33.711347,1
LATITUD,-33.739383,1
LATITUD,-33.74081,1
LATITUD,-33.7077726,1
LATITUD,-33.812607,1
LATITUD,-33.78737794,1
LATITUD,-33.883113,1
LATITUD,-33.865413,1
LATITUD,-33.7464562,1
LATITUD,-33.797981,1
LATITUD,-33.292931,1
LATITUD,-33.718119,1
LATITUD,-33.2827093,1
LATITUD,-33.35542324,1
LATITUD,-33.13242502,1
LATITUD,-33.82224206,1
LATITUD,-33.184718,1
LATITUD,-33.401026,1
LATITUD,-33.97749,1
LATITUD,-34.078264,1
LATITUD,-34.18461,1
LATITUD,-34.20234099,1
LATITUD,-34.191842,1
LATITUD,-34.213143,1
LATITUD,-34.216997,1
LATITUD,-34.094426,1
LATITUD,-34.180065,1
LATITUD,-34.24296,1
LATITUD,-34.2846348,1
LATITUD,-34.21836378,1
LATITUD,-34.39443,1
LATITUD,-34.412196,1
LATITUD,-34.415178,1
LATITUD,-34.45375867,1
LATITUD,-35.017461,1
LATITUD,-35.012392,1
LATITUD,-35.38201167,1
LATITUD,-35.55759933,1
LATITUD,-35.415823,1
LATITUD,-35.369539,1
LATITUD,-35.574839,1
LATITUD,-35.540491,1
LATITUD,-35.377013,1
LATITUD,-35.556363,1
LATITUD,-35.573793,1
LATITUD,-35.39010801,1
LATITUD,-35.608704,1
LATITUD,-35.904575,1
LATITUD,-35.813999,1
LATITUD,-36.019944,1
LATITUD,-36.230042,1
LATITUD,-35.58278425,1
LATITUD,-34.976927,1
LATITUD,-36.529594,1
LATITUD,-36.553979,1
LATITUD,-32.73095974,1
LATITUD,-36.517912,1
LATITUD,-36.49510108,1
LATITUD,-36.6387,1
LATITUD,-36.643488,1
LATITUD,-36.776477,1
LATITUD,-36.81991645,1
LATITUD,-36.830963,1
LATITUD,-36.802766,1
LATITUD,-36.859457,1
LATITUD,-36.882157,1
LATITUD,-36.90072553,1
LATITUD,-36.63929002,1
LATITUD,-36.63702107,1
LATITUD,-36.4858684,1
LATITUD,-36.822077,1
LATITUD,-36.170716,1
LATITUD,-36.5998,1
LATITUD,-36.525731,1
LATITUD,-36.534362,1
LATITUD,-37.18039931,1
LATITUD,-37.185473,1
LATITUD,-36.533333,1
LATITUD,-37.014305,1
LATITUD,-37.01696,1
LATITUD,-36.982866,1
LATITUD,-36.944499,1
LATITUD,-36.964133,1
LATITUD,-36.84548,1
LATITUD,-36.8542589,1
LATITUD,-36.807789,1
LATITUD,-36.808052,1
LATITUD,-36.80744,1
LATITUD,-36.806388,1
LATITUD,-36.867819,1
LATITUD,-36.88531,1
LATITUD,-37.042546,1
LATITUD,-37.048961,1
LATITUD,-37.048851,1
LATITUD,-37.04299397,1
LATITUD,-36.9968473,1
LATITUD,-36.99157,1
LATITUD,-37.02758565,1
LATITUD,-37.276967,1
LATITUD,-37.286476,1
LATITUD,-37.291334,1
LATITUD,-37.306626,1
LATITUD,-37.284513,1
LATITUD,-37.250396,1
LATITUD,-37.246618,1
LATITUD,-37.508502,1
LATITUD,-37.425101,1
LATITUD,-37.59435751,1
LATITUD,-37.594563,1
LATITUD,-37.5712286,1
LATITUD,-37.568576,1
LATITUD,-37.5269279,1
LATITUD,-37.521655,1
LATITUD,-37.58144535,1
LATITUD,-37.535734,1
LATITUD,-37.600728,1
LATITUD,-37.711374,1
LATITUD,-37.600287,1
LATITUD,-37.555264,1
LATITUD,-37.552654,1
LATITUD,-37.551501,1
LATITUD,-37.4728723,1
LATITUD,-37.38852604,1
LATITUD,-37.341956,1
LATITUD,-37.36592,1
LATITUD,-37.558614,1
LATITUD,-36.658792,1
LATITUD,-36.687378,1
LATITUD,-36.758626,1
LATITUD,-36.8228,1
LATITUD,-36.824241,1
LATITUD,-36.85745145,1
LATITUD,-37.531751,1
LATITUD,-36.7613,1
LATITUD,-37.71129,1
LATITUD,-37.739776,1
LATITUD,-37.88829,1
LATITUD,-37.77549,1
LATITUD,-37.275788,1
LATITUD,-37.436087,1
LATITUD,-37.230523,1
LATITUD,-37.6936603,1
LATITUD,-37.70693022,1
LATITUD,-37.83285491,1
LATITUD,-37.827702,1
LATITUD,-37.82815,1
LATITUD,-37.807901,1
LATITUD,-37.85473938,1
LATITUD,-37.874859,1
LATITUD,-37.881854,1
LATITUD,-37.97703741,1
LATITUD,-37.97263079,1
LATITUD,-38.32448583,1
LATITUD,-38.522885,1
LATITUD,-38.54,1
LATITUD,-38.546255,1
LATITUD,-38.646913,1
LATITUD,-38.472324,1
LATITUD,-38.579505,1
LATITUD,-38.552597,1
LATITUD,-38.56187664,1
LATITUD,-38.519449,1
LATITUD,-38.611823,1
LATITUD,-38.58242407,1
LATITUD,-38.650957,1
LATITUD,-38.763904,1
LATITUD,-38.776324,1
LATITUD,-38.77085946,1
LATITUD,-38.7699483,1
LATITUD,-39.277461,1
LATITUD,-39.019082,1
LATITUD,-39.0197475,1
LATITUD,-39.068374,1
LATITUD,-39.245247,1
LATITUD,-39.242736,1
LATITUD,-39.264652,1
LATITUD,-39.268316,1
LATITUD,-39.258519,1
LATITUD,-39.364569,1
LATITUD,-39.2856903,1
LATITUD,-39.385252,1
LATITUD,-39.38165,1
LATITUD,-39.38921178,1
LATITUD,-39.235697,1
LATITUD,-39.349542,1
LATITUD,-38.96429,1
LATITUD,-38.82544,1
LATITUD,-38.976914,1
LATITUD,-38.760029,1
LATITUD,-39.469305,1
LATITUD,-39.472615,1
LATITUD,-39.612541,1
LATITUD,-39.538195,1
LATITUD,-39.538432,1
LATITUD,-39.537633,1
LATITUD,-39.767558,1
LATITUD,-20.78424923,1
LATITUD,-40.096471,1
LATITUD,-40.101268,1
LATITUD,-40.060701,1
LATITUD,-40.066848,1
LATITUD,-40.32007161,1
LATITUD,-40.289972,1
LATITUD,-40.25239928,1
LATITUD,-40.263661,1
LATITUD,-40.33435666,1
LATITUD,-40.342278,1
LATITUD,-40.6215099,1
LATITUD,-40.300221,1
LATITUD,-40.3387387,1
LATITUD,-40.607993,1
LATITUD,-39.7922,1
LATITUD,-39.81752335,1
LATITUD,-39.733486,1
LATITUD,-39.950417,1
LATITUD,-40.439415,1
LATITUD,-40.524759,1
LATITUD,-40.52164,1
LATITUD,-40.611486,1
LATITUD,-40.60037856,1
LATITUD,-40.70006,1
LATITUD,-40.682039,1
LATITUD,-40.705557,1
LATITUD,-40.651986,1
LATITUD,-40.753033,1
LATITUD,-40.93459125,1
LATITUD,-40.949739,1
LATITUD,-40.61729,1
LATITUD,-40.6296001,1
LATITUD,-40.660127,1
LATITUD,-41.26880522,1
LATITUD,-41.350772,1
LATITUD,-41.369273,1
LATITUD,-41.416616,1
LATITUD,-41.43007,1
LATITUD,-41.444034,1
LATITUD,-41.429002,1
LATITUD,-41.409962,1
LATITUD,-41.412906,1
LATITUD,-41.43657,1
LATITUD,-41.455355,1
LATITUD,-41.497033,1
LATITUD,-41.490699,1
LATITUD,-41.519612,1
LATITUD,-41.684021,1
LATITUD,-41.535813,1
LATITUD,-41.49276,1
LATITUD,-41.45287,1
LATITUD,-41.551882,1
LATITUD,-41.406933,1
LATITUD,-41.468917,1
LATITUD,-20.229844,1
LATITUD,-41.63078764,1
LATITUD,-41.620859,1
LATITUD,-41.78151256,1
LATITUD,-41.76991239,1
LATITUD,-41.634,1
LATITUD,-41.746976,1
LATITUD,-41.706244,1
LATITUD,-41.834463,1
LATITUD,-42.24725,1
LATITUD,-41.9745316,1
LATITUD,-42.230659,1
LATITUD,-41.19018,1
LATITUD,-34.07783281,1
LATITUD,-52.958824,1
LATITUD,-53.062334,1
LATITUD,-53.029122,1
LATITUD,-53.065003,1
LATITUD,-53.155083,1
LATITUD,-53.056754,1
LATITUD,-53.0829311,1
LATITUD,-53.113429,1
LATITUD,-53.273059,1
LATITUD,-52.031825,1
LATITUD,-51.70066769,1
LATITUD,-18.36007358,1
LATITUD,-50.9423262,1
LATITUD,-51.425688,1
LATITUD,-52.0377234,1
LATITUD,-53.074704,1
LATITUD,-53.016804,1
LATITUD,-53.0959127,1
LATITUD,-53.071412,1
LATITUD,-53.23163807,1
LATITUD,-52.854671,1
LATITUD,-53.359111,1
LATITUD,-18.836544,1
LATITUD,-53.111825,1
LATITUD,-53.6626,1
LATITUD,-52.6214146,1
LATITUD,-52.537098,1
LATITUD,-52.468031,1
LATITUD,-52.397555,1
LATITUD,-52.41687021,1
LATITUD,-52.38559327,1
LATITUD,-52.313643,1
LATITUD,-52.315556,1
LATITUD,-52.92324,1
LATITUD,-52.97766147,1
LATITUD,-53.670345,1
LATITUD,-53.25499715,1
LATITUD,-52.97318959,1
LATITUD,-45.713525,1
LATITUD,-45.575054,1
LATITUD,-45.66445428,1
LATITUD,-45.628521,1
LATITUD,-45.626924,1
LATITUD,-45.588132,1
LATITUD,-45.406045,1
LATITUD,-45.03258498,1
LATITUD,-44.754225,1
LATITUD,-53.79204,1
LATITUD,-52.54412888,1
LATITUD,-52.87670163,1
LATITUD,-53.23218607,1
LATITUD,-53.29755,1
LATITUD,-53.319968,1
LATITUD,-53.317221,1
LATITUD,-52.74456,1
LATITUD,-52.806331,1
LATITUD,-52.87537903,1
LATITUD,-52.8872985,1
LATITUD,-52.83874405,1
LATITUD,-52.750342,1
LATITUD,-52.90344188,1
LATITUD,-52.91977792,1
LATITUD,-52.200728,1
LATITUD,-52.2844995,1
LATITUD,-52.24014267,1
LATITUD,-53.2144095,1
LATITUD,-53.315612,1
LATITUD,-53.12267678,1
LATITUD,-53.1716728,1
LATITUD,-53.20628551,1
LATITUD,-53.333426,1
LATITUD,-52.45445023,1
LATITUD,-46.70973594,1
LATITUD,-46.561959,1
LATITUD,-45.91070022,1
LATITUD,-45.419398,1
LATITUD,-45.39788,1
LATITUD,-45.392119,1
LATITUD,-45.379093,1
LATITUD,-27.43934525,1
LATITUD,-20.81691,1
LATITUD,-23.54886,1
LATITUD,-32.39963834,1
LATITUD,-29.86922569,1
LATITUD,-22.38784053,1
LATITUD,-22.31820042,1
LATITUD,-22.21541138,1
LATITUD,-24.96234028,1
LATITUD,-22.75431751,1
LATITUD,-22.72904025,1
LATITUD,-22.71595361,1
LATITUD,-22.33771431,1
LATITUD,-23.82572804,1
LATITUD,-25.61205152,1
LATITUD,-24.90286758,1
LATITUD,-23.42987602,1
LATITUD,-24.4194549,1
LATITUD,-24.4649605,1
LATITUD,-25.56730727,1
LATITUD,-23.16486961,1
LATITUD,-23.48937386,1
LATITUD,-23.84393684,1
LATITUD,-22.53601233,1
LATITUD,-22.94785375,1
LATITUD,-23.58801628,1
LATITUD,-23.46716533,1
LATITUD,-24.19530969,1
LATITUD,-18.63648582,1
LATITUD,-27.25048305,1
LATITUD,-28.80752513,1
LATITUD,-28.41011293,1
LATITUD,-26.36178305,1
LATITUD,-27.76254482,1
LATITUD,-29.08047788,1
LATITUD,-26.78423359,1
LATITUD,-28.90266461,1
LATITUD,-27.58951346,1
LATITUD,-27.42007331,1
LATITUD,-26.76836094,1
LATITUD,-25.94279532,1
LATITUD,-28.64854272,1
LATITUD,-27.45696663,1
LATITUD,-27.4169907,1
LATITUD,-27.3583033,1
LATITUD,-27.40143278,1
LATITUD,-27.49409753,1
LATITUD,-26.42727932,1
LATITUD,-28.95485327,1
LATITUD,-26.73854082,1
LATITUD,-27.47354869,1
LATITUD,-29.79879233,1
LATITUD,-29.35731617,1
LATITUD,-30.23107185,1
LATITUD,-29.81353599,1
LATITUD,-18.922242,1
LATITUD,-29.34279694,1
LATITUD,-30.72310724,1
LATITUD,-29.36386549,1
LATITUD,-29.9023713,1
LATITUD,-29.8909294,1
LATITUD,-30.48019742,1
LATITUD,-32.01959061,1
LATITUD,-29.97357469,1
LATITUD,-29.35901121,1
LATITUD,-29.3601213,1
LATITUD,-29.82861756,1
LATITUD,-20.89012797,1
LATITUD,-20.96830017,1
LATITUD,-20.8073189,1
LATITUD,-19.38887742,1
LATITUD,-18.3086,1
LATITUD,-32.75730307,1
LATITUD,-32.80457621,1
LATITUD,-32.19288163,1
LATITUD,-32.22107727,1
LATITUD,-32.8449505,1
LATITUD,-37.44891117,1
LATITUD,-36.87018029,1
LATITUD,-37.46632436,1
LATITUD,-35.38530878,1
LATITUD,-33.44487987,1
LATITUD,-33.01035946,1
LATITUD,-33.44895351,1
LATITUD,-33.61418537,1
LATITUD,-33.10203261,1
LATITUD,-20.07364073,1
OA_DIST_KM,0.0,330
OA_DIST_KM,<NULO>,86
OA_DIST_KM,0.007,5
OA_DIST_KM,0.003,5
OA_DIST_KM,0.005,5
OA_DIST_KM,0.238,4
OA_DIST_KM,0.011,3
OA_DIST_KM,0.034,3
OA_DIST_KM,0.008,3
OA_DIST_KM,0.006,3
OA_DIST_KM,0.015,3
OA_DIST_KM,0.02,3
OA_DIST_KM,0.306,3
OA_DIST_KM,0.069,3
OA_DIST_KM,0.059,2
OA_DIST_KM,0.054,2
OA_DIST_KM,0.14,2
OA_DIST_KM,0.038,2
OA_DIST_KM,0.002,2
OA_DIST_KM,0.171,2
OA_DIST_KM,0.061,2
OA_DIST_KM,1.923,2
OA_DIST_KM,0.071,2
OA_DIST_KM,0.216,2
OA_DIST_KM,0.293,2
OA_DIST_KM,1.103,2
OA_DIST_KM,0.022,2
OA_DIST_KM,0.027,2
OA_DIST_KM,0.017,2
OA_DIST_KM,0.049,2
OA_DIST_KM,1.377,2
OA_DIST_KM,0.234,2
OA_DIST_KM,0.27,2
OA_DIST_KM,0.409,2
OA_DIST_KM,0.09,2
OA_DIST_KM,0.346,2
OA_DIST_KM,0.772,2
OA_DIST_KM,0.023,2
OA_DIST_KM,0.361,2
OA_DIST_KM,0.11,2
OA_DIST_KM,0.045,2
OA_DIST_KM,0.328,2
OA_DIST_KM,0.04,2
OA_DIST_KM,0.586,2
OA_DIST_KM,0.435,2
OA_DIST_KM,43.698,1
OA_DIST_KM,74.243,1
OA_DIST_KM,69.785,1
OA_DIST_KM,2.531,1
OA_DIST_KM,1.85,1
OA_DIST_KM,0.168,1
OA_DIST_KM,0.047,1
OA_DIST_KM,3.169,1
OA_DIST_KM,9.593,1
OA_DIST_KM,33.361,1
OA_DIST_KM,4.037,1
OA_DIST_KM,6.903,1
OA_DIST_KM,50.991,1
OA_DIST_KM,1.969,1
OA_DIST_KM,2.521,1
OA_DIST_KM,0.185,1
OA_DIST_KM,9.565,1
OA_DIST_KM,0.112,1
OA_DIST_KM,0.636,1
OA_DIST_KM,7.491,1
OA_DIST_KM,0.297,1
OA_DIST_KM,0.649,1
OA_DIST_KM,21.753,1
OA_DIST_KM,4.014,1
OA_DIST_KM,4.117,1
OA_DIST_KM,0.748,1
OA_DIST_KM,0.111,1
OA_DIST_KM,28.997,1
OA_DIST_KM,1.09,1
OA_DIST_KM,0.648,1
OA_DIST_KM,0.666,1
OA_DIST_KM,41.771,1
OA_DIST_KM,0.642,1
OA_DIST_KM,1.629,1
OA_DIST_KM,23.69,1
OA_DIST_KM,0.716,1
OA_DIST_KM,0.86,1
OA_DIST_KM,0.403,1
OA_DIST_KM,2.745,1
OA_DIST_KM,8.865,1
OA_DIST_KM,1.8,1
OA_DIST_KM,0.151,1
OA_DIST_KM,22.642,1
OA_DIST_KM,2.052,1
OA_DIST_KM,2.449,1
OA_DIST_KM,4.749,1
OA_DIST_KM,0.705,1
OA_DIST_KM,0.25,1
OA_DIST_KM,1.37,1
OA_DIST_KM,0.242,1
OA_DIST_KM,12.373,1
OA_DIST_KM,95.727,1
OA_DIST_KM,1.268,1
OA_DIST_KM,5.45,1
OA_DIST_KM,48.88,1
OA_DIST_KM,0.694,1
OA_DIST_KM,7.971,1
OA_DIST_KM,10.998,1
OA_DIST_KM,1.604,1
OA_DIST_KM,0.655,1
OA_DIST_KM,4.511,1
OA_DIST_KM,21.477,1
OA_DIST_KM,2.228,1
OA_DIST_KM,1.15,1
OA_DIST_KM,1.507,1
OA_DIST_KM,2.974,1
OA_DIST_KM,0.286,1
OA_DIST_KM,2.042,1
OA_DIST_KM,0.483,1
OA_DIST_KM,1.045,1
OA_DIST_KM,0.032,1
OA_DIST_KM,1.346,1
OA_DIST_KM,0.773,1
OA_DIST_KM,10.203,1
OA_DIST_KM,10.157,1
OA_DIST_KM,6.279,1
OA_DIST_KM,86.475,1
OA_DIST_KM,2.001,1
OA_DIST_KM,15.541,1
OA_DIST_KM,8.348,1
OA_DIST_KM,37.625,1
OA_DIST_KM,0.26,1
OA_DIST_KM,0.977,1
OA_DIST_KM,1.774,1
OA_DIST_KM,2.308,1
OA_DIST_KM,5.534,1
OA_DIST_KM,0.901,1
OA_DIST_KM,0.196,1
OA_DIST_KM,1.079,1
OA_DIST_KM,71.631,1
OA_DIST_KM,14.883,1
OA_DIST_KM,0.037,1
OA_DIST_KM,2.66,1
OA_DIST_KM,2.222,1
OA_DIST_KM,0.674,1
OA_DIST_KM,6.965,1
OA_DIST_KM,0.274,1
OA_DIST_KM,116.455,1
OA_DIST_KM,5.813,1
OA_DIST_KM,1.418,1
OA_DIST_KM,4.084,1
OA_DIST_KM,6.181,1
OA_DIST_KM,0.289,1
OA_DIST_KM,20.501,1
OA_DIST_KM,1.372,1
OA_DIST_KM,3.04,1
OA_DIST_KM,0.532,1
OA_DIST_KM,1.03,1
OA_DIST_KM,1.419,1
OA_DIST_KM,0.206,1
OA_DIST_KM,15.138,1
OA_DIST_KM,1.81,1
OA_DIST_KM,0.439,1
OA_DIST_KM,2.808,1
OA_DIST_KM,77.523,1
OA_DIST_KM,39.497,1
OA_DIST_KM,8.264,1
OA_DIST_KM,15.227,1
OA_DIST_KM,7.886,1
OA_DIST_KM,1.21,1
OA_DIST_KM,3.304,1
OA_DIST_KM,72.094,1
OA_DIST_KM,0.76,1
OA_DIST_KM,0.341,1
OA_DIST_KM,1.186,1
OA_DIST_KM,0.28,1
OA_DIST_KM,9.211,1
OA_DIST_KM,1.012,1
OA_DIST_KM,0.095,1
OA_DIST_KM,8.543,1
OA_DIST_KM,5.885,1
OA_DIST_KM,0.268,1
OA_DIST_KM,1.536,1
OA_DIST_KM,23.949,1
OA_DIST_KM,1.172,1
OA_DIST_KM,1.763,1
OA_DIST_KM,0.473,1
OA_DIST_KM,0.106,1
OA_DIST_KM,2.054,1
OA_DIST_KM,18.846,1
OA_DIST_KM,0.474,1
OA_DIST_KM,0.847,1
OA_DIST_KM,2.207,1
OA_DIST_KM,1.41,1
OA_DIST_KM,16.005,1
OA_DIST_KM,0.696,1
OA_DIST_KM,3.166,1
OA_DIST_KM,11.256,1
OA_DIST_KM,37.984,1
OA_DIST_KM,4.07,1
OA_DIST_KM,0.35,1
OA_DIST_KM,10.844,1
OA_DIST_KM,0.582,1
OA_DIST_KM,8.85,1
OA_DIST_KM,0.96,1
OA_DIST_KM,0.287,1
OA_DIST_KM,30.292,1
OA_DIST_KM,1.173,1
OA_DIST_KM,0.001,1
OA_DIST_KM,0.596,1
OA_DIST_KM,16.155,1
OA_DIST_KM,0.933,1
OA_DIST_KM,0.198,1
OA_DIST_KM,13.311,1
OA_DIST_KM,0.686,1
OA_DIST_KM,1.363,1
OA_DIST_KM,52.488,1
OA_DIST_KM,34.942,1
OA_DIST_KM,1.175,1
OA_DIST_KM,0.32,1
OA_DIST_KM,0.214,1
OA_DIST_KM,0.063,1
OA_DIST_KM,3.883,1
OA_DIST_KM,1.18,1
OA_DIST_KM,0.218,1
OA_DIST_KM,2.922,1
OA_DIST_KM,15.844,1
OA_DIST_KM,12.347,1
OA_DIST_KM,0.852,1
OA_DIST_KM,21.376,1
OA_DIST_KM,0.708,1
OA_DIST_KM,0.068,1
OA_DIST_KM,0.6,1
OA_DIST_KM,31.816,1
OA_DIST_KM,1.286,1
OA_DIST_KM,1.998,1
OA_DIST_KM,36.02,1
OA_DIST_KM,0.102,1
OA_DIST_KM,1.109,1
OA_DIST_KM,0.57,1
OA_DIST_KM,0.004,1
OA_DIST_KM,0.622,1
OA_DIST_KM,3.456,1
OA_DIST_KM,0.078,1
OA_DIST_KM,269.134,1
OA_DIST_KM,1.866,1
OA_DIST_KM,3.88,1
OA_DIST_KM,23.344,1
OA_DIST_KM,0.307,1
OA_DIST_KM,0.272,1
OA_DIST_KM,7.584,1
OA_DIST_KM,4.685,1
OA_DIST_KM,0.902,1
OA_DIST_KM,0.83,1
OA_DIST_KM,0.725,1
OA_DIST_KM,4.446,1
OA_DIST_KM,6.485,1
OA_DIST_KM,0.985,1
OA_DIST_KM,14.052,1
OA_DIST_KM,1.032,1
OA_DIST_KM,2.739,1
OA_DIST_KM,0.584,1
OA_DIST_KM,0.043,1
OA_DIST_KM,0.014,1
OA_DIST_KM,3.823,1
OA_DIST_KM,0.393,1
OA_DIST_KM,0.052,1
OA_DIST_KM,7.122,1
OA_DIST_KM,12.995,1
OA_DIST_KM,0.181,1
OA_DIST_KM,2.983,1
OA_DIST_KM,2.095,1
OA_DIST_KM,0.114,1
OA_DIST_KM,0.415,1
OA_DIST_KM,11.712,1
OA_DIST_KM,0.096,1
OA_DIST_KM,1.257,1
OA_DIST_KM,2.051,1
OA_DIST_KM,0.626,1
OA_DIST_KM,0.775,1
OA_DIST_KM,3.577,1
OA_DIST_KM,7.131,1
OA_DIST_KM,0.213,1
OA_DIST_KM,27.289,1
OA_DIST_KM,0.131,1
OA_DIST_KM,0.291,1
OA_DIST_KM,0.173,1
OA_DIST_KM,0.067,1
OA_DIST_KM,0.009,1
OA_DIST_KM,0.072,1
OA_DIST_KM,3.393,1
OA_DIST_KM,1.141,1
OA_DIST_KM,5.966,1
OA_DIST_KM,54.295,1
OA_DIST_KM,0.097,1
OA_DIST_KM,0.116,1
OA_DIST_KM,0.325,1
OA_DIST_KM,5.187,1
OA_DIST_KM,2.102,1
OA_DIST_KM,0.077,1
OA_DIST_KM,0.731,1
OA_DIST_KM,0.407,1
OA_DIST_KM,0.229,1
OA_DIST_KM,2.784,1
OA_DIST_KM,1.281,1
OA_DIST_KM,16.919,1
OA_DIST_KM,1.555,1
OA_DIST_KM,0.084,1
OA_DIST_KM,22.558,1
OA_DIST_KM,0.135,1
OA_DIST_KM,0.477,1
OA_DIST_KM,23.005,1
OA_DIST_KM,0.294,1
OA_DIST_KM,0.262,1
OA_DIST_KM,2.108,1
OA_DIST_KM,22.114,1
OA_DIST_KM,3.241,1
OA_DIST_KM,2.311,1
OA_DIST_KM,0.825,1
OA_DIST_KM,0.109,1
OA_DIST_KM,0.225,1
OA_DIST_KM,3.74,1
OA_DIST_KM,4.28,1
OA_DIST_KM,56.425,1
OA_DIST_KM,1.256,1
OA_DIST_KM,0.121,1
OA_DIST_KM,2.245,1
OA_DIST_KM,1.837,1
OA_DIST_KM,0.101,1
OA_DIST_KM,0.744,1
OA_DIST_KM,0.808,1
OA_DIST_KM,0.487,1
OA_DIST_KM,0.261,1
OA_DIST_KM,6.976,1
OA_DIST_KM,1.038,1
OA_DIST_KM,0.609,1
OA_DIST_KM,54.779,1
OA_DIST_KM,0.041,1
OA_DIST_KM,0.479,1
OA_DIST_KM,20.324,1
OA_DIST_KM,0.49,1
OA_DIST_KM,0.03,1
OA_DIST_KM,0.026,1
OA_DIST_KM,0.044,1
OA_DIST_KM,0.087,1
OA_DIST_KM,0.929,1
OA_DIST_KM,0.246,1
OA_DIST_KM,0.019,1
OA_DIST_KM,0.065,1
OA_DIST_KM,1.297,1
OA_DIST_KM,3.098,1
OA_DIST_KM,0.38,1
OA_DIST_KM,0.016,1
OA_DIST_KM,0.827,1
OA_DIST_KM,4.52,1
OA_DIST_KM,0.771,1
OA_DIST_KM,1.324,1
OA_DIST_KM,0.931,1
OA_DIST_KM,31.182,1
OA_DIST_KM,5.011,1
OA_DIST_KM,0.08,1
OA_DIST_KM,0.466,1
OA_DIST_KM,0.018,1
OA_DIST_KM,1.61,1
OA_DIST_KM,0.01,1
OA_DIST_KM,27.715,1
OA_DIST_KM,0.048,1
OA_DIST_KM,7.026,1
OA_DIST_KM,4.125,1
OA_DIST_KM,0.143,1
OA_DIST_KM,84.597,1
OA_DIST_KM,1.125,1
OA_DIST_KM,1.128,1
OA_DIST_KM,4.425,1
OA_DIST_KM,3.716,1
OA_DIST_KM,0.458,1
OA_DIST_KM,6.847,1
OA_DIST_KM,0.862,1
OA_DIST_KM,0.484,1
OA_DIST_KM,0.089,1
OA_DIST_KM,0.012,1
OA_DIST_KM,2.973,1
OA_DIST_KM,1.766,1
OA_DIST_KM,1.453,1
OA_DIST_KM,0.137,1
OA_DIST_KM,1.134,1
OA_DIST_KM,0.125,1
OA_DIST_KM,0.058,1
OA_DIST_KM,4.869,1
OA_DIST_KM,0.459,1
OA_DIST_KM,2.392,1
OA_DIST_KM,0.042,1
OA_DIST_KM,0.366,1
OA_DIST_KM,3.798,1
OA_DIST_KM,0.266,1
OA_DIST_KM,1.054,1
OA_DIST_KM,14.297,1
OA_DIST_KM,1.646,1
SERN_DSTKM,0.0,234
SERN_DSTKM,<NULO>,110
SERN_DSTKM,1.658,2
SERN_DSTKM,0.11,2
SERN_DSTKM,0.223,2
SERN_DSTKM,2.97,2
SERN_DSTKM,5.768,1
SERN_DSTKM,633.148,1
SERN_DSTKM,1.515,1
SERN_DSTKM,0.452,1
SERN_DSTKM,1.657,1
SERN_DSTKM,5.76,1
SERN_DSTKM,8.196,1
SERN_DSTKM,10.843,1
SERN_DSTKM,1.356,1
SERN_DSTKM,1.41,1
SERN_DSTKM,1.342,1
SERN_DSTKM,0.421,1
SERN_DSTKM,1.048,1
SERN_DSTKM,3.351,1
SERN_DSTKM,6.821,1
SERN_DSTKM,3.478,1
SERN_DSTKM,7.392,1
SERN_DSTKM,4.347,1
SERN_DSTKM,5.372,1
SERN_DSTKM,4.086,1
SERN_DSTKM,5.801,1
SERN_DSTKM,3.024,1
SERN_DSTKM,5.176,1
SERN_DSTKM,29.874,1
SERN_DSTKM,11.633,1
SERN_DSTKM,6.363,1
SERN_DSTKM,4.118,1
SERN_DSTKM,0.927,1
SERN_DSTKM,3.786,1
SERN_DSTKM,10.742,1
SERN_DSTKM,0.002,1
SERN_DSTKM,4.72,1
SERN_DSTKM,0.283,1
SERN_DSTKM,2.347,1
SERN_DSTKM,10.039,1
SERN_DSTKM,0.519,1
SERN_DSTKM,7.551,1
SERN_DSTKM,1.4,1
SERN_DSTKM,5.418,1
SERN_DSTKM,9.707,1
SERN_DSTKM,2.099,1
SERN_DSTKM,6.11,1
SERN_DSTKM,11.281,1
SERN_DSTKM,12.144,1
SERN_DSTKM,19.03,1
SERN_DSTKM,7.456,1
SERN_DSTKM,0.126,1
SERN_DSTKM,1.799,1
SERN_DSTKM,5.873,1
SERN_DSTKM,2.841,1
SERN_DSTKM,5.675,1
SERN_DSTKM,4.69,1
SERN_DSTKM,0.258,1
SERN_DSTKM,1.594,1
SERN_DSTKM,1.446,1
SERN_DSTKM,2.106,1
SERN_DSTKM,8.577,1
SERN_DSTKM,2.526,1
SERN_DSTKM,10.51,1
SERN_DSTKM,0.237,1
SERN_DSTKM,0.24,1
SERN_DSTKM,6.642,1
SERN_DSTKM,5.043,1
SERN_DSTKM,2.585,1
SERN_DSTKM,3.573,1
SERN_DSTKM,0.875,1
SERN_DSTKM,0.369,1
SERN_DSTKM,0.709,1
SERN_DSTKM,2.506,1
SERN_DSTKM,0.041,1
SERN_DSTKM,0.454,1
SERN_DSTKM,8.828,1
SERN_DSTKM,6.989,1
SERN_DSTKM,0.948,1
SERN_DSTKM,2.274,1
SERN_DSTKM,0.611,1
SERN_DSTKM,0.407,1
SERN_DSTKM,13.104,1
SERN_DSTKM,5.883,1
SERN_DSTKM,20.815,1
SERN_DSTKM,3.242,1
SERN_DSTKM,0.895,1
SERN_DSTKM,2.633,1
SERN_DSTKM,2.922,1
SERN_DSTKM,1.816,1
SERN_DSTKM,0.261,1
SERN_DSTKM,2.871,1
SERN_DSTKM,7.699,1
SERN_DSTKM,0.172,1
SERN_DSTKM,2.019,1
SERN_DSTKM,3.455,1
SERN_DSTKM,6.85,1
SERN_DSTKM,13.63,1
SERN_DSTKM,2.941,1
SERN_DSTKM,67.237,1
SERN_DSTKM,7.263,1
SERN_DSTKM,0.458,1
SERN_DSTKM,10.257,1
SERN_DSTKM,0.138,1
SERN_DSTKM,19.88,1
SERN_DSTKM,0.3,1
SERN_DSTKM,8.916,1
SERN_DSTKM,3.049,1
SERN_DSTKM,0.112,1
SERN_DSTKM,2.166,1
SERN_DSTKM,3.283,1
SERN_DSTKM,0.106,1
SERN_DSTKM,5.046,1
SERN_DSTKM,0.093,1
SERN_DSTKM,5.275,1
SERN_DSTKM,0.341,1
SERN_DSTKM,8.03,1
SERN_DSTKM,4.34,1
SERN_DSTKM,0.045,1
SERN_DSTKM,0.02,1
SERN_DSTKM,2.591,1
SERN_DSTKM,67.241,1
SERN_DSTKM,4.073,1
SERN_DSTKM,1.74,1
SERN_DSTKM,2.187,1
SERN_DSTKM,1.269,1
SERN_DSTKM,2.678,1
SERN_DSTKM,4.222,1
SERN_DSTKM,6.957,1
SERN_DSTKM,3.402,1
SERN_DSTKM,4.418,1
SERN_DSTKM,6.261,1
SERN_DSTKM,2.467,1
SERN_DSTKM,0.533,1
SERN_DSTKM,0.794,1
SERN_DSTKM,4.821,1
SERN_DSTKM,7.881,1
SERN_DSTKM,3.533,1
SERN_DSTKM,4.125,1
SERN_DSTKM,2.048,1
SERN_DSTKM,1.855,1
SERN_DSTKM,4.221,1
SERN_DSTKM,3.358,1
SERN_DSTKM,0.38,1
SERN_DSTKM,5.48,1
SERN_DSTKM,1.422,1
SERN_DSTKM,1.309,1
SERN_DSTKM,1.322,1
SERN_DSTKM,0.623,1
SERN_DSTKM,8.387,1
SERN_DSTKM,3.213,1
SERN_DSTKM,0.676,1
SERN_DSTKM,2.484,1
SERN_DSTKM,2.673,1
SERN_DSTKM,1.214,1
SERN_DSTKM,0.449,1
SERN_DSTKM,0.512,1
SERN_DSTKM,7.642,1
SERN_DSTKM,0.074,1
SERN_DSTKM,16.547,1
SERN_DSTKM,2.966,1
SERN_DSTKM,1.154,1
SERN_DSTKM,2.306,1
SERN_DSTKM,1.623,1
SERN_DSTKM,7.383,1
SERN_DSTKM,5.136,1
SERN_DSTKM,3.155,1
SERN_DSTKM,5.835,1
SERN_DSTKM,0.132,1
SERN_DSTKM,1.62,1
SERN_DSTKM,0.324,1
SERN_DSTKM,5.656,1
SERN_DSTKM,0.342,1
SERN_DSTKM,4.742,1
SERN_DSTKM,10.505,1
SERN_DSTKM,0.166,1
SERN_DSTKM,1.669,1
SERN_DSTKM,0.088,1
SERN_DSTKM,6.19,1
SERN_DSTKM,0.338,1
SERN_DSTKM,7.02,1
SERN_DSTKM,7.455,1
SERN_DSTKM,9.374,1
SERN_DSTKM,8.156,1
SERN_DSTKM,7.817,1
SERN_DSTKM,0.158,1
SERN_DSTKM,1.746,1
SERN_DSTKM,3.184,1
SERN_DSTKM,3.545,1
SERN_DSTKM,0.672,1
SERN_DSTKM,7.956,1
SERN_DSTKM,4.12,1
SERN_DSTKM,2.232,1
SERN_DSTKM,2.329,1
SERN_DSTKM,7.843,1
SERN_DSTKM,8.111,1
SERN_DSTKM,6.88,1
SERN_DSTKM,4.643,1
SERN_DSTKM,11.374,1
SERN_DSTKM,13.182,1
SERN_DSTKM,3.823,1
SERN_DSTKM,2.455,1
SERN_DSTKM,0.22,1
SERN_DSTKM,0.111,1
SERN_DSTKM,18.68,1
SERN_DSTKM,0.134,1
SERN_DSTKM,0.73,1
SERN_DSTKM,8.703,1
SERN_DSTKM,13.302,1
SERN_DSTKM,5.813,1
SERN_DSTKM,6.881,1
SERN_DSTKM,4.486,1
SERN_DSTKM,0.374,1
SERN_DSTKM,1.196,1
SERN_DSTKM,0.035,1
SERN_DSTKM,0.913,1
SERN_DSTKM,0.014,1
SERN_DSTKM,3.808,1
SERN_DSTKM,3.51,1
SERN_DSTKM,9.034,1
SERN_DSTKM,8.604,1
SERN_DSTKM,9.995,1
SERN_DSTKM,10.871,1
SERN_DSTKM,6.327,1
SERN_DSTKM,0.548,1
SERN_DSTKM,13.269,1
SERN_DSTKM,10.182,1
SERN_DSTKM,12.852,1
SERN_DSTKM,11.526,1
SERN_DSTKM,13.429,1
SERN_DSTKM,16.815,1
SERN_DSTKM,17.557,1
SERN_DSTKM,15.683,1
SERN_DSTKM,9.92,1
SERN_DSTKM,11.983,1
SERN_DSTKM,10.624,1
SERN_DSTKM,2.433,1
SERN_DSTKM,11.18,1
SERN_DSTKM,12.718,1
SERN_DSTKM,14.787,1
SERN_DSTKM,6.016,1
SERN_DSTKM,3.0,1
SERN_DSTKM,4.446,1
SERN_DSTKM,0.525,1
SERN_DSTKM,5.117,1
SERN_DSTKM,9.54,1
SERN_DSTKM,11.22,1
SERN_DSTKM,7.668,1
SERN_DSTKM,0.271,1
SERN_DSTKM,20.308,1
SERN_DSTKM,8.779,1
SERN_DSTKM,6.39,1
SERN_DSTKM,2.41,1
SERN_DSTKM,3.817,1
SERN_DSTKM,1.911,1
SERN_DSTKM,8.17,1
SERN_DSTKM,0.852,1
SERN_DSTKM,3.907,1
SERN_DSTKM,1.338,1
SERN_DSTKM,17.533,1
SERN_DSTKM,4.651,1
SERN_DSTKM,6.355,1
SERN_DSTKM,78.69,1
SERN_DSTKM,393.138,1
SERN_DSTKM,10.091,1
SERN_DSTKM,18.189,1
SERN_DSTKM,6.949,1
SERN_DSTKM,3.899,1
SERN_DSTKM,0.827,1
SERN_DSTKM,2.055,1
SERN_DSTKM,7.832,1
SERN_DSTKM,251.362,1
SERN_DSTKM,16.98,1
SERN_DSTKM,14.376,1
SERN_DSTKM,25.353,1
SERN_DSTKM,11.892,1
SERN_DSTKM,11.025,1
SERN_DSTKM,687.127,1
SERN_DSTKM,24.911,1
SERN_DSTKM,1809.392,1
SERN_DSTKM,695.599,1
SERN_DSTKM,435.01,1
SERN_DSTKM,586.424,1
SERN_DSTKM,312.162,1
SERN_DSTKM,943.175,1
SERN_DSTKM,27.712,1
SERN_DSTKM,941.386,1
SERN_DSTKM,294.929,1
SERN_DSTKM,545.708,1
SERN_DSTKM,608.744,1
SERN_DSTKM,641.674,1
SERN_DSTKM,1621.026,1
SERN_DSTKM,27.658,1
SERN_DSTKM,1808.915,1
SERN_DSTKM,15.891,1
SERN_DSTKM,768.491,1
SERN_DSTKM,17.559,1
SERN_DSTKM,580.467,1
SERN_DSTKM,567.013,1
SERN_DSTKM,853.884,1
SERN_DSTKM,774.27,1
SERN_DSTKM,846.915,1
SERN_DSTKM,783.166,1
SERN_DSTKM,1020.162,1
SERN_DSTKM,796.329,1
SERN_DSTKM,1019.316,1
SERN_DSTKM,12.375,1
SERN_DSTKM,5.606,1
SERN_DSTKM,7.984,1
SERN_DSTKM,4.095,1
SERN_DSTKM,4.216,1
SERN_DSTKM,3.995,1
SERN_DSTKM,3.826,1
SERN_DSTKM,3.676,1
SERN_DSTKM,11.603,1
SERN_DSTKM,9.56,1
SERN_DSTKM,6.494,1
SERN_DSTKM,6.726,1
SERN_DSTKM,5.21,1
SERN_DSTKM,4.227,1
SERN_DSTKM,5.312,1
SERN_DSTKM,3.932,1
SERN_DSTKM,11.194,1
SERN_DSTKM,1.499,1
SERN_DSTKM,1.936,1
SERN_DSTKM,2.735,1
SERN_DSTKM,8.422,1
SERN_DSTKM,12.46,1
SERN_DSTKM,2.326,1
SERN_DSTKM,1.933,1
SERN_DSTKM,0.377,1
SERN_DSTKM,5.257,1
SERN_DSTKM,7.004,1
SERN_DSTKM,1.296,1
SERN_DSTKM,440.247,1
SERN_DSTKM,1723.461,1
SERN_DSTKM,786.607,1
SERN_DSTKM,549.2,1
SERN_DSTKM,915.769,1
SERN_DSTKM,687.923,1
SERN_DSTKM,531.108,1
SERN_DSTKM,401.88,1
SERN_DSTKM,400.777,1
SERN_DSTKM,1254.994,1
SERN_DSTKM,765.116,1
SERN_DSTKM,1185.193,1
SERN_DSTKM,1089.012,1
SERN_DSTKM,419.802,1
SERN_DSTKM,12.193,1
SERN_DSTKM,10.029,1
SERN_DSTKM,5.15,1
SERN_DSTKM,5.326,1
SERN_DSTKM,5.069,1
SERN_DSTKM,2.583,1
SERN_DSTKM,952.449,1
SERN_DSTKM,2.69,1
SERN_DSTKM,1748.854,1
SERN_DSTKM,1740.423,1
SERN_DSTKM,1082.777,1
SERN_DSTKM,908.376,1
SERN_DSTKM,1691.535,1
SERN_DSTKM,335.527,1
SERN_DSTKM,1785.073,1
SERN_DSTKM,490.217,1
SERN_DSTKM,772.442,1
SERN_DSTKM,1248.179,1
SERN_DSTKM,742.181,1
SERN_DSTKM,2001.526,1
SERN_DSTKM,601.586,1
SERN_DSTKM,12.962,1
SERN_DSTKM,13.836,1
SERN_DSTKM,1067.382,1
SERN_DSTKM,660.388,1
SERN_DSTKM,497.859,1
SERN_DSTKM,1077.721,1
SERN_DSTKM,780.386,1
SERN_DSTKM,1186.056,1
SERN_DSTKM,1835.907,1
SERN_DSTKM,1067.698,1
SERN_DSTKM,646.388,1
SERN_DSTKM,962.286,1
SERN_DSTKM,799.907,1
SERN_DSTKM,25.702,1
SERN_DSTKM,824.706,1
SERN_DSTKM,822.411,1
SERN_DSTKM,1627.717,1
SERN_DSTKM,71.232,1
SERN_DSTKM,981.314,1
SERN_DSTKM,1005.937,1
SERN_DSTKM,15.146,1
SERN_DSTKM,1948.585,1
SERN_DSTKM,797.098,1
SERN_DSTKM,688.815,1
SERN_DSTKM,942.022,1
SERN_DSTKM,1067.602,1
SERN_DSTKM,14.783,1
SERN_DSTKM,19.884,1
SERN_DSTKM,15.824,1
SERN_DSTKM,1470.762,1
SERN_DSTKM,1601.892,1
SERN_DSTKM,0.09,1
SERN_DSTKM,26.426,1
SERN_DSTKM,10.53,1
SERN_DSTKM,9.945,1
SERN_DSTKM,0.579,1
SERN_DSTKM,7.686,1
SERN_DSTKM,7.11,1
SERN_DSTKM,5.811,1
SERN_DSTKM,5.891,1
SERN_DSTKM,14.381,1
SERN_DSTKM,29.452,1
SERN_DSTKM,902.944,1
SERN_DSTKM,960.583,1
SERN_DSTKM,1121.295,1
SERN_DSTKM,1005.899,1
SERN_DSTKM,6.826,1
SERN_DSTKM,7.15,1
SERN_DSTKM,9.55,1
SERN_DSTKM,0.411,1
SERN_DSTKM,23.032,1
SERN_DSTKM,1514.105,1
SERN_DSTKM,22.296,1
SERN_DSTKM,1209.681,1
SERN_DSTKM,13.717,1
SERN_DSTKM,14.165,1
SERN_DSTKM,14.307,1
SERN_DSTKM,15.653,1
SERN_DSTKM,18.158,1
SERN_DSTKM,16.883,1
SERN_DSTKM,17.713,1
SERN_DSTKM,1487.837,1
SERN_DSTKM,932.344,1
SERN_DSTKM,1280.712,1
SERN_DSTKM,1244.113,1
SERN_DSTKM,2304.984,1
SERN_DSTKM,1196.544,1
SERN_DSTKM,1115.829,1
SERN_DSTKM,876.139,1
SERN_DSTKM,1881.002,1
SERN_DSTKM,1299.482,1
SERN_DSTKM,2538.425,1
SERN_DSTKM,1308.401,1
SERN_DSTKM,1311.987,1
SERN_DSTKM,2516.367,1
SERN_DSTKM,1314.763,1
SERN_DSTKM,1184.963,1
SERN_DSTKM,995.461,1
SERN_DSTKM,1317.053,1
SERN_DSTKM,1292.999,1
SERN_DSTKM,31.523,1
SERN_DSTKM,1629.792,1
SERN_DSTKM,1326.056,1
SERN_DSTKM,18.696,1
SERN_DSTKM,16.672,1
SERN_DSTKM,1345.355,1
SERN_DSTKM,1329.022,1
SERN_DSTKM,1342.191,1
SERN_DSTKM,1337.004,1
SERN_DSTKM,15.097,1
SERN_DSTKM,29.38,1
SERN_DSTKM,0.011,1
SERN_DSTKM,27.395,1
SERN_DSTKM,1276.27,1
SERN_DSTKM,1357.328,1
SERN_DSTKM,2113.054,1
SERN_DSTKM,13.446,1
SERN_DSTKM,8.272,1
SERN_DSTKM,5.967,1
SERN_DSTKM,13.978,1
SERN_DSTKM,5.086,1
SERN_DSTKM,5.073,1
SERN_DSTKM,4.773,1
SERN_DSTKM,36.6,1
SERN_DSTKM,1.133,1
SERN_DSTKM,2422.076,1
SERN_DSTKM,2370.834,1
SERN_DSTKM,2372.669,1
SERN_DSTKM,2346.654,1
SERN_DSTKM,2162.413,1
SERN_DSTKM,11.787,1
SERN_DSTKM,5.846,1
SERN_DSTKM,5.604,1
SERN_DSTKM,17.218,1
SERN_DSTKM,14.585,1
SERN_DSTKM,15.734,1
SERN_DSTKM,5.641,1
SERN_DSTKM,3.236,1
SERN_DSTKM,12.677,1
SERN_DSTKM,0.641,1
SERN_DSTKM,2.171,1
SERN_DSTKM,3.139,1
SERN_DSTKM,1.233,1
SERN_DSTKM,6.279,1
SERN_DSTKM,1599.839,1
SERN_DSTKM,86.808,1
SERN_DSTKM,70.065,1
SERN_DSTKM,79.378,1
SERN_DSTKM,1858.757,1
SERN_DSTKM,1563.748,1
SERN_DSTKM,1135.113,1
SERN_DSTKM,9.097,1
SERN_DSTKM,7.793,1
SERN_DSTKM,2590.317,1
SERN_DSTKM,0.025,1
SERN_DSTKM,0.052,1
SERN_DSTKM,1.101,1
SERN_DSTKM,1.232,1
SERN_DSTKM,0.033,1
SERN_DSTKM,4.681,1
SERN_DSTKM,2.772,1
SERN_DSTKM,0.215,1
SERN_DSTKM,18.644,1
SERN_DSTKM,20.096,1
SERN_DSTKM,2.028,1
SERN_DSTKM,7.327,1
SERN_DSTKM,2.027,1
SERN_DSTKM,1431.919,1
SERN_DSTKM,1497.662,1
SERN_DSTKM,2448.375,1
SERN_DSTKM,1527.885,1
SERN_DSTKM,18.209,1
SERN_DSTKM,0.083,1
