ID_POLIGONO,ID_OA,Areas pobladas (1),Areas protegidas (1),Atractivo Turístico (Nuevo),Comunidades indigenas (1),Glaciares (1),Inventario de humedales (1),Planes de descontaminación (1),Reserva de la biosfera (1),Sitios prioritarios (1),Zona de interés turístico (1),Áreas de desarrollo Indigena (1)
POL_1,538.0,7.554838616957788,4.863580316720915,4.846331331017679,106.66555096256583,86.07724561409728,1614.3853377379432,405.96803617647544,72.62175666040864,3.2987245355825285,4.757021804431448,64.76654107491038
POL_4,360.0,56.808569436695535,0.0,0.0,25.103572621825627,2.723536743577101,1567.6239970855688,366.1526513057931,0.0,27.052474695022408,129.9185676447927,0.0
POL_5,360.0,23.692048025939464,13.836398496589437,1.726260793339846,125.01869626617129,6.190265841247048,1664.123741726594,456.4400754761972,13.836401268506473,24.99495853468383,105.99019991156335,0.0
POL_6,360.0,37.734877102472616,3.464574709531204,4.5062481498141995,74.4227020330463,39.98186533725961,1606.6466412178702,396.98457219423346,32.92022660263945,9.662383035135662,43.81798490510215,21.44004732840867
POL_7,78.0,25.619386268874162,12.995958376585472,13.218142012007998,58.20291180869411,93.15897716710964,1551.743118736066,342.8141842422371,89.83768046709103,6.874656467830161,41.267665921502015,49.68741418453794
POL_8,22.0,33.01652381539651,7.768489241624042,7.98501001860631,62.67109659886657,90.47578562104474,1559.5085512447868,350.51014996901074,86.45969398451102,6.795152594673436,35.63221618143026,49.62633534520837
POL_9,250.0,28.730221639887418,0.0,0.0,86.63245956879007,17.398995959069246,1624.5927251943936,419.0464844771246,0.0,21.929456462439514,108.28714792933361,0.0
POL_10,226.0,38.006934893593716,26.950857945863447,5.959051211025679,10.448693585876853,87.86144280334985,1502.7589334861552,293.2248619804878,82.9704159685532,35.71780862379941,101.41576122649045,10.559204969392827
POL_11,539.0,2.9549770456382185,5.585498880662537,6.043110297414807,63.46725460269072,135.09930652130555,1408.964360231506,199.30722888620267,169.5956682928833,4.5072676347144425,78.79328360170634,37.62338195005799
POL_12,468.0,14.76245206201296,8.550675760134249,15.931018401577498,58.80300659210801,123.79539495347316,1389.4364467461094,180.40771833947304,172.7784430941832,24.511868499373854,51.620266431092475,33.925722411550275
POL_13,190.0,2.8772144162469195,6.937378612530159,3.1900917225593313,109.80404399633449,169.68765300120182,1350.325582653074,141.02937332254257,222.7975096844651,6.147684909864827,87.80803541588286,84.976374424349
POL_14,223.0,32.8302274731428,18.021030495658987,1.081094858595527,90.53360847875061,144.29911986942136,1328.3653163433892,118.93339196207964,234.40367550624867,12.454727906602269,79.77897676993724,77.14924564092557
POL_15,540.0,15.644994829641885,9.503305563859751,13.061343893423793,105.19356510496026,155.99294370018882,1347.2624721692787,137.572266298399,221.1137454349953,13.031642091760029,76.91580196062212,79.70560968330484
POL_17,192.0,24.13429577318654,10.660671885577594,5.995136425427128,97.16130542734544,148.55177735438863,1334.2318985272843,124.63056623232856,228.71177505647884,7.03453079940183,78.04903187500416,77.51861717624591
POL_18,541.0,23.144497094765036,10.943186128686445,10.787176358953207,101.52977698429673,151.04506588226727,1338.8077163603964,129.15802938023367,227.73900521784915,8.640954735520978,78.37742861805572,78.51478211172359
POL_19,465.0,51.42335798339105,5.847265756808935,0.0,59.736195028351474,109.61016556441335,1336.417801552814,133.92211922518283,218.33086566068266,21.92939325017067,50.72764355169099,41.493757149746806
POL_20,434.0,44.999891160466554,0.0,0.44590744473511107,53.83523836729293,100.95360590332882,1325.9577862927904,124.69176006460461,212.37483463202597,11.42765588518298,44.30871094351677,35.5445654590841
POL_21,434.0,48.181312719920335,1.8917603539321395,5.607196859718834,61.647095518913375,107.43041625002515,1320.437842790152,117.3043656908887,215.96276088983657,6.249049387921729,52.99789828082574,46.242617277567156
POL_22,440.0,46.31615151800531,0.0,9.518064606171983,64.07175388709932,115.73960373036961,1344.6257566882834,140.19856048650172,210.5938973429749,30.847037947816926,45.51922762720786,40.55463611410351
POL_23,468.0,24.126146289682726,0.0,3.4080903744511053,40.733420824718685,101.02403653508344,1455.7162808106273,246.1662316270364,115.42698346815594,18.806765654263838,92.02622308974094,16.678466947742674
POL_24,468.0,0.6250625166193267,16.580431676873886,0.4643874117386418,39.2578928142611,107.83810418730823,1406.927571896846,198.01301038123736,152.48628783989093,27.347805044052752,51.65233931969595,14.300589732181162
POL_25,460.0,58.421358562494355,38.6261411767247,22.638827682360073,22.587256513937813,25.346693877156223,1327.2032236400935,131.77063989611074,220.77373477924758,18.38067462085293,69.6133206026421,7.385954395945141
POL_26,419.0,42.835059697114545,41.30387041621731,19.212746995702503,21.087553040363677,19.875270409548463,1336.1066044427325,139.64405312942372,217.47280552373877,0.0,74.13534646358822,0.46918930822939475
POL_27,447.0,1.7715827936542814,24.12840284039886,2.0959130489776987,2.0832072812794604,48.519528103817116,1431.4143400699495,233.0595507455275,115.91780995130246,40.016014100550954,39.19772281992912,0.0
POL_29,214.0,6.3768515351047625,7.7545978140411735,7.871353419853911,47.374470110548444,111.0441488974067,1400.0384014303263,192.29876950014344,162.00348683925063,38.56907474328093,44.2385668221897,22.015740801226098
POL_30,542.0,12.452921745646366,1.8771917857111202,13.689110293537622,29.729337985581072,89.14441532965947,1410.2900169450907,205.72096358463787,146.35775467088018,57.56775428880644,31.588074876249625,2.6955474295257007
POL_31,78.0,15.568235951014973,25.77461388732344,15.337443588693992,12.971232303598745,65.2345700420389,1418.8044347473847,219.61860705405968,132.52547529100602,54.377464624331346,27.66092373309653,0.0
POL_32,543.0,1.2508384136245414,2.1188634303217277,3.2025216666860308,72.9620400649242,143.9137841015658,1400.0892657741738,190.59896702670602,180.02054528289315,5.62954475571617,81.88145620387981,46.92102710350437
POL_33,164.0,10.512875072394204,3.5128375431394905,0.07457736002657278,29.696324789729974,98.29419741791018,1444.6679781100024,235.24125377341315,122.53021058110191,22.067909068906665,78.51315590390072,9.76171103313886
POL_35,83.0,66.22813597391085,16.442425613311983,21.96194858129708,56.79265252767016,128.8381723651108,1295.8289855525197,88.52142422331224,260.0311766963026,14.56076376465003,94.295161770197,83.09145607338738
POL_36,110.0,18.54628408257306,9.327399916666577,11.68554592436185,103.71496102879578,154.03258612242672,1344.0794314802802,134.39616743851832,223.86669091153178,10.767043462039613,77.42358959834097,79.15925869905819
POL_37,63.0,34.59071912818619,57.60175605954345,29.27868521782907,45.627429989383074,142.6827736664995,1219.9074801173742,28.003309573623387,335.2658183311914,42.4350125709299,165.39508542879798,104.55901783279636
POL_38,355.0,30.042799103820684,77.927450676232,30.963567873543198,61.6299999088426,150.33476520904125,1199.7887569288296,17.19566933611029,355.36750105125964,56.581973378208026,185.11708544573116,106.85074096792243
POL_39,21.0,11.722801771275693,75.25755696763939,12.717867396179004,78.0940078627511,172.17902490647123,1196.0869671664195,4.443380083986492,363.3265555012457,69.28602892556695,194.90165536683446,129.47477945247772
POL_40,517.0,0.0,75.52256984090475,0.3204583469513638,85.74691732534761,183.05000339160435,1199.000421403454,0.0,363.47389601903893,66.83625683634875,196.71605681359569,143.0253721042396
POL_41,515.0,28.60580976499353,46.661978300905076,4.671929767202912,102.76643973993312,191.22960960857088,1169.01409662522,25.621496723586016,390.0498892072397,76.45287702325022,221.65953492724907,135.71483181520466
POL_42,291.0,27.27515125449204,38.2390393773422,2.0633009390534753,115.45946777979934,202.56350439515512,1161.0455677551427,35.15972018861334,401.43951438372574,67.31971952481494,233.55237124045783,143.9447488721136
POL_43,75.0,29.888420669658196,45.699541497117345,17.03879217750092,87.42277582463873,167.3092423097263,1142.1439935852259,8.333864477766989,401.8648286036168,76.34330738432931,231.08040304029342,101.4068699052145
POL_44,149.0,36.13381160239269,41.13277221522295,30.43404420638156,108.43714360295805,197.52094496011128,1102.9255842837053,31.334938575404994,450.6820792533627,59.8629434919461,279.78920515922596,120.60122241906005
POL_45,358.0,40.133106812039706,42.45126209545212,31.772527030843612,103.91277822291515,192.7996986756453,1107.4608592214067,26.485492282010643,446.26782428632356,63.53850478930574,275.3370731041276,116.2092401519748
POL_46,408.0,7.586467571561685,92.3926518836929,7.999695288424623,36.48272152274864,125.17780674860339,1128.1334838092355,14.102336846645517,411.5523346965159,40.61928220134055,241.91988845491684,46.81597625526954
POL_47,330.0,1.4804975786615842,87.40665363409867,1.7703043899001671,49.09216448197465,137.91226078625218,1118.2979357858721,13.000929767293748,423.536345068294,53.25075540091193,253.87323368000781,59.536062438069344
POL_48,373.0,10.724292064456462,90.38350389577303,10.930187321767251,52.64813582169991,142.07252302945452,1129.2212390992572,12.122506778012099,422.29078069916176,56.83047652354887,252.2165859265937,63.84502201200744
POL_49,212.0,19.401776466778085,69.62962244619389,19.722707845501823,48.21025656617959,113.81946340794005,1100.6739743909088,43.53903337815615,434.8130304020215,50.59285594377947,266.8815849775302,40.2487072919128
POL_50,176.0,26.066744819898403,76.9809799563555,26.30320100043822,61.20737851431698,123.70407862705257,1101.4510379671233,50.53158362020914,447.79070586832773,63.79294022732706,279.69486393892356,43.299013088287055
POL_51,544.0,52.03937142217527,55.517029381146,44.51800027159975,67.0686719183937,103.13228779448667,1101.689061032147,76.34238575725422,457.20454783872015,48.976300688441626,291.2879655566899,20.5364030414449
POL_52,278.0,49.94672263753546,52.28876085073501,43.93907157450459,60.913116021451415,98.96996540411402,1111.928927216143,73.52044221042007,447.76540452967384,49.03308302723098,282.1574973747766,19.971061305299916
POL_53,545.0,3.6595427996524608,70.9664503733774,3.5838193127421936,5.3774127049243425,84.95065129852945,1163.6033198838675,21.50784417457776,391.1221788898513,3.874126342302067,225.47411632742063,6.751805120028047
POL_55,27.0,9.698474583280497,80.5584650481268,1.2467643722496204,10.149124055361723,62.724011543981334,1187.0469652090644,0.0,361.18113505739194,9.370482586803655,196.41433375243767,0.0
POL_56,373.0,14.64159982345247,62.11040692699821,10.489243949756855,15.103853079335797,65.721982887586,1174.89144839253,20.550773214867252,385.9687787284524,13.150696784097411,223.11644605391194,0.0
POL_57,411.0,30.369946078985805,38.36245495035955,24.164787080072646,30.827189862479916,64.11320815724953,1161.416779131873,42.95343653856576,403.90248934177777,33.3152758310464,243.17107463609787,0.0
POL_59,359.0,27.597320700686208,15.381944000576732,1.1391958447434276,28.38275583003022,50.347575972322105,1056.3253350464072,133.43411145095232,498.00743033107227,0.0,337.469048216009,0.0
POL_60,546.0,46.523800527787714,11.406811429112263,8.540866740349879,45.291669342930966,20.196529634204314,1141.4498037804203,153.23579480576137,470.3977417742553,29.08363434458549,328.1305499835171,0.0
POL_61,187.0,110.25934866499868,47.17821842561981,3.907408432519126,110.80994829692304,72.02352015399642,978.1702214356233,160.07530340675524,569.2555704930661,22.268684235831373,401.2730419041791,41.579238382877314
POL_62,357.0,110.58620045619041,35.4822852810801,0.0,111.07680893781641,61.57400058442142,951.493981238119,165.60700442224942,574.3629234570506,12.55286486008226,406.4991420487432,44.08706240191357
POL_63,313.0,68.05580194149974,62.20741776712341,3.345519041775777,95.02916781279953,140.00840498427996,971.358052936999,150.8091961086045,571.8094929974269,63.80415488935924,400.79732681880347,117.38829164586512
POL_64,426.0,62.1194755839469,42.71678191211935,8.433550426710584,79.57570809060901,164.50195825076196,965.5524761162377,166.86903971746065,587.8863472466265,45.24162556368717,416.91848742191155,146.25978529576494
POL_65,435.0,21.68382591824957,39.99726672647875,18.45128924579602,102.35122358569522,200.0217728609372,998.5671006078238,142.93758066191904,560.3272486700729,47.580870669988215,389.9827077626784,166.4796273450615
POL_66,548.0,3.598347649103699,25.8603992465067,3.1099166214814264,115.37862562225979,217.45594945848072,1012.8711671872348,135.71040489585823,549.1209353880204,29.80714804615153,379.3543557868395,179.1221117307567
POL_67,36.0,11.144486633931338,14.877575903522361,11.348575165030901,128.99003167876307,208.10671210689975,1024.8208330303323,116.40219611382673,533.0747375717269,31.223000534831748,362.7425789860225,160.5229569299218
POL_68,451.0,116.67028057735564,66.06044430051396,39.81527474969528,114.36557870307367,97.7121694260145,950.9741862712954,175.98623653747865,593.012030371677,47.80417225480751,422.9739231174068,89.69521884720572
POL_69,549.0,0.6518422444555538,0.6191449155000097,1.3337050217521225,142.7202777690475,224.21212653114807,1039.8325811240072,108.40632616318192,520.5498882697929,15.635332012567732,350.782036933158,169.22368581537148
POL_70,477.0,5.396596036170956,2.243317307071667,0.47844791021028193,151.7242020093485,241.37748748836574,1049.334874657057,109.90762738207813,515.1164798528717,0.1818900725981889,346.2170182861516,182.65960295998917
POL_71,518.0,14.554346394097589,60.42510931678014,2.597384359127449,96.29396641148965,189.73070694360632,1183.1179737846626,11.659035475959579,378.2048203877611,81.82865026061289,210.9200812476612,142.2146652515633
POL_72,430.0,15.319165515002938,25.46329643084297,11.367777140487,120.71426828417582,199.05084655038598,1145.2411477207536,42.09398987484433,414.1448314036599,57.61610396332457,244.9806875642734,134.80928718302076
POL_73,430.0,7.274985710082861,15.156319908469523,8.390909087400926,121.26179922869542,201.84599669988614,1134.462569284829,41.54837845957482,420.75616868501845,47.56697026877786,251.5428664682547,135.21067513147958
POL_74,390.0,6.028774209602914,0.0,6.662919673489937,139.35991974878206,222.76174922978348,1118.7656875836174,56.88368898343916,443.1271203820294,29.145473918905147,274.37498013632654,152.9380486839827
POL_76,271.0,19.32166152057948,20.77165708890849,13.843662069823026,146.41669691184066,202.66077568135861,1052.4646006601376,78.74704598052195,498.7806212877156,40.59510197202543,327.919575010141,132.4007555017998
POL_77,374.0,20.214766226459062,12.609319413782456,19.164677259369746,157.21059490996632,217.1807245787383,1052.285184947684,88.03364904107166,504.22016092121333,31.477076686693184,333.8263137236983,150.71998038346305
POL_78,262.0,5.191838616265712,15.079825087172143,6.34158214974908,126.85999149040107,213.27042820130637,1023.573212922627,121.32242617103684,536.3159766099485,26.446398148222542,366.24082765292957,167.7453667532594
POL_79,66.0,0.0,8.984429985565608,0.22350580479530197,131.22370129610454,220.88908704258156,1028.490138104983,119.35166785527966,532.0718985089618,18.093110114612788,362.29932590247006,173.13281155528182
POL_80,295.0,24.98883939871604,39.83006838511128,23.627741757156457,103.4301607174532,193.0662440193562,998.3034865084519,139.1698055821743,557.9907188013137,49.855981472506926,387.39778972227634,158.32474717057045
POL_81,426.0,18.166090657299737,10.159561661187935,6.485654260486852,165.1229099091829,250.5619693387214,1062.716774756242,101.86912466456977,502.33761196890094,0.0,333.8672305724375,184.14816321246738
POL_82,358.0,21.50364682285852,17.044076709502882,17.45775860884761,160.8290661243422,229.14212292734734,1062.4658354737414,84.07023472648042,495.8827576866045,21.521090700905173,325.9385965552378,158.57747118760736
POL_83,358.0,25.491562050297475,21.96735137837082,23.1890805490942,154.35212971434626,229.6010505583079,1066.9365172163593,76.75157136282627,488.38285283366287,25.113944172557034,318.3821543376071,156.10110290031898
POL_84,297.0,19.754063626197585,30.26412935736906,23.661572749487615,146.40094364909893,234.78631847201572,1080.017961291528,66.96577427566652,476.91715253884695,27.98872838883354,306.9599840402429,154.63596122251892
POL_85,134.0,19.355941559816138,27.769420790716786,22.549835557697968,153.01975522961183,236.87807509197586,1076.5032831095593,73.80978563726974,482.9194960321192,23.845247767631434,313.1162098584872,159.10574043792897
POL_86,252.0,27.72274072465974,32.73785017955096,24.491476140117197,138.63930681005402,221.77587183297445,1073.0220524495587,62.049441699009584,477.056458723692,37.58178529296058,306.6214731782476,141.9761971266444
POL_87,27.0,73.85421643191862,59.118758608961876,42.65040188696966,74.41295980831663,100.35466789500677,1064.667346217557,98.14700500768097,486.6968626549357,21.616097745419605,321.0461160337677,7.713899647533086
POL_88,550.0,23.095613123328416,23.787481150363163,13.455194437326693,23.853695682463766,50.93379324808624,1053.2993457842013,150.67075430224006,516.5141396635981,0.0,355.87450003934026,0.0
POL_90,330.0,30.99574839445115,75.97320716780051,24.506673653513616,113.14785346407285,161.00625835752055,1055.3029448749057,72.58180370929253,490.2352061904104,91.25210019968348,319.83834559843467,77.36602596107718
POL_91,38.0,20.5820409293698,47.24478929620115,16.36284814587643,97.50477026187372,186.83778505351887,1088.145493541989,23.633324743611464,444.8274224963093,61.20785747048643,273.8063825344924,109.59018564156626
POL_92,146.0,33.944162278682015,34.08471674521484,19.670674228895933,34.340943416957955,61.59916618028818,1159.1102006603028,47.52745637708835,406.91650682758416,32.06981465737533,246.88583781235084,0.0
POL_93,220.0,28.82691503781434,41.01566115552939,23.71294920855247,27.712796111169563,45.79961630377249,1176.5008741402812,51.594148053829976,395.77444860166537,19.006666334908438,239.1588711022325,0.0
POL_94,378.0,27.019524407700114,68.07531296387775,1.5581930576186622,87.95047482132429,173.12956266552544,1090.6189560999999,35.75165967474762,454.6580914102971,82.83886913072914,283.8327773153065,93.02987279381453
POL_95,374.0,7.815999858586218,59.44244161096043,8.045741837804023,117.6957873770847,191.98152709156088,1072.2875537832153,59.53981513454984,480.2896059422153,74.24175871001123,309.2700120479573,106.520850658112
POL_97,303.0,91.0538617952283,27.468842472690323,29.793958958573644,89.23357280974287,99.1921389927527,874.5389693293308,144.963002111857,614.6118061794065,66.35432672919316,505.6271699478938,153.98747448125383
POL_98,217.0,8.480894949499826,57.22513113873864,0.0,6.878898261599225,194.26533484796477,866.7201518042372,176.4457234316288,590.1957011884537,0.0,518.4270835015736,222.51315697952182
POL_99,21.0,1.2097788647257637,57.57594893650082,0.08144326255650305,1.636966893732247,187.2018591573237,835.9587106645437,149.04225070310832,560.6598253712963,19.4798112760992,495.12006941345135,240.2270894764287
POL_100,136.0,38.42375771202884,50.389903414932135,27.77213945682535,41.47748953813467,157.82190274779927,898.5902684673214,186.15784382586838,627.2732853494347,32.41918331385002,483.41498876752155,175.56064605030295
POL_101,551.0,10.587779208471762,20.12876766825318,11.768410533255139,120.12476955591208,206.5860140267662,1016.3104586761507,123.73613930843584,540.2294110784402,32.523000222865655,369.95917168344806,164.13335079200309
POL_102,380.0,48.40529720531169,45.81154449290394,49.047622837273025,49.24143194646532,155.39484114187496,777.5503936391152,76.52729839569567,511.29389321247976,16.024854623932086,436.1334485613088,259.9005199805198
POL_103,55.0,46.59902728129332,39.48152702950698,47.52708596783576,47.36898091225239,159.9523404158931,774.7813521087613,79.15516632763126,507.4913243611213,17.722891692504856,433.3397510972453,263.33508824577154
POL_104,380.0,43.807082335638725,27.58603298842977,33.849456643974904,44.696688340427166,177.50295036395582,791.7925988177408,107.34397331765337,519.6596110772376,45.91198199027347,450.57828115749004,263.2266687158307
POL_105,66.0,47.87044985317325,60.705265639075755,36.3805768544355,60.0259187410704,134.25823324181871,788.23686115677,72.10506592291814,524.3570766861391,23.439276016068167,446.9904963991784,240.21843957508088
POL_106,380.0,54.813491762995,69.82327231349926,31.101414169222252,69.7020369244187,130.8353545463302,797.1454764398757,78.93569686949014,534.3430534072926,33.16369181423012,456.03557578367185,234.9542206294215
POL_107,380.0,54.52852977776301,56.34277671192234,34.87492090330089,55.10186213804407,148.39798185603502,802.4812842667801,94.85266257628864,535.5843092635813,39.12434068186028,461.0591965223617,239.76355785597173
POL_108,67.0,22.69013004456373,18.74692702397256,32.540493966915314,32.17482343359801,159.519418145873,745.9863121440524,83.09396158304757,475.71973443381796,21.324020460521243,404.6787897029919,299.7104347787405
POL_109,380.0,31.148811803803618,23.800627282253615,14.226733003023247,32.22717324066842,193.37934612476687,801.44348265083,127.32818242450745,526.2487727481428,51.800883684230264,460.69500211730514,267.56101214858563
POL_110,380.0,29.68494888241508,50.05421553929192,28.918323911733125,30.274344354474106,164.60797443806624,815.8126140185946,117.8582116732659,544.854760936156,45.41734498829605,474.44986876453436,239.3497806275062
POL_113,390.0,6.079569606895998,3.2654401397657646,1.5199173227907299,151.84493049161827,240.55646988573156,1049.459172877015,109.3744141074876,514.9927125248107,1.2589409690326414,346.0359988993551,181.76065337619423
POL_114,553.0,12.638694226336332,4.919939931993964,11.40972485487195,151.24842799408654,218.86627284488006,1047.1265864649943,96.27418647004146,511.1974569899117,25.267989885110683,340.9951630288695,157.17997214122187
POL_115,145.0,2.9131709963362336,12.706575483681545,6.956749186704435,155.97575309797793,242.93438688838324,1091.5654222965115,73.67265248587759,471.2546094244225,11.333559290151404,302.4164103206391,168.768881702903
POL_116,48.0,3.144554068456574,12.287621770829956,7.036994241704639,155.3585182566058,242.15891311128456,1092.685743423976,72.9438420480591,469.84450103129046,11.188796506442323,301.0475142401181,168.19866264994604
POL_117,27.0,2.834531202839624,12.31428389438032,6.774873559336007,155.7477846265741,242.64858802326467,1091.918919276817,73.40252739189582,470.56899073809916,11.065624824718153,301.75779532708424,168.5582913297415
POL_118,411.0,7.512594833534755,17.58622252414179,11.761523780779774,150.38452483724532,237.6136151044609,1091.130771972258,68.29528206107017,468.9036063887236,16.203253704317042,299.72845626909884,163.11332195126982
POL_120,518.0,8.026698579928704,72.40405798331994,8.062916527919025,83.22310863061846,178.00712400670218,1194.1982035827377,1.6125371873296588,366.07961949674745,70.65908043186438,198.26388059154385,135.00547935261773
POL_121,378.0,26.66904088325677,65.40772881715806,0.0,68.38124467187177,151.30212834281332,1145.9260000328845,0.0,402.16306011754676,72.03565233919842,231.14721550295997,82.35602457032789
POL_122,516.0,5.793675884904956,71.095341583853,2.3362511673007917,6.349203774197317,71.67921715074665,1176.9839047526252,14.12073596049207,383.31081186770683,4.5814923430368095,219.14270393649156,0.0
POL_123,472.0,7.254870848919955,70.020827227245,3.1678684734082427,7.820697410510851,70.67341324874364,1177.4108600455118,14.65380655488687,383.36983078217463,6.073730795905353,219.38889009688657,0.0
POL_124,473.0,41.64301961338936,100.22464678065165,0.43020930517409117,0.28223178671569327,34.990544053069996,1231.2216787095092,36.03997598718122,322.6918549692373,8.246236149599987,159.90683567174642,0.0
POL_125,473.0,34.45507173157879,95.62932809479604,1.212520833649043,1.1392238672015909,29.327710349668955,1225.0736628045306,31.190399969294297,331.01106391930773,13.15897912307942,170.6614718201471,0.0
POL_126,373.0,28.629041610410184,40.016476524806684,22.892605273069,28.776164345780984,48.3836915856099,1172.1913913771648,51.85152805697067,399.5106167765695,20.348362179319274,242.27015939682417,0.0
POL_127,528.0,27.69427802475168,43.20002188899237,21.438804326515044,27.15536725529621,47.36469218801531,1177.643759361773,48.74530704929064,393.6492271582447,20.908088725280656,236.64609245352852,0.0
POL_128,272.0,10.308480684182147,39.296275795367606,29.32271398862973,28.480478538908326,130.26825916042148,704.0697256906831,79.76101748526443,435.4306648537061,0.0,362.7118346272086,329.9358619964406
POL_129,169.0,34.45548078648284,24.497715155749763,37.00701885395766,37.358851122652695,165.1211489700527,757.5745627543644,82.80878448531422,487.8746345632488,27.24678400744801,416.2042040818852,287.2226477301219
POL_130,554.0,43.21546369191458,20.146518097145393,28.81454053227892,48.29988193327559,175.9855912775068,766.4170972383985,92.14586959365883,495.24384277147533,32.000900245766516,425.1530351742778,283.51478294801734
POL_131,555.0,32.5535903143525,35.82467175203073,33.491516418362444,33.2808516617336,158.45421396712376,759.5965429731448,73.14271404808477,492.2399070122502,16.490743412153886,418.15316186939657,281.0148500847689
POL_132,23.0,0.505786224002894,28.810822544684857,28.33994497288288,27.654897242938127,145.07187456495473,723.045207229588,82.12963421715335,453.16442929020536,0.0,381.751707571255,320.7274216479445
POL_133,23.0,0.0,29.981290939321575,26.68718267949486,26.01406690798655,143.81557504781702,722.9184792998752,80.55380823109432,453.3042638191544,0.0,381.60062095208036,319.835049902902
POL_134,204.0,7.639844301778438,38.93430642542676,8.518184262661112,8.128244741749908,135.37514671221666,731.5179776419144,62.0916850367778,465.7244910605618,4.4290910910764465,390.08583166999455,304.23799399755944
POL_135,123.0,13.305829228512582,16.679394746941053,20.053222647043768,36.691189828690234,157.82934457885838,732.3606939107481,91.17955017596556,460.42754242513274,5.989871485992422,391.2829314259859,317.33180181565785
POL_136,123.0,11.937251257471955,17.86011231313349,20.02927984096248,36.1526772545826,156.54843874881217,730.6189238588231,90.71092207756854,458.6964738573088,4.285165766963964,389.54563310462254,318.0592414520366
POL_137,222.0,2.6930274578947606,47.66240225825856,3.6200719753665465,3.460887508110355,130.7549550586533,732.006551271055,54.81599021215136,467.84962582424316,3.2258858382865645,390.6412428544911,300.10981232900605
POL_138,85.0,11.94043622878646,38.5070028738912,13.074936023513079,12.442388329707704,135.8074190410261,725.86795655093,67.11894689430251,459.00408390044396,1.3714675599996047,384.4257385059092,311.54365737733264
POL_139,127.0,9.830461251156944,40.810630714513756,10.970783074328777,10.326324793562527,133.85006326680448,726.0005104407857,64.99697032100906,459.71386660296054,1.2831307543292139,384.55806988924195,310.799877569001
POL_140,385.0,1.2992537811672524,9.683340280120454,2.6503903964576754,55.72877166791244,173.11053058997177,732.5298599789448,110.31184972681085,456.8668837084014,0.0,392.2364278744108,327.54656026691043
POL_141,103.0,19.503432765225142,47.1531348613259,35.5346361646951,34.664597708016345,131.24020589086615,702.5522272099397,82.80462500850086,433.7596234203911,3.9885839585014815,361.2130638176463,338.401551903246
POL_142,338.0,11.12000309065085,35.2647377886358,11.874702309751047,11.502293366045725,139.07403143019576,734.3291726387132,64.55547810718093,467.70604935567223,8.07913258562581,392.8877326041756,302.21519119443485
POL_143,230.0,27.30274277495031,49.480146730376966,21.198337312379145,51.37510015336365,103.36509554712096,674.524361656221,53.4050271151628,410.2739003990237,25.35856992716184,333.0901672718916,349.99280484239097
POL_144,64.0,33.30664452779556,45.03085630722523,15.310680486261484,49.44790285468262,105.50365817295034,668.8832061185949,47.83964860775194,404.10177691214886,29.59012409359268,327.44006481815376,356.55791435105
POL_145,556.0,23.33001909262832,55.9426868290317,22.763923571704144,46.001008540851494,98.03023098287221,674.0903537441002,53.36730621306321,411.57778877660024,26.15406663045769,332.7254860920079,348.1484486245598
POL_146,160.0,14.885145246037705,65.26687802175037,14.344902750374246,34.97539971993053,102.14880575590522,690.335349323022,63.010839912866516,428.0539950463159,8.85912454510829,349.02019204493973,331.1232475325056
POL_147,42.0,6.46134064793081,48.51657302858018,7.595116239157873,6.7285731026489515,125.52509481100431,720.8875125395916,58.78358638365685,456.20046926361783,4.4975041150995825,379.48066972962306,310.7142121364021
POL_148,529.0,9.388559829778494,52.70936554248574,10.318751058761636,9.584654607052846,121.27436810870317,717.0793093615548,56.877573583211,453.0743218976442,5.871369504127238,375.70045938868753,312.40083636531597
POL_149,529.0,4.601916894919023,52.943447033576795,5.085528440370425,4.746160215700228,118.33520557416497,720.3942734803353,49.27580684578401,457.86886134421763,4.383898946556304,379.1283558385979,304.40689244799273
POL_150,127.0,9.991607562595416,40.96249575332997,11.15766243580539,10.458992480558013,133.35405286832386,725.4084639335048,65.0117247224197,459.1709542694507,0.6750895376736126,383.9662780481941,311.69393263359007
POL_151,557.0,4.7467709505863125,53.798991774518825,6.099014216079615,6.381689575755269,126.62690183747189,732.1356242136962,48.76064868784424,469.35605287502597,0.0,390.87324254085325,296.8336602204625
POL_152,28.0,0.27012423786421724,86.27313966664008,1.1509810874948385,13.847713658908786,95.63452679080322,744.8749826989492,17.666270150253506,491.1470963318029,9.117239756717591,405.5633048613307,257.51499621991707
POL_153,558.0,31.04942580732329,56.99136327330396,7.188056942121467,12.015983187514593,75.30492467128883,723.9485182262288,4.88934353705556,476.77695641663576,7.178460325442972,386.64062051837465,274.0621515479513
POL_154,493.0,34.00282451904328,54.87138519318158,10.294655068857493,15.064588651692969,71.99672049743249,723.467227570373,7.975247088979787,476.9290730823117,10.448931832402588,386.34557419184995,274.5275350712609
POL_155,559.0,10.05288124161606,71.88945061308897,10.348942071363744,34.590056203482916,86.12106479586727,679.1916611090528,62.02134451706909,420.695390734031,13.338963215976635,338.29882506527827,336.4618211094255
POL_156,23.0,10.056257280388412,71.14046723108403,10.381083366427626,36.11678846615426,87.63893796981948,679.9677364571794,62.181451686556414,420.9604901132002,14.01203923261148,338.9870231535493,336.568142439397
POL_157,90.0,74.35327194880017,92.93553600269503,14.01988364214532,72.90845886760266,57.30236867475745,786.6475490946185,72.12386583885171,548.2477281405716,10.253731490091647,453.73188197430613,202.25349683970285
POL_158,351.0,60.365859810298446,31.987544837103222,18.93075680798109,41.739819025857095,41.777283865240484,711.305454957454,34.68698447696815,472.48351530612166,3.9142653450115374,377.2298565977187,275.6498906729956
POL_159,155.0,2.7814297350414896,68.10642266034596,3.1907627659099735,35.02829414067191,82.1829748383641,689.9040854649373,45.10079009323438,433.95004376270657,0.0,349.63223647494107,319.1763304417548
POL_160,18.0,10.003644492949457,47.322491242669976,8.663355421931243,5.953774113841486,72.25132641639772,464.437169510225,30.404292789299515,194.43689656797235,1.2505610953613802,127.87465162999801,553.0910626798048
POL_162,44.0,0.3513218905723748,3.0898753336278335,1.327396460089059,1.7110227627563683,161.0349344425898,650.9590116068824,63.47645020245441,372.6430416352998,8.641632782146885,312.49558129578276,407.9280746893061
POL_163,41.0,12.644743980618822,12.244760387013935,14.504970742005222,14.056948111788598,143.5132829557811,645.5862861123785,46.88722631365843,370.8752080963314,0.0,305.70751262260734,402.6320048811118
POL_164,213.0,6.52719018231108,3.0934288436191943,2.9053326125250014,10.806416255782104,158.56780395713864,638.4960950004858,59.70920161909863,359.7870733350505,11.312581608693971,300.4144944877595,419.87662027074197
POL_165,211.0,16.70626776372806,23.811172853089232,4.830038637826926,16.248562774020087,130.54198722667473,638.8854466048292,33.55521514775509,367.33320917362715,0.0,298.2383338559932,400.8546670161063
POL_166,398.0,47.6640537598935,89.6149717548829,33.45359383654803,25.955318232869047,0.0,404.69368163810134,123.67888028919825,181.48215661836653,0.4266305908218222,72.0413900310141,582.0452596946839
POL_167,348.0,43.42528221555899,102.69451690290433,8.632621792116684,28.924753043720564,4.246505840417217,481.448332674826,90.54305506301208,247.94284406929447,0.0,145.9272141607777,508.8176680015809
POL_168,448.0,1.1143467238361642,24.684224072118216,2.0558999160615974,2.189307879018451,122.74465086984839,494.13036194292545,0.0,209.20685733694887,2.73029985491132,166.12296841580158,557.7391041125654
POL_169,494.0,0.46473706570402507,24.055745094396997,1.4317330161650812,1.5738170199833326,122.9648372247343,495.4690957026597,0.0,210.76000637999454,2.0962370383193565,167.35876568850063,557.0930642423687
POL_170,448.0,25.643826763231175,11.417069508687094,11.312180648939718,9.637506316146295,100.61747487325268,511.35660026821785,0.0,238.1626484223176,0.0,173.90633549375661,515.2386044745487
POL_171,560.0,1.416104520210045,27.13468461043087,13.173753080907009,0.538797543669757,98.14930750404304,489.0283227852705,10.9901750903633,213.0081033035402,0.0,154.68723564386065,545.3786216877958
POL_172,561.0,0.6193602852427947,28.449980257823544,15.375173963872147,0.8434446289699533,96.01482604290867,488.2411828107104,12.763482993194842,213.0002080181176,0.019712943225078966,153.4037987010878,544.8282703307863
POL_174,448.0,8.000690963123159,29.20190035949943,8.183184092653,17.675410850353266,73.469726060353,418.83946235499593,58.489786666264244,143.48014160739538,2.580784050989973,90.03787588148391,609.6776690504839
POL_175,448.0,7.994672645812565,29.204899180186228,8.182451283283747,17.67090217838416,73.48032038401806,418.83694836738385,58.49248115243177,143.48394765252877,2.589940355495344,90.03558731087536,609.6822199504153
POL_176,448.0,11.711752227521302,34.711177111135555,11.862922099426086,11.999852143507736,72.49957249486756,423.7603860527782,54.44968428430157,149.2079850945767,4.532732682739871,94.92558503441427,603.448594066231
POL_177,448.0,10.77061325467227,32.46455429601812,10.993416049775098,14.82031115631756,73.28987624653203,421.79652341701984,56.380677546707375,146.88692397456654,3.2030449583893095,92.96680967815614,606.4108657600938
POL_178,300.0,9.923001422993138,31.96370031144656,10.132019523218851,15.69467139125403,73.2375881703684,420.91129692968434,58.02757586400294,146.02655044904284,2.811303791212218,92.08559657566393,607.7023529438501
POL_179,300.0,9.522357945008025,30.794470066964003,9.724575117471883,15.89414365838391,73.4319884580342,420.46040598920916,57.80483592670886,145.30790220561943,2.9074793567674933,91.64153875288156,607.86917245513
POL_180,243.0,17.17819787470383,43.05498455755901,14.846168398372479,17.364783439910582,98.36707955112263,471.89811442380557,6.97233330460113,191.6678511897398,0.4812311630895579,142.89022207050735,567.4364930428419
POL_181,367.0,19.95218180957901,40.614087473893775,8.526025073337456,19.606493045688353,104.70318888982294,472.14940478694155,7.234822013684471,189.69679879278604,2.8184097563584616,143.77181983387896,572.5324622049521
POL_182,367.0,24.17130122151678,37.30095141286061,18.601118053500635,29.29366112852622,91.12563049595906,451.3849217746798,26.887345743545737,170.94500435237848,3.0883963982784928,122.85947057223606,587.1412686770161
POL_183,111.0,8.83670792093591,19.26717744884594,10.325539410964518,33.76766900876727,75.64964488931676,403.2552895631065,74.89646714991274,126.97809104113577,5.224087142533957,74.80524856268839,626.5744719348605
POL_184,448.0,11.4493514839487,41.674846262087215,16.129635563673872,11.900727624438268,85.90747595767127,473.6404189772403,20.73364514056269,199.24327020203162,0.0,139.29444569796817,555.9951359704172
POL_185,130.0,5.093888788851161,42.96835940281677,4.920822661322382,2.013274552553988,78.58759210745933,475.2267043621309,28.3091910379956,204.49629215580973,0.0,138.2820556492567,548.5045636808708
POL_186,23.0,0.8340144939215661,38.72052243544928,2.0266508713016056,1.241888796152843,79.73937316295084,483.20358980820095,23.944961042947295,214.63467942433354,0.0,144.7611051313114,538.4001940829411
POL_187,158.0,2.383840937909492,38.120565138362444,3.3515984375966674,2.7974314091984427,81.19107614998805,484.99621697803354,23.113967006620456,216.36292116423274,0.0,146.53290399408831,537.7839166712162
POL_188,537.0,27.791399861018064,65.82330972382506,27.91697232299317,25.784930151713812,44.99637982331458,488.0494923225863,46.83776103602415,235.6930940061558,7.874195675915719,146.66799337824534,514.3853600813933
POL_189,334.0,17.86829779902686,62.43622069860462,7.96359644530666,12.080414641434132,57.25514817565666,457.27087351143507,46.15828349125676,193.78239830294595,0.0,118.08780193338796,557.0009407106377
POL_190,416.0,2.063841381215707,51.78117895547158,2.4017179493821943,4.508291470399901,63.18541388555162,435.64075929767193,46.35061053959345,165.64581688804762,13.39178104232469,102.13429261938725,585.9676819851439
POL_191,562.0,1.3821025634479651,52.25827908849232,2.2550980544171697,7.13667896175847,66.89866073786298,438.5968632331511,44.87380849013762,167.1242890923596,15.66898666742825,105.84021841248335,586.7128174586843
POL_192,484.0,2.0188406088777593,51.32372133959043,3.0204701611990954,7.227570903268539,67.80873803646394,438.4619225406588,44.41399838733141,166.5117128096833,15.435642087906933,106.11679556637782,587.2394354187072
POL_193,54.0,9.96630114305713,48.97188395327217,8.639171450620614,5.949227555191212,72.13939465341308,464.3133858920904,33.1420422144573,194.2951202352381,3.10870699456992,127.73523201489459,553.0695972432943
POL_194,18.0,16.385568202550196,52.14435302511147,15.358310674966953,12.769965382885204,75.03845867312783,465.5611896365901,30.924306901964652,194.54456848647237,5.414985267511216,129.59223600330074,559.7575941271645
POL_195,367.0,8.666216210702142,55.385472807693894,8.882335000940547,8.765133578572192,54.66513119838624,430.5882127080822,56.76496680790126,164.5129979462271,13.778760965275918,94.88105757006434,588.850238426064
POL_197,448.0,5.046095026765839,20.26605514557492,5.357425867788629,27.64256240992652,75.70656940862617,408.5007723716836,68.14069116068951,132.10549595979452,3.8850088776985365,79.90049304940293,620.1296969097617
POL_198,367.0,2.9034821348031024,23.317305789272528,3.2082484078355633,25.766345370008757,73.87023711359399,408.8817272968085,68.15226757755569,133.60685197425903,2.7486542080638965,80.16384757158174,618.5748615866568
POL_199,341.0,2.6655932940512144,24.469974672680515,2.9438303068300042,26.713525229946477,72.01344836295127,406.13819344737163,70.34436656501711,131.96257773110872,0.16511459626989325,77.36148356713906,619.6054582576407
POL_200,564.0,1.2422680708641924,48.36326097073146,1.514349487457573,1.4339591601391153,62.8392092899714,430.2174495592694,53.426518353988165,160.3564389409733,8.005905981151608,97.39999761807654,593.4391445904737
POL_201,484.0,47.45080381163217,23.40336211628236,23.741812520178794,14.835242736479488,91.60494162396756,531.3699147988254,10.58475260073425,262.2735959809432,0.0,191.54083428368043,494.1600532471072
POL_202,448.0,4.948815815125579,12.047251886380677,1.2748359928519506,5.973590822405783,94.08626626359771,600.9453661167078,0.0,337.18381314600094,0.0,259.5289281102832,419.34151576366844
POL_203,386.0,11.516143047989754,5.826373078586683,4.447109338810449,4.363143009292447,100.57974470784158,599.421964189875,2.248987765352471,333.911317957963,0.0,258.1154908169775,423.37912469327796
POL_204,397.0,1.0128364111969446,10.6739790203433,0.5629898893801726,0.6992315333505889,90.22793104926006,597.8975941267969,0.0,334.780057706161,0.0,256.4659406959966,414.3097796627798
POL_205,238.0,1.8473945678379862,21.314650335404018,3.268872346230921,1.062149969437754,92.82893616474072,610.721394742977,0.0,347.89703998752634,0.0,269.2780558538513,409.1262698079154
POL_206,565.0,6.820302178650471,9.03066635479365,0.0,4.325858850907295,95.91886435318544,598.6235891918225,0.0,334.3649082965949,0.0,257.23408560969284,419.42308878653216
POL_207,386.0,5.4645667714875135,8.770695443554775,4.115116775222959,7.999791480904215,92.90518104091801,595.8438589876838,0.0,332.4589370957697,2.353121773105129,254.41758262592617,423.67911142424504
POL_208,459.0,0.8377245305408015,16.99757176021697,0.9870106050660935,1.0889741239443433,91.6172762466198,605.6659359869703,0.0,342.8340277893651,0.455662127527204,264.22321846225856,413.117133205567
POL_209,362.0,0.19091356845636362,21.32070205840397,1.1080571244104982,0.6066348968723025,88.6608939248679,607.2401089942737,0.0,345.60675385557937,1.256485737462555,265.8076052251491,410.5333259628186
POL_211,470.0,0.5153831424897863,19.37505563543202,0.8588648704867483,0.7989025799171695,92.07097698978458,607.7565747458048,0.0,345.0619111501541,0.0,266.3133153908194,411.18005692019676
POL_212,459.0,0.8674343106961587,17.157177869495357,0.9837566100168124,1.0849015422547075,91.61027689227225,605.6584421351048,0.0,342.79704409181335,0.5234555994608732,264.2157788686203,413.4131967031659
POL_213,459.0,30.34968550511152,55.19058539058122,13.899851956570853,30.63131562098242,73.61123148024235,631.1339402347079,25.765264652746573,375.53125044624693,10.330788950157004,290.45901293437754,377.045403180342
POL_214,388.0,3.8035807787562232,13.894182940373698,2.4745472429429993,3.0448010874666678,85.44188955255919,595.8966000138238,0.0,334.86907125607917,0.32001041401553254,254.46542586924184,420.13418322601274
POL_215,186.0,9.879179890725533,16.7256437213227,4.45970530681027,4.63768484187456,80.31384725097487,592.9291658002298,0.0,333.718193341377,3.796177058197035,251.57027024985027,421.1284691964142
POL_216,567.0,13.479091292824442,14.909793450714789,3.9266977244257575,13.624523506497907,77.15770478782342,579.9639927483584,2.7692439807253395,322.1825562696061,0.1444969929640378,238.6590081557823,430.8758403806013
POL_217,159.0,3.2971102073551357,24.408540979819268,4.2384055980792805,3.7017060199576086,87.02766926178747,608.8932264828607,0.0,347.69465580638064,4.1043466462731155,267.47450502205197,406.79001128405065
POL_218,23.0,0.5356165397540867,24.54772796582322,4.349011129960573,1.1290139816899438,91.36657491946657,613.5210183869611,0.0,351.1222851732358,1.9826110634068004,272.08017177431907,404.3824204256956
POL_219,568.0,12.752597736891136,12.223303643197903,4.962579980853733,5.529835338461183,83.05217216369421,587.3692381853825,0.0,327.405566799393,0.0,245.95829016567617,427.46511199810504
POL_220,530.0,62.99418182580378,75.67718442053923,19.319764391047933,17.272276115975835,0.0,535.7451417035815,72.3272129773417,307.6108796869913,0.0,204.83801566760633,447.79105406996945
POL_221,302.0,83.11217968238803,3.5420748674066265,9.140343204545342,41.258582825427084,4.020367883306223,611.1096384214824,75.73387845987033,381.1801111332224,0.0,280.7301743581663,375.6834030836829
POL_222,229.0,94.57913416360118,0.0,1.8184717350626132,52.61041870495448,3.6872606319161076,621.2186430798315,85.42953319591592,392.3730745910597,0.0,291.4253930048986,368.09487137625416
POL_223,253.0,72.51174406456744,20.741845749700083,10.440462881895586,29.405888091490365,5.7351622314666715,595.8352033154146,69.29079067076543,365.7825862365041,1.276847232410763,265.1101750791176,392.80780726427935
POL_224,203.0,79.47280026889963,19.991021635594105,6.084208963372188,36.4173860901972,1.9855094581453605,596.3157403240239,76.92206172589592,368.11325083736085,3.7274332510202055,266.4996273245975,391.99255119285124
POL_225,241.0,86.79045013385351,9.596284900798725,9.192137824658328,36.26751515148469,0.3362378112333623,640.8274137072505,86.8188621953466,408.78431399469713,1.4968452859049173,309.50080595400254,346.3103071180377
POL_226,320.0,27.2108018283654,36.53778807536133,24.43379768388603,24.796304007243307,60.8865393856529,595.556380441131,8.898286578280066,342.87880102384946,0.0,255.16441885255367,410.65973655902644
POL_227,265.0,74.9419866157386,97.06071798374788,34.46494406519329,16.096025102481846,0.09554042731777238,520.3632321952325,86.8097617502193,293.9183932968098,0.6502661811553861,190.05353978288534,469.2093291594025
POL_228,371.0,71.34503601522103,104.15350169496946,33.29040444274899,24.421218421215183,1.1300037544897739,500.9968798370461,96.94539991229323,274.56052453199766,1.8765269463946792,170.10030740788653,487.29024484342705
POL_229,253.0,78.25318301321315,30.840899699892105,11.412352135236697,36.38859209131296,3.1526675170372256,584.8268105514433,77.75428766051553,359.7259416375245,4.763607113765644,256.89677965703845,402.29878414152734
POL_230,253.0,69.78396054989861,30.692022645125533,16.63354299117079,27.61827353291849,1.5080710199497713,584.8792573415386,68.97172952028164,355.48665516314554,8.248067279352723,254.1964621047976,402.72732111927314
POL_231,209.0,75.96016219911176,70.25743769022125,33.07544009767456,33.109788361682995,6.677036089247028,546.351571549891,83.2552879592646,322.8452652387841,0.0,218.49081676301574,442.00951353374643
POL_232,442.0,64.12691972281584,24.5966597841853,28.7018614712811,24.150116418552525,21.836003792270812,604.8294391823102,56.482964319084736,368.0511546383704,0.0,270.38222286804995,386.01814617904205
POL_233,84.0,99.38180732949372,2.7854884399315103,4.435696196570614,48.112137315483245,0.0723857065108043,632.7313792613803,90.87312741065033,403.7021154159602,0.0,303.0044383207277,349.8815799796648
POL_234,189.0,109.66859688095376,3.7073019104659655,15.178940847731294,61.25793290140631,11.503146422748541,627.7558917183546,100.67900027462998,403.3208319090305,0.0,300.8057173385252,359.61357806904243
POL_235,215.0,113.31769193423037,17.751361028598534,19.183057797702492,65.56772675558878,4.731569348055097,647.635935217677,108.20256447796474,424.9004850511117,0.0,322.0932730511578,340.41771325528805
POL_236,61.0,95.74448151059877,2.9761948416242254,12.836774238352973,51.26196046953044,12.15087866168244,658.3366841113523,89.069853032696,430.65254584860503,0.0,329.7887185235498,328.34960952204807
POL_237,61.0,99.26977061843297,9.597440732497098,10.18683850602427,52.54330196954368,7.092339605416725,649.445845556364,95.15807608877378,422.9639755983464,0.0,321.5190840047812,334.85164755260695
POL_238,62.0,72.59030684850764,3.412116990488738,7.427575754099054,35.673074542343656,25.35806999193239,672.2974347671411,65.79938714635728,437.0889727271199,0.0,339.6007982319152,317.4682971391138
POL_240,52.0,61.54917530257766,17.070788794752584,17.91205899382856,40.82590031257134,46.38425202885078,689.7316489649927,41.48948574277282,450.42226406138514,16.5503214316461,355.16420550947527,294.14465726698444
POL_242,459.0,32.63315850766442,56.1683921835096,12.086428772222353,30.364421247520525,76.82366524482859,638.5975517958667,27.237174180289344,381.70804230169114,12.294961639922617,297.7317339293237,373.39890535056855
POL_243,459.0,35.07340798647952,64.86225254545398,10.02962791384891,26.858730688679362,78.37547026987302,653.9367781433256,38.65281543134858,396.1561446145292,11.067647184303379,313.0179267997579,359.1952399075408
POL_245,448.0,20.267274177986845,32.993145843941704,6.0629069712682835,20.76205478636609,109.55954272534359,643.2614529630615,26.376933599998637,375.8958071876578,8.768393389620089,301.95861572831103,380.80418005755746
POL_246,448.0,15.539781824232426,29.666577629507263,2.6460540293935693,15.943975368633662,113.93430779603473,638.597508833845,23.516408411403006,371.0768839304142,6.014514276274211,297.3186381378195,390.3506488342935
POL_247,569.0,9.61383310846843,25.459930248094103,4.360227227394542,11.995579571184852,109.74268559496069,631.8945057232212,16.05688785861097,365.50195355548,4.45674201735418,290.5454959382006,394.96638823168655
POL_248,129.0,7.2548459139491674,23.02385456468008,4.407596062976415,10.367139641009738,110.51109068050827,629.8691695613173,15.16317245562694,363.19308508840163,2.1787080598334088,288.55117635107166,398.0699866529637
POL_249,230.0,5.787058055686038,20.139357477260653,0.6605139193881744,7.281046277586314,112.82797231477697,628.7995145805893,16.136570475168295,361.15534511709245,0.0,287.57769691854094,399.4055408296064
POL_250,152.0,0.14101464780843753,16.818812231564053,1.3004178728785423,1.954754212047304,105.35774732245635,619.8220967006988,6.735180834124404,353.78044440915687,0.0,278.48206806580487,406.1157847518011
POL_251,570.0,3.518935940956313,15.083747039682198,4.8920228854772425,3.895408168071027,101.6909574470453,612.6313544752385,3.2268015720901033,347.1669442190245,0.0,271.2739364166803,411.65845059248846
POL_252,366.0,0.14487661974042315,20.32778001186593,1.11671499290704,0.9077661097404323,98.491431667313,615.1323093502593,0.0,350.8607711949339,0.0,273.711389642731,407.4616249676297
POL_253,363.0,0.3157509255074749,17.41390011951805,1.8891619077078048,0.45405420211560193,101.2136211800969,615.5432939721647,2.4454095976635193,350.4114700129892,0.0,274.1591794985874,408.18516227261716
POL_254,571.0,9.989398946989668,10.786961050044939,7.008319959791283,1.405060728800218,101.84121850425986,606.4725609124238,3.6786515889772615,340.8101827322507,0.0,265.1520280562199,418.15086055170434
POL_255,163.0,11.59286209095476,8.183573206010854,10.822797919570952,4.852735369575653,106.33112477107292,607.3368793869823,8.171404998805153,340.33689251833994,0.0,266.1438010273656,419.53347443135243
POL_256,459.0,41.16164301494792,7.674047604735046,6.731653056818796,31.92333680919413,100.79185320215194,565.9698695583837,23.085202045193533,297.16939473704315,0.0,225.4510164457201,459.11837491876025
POL_257,73.0,29.199728022295044,2.6319026623659068,3.2666465266589326,29.899788584618882,86.72530445208847,563.0879143022962,14.601120345870338,298.9469740337227,0.0,221.80582352911958,455.143730708445
POL_259,59.0,41.050508742441764,15.890852283146566,8.720492127932424,8.218355242105101,138.19072520092612,577.768467192808,31.500018104650575,298.52673712185157,3.7151943051197396,241.41969770066166,472.9779292592123
POL_260,249.0,80.06736674708712,7.683097312305929,3.439260215048929,52.02506110387338,33.191845258857796,689.1231358828245,59.84880767663843,455.23863978706225,7.907691388405824,357.3413279738337,301.0480235527309
POL_261,199.0,83.76909032892586,1.9446938006389243,1.2083983098975213,53.66980580976323,26.762451260292003,685.997595576754,61.89850942735992,453.9492263751009,2.9959502681661325,355.2348322003322,298.4056007339147
POL_262,29.0,86.41866784083574,11.867760860656812,9.463722170251515,60.87523497450608,29.59504945083876,695.9717073280276,60.57654860634727,463.46765510003837,12.88707027939206,365.04251604757104,293.99971021775224
POL_263,122.0,10.61772539611948,18.481202399522136,13.622137017162718,13.130312864043816,132.6600892553778,628.3378951760769,33.80075365242829,355.3208854119792,0.0,288.1591454651826,413.2051341128083
POL_264,329.0,13.404274669128581,4.729043781889569,17.64564178941339,14.377541646907458,128.21457528929676,611.5688665017921,30.059684767841894,338.74204749947415,0.0,271.5245050429351,427.368830554091
POL_265,135.0,20.673313451048667,1.2441607498134843,15.488073316626974,20.856350658424166,131.87292342438008,607.030035854414,33.54757908430264,333.11229740605114,0.0,267.40862871175926,434.58610670242734
POL_266,324.0,4.650505076480981,29.375781432664976,2.215512485932463,6.603663236279216,91.59699733422029,619.0346224297731,0.0,357.166897474895,7.307765830178975,277.60905399097004,399.6003947735808
POL_267,386.0,8.500666336595076,33.49979901416819,5.358678567895216,10.084670217589581,86.9240677012885,618.7271979360248,4.59856700704826,358.3322187666645,10.962721219559915,277.3672963186751,396.82785165965777
POL_268,459.0,1.33161618978191,26.664791076671797,3.273927874700492,3.293035929688909,92.22604760800061,616.8840216256403,0.0,354.3340075835097,4.060089282616118,275.444283718634,401.1669540902065
POL_269,60.0,34.032597841502806,1.6233676994710249,24.513601195883837,27.09278751498384,117.4533222624386,586.4493271343789,22.434918623963362,315.34303986835124,0.0,246.2171657164549,445.16400109082963
POL_270,60.0,39.41399006746376,25.20043963916545,1.1176975976844656,12.833645810335323,110.36436927839131,551.8962611206985,12.313792582914003,278.0940656150122,0.0,213.3466098400758,483.61191917569
POL_271,102.0,31.910416707345505,4.489469877509627,11.59939656949581,17.02395370719654,131.3946250922251,594.8554008449897,34.54109994361976,320.5377869801896,6.222246204177351,255.56500850034215,446.21893938509794
POL_272,128.0,8.541723015432488,3.803918529602798,1.2438545427186183,28.972001849465858,86.1477335410806,388.26519953117395,84.53429794297823,105.52159489409321,13.542053872513106,63.99089062693195,649.0766037301792
POL_273,105.0,29.8097906202068,55.715454028260446,19.90697948984775,35.8673300785927,33.77571207537519,384.9915504329435,90.19135437173169,129.01285102352352,30.712691865295245,49.2659966086958,623.7220757754392
POL_274,449.0,6.089887053576235,5.604449048950901,1.8548148290367505,30.07787301059372,83.22901485073629,386.80222022155635,83.02914221210851,105.30993970876919,11.937334212272425,61.73192300643694,646.7295911327142
POL_275,87.0,12.740344553642803,10.349286474927457,6.926532237055494,28.21720523418076,81.04087683906816,393.68923583616,81.22599446250476,113.48050339662878,13.446839301934608,67.04426165871642,636.4545045084564
POL_276,368.0,8.29085371213998,33.854855820302426,20.84884065022677,41.54855323136773,58.49438494155446,389.7979378877955,88.69996067287626,121.6985035424563,10.12400955882741,61.08046453916218,631.5663661357264
POL_277,69.0,2.158275524765518,8.941655097226786,2.7208981450232868,37.354157640641354,82.3641491397706,379.6459586916238,75.87465717641948,98.82677586395943,4.8086340906705205,55.135059267007556,654.9871397877798
POL_278,572.0,0.09893089479666395,19.482354245921666,2.3889858773396595,3.3007962496062193,77.15742815336027,338.34031103440094,34.6690543396651,63.52087698011342,4.924242449051419,24.179941664188494,690.8295182312199
POL_279,573.0,0.6123749727211124,20.017728401638344,2.5065485707411392,3.1381791284524456,76.59974665006459,337.73378210015613,34.04833081002586,63.1471490006384,5.374232476245607,23.691938286062992,690.7696251772171
POL_280,574.0,0.4725421151494308,20.691152715260213,2.4812520742189186,2.93832096125833,76.05966754370043,337.14298590690834,33.44430824313536,62.717623594016445,5.590804597106069,23.318910326407487,691.5216947332079
POL_281,575.0,0.03019458208316791,19.094483743334727,2.748941028698873,3.7160343777678118,77.37167801925088,338.81191018908555,35.12833754755838,63.94715013535217,4.992606394776807,24.27165236768841,690.2387406302965
POL_282,576.0,0.03962115503925063,18.53564278557172,0.7493196752184749,1.9773715601405912,78.49383731813035,337.88084064750916,34.42675474214734,61.99772391614712,2.8974994137965897,25.974713708230993,691.80675257818
POL_283,577.0,0.17375296576533536,21.636245558444188,4.133035699794464,4.442520580802142,74.52029621644026,336.872183936075,33.10445766300213,63.40908686459066,7.227568245038501,21.48331634377872,690.5658201204967
POL_284,578.0,0.34253972334579524,22.256343241387945,4.853047930900937,5.09930820861997,74.20110309425252,336.977643745448,33.20315540130033,63.85902046096363,7.988661360830591,21.12789150619141,690.2385768850489
POL_285,579.0,1.0702013317139207,22.744840242070364,4.316975437803824,4.7832836652033786,73.58020331988678,336.2030377901663,32.42869631556473,63.147085111540775,7.915748664005337,20.65144071286267,690.9334336822242
POL_286,527.0,0.7016062666355647,24.09507922044132,3.0275854219438942,5.569732109274612,72.3589456867709,335.07866290623326,31.311949759835336,62.69971330900205,8.93167111941231,19.638252184242113,691.3909158853111
POL_287,580.0,0.6363820374001133,24.643063840780464,2.3298186255591675,5.956259348198093,71.64897103892466,334.51771662014806,30.7604935590707,62.43458866139111,9.347690162946552,18.950027471464143,691.5219566131176
POL_288,581.0,0.5249818377374126,21.20754197409205,2.889382878978536,3.167357249726734,75.41354445283608,336.8278994542843,33.10215220445362,62.73088370683335,6.060183805173019,22.606139947387835,691.4196653112097
POL_289,185.0,3.3253894503973007,28.43690596131057,0.9530893509260465,9.361362123592716,67.77933377672575,331.9408588603627,28.410085861761175,62.01555790672526,12.78677012069564,15.523114092545718,692.2645614949442
POL_290,582.0,3.7595428015167998,28.709641701044603,0.6334871486470448,9.824531915376129,67.75940478972774,332.411148685892,28.958077954741288,62.62648335440754,13.254135432399671,15.279373300913708,691.9368944527012
POL_291,346.0,0.6706949155689051,24.279391559744212,0.8684430578572441,14.334013376665725,72.42995134870078,342.91423979766427,39.830521016894764,72.96116787917364,15.009331875817962,18.140839792133455,680.0187160146556
POL_292,485.0,1.6308825234558488,8.3830969803047,2.1596896425577676,13.352035463133861,87.88977783502364,349.0836293344198,45.860841242903575,69.08738291112347,1.8141911441166785,33.85476909983023,683.9626226003911
POL_293,301.0,8.368471398714592,7.634696173393666,8.811222942232892,19.338476775643645,82.16133478133267,355.24390880782664,51.67180693023994,75.65938902586092,2.897537438654128,35.77598110510278,673.0664131419462
POL_294,177.0,19.085248942209738,37.97831037719492,9.718371424219686,19.9928579780253,54.13148596540427,349.8789576445699,50.41892511124437,89.00820766581127,28.599357376678032,21.472161568668994,664.339362056061
POL_295,86.0,14.606262890425802,35.286119171486504,14.93215720127191,15.447673987411108,58.591975594692684,345.52745877626313,45.81198989991325,84.5615181509446,28.936411340987547,16.95184765417321,669.5838997486723
POL_297,584.0,15.369343494421587,27.23571648578216,8.278138830156774,16.237893918210144,60.57465670399186,277.47538099932456,17.508101362964926,29.72571966087381,36.05649946720127,54.20489072898507,743.2803469415469
POL_298,485.0,2.4940318875484557,27.74613003717797,5.704921804232854,4.6078618821581365,77.24975719712552,326.2400696053469,25.103709067946138,48.354219760463266,5.368481705648833,30.564762289528694,705.1936714076274
POL_299,462.0,14.515632430952895,25.70856750380376,6.790793812752033,1.1272705883566971,66.5512355770215,304.4327420733379,8.872985966265965,32.65170339239908,13.179464360415489,35.69203381635068,722.0598247759211
POL_300,585.0,15.27044387580811,32.73826520944165,3.855392346532603,7.618259014741742,65.60600140165559,312.71122109709216,10.300823869098844,41.53771306983507,13.59717074544879,28.445268911731645,713.4632543378399
POL_301,120.0,30.101041337322368,1.580037201439387,2.9255407388632793,4.550028113988903,90.3188553098458,296.7913752230117,34.57483336528409,10.422778218632262,0.5986103142076901,62.71570209907579,744.0027802025438
POL_302,304.0,0.11236241051546685,21.6980476375215,0.38748203141990223,1.6071161870117592,50.75866761470004,293.80794083424485,0.0,37.980290244713494,27.44566964766535,31.076822951867065,720.2427022281009
POL_303,375.0,0.3032383894056184,25.08554372576526,0.7176165090365726,1.3537715552756027,52.344566413473075,297.79983885380557,0.0,38.42526346845305,25.483922486466607,29.660179581346558,718.8173234299961
POL_304,321.0,0.12528599285731967,22.690163677853892,0.5293947901768413,2.189268414056076,50.53655005090972,297.7331548514954,0.0,42.534519699528104,29.72624618292259,31.496143726245954,720.6225893507293
POL_305,586.0,0.3992746557454605,22.664297747867767,0.8190610412753176,2.418291306478724,50.63809620237858,297.4831248060915,0.0,42.49839320964607,29.973396988455228,31.771513231290864,720.9004662732007
POL_306,485.0,13.224349160400388,31.510728046494666,2.8703812759347698,4.627436127913587,64.16976330077357,309.2575667238326,7.396890975447642,39.284132801383414,14.442731599984848,29.881278085099797,716.1653483783745
POL_307,587.0,0.22181730810422512,23.930027081721033,1.1408147386734773,0.4977316616622974,50.28123720473016,300.22627064467116,0.0,44.44397676721347,29.497612959911677,28.69964497156934,717.8516009806243
POL_308,417.0,26.956594778648483,10.201404851135086,21.314446913596644,53.80959539288456,5.381944492079656,220.897993964529,90.03235777143304,94.03418095362427,84.69213127812961,72.5313949060709,735.4103404600529
POL_309,72.0,2.897310407225639,8.034747206447038,2.3608148929270816,20.242843718577472,41.36066481378444,280.4911178301086,15.193010775711054,47.50641565697823,46.59038942561941,40.76363024135437,730.8349715334615
POL_310,510.0,27.11007134672105,13.479892776407672,1.0439065861660466,28.89839928917031,12.925586546941075,293.4642172560557,35.463117002675645,77.49296343988571,66.34978353913384,18.14884397829766,708.9547633835075
POL_311,108.0,6.65531874507362,7.166670613397412,2.6853864487492642,30.90160847106041,82.78266434787052,387.71378700946764,83.94278180337288,106.75440709128077,12.835203825415732,62.230816407949874,647.1046773457101
POL_312,132.0,1.7867581766144809,8.824476321330529,2.2414741337448127,36.62827285814939,82.08749495737331,381.38916290591845,77.6150043734109,100.60173629797839,6.517010065487572,56.566941369914105,653.5445219969771
POL_313,43.0,42.26560627750854,60.17568095841697,19.933061621504855,41.83590441118273,27.08254451083045,369.80617119724855,79.03687135439417,120.17811175553084,39.74458350091818,32.98916474055075,636.7879224997715
POL_314,112.0,12.034466629029401,13.710266509582658,14.55924129820172,31.610526032750222,79.08803671164395,399.23883223105435,79.0372690237978,120.68534054585963,10.487175693198784,71.5389325832,633.0032011833213
POL_315,182.0,7.3188069847593695,21.56029461748873,16.09661836419404,39.66866429508557,70.58017431075577,391.0734139337867,85.75522743895567,116.17153915311805,7.134921215396867,62.72457574987524,635.955081665557
POL_316,277.0,15.081965963414758,39.59083452593643,7.548984293339831,6.004516245358592,57.691512590452504,336.2952403794818,36.532003075772494,76.54940860334848,29.010447845733808,7.548984293339831,679.5663780613561
POL_317,346.0,18.908982576565883,42.388122064031215,11.195569182128887,9.939838928527076,55.157905169018704,339.13817362699285,40.63859961289219,81.16996636007724,32.97161861515898,11.195569182128887,675.1984763911352
POL_318,425.0,19.023955750401914,43.41121051341185,7.959043090576552,6.898576555801811,53.93027987439562,335.62538888314543,37.438659564000766,78.50681490093642,32.92833633099447,7.959043090576552,678.6224479424689
POL_319,276.0,20.882257901882888,44.35711853131441,9.777887515762538,9.435455167526891,51.30986518370334,336.8264504724149,39.686328499430154,81.0888473803385,34.90260066096766,9.777887515762538,674.6124756841666
POL_320,56.0,55.0824513050968,35.49766345336761,23.472145939507204,54.509376327403274,0.2556326448749921,331.7527664064474,109.67134330082132,154.95635870804665,28.230006112392804,42.897401293578994,655.0232156257441
POL_321,399.0,59.29128292158448,49.66311416020961,43.08230321863641,57.81876795987327,3.650665739726089,359.0175733728341,115.35959616716029,161.79474271836372,2.7998348268358138,51.851457716481136,628.6849513394068
POL_322,489.0,0.8740408948801172,28.09042919153556,1.4025775071282887,34.41886558193676,0.0,116.97647583281831,108.6637322499653,102.00237428340168,0.0,158.68228062687632,631.4591701421666
POL_323,290.0,4.917100493280195,7.757300022789963,4.6786536534057,3.871529232885908,35.17361640142617,132.63096612857402,104.35933955990807,89.26462817142632,24.254353419750643,165.37813107779914,644.4853674045584
POL_324,290.0,7.046745926181686,0.18705243403119906,2.44855237912319,5.149250022095006,27.22904729835756,134.90806599927186,110.8476054174333,87.19669701543631,32.51015255442726,161.28396309506314,648.1978259933132
POL_325,588.0,5.465920127028333,3.1089885395825436,1.769895781428808,3.7054657145845193,30.363363190111752,133.45927243845748,109.26124053220187,94.41287617828571,31.006556828858315,167.7476572160705,646.6814662112107
POL_326,91.0,2.8116801779183507,24.321153602126987,3.7440466468180134,3.077280436598842,58.699193392444236,232.89720375298953,62.36568849853791,24.321149511416834,36.748898692726755,94.8957107874359,742.4446640420035
POL_327,264.0,3.1201275339516443,23.515878009084567,2.4399279423436178,3.4361385090114513,58.0033034598565,231.63016182345743,63.84829106764101,23.515877044390926,35.95585985822555,95.9362029861028,741.0564276499173
POL_328,589.0,6.531451340074481,20.408489974457336,1.580147503827847,6.992963529250092,58.42733306632778,228.201474110159,68.63882819094299,20.408488696560998,32.79174724053727,101.47381441507503,736.81585066236
POL_329,485.0,12.112652531688537,27.791111311428956,6.26664011724441,12.936045782602447,59.7391356897755,274.05718180272333,19.805648984963156,29.257012912376222,37.180032120651866,56.4267059526214,745.4533881809964
POL_330,24.0,8.864974675199145,23.77989305630186,8.453075096337212,10.008445177347545,63.993808536072095,271.69730440754915,22.938288716080457,23.779896779162847,33.8057842515188,59.87357116228465,749.0452618733002
POL_331,24.0,7.659299724615409,23.17465963433144,7.527087774209316,8.944454132677375,64.88480598481647,270.18013597970594,25.95881321080308,23.174663516553558,35.27862077676422,62.88313115282137,752.0503310006166
POL_332,24.0,2.7505996587383827,28.510907760958652,2.058257217504617,3.6536998972674763,59.79965760420941,265.3872554044072,28.476001005068273,28.51091168967399,41.26940844692363,65.01102502133979,753.9157767143907
POL_333,58.0,2.9999527783299693,24.55498250826753,3.752482049208166,4.270698213337813,64.24050677780427,264.40371484825727,30.94420390285653,24.554982482657497,39.240504209043046,67.78440941402094,756.8906720218291
POL_334,109.0,1.803663594919833,25.43454220854019,2.6890899299174458,2.697741444923295,64.03068230089677,262.66235052601814,33.82384688150164,25.434538570156356,41.46493283598502,70.60160006833209,759.6520483926537
POL_335,72.0,4.762149158459649,26.665908572464446,3.4044222737954866,5.931915816091992,61.97103103708937,252.2112095637001,42.17431723412733,26.665908839937533,42.63480137525696,77.66692615915682,762.1938921584374
POL_336,281.0,10.292638407148486,22.611173897071417,8.341732192630104,11.403428906069355,67.63263196743857,247.24482858798342,49.03117789078256,22.611176444875078,37.18775931545082,85.15813930552554,756.5416440286003
POL_337,153.0,30.53532749843886,0.0,17.848876215152693,39.48935576253791,92.04570100017382,238.73430003329685,84.88553628273671,0.0,6.076497714464804,121.15705645540159,738.1039748834695
POL_338,281.0,8.627388429208516,23.18992765786004,9.328537949048577,9.713281662280423,67.91720469868757,245.52518460596258,51.50486818199339,23.18992441045164,36.846438249382736,87.25612427761726,754.8444270007071
POL_340,364.0,16.075888000522408,15.826977401350096,16.18843847740326,16.274355769912734,69.6797690160902,125.70746916678597,83.5235821414181,92.35995746071039,11.315195519591489,147.71016024125558,629.2784771181286
POL_341,293.0,21.671004793398293,2.93984444650691,12.650558703290377,12.532320419565536,27.314776590839266,172.0967050597062,119.24468219034078,54.273080006497935,47.298016733191595,135.40980466633874,682.9671488108414
POL_342,590.0,16.15156287925089,0.13670195077541675,3.508611985686602,22.898660687696893,28.87702710134112,162.5566885891705,130.61254301679764,62.49859996998841,44.288971623478695,145.70684032310737,673.5544484226007
POL_343,591.0,6.978686096006766,18.14572691492852,3.0761844579246405,6.890179540172445,52.317423619170135,145.88169967445097,107.63311477699685,73.0127680316343,27.256837365896324,171.46716302303648,652.7926194856224
POL_344,592.0,7.781363996268659,25.000742166753955,8.35745451983197,13.614499288730661,61.0520669726791,151.34691691707923,108.2969185149677,66.29960449847147,14.159432599730962,171.22549101047719,654.4728851415816
POL_345,317.0,22.329987893377965,6.48865421599136,12.07249351164868,17.278888177631398,22.395841013197952,169.59050818150317,121.86721516643028,59.186315188643896,50.49186074785228,135.39989674628382,681.3392889109758
POL_346,356.0,2.4203229052773167,6.017191147191669,5.0355520962309575,19.089718234088117,38.24586144149388,149.8242356835629,116.6113703185452,72.16829646559387,35.36508663335056,159.87879954551207,659.9056119255056
POL_347,144.0,16.1504701009856,8.431756602554158,14.715075963579894,16.39143657348851,20.78961748190078,176.61938276769456,116.15283988279124,58.48232960523054,56.335366139714075,129.08701498522282,688.6823271267638
POL_348,593.0,21.12066162853421,5.990300814474699,15.288339822137717,15.239537892037191,24.460842612204203,173.89486574515666,120.10591820468808,57.24591246674634,51.24932613350268,134.5908366838466,685.3327559675743
POL_349,6.0,22.29316582951787,17.688766776330173,9.610493148592816,22.629414029962245,44.82996001521823,212.4547004374329,82.56462891986102,31.407701873474725,44.616190643778616,108.39292942254032,722.2593438249503
POL_350,501.0,2.2770548007520826,30.172217924555596,2.6055934518563113,25.104983500544293,67.04027107227338,161.42827397339963,115.72663358322116,58.27475385652462,6.196939302173038,173.66963213247223,661.9114950596371
POL_351,37.0,10.57445713757936,30.00611963411706,2.613518086404947,31.12568304863639,75.43879946537852,162.66873961314903,114.08417906331373,58.691151109269,0.611685883168824,174.19707312969734,659.7299784874251
POL_352,594.0,25.538127563530864,0.9974511486953381,15.045007525132837,11.477383030855421,34.28366997939995,174.22382861151596,120.90996020866916,50.010074655097945,42.41024822558557,139.7310302655667,683.7944393918877
POL_353,307.0,1.1987878400950687,7.489130150302355,3.0671593808482456,25.030018266619997,78.0731978636516,69.46351482825507,24.392444091638424,40.26012854188791,0.8801514265860915,87.23601236365494,567.9633980182107
POL_354,394.0,10.691433446707311,21.641686446933694,5.96751158847047,14.497829299815841,61.19321055142545,50.29278943925547,21.964450537497108,21.64168571522116,0.0,76.17043648896774,555.1617763258407
POL_355,595.0,3.5625999187178317,27.19249029196703,3.504244017627006,53.49595549072723,34.929762674801275,77.32174325866774,63.49428135396836,57.783964710869725,0.3695427476856186,116.15174981518629,591.1451724855357
POL_356,394.0,6.3503200768630546,24.143620354353846,5.765150076371869,20.529839722031806,57.31675891802218,51.10557317779504,27.98959829613962,24.143623005076552,0.0,80.71918168307951,558.705078998864
POL_357,381.0,5.647426826295018,26.312486341752656,6.218689787923632,22.275085251599176,57.79242785438658,52.91758317170071,29.74516442314098,26.312489022754463,0.0,82.88206794594828,560.8897567469068
POL_358,381.0,0.7673606785241787,27.795237848853617,1.9130720984119003,23.3303202442509,57.95552961814719,54.114731872823356,30.789584929685233,27.79524053491202,0.0,84.31389793886429,562.3725864862461
POL_359,429.0,11.183006381411873,7.100987898564292,9.634911179006885,31.885612164343314,33.831416832961416,37.741493451096915,36.64124120999895,22.50525672542525,0.0,80.53522217111467,551.6676428738401
POL_360,381.0,12.02008128123877,20.017139717619887,13.056051696332439,23.971173479994096,50.2106698820073,45.95423441805523,31.171145452448613,21.848523209484053,0.0,80.16965096176784,556.2586308264434
POL_361,396.0,1.2485588572250017,2.3024442141582853,2.04144365092979,25.005242323863836,47.06525296424837,21.85270642991576,19.28841878673677,2.3024439338185245,0.0,56.91592533661444,530.1623735820993
POL_362,369.0,4.603388410716968,7.5512146375006575,1.7750648064939565,25.422913962247954,43.15119502535891,25.760158641905626,23.695706656995313,7.5512107620147635,0.0,63.2570639630675,536.0328568956074
POL_363,369.0,4.846819199517526,7.520152859485706,1.9012896852604402,25.53014116086242,44.4565700674488,26.317852710637144,24.108233005731446,7.520148979033667,0.0,63.26397193837857,536.258334479783
POL_364,369.0,9.26369792493933,8.375222306952521,6.128109002069888,23.167910244260895,44.85039901752056,30.445006831474863,27.830800762933247,8.375218442183465,0.0,66.47969379776528,540.5034060102622
POL_365,121.0,7.106548066592309,5.7883862540551005,1.8469446796797508,31.245835184298176,36.886549853409456,23.920089736043575,22.562370459812,12.896696857548005,0.0,67.11862821624213,537.1029105812029
POL_366,280.0,6.52177218427852,0.0,1.4132241064728965,39.728755105491004,27.717146876057175,26.362751818889926,25.714119435600384,22.00568378431869,0.0,75.55636820067816,541.0532434527868
POL_367,286.0,4.307645437496753,8.678931354770153,4.193455527333804,4.681823081614013,56.66592966987212,37.79780389002294,10.762396017621999,8.678936258235417,0.0,61.850255922422946,540.7677363532567
POL_368,94.0,2.960974626609186,12.990463702618378,2.4336310527155844,3.2477235799114217,65.2288573699563,42.731552438669524,8.98202859511613,12.990465259504472,2.3200148532824647,62.45416581664028,542.249555932219
POL_369,286.0,6.962645814930886,0.16208474338925236,3.786445566874103,16.45955971289732,55.698881362089985,29.037579765737263,18.0013717968092,0.1620851876214332,0.0,55.693017934573355,532.8028811388523
POL_371,29.0,1.7057959527000786,0.16834350164735756,0.0,45.576810128397724,0.0,0.8328429869044944,0.0,56.44403626874615,0.0,91.67618789734847,495.51843925624036
POL_372,285.0,16.182909609677655,0.5415583737790456,0.9685678482366937,34.84899538675169,0.0,0.0,0.0,54.25616441647534,0.0,83.3333982172184,487.3450372267083
POL_374,332.0,46.94921644182992,31.134527060872646,30.99721179674603,96.67512974727329,0.0,62.4125748683713,62.12401647965446,79.74883353189821,19.476234151453106,129.4813315132408,570.1664587893454
POL_375,206.0,0.0,4.410951323388587,2.075015480176433,20.960993059667505,75.92008646643144,31.964849877943852,7.990430894343076,4.410948976902077,0.0020269743108891677,36.259903872264395,516.8107662114352
POL_376,198.0,6.43656567668876,2.753523923465114,3.692006691889725,15.434454266955465,87.61953610073587,39.82357543099165,1.8476705798415423,2.7535199908154744,0.0,33.27362292958728,513.596903516733
POL_377,312.0,5.197440074807208,0.0,2.5949811592479435,14.098776585699385,83.76060646796238,35.03447758232072,5.074705940674548,0.0,0.0,31.333963135910917,511.9596375635744
POL_378,347.0,2.4874698807945315,2.048994867970035,4.944716699269063,16.02740098356036,79.52898474835463,32.4282272667137,8.297920812888496,2.0489983863249237,0.0,32.2583775214229,512.9927213223338
POL_379,423.0,2.1949023459170545,6.618679975753851,3.55923297147438,24.414082288440763,89.99162906601663,54.06587431465897,0.0,20.9191379226898,5.198041786718446,50.50376752534124,531.3024803547529
POL_380,596.0,1.45137878734562,5.054783071808768,1.0320670525143691,16.22848500548066,93.54077927091942,42.73238055705856,0.0,5.054784245091878,0.0,32.337180409876375,512.766086287164
POL_381,150.0,1.957314503225202,2.9248101413541967,3.461038612356821,27.927906802654416,94.11598290893185,53.29100415742664,0.0,16.17674848530948,0.09141815038353783,43.244087876041135,524.9990309781747
POL_382,256.0,35.37895058915227,20.724235876992918,16.539083780150953,79.16009017914837,1.7683617606548305,64.33931133259895,60.572291158958734,68.1312385646284,6.020566463307662,121.11012404372455,575.2271204958108
POL_383,597.0,6.6236845472116,2.1945451650464984,3.932283422750076,14.919721423809715,87.94611418810462,39.67550997613841,1.5787314486186257,2.1945413686373763,0.0,32.71586841738893,513.0541879267382
POL_384,598.0,4.801006078417375,2.791417479197445,2.1094646939011867,15.518054667121032,90.14622012556042,41.063110797277744,1.140535430294128,2.791416069193943,0.0,32.78517041671032,513.2530072021581
POL_385,33.0,6.303534967976994,0.03218443733969,2.964332564884103,14.227304550025693,84.63707967944178,36.164990987680284,4.475927514054981,0.03218482387058097,0.0,31.746371321893843,512.2713941792566
POL_386,444.0,3.012007950682148,3.7331464809207033,0.41048569013718467,15.821602849407514,91.74412823442036,41.91072530467947,0.2823624443427746,3.7331478156706615,0.0,32.587503225820996,513.0747005634643
POL_387,193.0,2.643238115734094,0.06251913911351345,0.33008975166905175,26.055400939405853,115.44437161006681,35.987293374662784,32.30795309763788,7.923843612006474,0.0,0.33008975166905175,474.1143751559233
POL_388,531.0,7.744980185769568,10.869130346170413,5.815076943935222,12.07996582644531,97.01035475922781,13.249842347734374,11.555451992194119,23.767821534359054,11.870651347875738,5.815076943935222,444.39967975261453
POL_389,311.0,1.5301219605887257,4.218219192201018,2.6634278783776653,3.331763896980529,106.10900709281236,9.147242295805558,16.713283803023735,30.818634044892327,5.259312976649704,12.961719081707532,441.93564374031007
POL_390,599.0,0.11221062946411282,4.147588317782967,2.087750020137894,4.289975889201388,108.17037155618232,0.004323879737500451,12.91589003230074,38.64822926722973,0.0,20.50519641478556,432.616632766518
POL_391,26.0,7.812271332511693,7.562966843716834,6.443206582220821,38.70962668738402,33.727109616224645,0.9748507286598851,0.0,7.562967298351925,0.49565304380090186,45.99331223212768,500.6166536895566
POL_392,248.0,0.2920897447827806,5.0387956093062005,2.8235196431359664,29.12847351307525,45.266700630488096,0.0,0.0,8.763806033780334,0.0,34.140843355922726,486.11639219025096
POL_393,242.0,0.7168558026413492,3.843390756473824,8.301701390356074,26.217854102617174,36.4656586009829,1.0871748860569515,0.0,14.152031515661035,0.6560144861472594,42.66107929448238,487.9248818923331
POL_394,600.0,0.2380499005367993,4.167945559456795,8.48964268418422,26.401450408033856,36.212363462803076,1.2821713445463092,0.0,14.142606544480861,0.8331329349923756,42.934676945245236,488.1929065247959
POL_395,106.0,12.769780414139465,20.181421415275846,3.429995602858695,37.34933928508142,24.335665589793173,0.2218512288004234,0.0,20.18142283080094,0.0,57.52206153498436,501.34446275554524
POL_396,463.0,15.06419836780938,15.836641417073556,2.1309769535509107,42.662678422470044,27.32951585328947,0.24034521910464485,0.0,15.836642133246492,2.9268618494770604,57.66949297119502,506.4751512077313
POL_397,403.0,0.44363803361100407,9.934568595027798,3.457513669902456,5.557765848928348,28.782623703927296,1.6805142920617384,0.0,32.18949405915494,0.29578838750872527,50.423822865162755,469.5530613726845
POL_398,205.0,0.0,14.105567882046353,3.029007711725358,12.555130524993368,31.677795117583273,0.0296900255872502,0.0,30.780111116075844,2.1831745022593303,52.10483461242063,476.50284314736064
POL_400,218.0,2.281123740419437,18.661328025425057,1.6745081996870002,24.81323575508873,20.892454800963755,0.0,0.0,29.786848535125763,0.794814611309034,58.483648774338675,488.10733012258277
POL_401,202.0,0.3493783435403611,11.90450027190795,0.1398076302201417,9.657921575208784,30.19222886370618,0.8321270990184864,0.0,30.833350356895963,0.0,51.11728240935076,473.59232685058095
POL_402,492.0,0.0,10.378068131711183,1.6650248298181347,10.17701198297052,28.13412975889962,1.0871412043537163,0.0,32.934561126074826,0.4163625994259821,53.2805170987543,473.5883796200782
POL_403,26.0,6.22588466295098,0.0,2.2275512747640986,64.74287879313562,62.267129849600906,0.0,0.0,77.05958721124027,0.0,6.818709950272497,379.75000419010587
POL_404,200.0,3.9928777932160022,0.0,4.847850621066829,59.37959452776723,60.46120548043561,0.0,0.0,74.82521343020338,0.0,17.383087054720555,388.6022783960263
POL_405,601.0,2.1104255324712926,19.575109600740596,2.504568615949366,10.899788905492587,33.10370690810142,0.0,0.0,57.953988094419564,3.694552934715535,59.93888563224629,432.7141577583684
POL_406,602.0,2.461404217716944,19.530787498303752,1.4898804190630472,11.219568723740215,33.54344446256684,0.0,0.0,58.46392551065345,3.5827691333807503,60.40756197917636,431.54234146032525
POL_407,310.0,1.6525437677871353,17.665074098488063,4.469850782799687,8.381760412460244,30.680234675685934,0.0,0.0,57.892356847608234,2.1386229508371306,60.57261118258481,434.5818913579929
POL_408,208.0,1.6461672922391108,18.95133110843776,4.181836075970932,9.746963465720617,31.946359301942206,0.0,0.0,57.80199188702125,3.3907373679035553,60.0973906000231,434.3770312113573
POL_409,207.0,0.40350249712922454,15.600718865074805,2.0473874086708372,5.857169980609294,28.26199403827149,0.0,0.0,58.94687262342327,0.37248589308002766,62.926710174492555,435.79467798932046
POL_410,361.0,1.1575912399565615,17.397676439105705,4.012186610678895,7.739687069042785,29.975526055782485,0.0,0.0,57.51946406386508,2.0978534804258397,60.51143515937915,435.2621128686409
POL_411,483.0,0.564856419364443,20.752903126961755,1.8019749964194347,14.226706210580472,36.61318929709228,0.0,0.0,57.24893708284581,1.5193141471680223,59.142264803291766,429.9093173436366
POL_412,154.0,2.777969686289693,20.921830473885613,0.6985540460586533,19.45766546795934,41.78933620660607,0.0,0.0,56.405422137301066,1.1494993652721681,58.20504603131598,426.99031341068275
POL_413,228.0,3.5287065025629665,19.916886560127562,1.2781441937432265,19.911536680118292,42.18116057695995,0.0,0.0,55.70181805834811,0.44645418530272213,57.501910249884446,426.7060948864215
POL_414,318.0,2.577620629810422,22.18338086704154,2.2576977633012807,18.051638105865372,40.28333621043232,0.0,0.0,55.8434634121102,0.7112088214000726,57.68040166922146,428.6040338134803
POL_415,415.0,2.5739434152385425,22.196279706057997,2.170046562736861,18.132215532399734,40.386967276829985,0.0,0.0,55.9284905917828,0.8904256828797656,57.762322705417404,428.5066136355416
POL_416,326.0,0.04107752230373503,13.85367870362259,3.612118663475213,5.838764336479497,27.20741394686946,1.1653427640643936,0.0,43.904324422689896,3.5195632388063802,50.973798996454775,448.4168278195284
POL_417,413.0,0.0,13.867687657080058,3.6361034994599497,5.693131365636822,27.01231899073253,1.06476177305379,0.0,43.93889607259136,3.543602111075218,50.98658878715009,448.4409462089578
POL_418,479.0,0.11826786044363569,16.70880312910802,2.7425578888610174,5.078201704645563,26.47091121877415,0.37103160994733414,0.0,55.85110776022341,2.460616489500653,60.520344798994856,438.3109205769258
POL_419,273.0,2.3220812343861184,17.06391135446721,1.0718263774029744,11.232778077188442,31.745764920632908,0.0,0.0,49.90926207324728,0.0,53.2699071465843,440.3486853395953
POL_420,410.0,0.9795419828244724,16.55227973463652,3.1191236468763535,6.880671190772142,29.18255081950766,0.0,0.0,58.20519218104914,1.3869871409209305,61.58264552990808,435.6070572394364
POL_421,34.0,1.0679643689038614,12.521527746160803,3.066656827195814,19.867842313835567,33.76444649310456,0.4874852308086325,0.0,65.73319742522524,5.670491099022611,59.19773809701093,420.85166745623644
POL_422,413.0,2.8799945086679637,13.076163244799623,3.161523220039773,26.555502205638568,45.70760142553343,0.0,0.0,56.52029632097698,2.8716153788954393,53.2162803419128,420.915061372336
POL_423,522.0,0.0,14.057865666578072,4.865659644536456,5.005571496225412,32.56022408325965,2.083127731893671,0.0,29.361431831037418,2.9118227033975934,44.92498282140365,466.26200422796046
POL_424,361.0,2.478059408027419,7.747660598534684,2.4166934832947202,10.371001138624898,36.64937481927683,0.773548069570307,0.0,28.867921502396708,5.578780916043838,39.260770826379655,459.96584986059946
POL_425,481.0,1.9528097448317,9.012844169347744,3.8156079944774404,8.707499259661247,35.2093765197786,0.29504350858867245,0.0,29.568278900081328,6.250247357118102,40.52936135824005,460.56673262165214
POL_426,467.0,2.4317562682936056,10.236312662407526,4.622083844303615,8.640674687849023,35.68631981354333,0.46989116699653494,0.0,27.987699928845704,4.182741847531973,40.132520404670814,462.36182892602494
POL_427,536.0,0.06226484845831462,5.826391394678944,4.108390327776466,10.211482851147686,35.23281497426567,0.0,0.0,32.79357208336263,5.7989140037394264,40.994728621100705,455.77647199224685
POL_428,508.0,0.0,14.035922946309116,3.4264785693409685,6.405401662704117,27.32505832296879,2.180869677914516,0.0,43.22207202604602,5.283299826887991,50.95010840308332,450.19267715549034
POL_429,124.0,5.407381913647559,0.0,0.6258640468745075,19.943032382624747,44.26373776396852,4.213049882319515,0.0,31.555678822558857,0.0,33.68381895524824,450.6279099051264
POL_430,188.0,1.4094099020350355,5.615848896363917,4.562537074497816,11.177649129431316,35.13078272505225,0.0,0.0,36.11790292373058,4.725812248520929,42.359994671804664,452.0615557392464
POL_432,443.0,0.6626914200804808,7.237255304741404,3.3948572103520203,13.471988760947506,35.29272950288513,0.0,0.0,40.13707502097026,2.4327863761195467,44.16894496488042,447.53928067266537
POL_433,93.0,1.0071310666273396,7.155443784659395,3.766077245171163,13.566332912014438,35.61515959542561,0.3128266358881443,0.0,39.915293847252244,2.560039621476937,44.16461166021855,447.91139934444055
POL_434,603.0,0.7389079429994513,7.596039718632215,2.197334847939729,15.60449215540987,37.013500046602665,0.0,0.0,41.00019380667013,2.048900984394803,43.924264266165046,446.0271281591078
POL_436,604.0,3.435555748441266,11.134594865064004,6.0513728254606045,41.913150359974885,62.96359595566871,0.0,0.0,40.7138929975545,0.0,41.59390195014083,426.0260047966216
POL_438,605.0,0.4432555330216015,14.46229881731558,0.47737962071019036,32.73280300958269,53.80910962278576,0.0,0.0,41.28920286441217,2.8308089491608297,42.75501778852002,430.5658648210183
POL_439,606.0,5.429639310043775,20.090323805602843,1.125280270678911,20.88073243722059,42.444897085294706,3.08148782245654,0.0,51.27088927801912,0.0,53.078712752779225,430.1622389737552
POL_440,607.0,4.7253727871465365,19.446962485698045,2.9289260401953765,19.170463137979667,40.20363951389826,3.0404468829333986,0.0,50.33855091199066,0.0,52.21764427767479,431.8990684609896
POL_441,395.0,25.48064728828923,0.5938204373142199,0.7279589282274636,53.22039997679038,2.4717282022622054,0.0,0.0,111.98816437828484,0.0,107.36461746106006,428.465732298492
POL_442,395.0,30.62147798702044,5.388262521031233,4.1508972292516635,58.02990151820964,1.8934716847028525,0.08361493665877631,0.0,116.04637186521127,0.0,112.93311467096251,429.8927207576966
POL_443,608.0,22.678479721977183,0.8717218469098116,2.4417431449106353,50.52670598697434,3.3820222115638168,0.00723468957194775,0.0,109.67767926649782,0.0,104.2455712827495,427.41357446461143
POL_444,609.0,12.815803830294952,9.657644170524485,10.73475857325161,40.61196562846749,6.095816989817197,0.2447142758912355,0.0,100.30297821812833,0.0,96.18470848556564,427.3166763986845
POL_445,610.0,10.122282224258083,7.552462079081657,8.057508257978501,37.887635257816015,8.832773314225264,0.0,0.0,97.62190803674604,0.0,94.89582220010377,428.31541007264747
POL_446,7.0,20.311905645340662,6.063782777914569,4.401592936472667,44.076918246247615,2.8287300419439028,0.0,0.0,99.64241878711793,0.0,111.44016199884233,443.205286153239
POL_447,345.0,1.4342741023473757,0.5436904797639007,2.6560560806075317,19.235337163784646,13.326524455048268,0.0,0.0,75.37492965552393,0.0,87.17709457264324,445.75317245795145
POL_448,611.0,0.6797981689241949,8.462594454729906,1.27319399866414,6.968789262947295,12.675195487101426,0.0,0.0,64.83509902345328,0.0,75.02921815194235,445.4004745767109
POL_449,1.0,0.21765277890903528,8.786371153498076,1.7102576451692544,7.34586886673766,12.128918159736456,0.0,0.0,64.75376323669023,0.0,75.19768418387676,445.80418330081244
POL_450,77.0,0.5120729785480294,8.194509608915595,0.12589233950027234,5.359965313841945,13.433878345553445,0.0,0.0,64.23480320889865,0.0,73.8335688291929,444.34770407623273
POL_451,612.0,0.72543203059644,7.684686051814213,0.7938057686236959,5.462886550412988,14.618492350279935,0.0,0.0,64.55077292247773,0.1464325718030433,74.02613789207885,443.8617622515673
POL_452,495.0,39.94163603966379,1.7872400531429466,17.98352959117246,53.3370764749345,1.6580156470394671,0.0,0.0,88.53133119010731,0.0,112.604856281604,476.7026057040928
POL_453,336.0,50.05669564514493,0.0,13.143525443542734,78.5717604626044,0.8210350447758726,0.7129592740690324,0.0,138.84015559154682,0.0,106.74889300018077,399.18509407931913
POL_454,415.0,0.23750360537775644,11.428775566960024,2.2359010872110905,0.5530356801223523,22.443431420367855,0.0,0.0,60.081684995876344,2.031021680231417,66.27732118743786,438.8329370236684
POL_455,174.0,0.13838815075503982,10.214185129575272,0.6073275562790375,1.736664577605888,21.541486481223444,0.0,0.0,61.28713122148582,3.223041611097847,67.72239247434165,439.04150100014476
POL_456,414.0,0.0,11.11162325189966,2.1840788322073585,4.760127487020013,18.031133478922595,0.7189623999198455,0.0,54.90022263736952,6.596298859366236,63.448797819939934,446.0014857852767
POL_457,613.0,0.0,10.798643724631626,3.035380825213561,4.003610577203261,17.54082838249692,1.2816029043848083,0.0,55.36051992583318,6.016960269309178,64.15883252996517,445.9025827701735
POL_458,614.0,0.0,11.22462343908139,2.034417259292481,5.360747430880503,18.236507040010657,1.0227950085284614,0.0,54.35157422823346,6.873766076307223,63.06492117896183,446.3638817538335
POL_459,615.0,1.005666510207905,21.31798598175668,1.7508934423951747,39.41584709599673,74.81339265953302,0.10271574085372831,0.0,35.227277518159575,0.1303876999520353,34.187752351473456,426.9529243018106
POL_460,616.0,1.0638896496323769,20.764099982163213,1.9975399990414706,40.07901986089593,74.04865540395808,0.0,0.0,35.04601663864364,0.0900013388345335,34.469885970341544,427.2043576134109
POL_461,481.0,1.1286278131576664,21.02221116363993,2.700883935183431,39.36327473657627,75.46065299323227,0.0,0.0,36.40306237577891,0.0,34.84712219918163,425.70044084166415
POL_462,519.0,12.218634298108315,22.086536449107857,6.141032127502114,27.39545448897462,89.82921342679269,0.0,0.0,40.14721744261679,0.6105303098374046,29.813569805052765,422.50898208036625
POL_463,617.0,3.377335324806216,19.04394459714835,1.5334772915191703,38.20266764017692,78.59516263724909,0.0,0.0,39.24974737494935,0.0,35.72800101559053,422.4994101873141
POL_464,618.0,0.01081564880189293,22.478350514275743,2.462163467102384,38.03941362594041,76.90463035768596,0.6151570298178467,0.0,36.024325426988995,0.7609127753433257,33.686622807523804,426.17636459915656
POL_465,535.0,14.113646908658389,13.013534820398108,5.770322709199848,35.25731976485528,87.30859855572989,1.165397773570352,0.0,47.32194505663879,0.0,29.60339275757052,414.4733676805554
POL_466,619.0,11.637040875162295,18.4539984629214,6.513778040791831,23.727459633918603,100.79096114099939,0.0,0.0,48.19463084162545,0.13966604664114232,27.250798083428357,417.49792674481006
POL_467,118.0,1.8532277372611201,9.40982867405357,2.3523847507201947,31.83599803561118,36.127323659280975,0.8728552648353783,0.0,70.85054234474623,0.0,48.21579681193592,409.65777326955185
POL_468,496.0,0.1223680223190102,11.39093687940857,3.5910188263708767,29.950076197240914,35.03782531392321,0.0,0.0,70.38933726687445,0.0,50.19562999804911,411.3257313465616
POL_469,79.0,1.2939969918841767,8.061701330117925,2.0606645490205215,33.021556016773445,54.1122734462373,0.0,0.0,49.73368574507328,0.0,51.108937632382705,422.1997618811386
POL_470,443.0,1.1585721148470318,10.931022573824329,3.3938179204103034,29.576104944858447,47.10327243419274,0.0,0.0,56.972111759745864,1.8290911080224341,51.01404909602598,418.98445032357716
POL_471,620.0,0.0,8.751969189967523,1.305082023344336,18.466696778359076,45.5736711703349,0.9143220861423634,0.0,16.046465978639333,1.7250312469404452,34.87041243029408,474.0576441951644
POL_472,621.0,3.1718075483797024,10.118368732539569,4.127339854373797,33.90734939332069,54.88989937433027,0.0,0.0,44.74554214062547,0.0,46.062857696043345,426.19456706562295
POL_473,622.0,0.0,13.206583934849137,3.61888316959419,9.749347799574387,33.49801873606243,0.9985723338391456,0.0,27.66583697880532,0.13189154017794455,47.5434420282451,473.34890219611447
POL_474,232.0,5.220254036541666,13.927052848296976,4.986926696061218,12.218331862509842,39.88727868898543,0.6918080316144732,0.0,23.067277834483157,2.8241684576371027,37.74760620981512,467.1439189961175
POL_475,623.0,0.6179462187023718,1.8808052091849705,3.7129746022011,26.549961706699833,37.28095034412688,0.0,0.0,9.465205722910168,0.44421169512277614,38.30528553340555,486.73765533264134
POL_476,624.0,3.137358295167728,10.689867333230655,3.3678047998778977,29.138348530644297,31.16196664890633,1.1503115797449812,0.0,73.42964212933875,0.26228436098101754,52.58363698065044,411.2954420428361
POL_477,279.0,3.86453351893437,1.2345058269085476,6.615624834894219,25.901139582200823,39.66084682030781,1.1109157369592346,0.0,12.931857707193801,0.06419308562908001,39.62705965291316,486.25627265500214
POL_478,509.0,0.49911356612559876,6.787643856365561,3.572450993364711,41.323273541285054,67.82785303748064,0.0,0.0,6.787641191949997,0.0,8.936417332398907,460.0620602686015
POL_479,500.0,4.320731158453225,9.378517827030642,0.47253630674068303,35.965944410415695,25.143070110647454,1.1467891731385969,0.0,83.46727598290467,0.0,50.849810686060664,402.8595748577384
POL_480,422.0,10.297703843913741,2.135756290808115,5.686515403597804,54.539312798161795,45.84850887773251,6.460896334905741,0.0,84.03311170601911,0.0,27.712310430909625,387.7550264471144
POL_481,625.0,1.1923671506858942,12.168393981342057,0.9477577010832681,64.16935860660719,36.96086103745008,15.9494758665408,0.0,98.43756109220027,4.239614698055035,31.092055014886903,375.9278807843943
POL_482,392.0,0.021563386682908414,16.533819268708807,1.8314008739040433,65.02597771269419,32.82032067269656,19.966127187241128,0.0,101.71148309829688,1.803242996880446,35.21575045897292,374.71843249708303
POL_483,382.0,0.0027191456289892405,13.833835185934806,2.570186387466622,64.50809327640142,34.77523332187198,17.570937669898818,0.0,99.75381817364251,3.822461063055694,32.66173053924015,375.3243233572594
POL_484,70.0,1.7386322528546085,19.31065011485769,2.393471439489848,65.67579173798845,30.182340269436725,20.955848307136392,0.0,103.93017538590573,0.744545472551813,37.75877168330329,373.9705462059095
POL_485,328.0,3.4694785503532386,19.50393402002171,1.372429727826276,65.71186396868028,27.21360985442306,21.698620737293858,0.0,106.05522781782815,1.3636530230554884,41.33440790117431,373.918823713034
POL_486,30.0,10.580633758785108,12.536675370547314,1.085780151782138,51.757416914529635,7.975798558951893,9.703887058607295,0.0,104.94073051188144,4.298184943620438,60.670347280901815,389.34142257918523
POL_487,30.0,14.285548215109003,5.638697750175308,0.293164769001521,54.031362951791486,0.0,0.6768347244296582,0.0,110.29717781489697,1.0578522150853853,67.56550120731973,390.61789910843237
POL_488,466.0,4.672112237073331,16.533701870294536,2.119687803953638,67.14226406346738,21.202567811029805,23.175329455906642,0.0,107.33519397040047,0.0,41.06387739882033,366.80476097650546
POL_489,466.0,7.1112395584283465,18.7133487219882,5.612824910591941,71.48508538485882,21.339630435556113,26.902229621032305,0.0,109.52634277569062,0.0,39.07746084335446,364.9262322040256
POL_490,500.0,0.9950693423373309,8.266778894521792,3.1921981763173237,68.0716434789887,40.618375150750026,12.198377869821176,0.0,97.76179122410565,1.2887649387097442,24.710970149985314,373.00391924408484
POL_491,500.0,1.31627573519022,26.8127941428621,1.4901179804490232,86.5915348841485,29.422014806159318,29.256114241796613,0.0,117.51003800664675,5.641192864527218,34.562901242573346,353.7027887411394
POL_492,626.0,3.0136677225415283,18.371893120145117,3.301954619324287,98.87780065388641,54.97506857300733,31.05885595681324,0.0,114.4573267834129,0.7109113969826829,18.330361862840682,348.3445469665886
POL_493,89.0,3.071101216783887,17.730531978897577,2.561585839195586,98.5332648844213,54.84118632870372,30.342841456604635,0.0,113.90188244907233,0.41665965135581884,18.366234862684635,348.54997388642994
POL_494,627.0,0.5340920155961204,44.13444208944827,0.6625583621404645,92.33455343966665,88.80167758191766,45.04690611971894,24.776345599412466,120.2314967366542,4.279539021999556,16.517473022420734,343.73870244136646
POL_495,236.0,1.2613980004627048,14.180924490946015,0.7337054243454015,158.8526960659612,52.911294015604064,98.73968527012863,25.054125189037098,149.40859008491805,15.186310690234624,65.94046122737137,280.68045637174714
POL_496,476.0,1.9404083048679788,15.373135772001472,0.18440198982238026,159.9905750989568,52.19568821603151,99.55975497840393,25.566384899204007,148.62125467653678,16.432220781988825,65.23359108706626,279.9594687290012
POL_497,628.0,7.171709068643001,3.6218563562353143,4.550669269306209,179.0802281596387,122.77711567378884,162.40879950338868,39.803368521597555,140.71565160395878,11.617278768378434,85.36874041102803,255.83592025372198
POL_498,437.0,7.532427101104448,7.339822008317243,1.5181029485692255,150.43931946405684,137.34841121593266,191.3121869751178,64.72245914088678,140.76993606102783,0.843336950175002,106.25525915977259,247.06377859844446
POL_499,402.0,7.59248400911718,0.0,8.779245976731957,180.02583833405507,111.85515214226805,162.09172914619506,28.821721493990662,132.07553853673463,3.119710488347533,74.24659138534818,248.74039820290804
POL_500,402.0,4.723226089371653,6.4842687201486875,1.0079530782297985,178.95889151110512,125.96139105933122,162.74669660307416,42.99789045371751,143.35801890907655,9.377762895278906,88.59463427774833,258.0468991231026
POL_501,532.0,10.123748317237153,0.9104025284629441,11.009380332534226,155.74266937840892,120.37713270829948,185.25331871063912,48.208717596385135,127.77328345488976,2.6063991123280013,88.86933732855294,238.49419301190426
POL_502,412.0,5.2649264175800266,38.43199516976373,5.7946111655705765,189.9416395264229,72.04631099724202,164.9951483837233,0.0,104.55075600157096,8.980328604976503,32.86884857416937,225.5872859605494
POL_503,224.0,3.645593577589244,28.87815350527155,4.574934216474127,196.26710965213704,90.51926150254941,149.70715633461063,8.802433649107993,124.71868289572795,17.131802628659134,48.43035338352673,245.46743816563884
POL_504,629.0,4.014143884674215,38.6497272990692,2.504813396717956,195.5678890973798,63.75854455116774,164.08839546412747,0.0,101.15641804352673,9.17128116791861,23.13594060185585,222.63787611302917
POL_505,630.0,6.564820008700416,35.314004630968775,5.669047747767884,195.85159188924513,60.462292593529114,165.70991849221917,0.26503709466854564,98.6118559499642,8.923956823041872,19.864273357559597,220.46528996562307
POL_506,631.0,1.0349266039603546,44.92401668818489,1.51782197223301,196.76590101375865,74.13083128052166,145.76739288919404,0.0,116.99662651634648,12.123424920929224,32.57640485962196,240.76509470672545
POL_507,632.0,7.9187834517116125,20.581418467358965,9.477217527122933,206.70472019119066,45.82941113025119,165.76274359430428,13.747584010728456,87.88485859246003,13.050836350834919,2.609083129658395,215.31722409453002
POL_508,633.0,3.9152545017769937,4.2660992436923095,0.2836029595210842,175.65899593464496,37.910999598198636,200.22576796223697,35.06706171345198,62.03250221079056,4.235811952761865,18.59934224930865,183.56068931104457
POL_509,151.0,5.824605710678542,23.41250285172598,8.930040092038308,169.50757012678412,56.30692390539174,194.08498913666128,26.661453636202364,75.47240647223863,18.632933372067185,28.800794501376608,195.96617457907442
POL_510,339.0,4.2146670621833415,21.040436199959423,6.570158449403052,157.05179487184364,50.73843524080836,215.42204797172954,49.17984051135311,53.10475318230751,21.27593417285997,37.201214149167214,173.04217189426916
POL_511,340.0,4.067295068417761,18.720865601932207,5.409730451284889,146.47154810132392,35.071618443102395,235.79654248131573,41.40451129566395,26.497326493206113,10.06476173449643,51.385593768735774,147.80195674605432
POL_512,51.0,8.700495278411726,6.048055339101039,3.091178409275125,149.72967754064973,136.44174808166508,192.77454922679937,64.6816988263674,139.34176198719646,2.382899692697237,105.78779643384021,245.6022233668259
POL_513,225.0,4.946540573805025,8.922894369552935,8.603496518771903,155.88963550502325,110.37219001929174,110.24045832762232,41.93732730812827,166.24415106726184,15.08409620918241,83.04895751991957,287.23935333438374
POL_514,139.0,2.044691823228344,35.70274409569165,7.424845532870631,103.91399070400391,64.43294313859613,277.59259541044054,0.0,36.874433006090406,35.34806259327511,17.998272114284823,129.15122995225767
POL_515,267.0,0.9871647881281493,37.561988268133234,4.9952752672602045,100.66739205154798,65.33282406213925,281.1519896309333,0.0,38.038467661069475,34.55776878033336,17.52479852699886,127.98655418995213
POL_516,246.0,3.948134700776428,42.61449112123376,4.92389041096783,74.18674140609237,86.33145813566092,293.47478539742656,0.0,60.823095321870234,12.264594007086854,37.631652411516406,136.90441580148263
POL_517,237.0,6.0212811047792885,26.219985306192374,9.405985084627407,112.26911737186084,56.399581351126734,273.7083563561383,0.3924740824421286,28.582714846906,26.94945282941641,16.34936113500694,125.8623550482988
POL_518,283.0,6.0362632902816,17.81915666213049,15.38346489945512,114.80050580996864,48.78512507108019,267.975772094338,6.8320707767891955,19.43002374871155,14.894374388499893,23.08773568857479,123.66441427998122
POL_519,503.0,0.857688998184637,39.247100828822546,1.549473231636995,68.76965442881142,90.41932637559934,297.486304277728,0.0,65.3940165763525,7.012217091125323,41.86841068076932,136.74216034150922
POL_520,275.0,1.510706676361719,38.44730806837138,2.199203525473596,67.6618753087936,91.25062361206477,298.1087111076507,0.0,66.26980392270275,6.0609239088720654,42.69440238732427,136.05524162803428
POL_521,634.0,2.8980528408754322,44.7578350929518,1.8660978604375964,64.7627564162299,88.19246160507363,312.45550774418194,7.7503018512895565,63.33003033133561,3.5453984564737637,40.89679661938311,121.54159531404217
POL_522,455.0,3.4362973920286475,44.57469533520352,2.526057440943858,64.15993422783536,88.28653972222912,313.53825337655667,8.83315752686007,63.28280986681288,2.9746943231291496,41.31405828064807,119.48796794579897
POL_523,455.0,4.072486076603723,47.28914724468512,3.2913637735991252,63.76682191034546,85.50976710353123,317.5453832468237,13.149921642091204,59.86952827999354,2.4506631464895112,38.75140015295547,116.04214727319679
POL_524,400.0,4.891772531044863,44.855428008870824,2.352021421274666,64.3437464880624,87.901642904119,315.1222841207761,10.437616111469197,62.781841604174886,2.3539884286914727,41.18848114043241,119.19976107857542
POL_525,635.0,4.317465182826352,49.60051345075599,5.211967906832867,62.951159396799646,84.74703167765884,320.56251851036234,16.602955785450728,58.77353893602759,5.387287189042851,36.44132884404958,114.14369760324647
POL_526,240.0,8.911006351777687,42.37214307246945,10.766605580443056,74.62517370505978,68.77170136532088,319.65103258794545,19.77864345085215,42.37214471724744,17.405652686693795,26.871234309575378,103.60923915217359
POL_527,400.0,8.818576846634972,41.88645376181946,11.121653828961657,74.71581276586014,68.68656148902411,320.40714181353195,20.32649439762851,42.09025576590717,17.96450271511546,27.26732085911606,103.01016744764848
POL_528,342.0,4.812620993645355,46.691397996899966,5.160768557696111,86.97599714613082,72.22541230303878,293.4572415418855,0.7006931781853036,46.69139780848772,22.90750452737207,23.473752981256585,125.99936111790505
POL_529,636.0,2.0510342640037673,44.086434893668304,2.415118011897552,89.69581494278651,69.82305196326679,292.1754431968419,1.099499338235325,44.086434454448785,25.243618030988756,20.93928510256525,124.99392173616741
POL_530,246.0,4.241489462572846,43.16114801303147,5.2118193574698575,74.74246138001132,85.64303433059118,293.4393984318932,0.0,60.185419944675736,12.622083045079291,36.97671757030373,136.09890809628428
POL_531,289.0,1.4639597092382846,9.1212130213445,3.1174052488690336,60.781249687568184,120.54384480163421,284.21550300955107,29.23911501912007,93.99490128013348,12.3132943092328,71.55091995059855,154.14701550847005
POL_532,637.0,5.577676761015476,46.22269328528911,2.2281226505043015,63.620958728397255,86.98599504078763,317.064727713124,12.561037348012615,61.634670203847605,2.314988735449368,40.76081048499188,117.3095227612275
POL_533,400.0,12.963173781855147,16.906951474274464,14.158409483581055,96.69544494857239,116.05332439115799,248.4251544709159,48.631323648686944,90.25874155947844,9.206446827247003,72.59125910349896,182.4502456370134
POL_534,533.0,6.892709808282881,45.01092339807046,7.861585013772541,77.34356691590071,83.76872685797143,291.79915104506284,0.0,58.05931426785152,15.273370840433524,34.945227627020195,135.62627514967178
POL_535,638.0,1.5143811526192072,36.3498420149372,6.909245097294547,103.53265348947552,65.06499650112326,277.56896765104483,0.1424844994204476,37.51333790402254,34.70464994510839,18.52822306483819,129.66320920765742
POL_536,639.0,0.0,38.065250452538926,4.890392211172714,101.42588834769411,66.35965457409718,279.1510414348278,0.354707296450112,38.91462202643375,33.42019732817902,19.06855021480487,129.84160214904492
POL_537,504.0,4.220186070738298,30.197462267600535,7.557369870918652,41.22425623093052,68.08584946699419,349.25860191883635,0.0,35.768173102858874,44.76204367697488,7.557369870918652,74.32157756957176
POL_538,343.0,4.5844029445637515,35.68090601607625,2.6313748507738217,42.39058448079818,72.90349363898761,352.15761037812644,0.0,41.24813396083752,44.10578434247798,2.6313748507738217,78.29207314775402
POL_539,640.0,4.572056017442267,23.00540969575603,22.973009725053032,74.9959405977582,48.60705475420896,311.4635569750947,12.169224567700198,23.00541181548128,35.92554307265557,12.150050940054992,94.43455802672626
POL_540,487.0,8.138603390280863,39.86624116781683,10.026521718512758,43.86889512506931,97.85757247799016,340.12706232070406,22.433810187196414,67.17740883688882,25.521270563603846,21.770519631129837,94.19806372881469
POL_541,258.0,5.753949788910858,42.64280347441918,11.300189306292864,46.23870535949682,95.41807403548358,339.52662743177603,21.980965746543312,64.7196859496417,24.445384140566127,20.705900893512247,94.85046485675356
POL_542,487.0,11.641382550995946,30.440414834684635,12.958276139669639,38.22812126149855,105.84141369557955,338.8736151773894,28.488800000974,76.4257698127013,27.43061179532159,28.306483646258922,95.06335852787893
POL_543,641.0,1.6406373560860281,4.053121118369926,3.7649902193043876,21.491067293499523,132.78346633798563,343.78313547524465,49.51747462995032,104.3021477949722,4.1598853904294,49.90470151403928,96.96905951495704
POL_544,259.0,1.3570367831152297,3.189046169448837,4.072099051185901,14.712525062645126,139.49097849036127,348.18567677827696,53.2158777460378,110.42913830544788,3.7786915594652184,54.15262885356043,95.26407680468093
POL_545,514.0,0.0,0.034874263003827066,0.8976115239917267,7.862220914915125,144.7140706808552,338.32199233720144,56.77587247395317,118.25219395719354,1.8865575986639045,66.4040651837802,108.90984181461076
POL_546,319.0,0.0,0.0,2.0461341500389065,6.182489888477251,147.9669520269475,335.9649132917938,58.325878795306195,122.05786957878198,1.788221518657069,71.40152575068304,113.21531202181974
POL_547,39.0,0.0,0.0,1.815011148693037,6.19063505152153,147.80669134497734,335.993569005736,58.249122812866254,121.87061415897576,1.7822039169820847,71.20314526203406,113.16546956166022
POL_548,409.0,0.0,0.0035614798325883687,2.325832849598688,6.038117069121929,148.23506607005746,335.94050993342677,58.523299433538924,122.34470412741705,1.917672726274195,71.6954124080228,113.45196090306598
POL_549,161.0,0.0,0.0,2.784218067235982,5.882780492798121,148.68520077106984,335.91587536187234,58.880344816332745,122.79556843396142,2.23972644279435,72.12266278735325,113.64433292756881
POL_550,534.0,0.0,0.008172472055679449,3.048521247100648,5.8034974132838215,148.93253108135121,335.866757692908,59.0595481691982,123.06677119133714,1.9760046534386506,72.37462936114618,113.7769719776097
POL_551,445.0,0.0,1.7556993586923701,3.253111628314647,10.032342966007175,141.5415322102984,339.3139977554018,54.94839222407208,114.67181518991458,1.761080526331623,62.16490727068102,105.53674535911657
POL_552,13.0,0.0,1.99911101131186,4.442332870745401,10.998339201502109,142.91251244001126,342.7054938248836,57.26180573149696,115.4912443136716,2.0759734205275637,61.560571289362834,103.11661462885444
POL_553,184.0,2.770247163031768,7.123044177825764,5.278331124505174,9.041140061252747,149.05939506322468,359.55181140202484,51.791669558929144,117.90663046336958,3.6932261258833186,58.03593122995687,87.48372410986502
POL_554,387.0,3.306602135115231,7.297746582563855,5.345766551457543,9.685967497995543,149.60207249670302,360.12183059946955,51.924101435115894,118.37544892581755,4.148870490766329,58.4032982438633,87.26607875484007
POL_555,5.0,4.0067188817837955,7.283662656778022,5.860024149725591,10.27283953503086,148.83052140153458,360.10971956013174,51.21691123353611,117.5485554539319,4.85710290744578,57.564615902497415,86.97679321738588
POL_556,642.0,4.0671527576561095,7.462306388589086,6.397346798193211,9.964982197754692,147.688030264028,359.0003158954055,50.96489121289971,116.57190266448276,5.018498973931491,56.83781563915874,87.02060970077535
POL_557,141.0,3.399212185938393,6.8967548348051695,6.1621719550016625,13.604178366017768,141.0295280358147,351.89304397151784,50.92800841223977,111.04588598271482,7.486245676572456,53.31897843811774,91.67151636686935
POL_558,643.0,0.0,1.8548865684288809,1.3139865022087338,1.8315292651103907,155.14709000215467,354.0386117998561,63.4657531788051,126.05556461913761,3.7429272699582468,68.21425435505468,98.17311868075465
POL_559,5.0,4.99257631400015,6.221495839844392,7.917928229756079,9.76034755061864,146.84123097927372,357.1001495885295,51.78376952698828,116.11452913679106,5.8543157844086045,56.92017441200077,88.90156356856149
POL_560,644.0,1.6114745914180646,4.646391031766403,2.845648027953404,0.6907977337814059,157.3885464081606,388.26182999906644,50.408896735276535,131.31766362482435,17.927533775557134,66.7117343920467,66.77894838750485
POL_561,57.0,3.0066711446040215,3.1858088204734156,4.2373949568774485,1.771034618065316,156.65790334929002,389.19517448046213,49.561168086007704,130.8940045318923,18.63233450779017,64.97049055783648,64.88696428507609
POL_562,57.0,2.703363324369469,3.847787651429137,4.449996328556517,1.453883941010876,157.72674255949178,390.0646155447213,50.62726204486675,132.08325911788683,17.712611085427092,65.01803020646985,65.54065312228501
POL_563,645.0,5.290213758064356,1.0598523921291592,6.756221028834553,3.997882173109118,155.571661217098,391.2649205766036,48.38358162852378,130.5109987916222,19.39641527393153,63.11491314982855,62.76467412093522
POL_564,401.0,9.73849819160585,0.0,10.812997873537364,10.343791095429431,147.76014051154687,385.4460945610236,40.87377547003944,121.91529114503462,27.235229945348514,58.16616825787358,62.468859071490066
POL_565,646.0,2.4528702446078556,4.376300297240348,3.979171014872889,1.8823986735018423,170.48118737691905,390.3725861165182,63.581478519383325,143.5857923083615,5.265690863219795,69.23172981519399,75.83639090180601
POL_566,647.0,0.24512816451557298,1.2783209901836738,1.2897548247155852,1.6896360822175616,159.84414258649693,386.0106886292106,53.16387046792093,132.88289774980407,16.014522018354462,69.36872495020796,70.66987612398624
POL_567,387.0,1.5489029943187385,8.863356689356646,4.257695067380243,11.905390964584218,163.49694108034365,414.6323596840018,55.79221575322677,127.681160199528,16.17537822027897,40.37787092222987,49.285112558754896
POL_568,424.0,8.406190621109065,8.901887195404901,9.592288150907043,15.471551122860763,158.4937896091929,403.9599386537089,50.61785080334611,127.76053956176528,18.708434213474565,50.18432076485644,53.891162865394016
POL_569,456.0,7.224253309941731,0.3943047419086706,8.399079632765494,6.591113038969174,164.29177529452167,423.4421132315102,57.41956097625166,124.1076753779483,7.287528523755244,30.75406030057113,42.78189311766271
POL_570,126.0,8.622645333152045,0.6170249157937496,7.496324920949951,8.008668643131665,163.0964482114752,423.44327563824885,56.28519862458809,122.88113085943237,6.68592404608479,30.905633311343546,41.76850331839683
POL_571,231.0,0.8432107158586869,20.258487141059938,11.730443932335952,1.2721679851278382,93.6748988031113,400.0990057061911,0.0,65.62662344781911,38.760380224521214,36.633455769086844,38.01194093840826
POL_572,456.0,1.6637656993358725,21.858050032540316,12.865071459414754,2.3073437502295664,93.26571518922383,399.77377545158186,0.0,65.56900760598984,40.331278905640865,36.28223548122426,39.159659991868025
POL_573,648.0,3.9408482409686423,19.440058240741592,9.852657944122077,6.324265235484051,96.95423675869799,396.33262120261287,0.0,71.27038254017738,39.20925734029374,33.39932328405636,40.211904823428085
POL_574,428.0,2.340416850079859,16.913774276562496,6.544299801036065,7.989261652607504,99.69507324382785,396.90026470914967,0.0,73.41886049309932,37.1090327852762,34.57697431580264,38.77950852316834
POL_575,234.0,1.3361248541292716,17.23738034657107,9.741156985495262,1.9491192118432266,97.11151715589747,401.9625085115569,0.0,67.16638369952166,35.77656200234741,38.78254097480201,35.39872566571333
POL_576,428.0,1.8708429223940293,16.236013837556293,6.7726696665798745,8.179221517149175,100.51394336495528,397.86641382464484,0.2474476943868204,73.63092482902408,36.34394158710308,35.61487959751176,38.11929683160581
POL_577,649.0,6.039810933823813,40.281304462517305,14.22697440511917,11.897953172976699,75.22161426632896,398.0813575952677,0.13163022471550664,51.198018452644824,56.51313812316179,39.768626224470616,39.89291206029563
POL_578,650.0,8.047533122013094,27.540279285029115,10.994526028793365,8.210699363981856,90.32846124771162,414.16932777204545,14.800377430950643,52.07962684718275,39.308926151910796,51.49547949942117,23.62675618568835
POL_579,343.0,6.1922092347539275,42.193438299989715,13.843844681344908,10.203457404608816,73.4967456327938,397.68300915644943,0.0,50.47972600368163,58.09745664350563,40.3114839385306,40.82146342208012
POL_580,651.0,1.138269911813126,41.44294724361907,10.098641813117954,10.674303632279765,73.51820329615529,393.2088957326805,0.0,55.22537006220987,58.7967850138006,35.20085055656648,44.81419836883037
POL_581,171.0,3.6677544504468846,35.571734125212856,9.21755633909395,10.287134156324319,77.85280701421766,394.87894472629597,0.0,56.70325293489018,52.97198854239502,34.83786813104334,41.491092160539715
POL_582,652.0,2.624492233078518,36.8320691146543,8.359798526518233,11.712974838288172,77.14767987802298,393.8536216633615,0.0,56.872497890027496,54.34806209822998,33.972659644775085,42.70093945132531
POL_583,216.0,1.275081189615635,16.30479922861246,10.774349503330837,4.082614148060513,98.8981515848545,401.20967059198586,0.0,69.22851199435512,35.42370127904607,38.27639477089688,35.80702727931819
POL_584,653.0,8.563105610739917,37.000641794446295,11.72743827812217,23.16988729183963,86.74257640030515,378.8748292430829,0.0,67.24381242926056,57.43328015383003,15.356468811267755,59.17350931051587
POL_585,654.0,11.039828622416021,45.219207518442204,10.695190479708797,30.37819281166439,80.36804243337802,372.2355053265787,0.0,58.90778968812257,59.10234751682701,10.695190479708797,65.24593011380446
POL_586,655.0,8.092232207104779,47.6866292017583,11.812412112013632,25.727343212297907,75.54392142856085,373.37163085683716,0.0,55.6908459613383,60.684403483676164,14.849483127834219,63.87309809215526
POL_587,234.0,3.539950073808195,11.174832704811806,7.27357022132695,10.200363746519306,104.91903566404648,402.3690041680592,4.770641339763528,74.31852145461525,31.102080364522127,40.73284538764953,33.115799294290845
POL_588,95.0,1.099437702236261,11.757622389286349,2.171972598232439,21.09983958383101,149.88615853357493,321.1461555857995,55.92539379373923,125.22925562847566,0.0,83.2256551798309,129.7352201760983
POL_589,656.0,1.537328338636684,8.059734872557039,2.9051267780874843,17.81348606555081,152.89874962814952,325.39469183056167,59.507108745441016,128.12741730518954,0.7467151833322583,83.47164801287656,127.38427015814828
POL_590,482.0,1.9085345395488966,3.3233878060119553,3.2554790796361366,13.91344356331127,143.09474720717714,328.12677919637434,51.59391599835588,117.92685632618074,0.0,71.6564449392597,118.45390228244332
POL_591,269.0,0.0,0.0,0.9766802620439413,2.645077452400952,152.63865488173445,339.3454445553903,63.27344896513737,126.46020400263058,1.157914385937402,74.23240354787367,112.62288698943753
POL_592,101.0,0.039227881732290915,0.0,2.1097605965634427,3.5066719668870525,148.80923433004153,337.3711649658448,59.58842494976844,122.58430524757145,0.4016206788743952,70.79060906901924,111.36136922921007
POL_593,167.0,3.2671737617789636,0.015269664857788868,4.460210005584149,25.402324060208475,134.0514518164477,318.47520952219605,40.95029791339337,109.33684790451437,5.814602637458212,70.24578222152503,124.28809164966673
POL_594,454.0,0.2470260452149119,12.732118254664273,2.878561282797259,12.147432260643184,104.96394143324478,398.1680571432307,3.4803182238125365,77.33199858129872,33.23853199247524,37.22796981306998,36.36724845918372
POL_595,140.0,0.18634173187286598,0.0541830538129926,0.8645362196752266,15.59084913881147,139.3898742184144,327.27593319996834,48.28740097209485,114.17742398891679,1.7296262424568154,68.29780994228221,116.78547998510818
POL_596,657.0,6.064164626460946,26.816242948498953,12.586386161573486,5.529225388345095,87.37994278525176,397.84874003515273,0.16640436146406576,61.783007088820085,44.943564771156325,34.93246478693643,39.71844824977749
POL_597,428.0,8.958726831250145,29.81302032343088,12.245116622317006,11.198741379688148,58.50521844629562,409.0616066967299,10.813387781408982,29.813017930509055,37.790009824497545,52.86956967124204,37.410148152704984
POL_598,428.0,16.68212484247382,22.781206933487745,6.486517510932915,0.10910187903926125,65.39365427139468,427.52755867006437,25.210402966033833,22.781209803734054,44.59371175010861,42.329164035000495,18.758902209176902
POL_599,156.0,2.353705754426614,29.905034015548388,8.10431618441436,1.006788945043531,84.70553955527365,421.8468416736402,24.007212118513056,43.60150241972817,41.674508752189986,60.06995960533211,14.624297205077392
POL_600,288.0,2.0021772744004376,21.690286158887638,2.8104015870842036,29.799078794758973,49.30295792113014,356.45798086226284,8.662920564619501,24.48511923852686,30.825172592465435,25.11162922807004,56.61254891300853
POL_601,534.0,2.9948050467427434,25.097733221478446,3.8008176979811927,25.680710684283795,48.58386199435901,360.00790867597897,8.214194005101008,26.786422202193563,31.480732973458373,25.541822807057965,53.65991342085621
POL_602,487.0,4.021366162742888,21.34955453266156,7.196266270652492,34.056660946684424,53.280717536109464,353.5196953312063,4.25815710127017,25.74604979326142,34.131584190836726,21.65243812945696,61.05958207373772
POL_603,658.0,2.463461638882483,13.980574368107112,3.2771593040980047,3.732993418520476,104.07615514612114,414.9998490341724,12.538477283501768,64.46210295066766,25.936588605935786,52.02375319398387,22.544128382607347
POL_604,659.0,7.81798362447512,26.976665875436534,10.43038261061251,8.088287051215884,90.87186804347989,414.10965773962624,14.467752294112168,52.47420856290946,38.59077043536658,51.321832322677274,23.29907332707797
POL_605,133.0,1.3945819818224672,8.50543733357871,2.7021628854987885,2.980629588167022,104.30930522206104,432.08751108594697,29.842300221270573,63.113685287324145,20.662268112836838,43.327775367836125,7.797841423696621
POL_606,660.0,1.0260220828051485,8.488244999452903,2.8804910391828735,2.776843538894787,105.0704098183174,431.67069953928916,29.43683980639469,63.76526281900333,20.634647039738763,43.47233770044299,8.511932514439223
POL_607,661.0,0.7678243839665952,9.653665932217827,1.7112016674166481,3.7515174305565218,103.99113014986854,431.4852456853129,29.111704658577775,62.58877997458964,21.78691670160835,44.64673564459585,8.816356350582
POL_608,662.0,5.34824733031994,11.770212811969794,4.852681000400476,0.7237484732676174,101.84639516397442,436.1580110783074,33.69801196130878,61.39210563929984,23.628861801931784,43.78362472459937,4.383071272675399
POL_609,663.0,4.643411879496875,14.507571804560634,4.159315042946267,3.7577999575470384,98.6074481877296,433.60940115356544,31.13041248996622,57.51983338215801,26.665873963915438,48.14221838815735,8.427854557197987
POL_610,664.0,9.109352365524655,19.31299165127223,8.531021866848649,7.264748974877225,93.98138001386388,434.4062783070321,32.521601812518995,52.861363682008026,31.472742088758046,52.421497589679674,7.414145903712179
POL_611,665.0,9.835195888925107,19.884062888571535,9.275589144460044,6.945806283361773,93.64781170471426,435.29472272423646,33.49889955698845,52.68963147954046,32.03346072159481,52.56963745631644,6.914123557705774
POL_612,666.0,3.2235745568927885,15.652419987527049,0.7999589494072965,1.2231213095811968,113.75556489404799,451.9714514188476,52.0336827112273,76.26900518587458,3.1090055386782547,26.364594186151187,0.0
POL_613,667.0,2.8871920066016594,15.138919492313976,1.4730657693288898,1.2711070111449485,113.57322293812986,451.43485638853855,51.457585617591846,75.99201487783589,3.3392103051222435,26.36667732136178,0.0
POL_614,142.0,7.115217950884544,20.819428409737892,8.3322134100196,4.413050455882459,90.92452749261163,485.13256683580073,25.22818852956087,58.493745347742845,17.369145752800687,55.70497582897941,0.0
POL_615,668.0,9.041379926460587,0.0,8.07805786171932,1.5774008272058606,17.638335509549158,490.64454142474926,53.38460685120677,0.0,36.30828642428972,0.0,56.59086565511154
POL_616,669.0,9.148475089078111,0.0,8.223953857807782,5.3363321180147345,10.586781757555661,491.5287617857034,58.730032740241235,0.0,35.32599959012242,0.0,56.31261602552573
POL_617,670.0,11.079616771096305,0.0,5.029923100896987,11.832615796325872,11.739390418620925,489.24044291039894,85.01049035985314,0.0,35.585310327622445,0.0,48.80429867729409
POL_618,671.0,27.218209805609447,0.0,4.896098237852595,0.5192823071723679,47.10012404662605,497.5789240321663,117.6708437962567,0.0,59.16819027310036,0.0,58.768886533068226
POL_619,672.0,6.551974224801377,25.154894716367878,7.331807379277855,0.5425220775424904,54.51300660822417,492.7057498731919,22.931120806852793,25.15489557315417,29.156255683956964,22.18621562077248,20.799770825535166
POL_620,498.0,3.182505253008912,19.104353542458558,3.857868210881319,1.8120974791368825,60.02314564423798,506.9432494744075,7.09886627396905,39.300233162355404,13.36251470379611,36.603720937842866,17.321174287460032
POL_621,673.0,1.9380301130386448,20.167524919706022,2.6036353219181314,1.2039309917114318,59.98172025957137,505.68893745684835,8.235114517783822,38.7676607761695,14.200839137817843,35.8216549909833,17.319644326500576
POL_622,674.0,0.5876314125904875,20.786357283473734,1.2511423299848845,0.6852305421063665,60.044819750645516,504.3287930068525,8.93182054281,37.96483823699871,14.73807159110788,35.00454194562493,16.885830364929937
POL_623,675.0,0.4523534469662084,26.228300404745763,1.6416419940746485,1.6656689108550156,59.77526711943616,499.7013061323067,14.557493074831653,34.53324721430434,19.703477791761127,31.55588808323952,17.19728571226214
POL_624,676.0,2.1792540166510976,17.2781633317422,7.219620969921139,2.883115612130711,58.72914454409757,510.203871395877,4.697783977837844,37.80130894397478,12.576030375338288,37.8406544825929,18.958988827410572
POL_625,46.0,2.6784537674465114,17.226329982086163,6.273667100730505,3.248701005413605,59.09305077171066,509.28037297787455,4.829993342122158,38.21518955643907,12.198217743606714,37.500744407432855,18.12327064982609
POL_626,179.0,1.06507134741879,14.060199486510296,9.072832980605789,1.8740161622648324,58.644830565163794,514.4086593930971,2.1546071726944334,37.54094914432157,11.178308734963654,40.73610456356051,20.19172457046026
POL_627,2.0,0.3926172138718868,6.476583935503924,2.94150091898792,1.1093373633935137,77.32697088206181,531.0851844359872,0.0,53.86853939692339,6.866466182371819,45.630219289241715,13.356526304553103
POL_628,446.0,0.32743324886811104,16.093742288908878,9.13149199351106,0.4271177331670363,87.43738782833472,535.0644402546153,0.0,61.64565754450111,16.400998560451082,51.02136806568446,7.6306752544713286
POL_629,498.0,2.0369813167799466,11.019834783933577,4.756782950575599,0.7002883930611499,82.28571380198004,532.9395248230678,0.0,57.73332287917046,11.348482005222785,48.25886927145429,9.79845401870603
POL_630,349.0,2.0960590381088244,9.585289927380082,4.08284652865809,0.5342342217781066,80.90276485542387,532.0648413720218,0.0,56.91272094539809,9.915680770249581,47.88850784259447,10.462967200114932
POL_631,354.0,0.16022262972536058,6.545178193979681,2.737575817302166,0.6184200458897134,77.65318999848043,530.9260775063643,0.0,54.19451059985442,6.9150954880506115,45.80670646651693,12.905182287730115
POL_632,677.0,3.568775267144241,31.94155185033887,5.093429267490342,0.9929477382847748,70.34308399150483,557.3477801352019,16.124784743964224,33.3403168348414,3.689785604896674,22.02142686481297,38.74567812560122
POL_633,178.0,0.3932179186300585,29.08027038391536,2.663884373376951,1.453795341075261,77.61580695712254,555.41551543517,14.632688029753162,40.71796444767757,5.735879776622524,29.394393153422474,32.574607148736675
POL_634,678.0,11.114517978104907,42.719027819199994,14.218614856452884,1.4873574544078643,84.83678030934641,567.7656934813372,25.164786876812823,51.03700501696332,0.0,40.539526106976936,33.35443404767135
POL_635,350.0,4.093899220692908,1.798017940311508,5.010700475660636,1.2164951653998037,33.25296470329691,575.6726735184752,44.72350751731364,1.7980207927628147,24.081125358214464,0.1663502847794693,74.26244182632149
POL_636,679.0,3.6245964471944148,1.2171762619355164,4.582229859249689,1.206344785393987,32.74271777010165,575.6285358180347,44.82114570496173,1.2171791589780891,24.683473957481617,0.0,74.49456717681507
POL_637,350.0,1.7797209041172946,0.40197433514612796,2.582568235226228,2.5224420692570932,30.922101044479277,577.8623972675211,47.34690495520972,0.40197289017756316,25.778872554470258,0.40200764331472344,76.85110565539054
POL_638,680.0,2.102363655511924,1.952170648705806,4.242794878978856,1.8184758834816375,32.49922184907944,578.7970145354262,47.4546467557504,1.9521685283250858,24.597054800449158,2.040352427697622,76.42446378619826
POL_639,681.0,2.5332251668885606,2.401560137682972,4.963221631048132,0.6223259354801384,33.28621656055818,577.9112154616424,46.27902536722843,2.4015639898247394,23.473582592035168,2.3613078976938704,75.11600679685486
POL_640,682.0,7.451639887866185,0.0,10.118127192939479,0.8659565293399509,17.218093186460678,587.4073916376979,61.56686140387221,0.0,32.1241277828557,0.0,91.8174068963265
POL_641,35.0,2.120139580791135,0.7465437932082847,2.7834619192774324,2.863526679344774,31.047210671786775,578.971274905217,48.27667684787901,0.7465446782824096,25.944791369068366,0.7465654774463277,77.5542961927901
POL_642,309.0,0.16161997471206133,20.05276073156812,1.0368314871544921,0.6404012983029503,57.6448591148611,597.5290786954736,47.416492797628855,32.460172675155874,9.614295239409152,22.91621128349799,67.03332138258233
POL_643,683.0,7.259922343670795,23.67266577986754,8.670530748067849,0.5791768041964416,48.3257357887376,595.5461582805232,54.29930580164629,23.672663680236237,11.69163848793629,17.491790904811445,74.3529186881427
POL_644,684.0,2.473662775801665,22.936597228448314,3.1816821467462635,0.2706012185049844,54.518264277146145,597.5261538056351,49.51427715827606,29.732023582985484,10.160518906299012,20.60563904123787,69.97957141976656
POL_645,431.0,6.43471411829272,19.703634091869446,0.46943838936171917,1.622750613972134,105.42042508206836,593.7733854906302,45.686451088223876,76.98850636301022,0.0,48.64887654966996,26.415633630845957
POL_646,195.0,1.229892267616611,0.0,1.9220038200863119,0.7424454098871643,17.675851010084738,579.2646053860902,90.65603241313106,0.0,27.260193572187283,0.0,125.33878525736088
POL_647,685.0,1.9876879708873385,0.0,3.482138163059731,2.9313014978157854,35.874089365812424,542.0332963577695,36.56428174529449,0.0,42.428563339037886,21.608543459752138,69.33147084686269
POL_648,4.0,14.673811651387924,19.100990421823308,17.086697931013394,8.027889575982332,43.20671606627104,529.8302144697273,14.715685148925616,19.100990013320068,30.553886933715937,33.13268055876745,45.89769106317961
POL_649,686.0,3.5146476850245674,0.0,5.1155246577143965,0.5352002581826933,34.45472493931415,542.4545274303745,39.902087721510725,0.0,44.95122316293318,20.83400954289608,72.50328444104454
POL_650,173.0,2.3003134025678174,11.36727660535613,4.689164330643006,0.4783560589742762,82.52100459876985,533.3785103278227,0.0,57.63772611609701,11.702887885754654,48.05538734264282,10.133304307815363
POL_651,497.0,2.6088643360538963,2.3294798152817706,3.294788930290213,5.120725871262976,72.97286746331947,610.1301364687777,30.45351259669603,50.08708146877443,22.5291916428285,29.807353234780003,63.07542160314166
POL_652,687.0,2.9754085709635083,2.355694546236367,3.6011385173600963,5.612284025979426,72.73937169928027,610.6989483845226,29.952343775909675,50.157922344416804,23.139810759846203,29.27418365612179,63.734926708137124
POL_653,196.0,16.457374985664075,14.074295306462423,17.483199486558764,20.03117826116485,69.23717991765503,624.4938311311636,24.213653723034945,45.246572940159425,13.893551367835945,23.28500789863565,79.06365633578842
POL_654,391.0,7.407358524140014,6.446144222855093,8.695487382930535,13.59664737627455,77.49041616118184,618.427843626505,22.045516592430186,53.88268234559807,17.778838707781148,30.187364274341224,67.81562389435939
POL_655,71.0,3.943057948288709,7.3912902151009385,5.1838896690430945,15.76632177086212,80.88879293828592,619.6289674592767,19.48407354073977,57.2500413536674,14.857710072651653,27.97567865660645,66.42964052270666
POL_656,322.0,1.2709023660211909,4.750558635973514,2.558496031123682,17.169209203306604,83.19183379928631,619.9736554145292,18.594719827944477,59.620199715252255,13.641141634622942,26.290329264099455,65.02340994167807
POL_657,461.0,13.002200451401235,0.17147351942821415,10.199416899261529,36.96037693901947,57.78251199923577,640.3241439309243,23.41144642794131,40.38080895544194,0.0,14.766564238745952,96.74639809938571
POL_658,688.0,5.622503597989921,0.47081352896157397,6.0326515147146385,43.71802435626621,69.59818996793724,648.7902707839708,8.988975578778652,53.14142768311603,0.0,13.671279591522204,95.66957383724609
POL_659,327.0,2.9878703152733093,16.589632167380092,4.660430742966802,74.15001983437463,68.13489511728233,678.2228090866791,18.755602872660553,40.707623359176644,18.994795875420674,20.367387863377186,125.30242502298853
POL_660,490.0,4.433067681632636,18.01486263304468,6.1023532716303635,74.67861686744963,66.95488926777061,678.5441618358543,19.926139520229306,39.201058400671364,18.120249831940846,19.089548654795266,126.3601637532425
POL_661,689.0,1.077495174825726,9.585790778671925,1.8024936838806331,70.88857932131883,72.73106739998464,675.7883657656083,12.720398553290623,47.41618619280635,23.550007773629712,25.691069320110014,119.83877240608
POL_662,308.0,1.4126741425368818,7.764484398556259,1.9813561217525275,70.78417561687921,73.36998332288071,675.8700521502323,11.00674809069996,46.94734865890545,22.678752278101854,23.8274356615789,118.76851431487509
POL_663,690.0,2.8991666716632354,31.24113152622712,3.8107115883901264,100.88646577628475,69.31646798359641,706.0107632401688,16.271830849416176,47.40976437514685,0.0,32.97553302785201,145.730103461432
POL_664,691.0,3.6568436843163155,31.356894335415827,3.969378469777018,96.47505580412744,65.44390580664053,701.3325668728929,21.196462042526772,42.557950551622184,3.010534056486654,27.114678852788444,143.17788833905598
POL_665,692.0,4.504914644069417,24.647304889767902,5.0341417359637,93.62121370860497,73.2914125881807,698.8470372077591,23.150252541605465,49.87706874866624,7.157349456534944,33.45641654336437,137.96773079521665
POL_666,148.0,6.752920518113781,24.20308245676418,15.265362463676178,91.98070217415695,52.65505257107124,694.9091393122429,31.674339129804057,27.399887505781706,0.5794858480496271,10.999633059404516,144.68705479517774
POL_667,693.0,3.104450235557033,3.391338477242081,4.324121271718219,96.0025911278085,32.40487292632984,699.0439031339254,36.735488572334354,7.252679924817867,0.0,0.0,159.34580863514606
POL_668,172.0,8.00101146360244,24.584332065543784,12.361430972515038,100.9908877838802,50.46179408707582,704.0287350392546,22.926326735968377,28.059792839784837,6.6485478679092465,16.15445952944211,152.58541526254612
POL_669,694.0,11.99969540151568,4.20910792198683,6.16631622016897,126.44530259859884,23.03951435547355,729.5707283028663,28.546702491942035,4.209105800919179,26.584207108293953,20.125098366903988,190.90345745695097
POL_670,172.0,9.32087142003296,29.46945111362021,8.589481120445154,96.69038717697372,56.33873969561437,700.3461318122146,25.52137410206964,33.140768642279234,0.3091803624379598,18.267996101790224,146.6428037876646
POL_671,148.0,0.0,35.94130565533076,0.30085387956444376,102.24636284183607,64.61160341843008,707.0603013469358,16.62614405333256,43.00374286099109,1.3787069165025603,29.431290523130706,148.66690313629522
POL_672,695.0,8.370325151263781,18.695716002770272,5.566518943648944,127.43886361172906,35.76950369506185,730.5391778925537,18.29587789263866,18.695713552921458,29.3614661144838,28.197361485664356,184.41636687117185
POL_673,11.0,3.963735185618494,6.033485515272354,4.42710483139656,44.158826315727104,82.61445776011969,648.5559216722252,0.0,66.03788353164947,0.3648660229337625,0.36828645646951275,88.02388030206548
POL_674,696.0,3.825473904065409,5.976354808084726,4.284590787799249,44.50341761367611,82.60741571427374,648.9003122282704,0.0,66.0596362748787,0.6539149244300244,0.6510002533234331,88.32171131678922
POL_675,697.0,1.635996995150708,0.18123438180578091,2.081057796367385,44.72419118410917,76.20033332144074,649.9061406837359,3.092584553204602,59.766613565995165,0.0,7.171948340610078,92.68307271493373
POL_676,698.0,7.1452441076030935,6.828080353908496,7.598363224106046,37.73446129401899,81.08509384933821,642.2537175413484,3.035725870933831,63.655058337893436,4.1433422120337156,5.9597612113367395,83.47086284148367
POL_677,391.0,0.0,2.7571345760270902,2.8137413222155176,43.91694654119646,99.45730167803566,654.4510556379939,0.0,83.09804523662207,0.0,0.0,85.76570535401186
POL_678,699.0,7.960737075286973,37.15357149321662,8.762617152250732,112.95822398522472,58.1364911942778,717.1573555553534,8.618769550780273,38.608718918992906,11.743234472326842,30.550076600515666,160.465857256827
POL_679,700.0,2.579133200517263,19.794230197233606,5.793932618681662,124.54613283112994,80.46167541306423,731.4984719680226,0.0,55.53203395179601,18.188546149465246,55.315596022458735,166.3098758045185
POL_680,701.0,3.8567289474121123,18.567887030451704,7.058279991761721,124.40758236352359,81.76585748329317,731.6162116482976,0.3827253896635244,56.803855951827536,18.244374018583798,56.35930702738611,166.13673331234529
POL_681,702.0,1.3983015825435046,28.47679366541302,2.4390794380511416,133.43770982469576,72.0042441306621,738.5046830624739,0.0,42.73197346138015,28.07688280258163,51.665222024176224,176.55320464799698
POL_682,12.0,10.591269398686771,37.08389503845634,10.989250570997209,130.7117189147648,61.7786886480575,735.0322888184683,0.0,37.8431902007229,29.38823240021414,42.9323818048409,176.8663812122451
POL_683,491.0,10.350976446797759,22.528898101141664,12.216397143970573,143.35446253997603,65.0546966824425,748.3471823697188,0.015959106985078263,35.973389741221894,36.55296689912619,58.4307264183429,186.50168816898662
POL_684,97.0,8.377846433588848,21.586353295346747,10.431157154000001,141.96242431620863,68.07567284487777,747.0746227309235,0.0,38.99844857144167,34.44296211501853,58.88182455033766,184.4287893644597
POL_685,97.0,10.239990499567973,23.185172168392427,12.072144105816436,143.06346590475258,64.83929896274157,748.0282057921938,0.0,35.72069810213906,37.10549534567968,57.86109770791706,186.3636841167291
POL_686,703.0,6.109818108604887,19.809193774273677,8.44726146141176,138.87536994562055,73.58205958623984,744.8774229700545,0.05940741678213316,44.53719303664663,30.062049562783134,60.50156523384565,180.66590474556725
POL_687,97.0,19.113527156503558,24.80510827165906,16.272431178482538,147.86316010638078,54.00018523432166,752.0470561038071,0.0,24.805109949467898,45.494128510468954,56.59151611555321,193.46896230513448
POL_688,704.0,7.989487421819676,4.640239312204293,9.651141948165412,170.32547638716318,65.91357096426644,777.630618522954,29.223657809870613,42.86948254681783,20.82000779586451,88.26566374824358,211.78044414923176
POL_689,705.0,19.726716740958746,24.4997046757745,16.364260615910354,149.05011645745256,53.65762107913101,753.1723132722049,0.0,24.499706320913774,44.90015713389971,57.40722261521627,194.75118184991265
POL_690,706.0,17.3265501328762,31.292306711401256,1.390572828701537,131.5109020389763,49.38657010197744,734.2485765318734,5.741188229880475,31.29230560109511,32.41580532278902,35.83471167305607,181.44782897795383
POL_691,421.0,13.938171936836266,27.903451210673822,5.15819019099031,132.08791842322637,46.70122335581685,734.8825188213979,9.351391614488747,27.90345009963408,34.726934767481396,35.345660772564244,183.5828622358616
POL_692,707.0,10.678446367720518,24.559156469484048,9.143262548950226,134.97250713752123,45.56541758426106,737.9243209951567,8.610223356857642,24.559155391085746,38.447150190600716,37.32563272089801,187.64819248015618
POL_693,708.0,14.525749544329875,8.652756832626467,4.600127644332052,202.2693254633174,16.182362115045926,805.3696830003917,53.490009271204755,8.65275983135312,17.061314935038705,84.26924228862761,252.5928834356536
POL_694,227.0,1.9513068450055273,3.089575312135188,2.929985529030821,214.16376676807403,30.151937963665983,817.3237423385384,63.204595833975894,14.720169514520887,0.12152443187330435,66.44092222537478,259.27251231405154
POL_695,511.0,3.794639626354146,2.1282909587500436,4.4956284699339815,216.18967890854475,30.560206516077177,819.3200610664734,65.21524600377407,14.262755385565573,0.6536221078983657,64.07222547994206,261.19370568915804
POL_696,175.0,7.16773614264941,1.9851085499513341,4.725776572199561,222.27295521024314,39.779573648012615,826.2021491211492,72.10943074866753,21.424921239940502,0.037116725733994035,56.066377226748095,265.797984336288
POL_697,266.0,3.54484770887162,2.763398007704837,7.078607606304019,219.9229700396162,20.997500815130746,823.0216246544754,70.50983778039806,2.7633960760572696,14.273590809818936,68.33296450819407,268.76891928061553
POL_698,709.0,3.694159696422277,2.186408540524475,6.1099634803046134,222.12294092153468,22.155962131986406,825.2227749189751,72.74686303931207,2.18640878022862,15.55769914308457,67.34870095504837,270.9654351962656
POL_699,491.0,1.6243292968000584,4.089527520481095,6.091173583343604,220.0844262381342,22.240150937647194,823.1755513863394,70.3984695431905,4.089526288528752,12.78352098445242,67.11553973550933,268.4831177689216
POL_700,219.0,1.851700024462339,4.218990635436337,8.108213798976763,218.40531805114472,22.117124062609733,821.4876756188077,68.5690370748171,4.218993588742505,11.561804879278608,68.71459990914722,266.5910416441066
POL_701,266.0,0.0,5.917111368341701,5.100857103799394,221.18803052058854,24.723370995262997,824.2525154561828,71.0596650290636,5.917109922433122,11.768563796708715,65.51656298070849,268.77168266288027
POL_702,266.0,1.0871148247262408,4.8139174075285425,4.71347806242027,221.6792090818493,24.209384317831855,824.757713576839,71.72537328821278,4.813916087870656,12.886949937856315,65.67684434922518,269.5741698515762
POL_703,710.0,0.2844671684707495,5.915327383401085,2.083955820886526,225.11663386584806,31.68229343634369,828.0375381676668,74.1213084369877,11.0529030182781,9.056071040682413,59.11250291383838,270.569383079508
POL_704,711.0,0.811521256548199,8.759712434047136,2.6395676485883386,230.25895981039324,36.580707939423924,833.3572728926579,79.28953098465544,14.029359459015703,10.870934568295178,53.645657888148556,275.01496555257484
POL_705,88.0,2.699170351954555,8.24463428532939,2.930032234717979,230.00726547097696,38.68648286226472,833.4007751594818,79.23882692712176,16.701858844156863,9.034558549033218,52.302711150445596,274.3051109053268
POL_706,88.0,6.536736578529095,11.931393301465983,3.5412931137047243,233.42268710922278,42.430227423911056,837.0304359019143,82.84949894615605,19.717664476466556,11.268608003997372,47.99014755546146,277.2662487433057
POL_707,294.0,7.68017530423256,8.63542796050836,9.372892554087638,252.27159571106358,56.74541567760953,856.0011925298426,101.82089003150955,32.384144478475235,21.08619520535839,33.20557384254691,295.4506096598205
POL_708,88.0,12.655307844844316,11.063205476893494,10.254589682516542,235.7782080181443,48.98374755829038,839.9514563432581,85.96708217011043,26.45854552098875,8.997011795765438,42.64088325555206,278.44302166122327
POL_709,712.0,1.340806673874848,8.50336279054613,2.09479938914894,230.1801861066185,37.23472195149855,833.3873504121972,79.27658390726651,14.860717273879064,10.18586664790625,52.969758158792814,274.7726900328355
POL_710,713.0,0.0,5.198183131280971,3.084920259079154,225.49956153049305,32.93954998446688,828.4531360682206,74.4473350437288,12.35903762968239,8.549952297765637,58.3327639328063,270.60358135335656
POL_711,88.0,14.985846494727886,11.413217781719743,12.052154120078091,238.00569989897144,51.11396673787502,842.2648583992751,88.3428271760549,28.226598663359688,9.185187543439746,40.09756782488544,280.4208574226582
POL_712,407.0,23.41253238949615,0.0,3.762884747755716,214.14534649303593,7.986567979972816,817.1519098001265,72.14183119491604,0.0,30.54323427894563,88.72302411713886,271.51200117201387
POL_713,266.0,1.9959888756215933,5.246955173031797,4.6101611217579626,222.05968430525894,29.83040414944076,824.9884567595843,71.10690523029659,11.034879557954351,7.548259600661603,61.939318260560775,267.74913324327815
POL_714,88.0,19.356332116609437,9.74859380209425,19.195912582131605,242.1033493366277,58.35967459848442,846.9794186048863,93.32041667233572,35.234221746747,5.9935690221825055,33.24525780092,283.6228275104859
POL_715,714.0,13.368406343191415,15.94890051054325,16.10393437158824,247.13562238086865,58.25149270144023,851.490891663173,97.6133086641718,34.369202371242686,12.244818651047005,31.31597092645117,289.09261793879307
POL_716,88.0,17.015957328871934,11.86739851899549,20.09395048110324,246.25928673750497,62.01967361275629,851.4285877697487,97.80712194597389,38.56599023412841,7.7063384370807055,29.12494535763232,287.72773144517674
POL_717,511.0,16.822024257898285,8.038173892716362,3.216757516445576,265.1708238259362,87.63818361786652,873.2731652018477,120.78319401736496,53.70126026478649,1.5991801864326156,3.2064161403497624,306.067451477706
POL_718,88.0,13.974177743357286,8.427002811184074,6.0463594938209075,264.6728429937771,89.47446394239552,873.1981054621423,121.07891629162019,56.54125349116973,2.503567887009416,2.6697714584954295,305.4713881461001
POL_719,88.0,18.6464120072844,11.602912773122139,2.457431722478863,263.5180274015691,83.47446610181932,870.9953528679634,118.1080088721874,50.07715430633312,3.024491157449898,7.188836187213638,304.5530478377836
POL_720,88.0,19.586996192261438,10.568077046323433,19.813669722170122,248.21170827519728,68.23629202398713,854.5410376375437,101.28673698312875,44.92234945562566,2.9395608088152336,24.164364068682612,289.5048062697456
POL_721,88.0,19.54936697869189,11.947455022741133,6.7673530554722126,260.8297669131107,79.08541207368248,867.7532335815121,114.61449409616553,47.59317981348407,4.358850630130608,11.222645348303162,301.97842033063785
POL_722,88.0,16.419029915304627,12.544259608464667,12.60132217309285,256.2102945092707,73.13049461010516,862.4881534608658,109.13790340699504,45.712484056990135,4.730710265577158,17.04005663597747,297.4847312708172
POL_723,244.0,6.909325436053122,4.634668649501324,4.126160901569734,274.3327710542927,106.64766496019105,884.6426813307685,133.04667818949784,70.18693380291155,6.169001506418182,0.0,314.5518696947778
POL_724,715.0,13.032805016721507,9.290870521399958,13.674988697689686,318.4226731106942,108.46866017766985,927.3591966228879,174.78758425908478,70.10733918329531,16.80466179972784,0.37382283815347195,358.9523231305101
POL_725,716.0,10.292180602905702,3.1403132097960804,10.453911913573076,288.98200223578624,111.16520228357756,899.1798877911725,147.66979065627166,71.49209699105997,10.536269972754306,0.0,329.19765693784444
POL_726,717.0,14.887976755033078,8.367655050886954,14.835428868013937,316.69779508791567,109.52514281031117,925.800251084288,173.37938890445045,70.98592577649025,15.998089863256066,0.0,357.18643925172046
POL_727,507.0,0.03684151004113953,9.448088349368806,5.909126744471327,197.33910133877728,40.52881657513254,801.4937452059028,47.73830278490389,30.06881890036275,8.325598203257325,77.68348920874799,241.10028889633713
POL_728,718.0,4.231795740048596,0.0,3.85393676306373,278.57810639335094,24.75754470468235,881.5321781228937,133.30278307890939,0.0,44.71227947534978,44.802094793230985,332.4328845767758
POL_729,719.0,4.683318989394153,0.0,3.763475829046599,278.2622563602517,24.217156763872797,881.1992586511235,133.13978252342554,0.0,45.31342304450847,45.56746153822695,332.3117598457183
POL_730,458.0,22.81995277327942,14.420896470854192,4.894811544949484,1495.8568868614796,60.47881281906344,2078.3892711970166,758.4343411443001,124.57095255818219,19.67231303929904,159.63322166617684,155.16186473055106
POL_731,720.0,3.5493926827170457,6.4984333845828015,1.01694089199539,1510.2211521188176,74.39450542081394,2090.5732581800153,773.3071090342805,113.73242084368997,4.848662498587959,182.19483520991017,147.5007967734761
POL_732,721.0,7.696329491415571,10.387861103928083,4.746802203603276,1506.5389309418313,76.34677995345751,2086.8866085042823,769.6427957449895,117.81398075323368,9.002038387554451,179.3459051783149,151.63384537287283
POL_733,526.0,3.590007981717303,6.257187871389439,1.7045043231868524,1510.3376582092037,73.66879864019765,2090.841410735121,773.3862409159893,113.82882034947562,4.890871140427379,181.71128535042763,147.47484184965185
POL_734,722.0,3.253942394002715,5.788606070383138,1.8347266696233786,1510.827553053117,73.29112606191683,2091.359288641674,773.8667830458865,113.45824404993117,4.538475269664219,181.94423313141255,147.05676396168008
POL_735,306.0,3.6800965283008287,5.8631524041610374,2.584633933226912,1509.4595792846499,72.8108181429314,2089.9664001698397,772.509363831743,113.74162880111476,4.9170107845380615,181.0156409493312,147.24042312365046
POL_736,282.0,1.7403209324408913,3.3678068037294855,2.6384514074648866,1512.949311572937,71.50940490944696,2093.523000287193,775.9716102154218,111.30897698459248,2.725377250677886,183.24549048332193,144.76128470216167
POL_737,723.0,1.631941997226033,0.5312848039291577,4.030602961401572,1515.5464892465757,68.05879228098136,2096.433870020708,778.4758512788435,108.22451576306605,3.106643460833217,183.7985779544958,141.34688961878447
POL_738,157.0,7.048310732909165,8.79868772445646,1.2655096699294746,1533.3271926090902,52.890810925536556,2114.4374660637563,796.1584002932211,90.60528259013815,17.445059729226227,196.9339376456322,123.6325806181991
POL_739,433.0,47.811570254493134,49.39841422236504,17.351147114394273,1392.989754564976,33.24053188313661,1979.6227628334457,655.1997407849302,49.398415670410735,68.27818253744563,60.62325395088981,260.0881462945866
POL_740,282.0,4.454122861958116,0.0,3.8824775301171117,1352.560923624627,21.234855934357956,1945.174643463256,616.1742898838061,0.0,32.36135590674984,1.209428650379768,305.26155425430863
POL_741,438.0,56.529519290100005,0.0,8.6579263020688,1301.0314395123687,33.883117929322005,1893.8418435536682,564.6735039136578,0.0,76.12080646749726,0.0,356.2566749248291
POL_742,438.0,54.83984288940985,0.0,7.176404030922066,1302.9483394191122,33.541991868022954,1895.6439330355613,566.533142432848,0.0,74.68772411721655,0.0,354.50325027915665
POL_743,306.0,82.68944815558002,0.0,4.874279397041367,1275.5494214451498,17.856216665024075,1870.2235565767899,540.3256143908866,0.0,96.500243464723,0.0,383.96221280572576
POL_744,420.0,30.535448780191157,0.0,5.905972729274852,1325.1384505226465,21.048084441371575,1918.204828041154,588.9529774352093,0.0,51.86494640990074,0.0,331.0745322030216
POL_745,53.0,47.96496842261002,46.772221075956736,13.482539857451526,1393.0547645027493,29.952122058957357,1980.0548996067753,655.2682437456061,46.7722226718189,67.54619471643271,58.040887825380665,258.6129305400412
POL_746,168.0,6.665194187760529,2.59575380155241,7.655160814479749,1510.9806910194704,65.8325766556915,2092.1993377071312,773.8322959349658,111.9069098729891,7.334691680752796,177.91294307471267,144.314310703245
POL_747,168.0,18.816495349820066,12.650537886545266,8.481614793505903,1500.8902799824846,65.81578387770384,2082.9658945171145,763.5553082903734,122.452699290307,19.48967735998922,166.1237009164942,153.76195836414317
POL_748,372.0,0.6530923217854419,2.7637430374746295,1.390125384900727,1513.8113440756229,71.4564436098299,2094.3766136652184,776.8340452801496,110.23089561045026,1.4680158463663127,184.10132657122816,143.79917908720296
POL_749,526.0,3.091925048853208,5.562075745798335,1.9160033898330744,1511.0698779263146,73.10200399658125,2091.6116987891874,774.1057169212118,113.27650849241982,4.370804535403456,182.06279953476508,146.85266417849624
POL_750,263.0,2.907753296952549,4.511270383357462,4.523424994297288,1528.6329822713242,56.54916813753644,2109.7544719364028,791.4745615033706,95.37715857088831,13.105980073261097,193.14142323134146,128.36353736408756
POL_751,513.0,49.66394705139387,28.30701615863676,22.8858644385107,1484.7715198101885,30.00856827896543,2070.781131615128,746.9821591705561,129.98920176683902,15.814039920581676,133.46544268780224,164.58788049468194
POL_752,114.0,99.89137213028764,0.0,0.3147749632314632,1539.585124127154,3.3066911829089096,2130.6951301213617,802.7694950025794,119.92019859279775,92.04248059515126,170.7631570637032,123.32904652320853
POL_753,526.0,3.22995899516715,1.0744079180027652,5.605530474873366,1525.8263069722161,56.7070513132444,2107.224391294999,788.6049242621539,97.46841902200572,12.035663239079245,189.53989352000738,130.0754028940928
POL_754,439.0,1.1009857739956062,4.331292711565294,4.177604515226957,1527.1458124065723,58.400453260382704,2108.1309054487774,790.0252391467913,96.8527193656143,11.219290762487809,192.59656687281674,129.9963616410037
POL_755,526.0,0.7432070386742322,0.7678355316370997,1.6067526536884866,1515.4681131144227,69.4624004681101,2096.1321800783176,778.4589228728022,108.45995300495859,0.6483989989221487,184.774361200371,141.98796766012214
POL_756,344.0,49.226535826313025,0.6028589925462772,1.1429353415649077,1575.593952398466,30.942244437118802,2156.827096810893,838.3260561560073,46.42899289341931,47.74623108381218,189.4566080996242,80.30688400513452
POL_757,433.0,63.05366301869731,34.4216677672245,9.24957238635106,1464.6201478814965,124.3503479106408,2039.3934911895356,730.3128645608489,169.3859522035617,51.00638688053479,180.72376817892243,206.81620746065784
POL_758,50.0,51.49250284947273,36.24278381558769,6.566366906816983,1454.037370420698,133.78737840936753,2026.9684926482448,720.8970805121302,174.3910785835122,31.639213580234856,184.8618077503101,221.42899863057397
POL_759,433.0,68.67327171300808,37.45108201049927,10.29394898325838,1444.2226381014889,108.67634682245429,2019.0885341439573,710.0052494529135,151.91612887549192,51.03421941349205,162.72103935860176,213.2948973432851
POL_760,107.0,52.10882637325749,24.18984496153668,10.067510320174621,1444.3404699810035,149.81253762450558,2015.0603823204833,712.7693682070128,185.02551128877727,20.95328452485358,194.9165590206754,241.82982773676525
POL_761,107.0,48.16260622446484,22.949565446073777,6.897263345819306,1446.5495170917034,148.2628372664901,2017.42472899791,714.8455191692681,184.9639308992704,19.31540866926026,194.9495443550396,235.51435190660257
POL_762,433.0,45.02487496755791,9.795250268534131,10.436216319056443,1443.0760015146282,164.40866433086597,2011.5655155535899,712.9766488245235,198.01555538074876,8.985227103149562,208.45761025576087,245.69131176959382
POL_763,433.0,60.65902215600961,0.5849780988360247,1.3576582594564788,1415.862971602182,141.62343228534672,1986.332758806628,684.4209916880055,169.59537590212955,26.70244139576186,178.5480401182048,247.65898291372852
POL_764,107.0,55.4523193758902,18.83920395353308,4.839598607745994,1434.2106842673697,158.71868176517995,2003.406792144876,703.7333838481622,190.22286519377974,19.559043817452835,199.63190300989862,254.87561916791134
POL_765,306.0,46.74138687972108,37.167565780946106,21.967307415701256,1499.7074748409652,126.80462050605217,2073.0619734858224,765.9590952858464,136.46961838552244,50.96086008182719,211.62248380729733,181.55987937172057
POL_766,306.0,22.111069686684445,33.5205582846898,22.595640786221313,1512.9677868940782,144.25387794383826,2080.5449538214993,782.779583406061,136.14430269814767,27.06905899727775,220.14973484845763,178.8839865200285
POL_767,523.0,2.0807411576929438,7.761553199587153,2.204699393626904,1584.4476976431472,69.24336655515071,2155.2713836171383,851.576769796519,57.50621601768122,25.365506628084887,147.21160829788872,105.4586620142569
POL_768,306.0,59.478020923837136,63.578625831532186,15.894038367944626,1548.0565018388377,117.68067137178727,2112.5662454655157,820.3580013323464,117.56006121968278,59.20062248682756,184.6198519636497,147.4759535708261
POL_769,306.0,37.16359913428513,35.04736812676357,9.909977589874066,1517.3722369427492,149.11749997600336,2081.206903661317,791.0202680687776,147.9827026074501,30.505098766264773,215.41226277826274,179.0190878814452
POL_770,724.0,3.4838386227556652,10.434768844167282,5.249033483718373,690.1612904317712,13.701013793189015,1285.7582563473109,0.0,67.39232850354966,29.474448179439158,39.28336630718097,748.8572343530627
POL_771,725.0,10.49379720204608,4.543086981551556,5.476990512708119,684.6527950185301,10.008655127507863,1281.2044127020595,0.0,67.64272467517534,30.585361978381084,45.067340733658796,742.7325576161398
POL_772,726.0,10.268526913471375,3.7564782394141445,4.427973498624333,683.2473985522722,9.798199231950287,1279.6358648752116,0.0,68.62549476479111,28.800150310358262,46.01701911175345,741.4625389231949
POL_773,727.0,5.464567771181322,4.386678647739845,2.2309876709036276,680.6051792543929,11.79181058367332,1276.267794448175,0.0,74.23774480619026,23.649840263010034,48.80548155719049,739.4454757508057
POL_774,728.0,5.056689307326457,4.831414907354638,1.8320565796043915,680.4679474426446,12.258922248126984,1276.0571309014692,0.0,74.80575022780708,23.21645716703528,48.97040467710324,739.3701583491431
POL_775,729.0,4.502995167883097,3.8059308917479613,3.597436418444882,676.2960037638076,9.966165272264027,1272.1685425874628,0.0,76.06780298044393,22.827827108731448,53.32197120577091,735.0501238381407
POL_776,730.0,11.03561998419828,5.701343720571323,2.8076327253154014,656.4845416874606,9.044781287342827,1256.2449930281032,21.57051446395623,67.9865241970465,49.45232792260658,62.34341977610841,711.3361059509648
POL_777,247.0,29.933659929054688,22.234904091755293,10.916137424530485,614.3451782742663,4.585298791213152,1208.390891734922,0.0,127.15447068266666,53.259866706779924,26.446431573332436,676.082403730194
POL_778,731.0,5.803857400107341,2.497274391958648,6.554195589053491,584.2935873256826,5.705735875225194,1184.85448369782,16.867374412900904,131.72602390226095,101.91510454872333,0.0,638.5893344297789
POL_779,433.0,52.948266246186186,27.451597568504006,8.585934919444659,1604.8759213969088,59.80845886041945,2169.870505867618,875.8499061106423,63.97815100765111,34.0758970666917,122.60585959327416,85.30558617272678
POL_780,433.0,38.70654739459318,0.0,0.0,1471.1251608143618,186.88129730478653,2033.9104823706612,747.0154939768128,185.07520241297877,2.410055473825941,252.14387287195103,216.7295968449223
POL_781,433.0,25.436825321752025,33.295800028822875,25.937394302945226,1486.8035690561849,138.58500330376907,2058.0816819439574,754.4350244927251,143.36937022855966,25.73398666679824,213.13279386306124,191.87112119879714
POL_782,306.0,6.688639801132066,0.9781451781643572,2.7269002305566885,1531.6547063088883,84.69782165321467,2108.524581578124,795.9335596421674,100.73336336623876,33.054624555180204,211.50730417947096,138.8712769300181
POL_783,162.0,21.742775603712065,21.589748561824315,3.3933535473076453,1540.7177066447953,105.04098697575866,2114.4593379826533,806.4843981330047,94.29871652910951,51.706139983991015,194.81350405724606,143.3471732292723
POL_784,162.0,19.12593729365567,19.754709906419073,1.6046715613788476,1543.964390220379,101.41690052089946,2118.1267331831896,809.4893610886933,92.1764244715167,49.97146416605192,194.06470375781996,140.710574470332
POL_785,162.0,18.371280918088306,18.983626379867633,1.14954688353646,1543.5083506672636,100.79960320883615,2117.771285161319,808.9837361258509,91.85935889786631,49.69178496412066,193.8609527748466,140.20035729948168
POL_786,433.0,3.2914942097090005,12.741447164885308,3.8789984349368494,1484.0197273037393,157.4717310010032,2053.0838399532395,753.1515442361805,152.54691288030494,4.511623924243718,223.29889556090183,197.72803994016144
POL_787,116.0,0.3147778563315489,7.853237132029021,0.7128287790453022,1488.9025131438461,163.91951253012812,2055.3382928704023,759.7102360037959,156.38862476076056,1.0118512364218162,237.82790637258313,197.9071643900058
POL_788,433.0,28.488401063518403,23.006400126966874,0.0,1503.0014076722914,153.09001609232627,2066.0160260331545,777.972772305296,151.02225340117562,18.62102237666081,221.0781144528586,183.93005204690667
POL_789,433.0,27.770941506631104,20.41348094434503,0.0,1502.108184468402,154.92968850141085,2066.101164340954,775.8092900690107,152.8440290699724,15.867784020772152,222.17432823198723,185.6195264614182
POL_790,433.0,17.57362487064002,12.036741593579842,2.165198566503241,1496.304486332783,155.83703563239504,2061.2166826743855,768.8295092220311,152.6455314577839,7.639580598514372,225.43896455776311,187.58550322551608
POL_791,433.0,18.846937490956694,6.905264802263889,0.26030217628024943,1484.6713481916834,166.82625910867898,2046.6573673980074,761.3859095033464,163.10412285449232,3.403373317629564,231.60930800018667,197.11828542041343
POL_792,116.0,7.909631020054902,19.803634825927872,8.50816168096645,1493.853899652294,146.63447215628202,2062.7473737545974,762.820860298647,139.59726418588946,12.305207184364614,218.6203966882194,179.51597050791827
POL_793,433.0,39.152056295380554,30.459652225749046,9.940362566385927,1509.3839499750088,149.36294099732018,2071.637534169568,785.252995583541,148.73716851678626,27.28481473823991,212.33723162147507,177.8476321250215
POL_794,433.0,62.35852998210955,30.02597109856005,8.082808672618667,1427.6528933542943,192.9042766436585,1992.660197649219,701.364098461434,219.5696831204501,30.531702465356112,227.93178008603266,261.8845517055899
POL_795,433.0,60.829945655453294,24.543627261987538,11.095775952801947,1442.4114868289337,215.5713846888501,2005.0456242143575,719.1238818250954,218.16850508823336,24.805146140494987,253.1271617513861,252.47767937886843
POL_796,433.0,57.71244326689667,24.326452443523344,0.04287335638260408,1433.370080002207,199.42356858294573,1997.4984877615454,708.1705896094732,217.2690554040161,24.67208012348394,236.12867447255306,253.50319238564765
POL_797,282.0,48.10649905062635,57.58773764892253,5.074149521728492,1539.454387754143,118.51227359676247,2106.7279756773332,809.2189080047623,112.5893916257492,52.20034119594772,193.88928592371903,152.7177833959804
POL_798,520.0,0.4838236525092517,5.028166554196181,1.2649084710805243,1540.794601456351,82.7383313310843,2117.416442803258,805.1582540357583,93.28596094036997,39.529343230874986,202.39779117866152,131.995415253788
POL_799,116.0,44.454298777060984,46.392808232885436,16.220773176542174,1530.374921705527,127.05771556717868,2094.671226310976,803.224490755738,126.34938667519515,42.00707517027934,192.20238603212428,157.1511343376929
POL_800,119.0,50.087414455775914,54.01464973277636,15.722241486482398,1538.5607637664123,120.34748134467304,2103.267635461245,810.7761768359494,120.0044064980059,49.62515367003738,186.82908942842258,150.08214830543963
POL_801,433.0,57.46431993448835,58.881120962989456,12.356689115761627,1541.8389977965776,124.60696200690242,2105.3989792000966,815.4351629768216,125.10084090938356,54.48768708523437,188.26910896278392,153.00292042709398
POL_802,45.0,57.18798261219665,64.86240696459059,1.1172303894704458,1551.353088715036,109.43082969348657,2116.051022412607,823.3774734088013,108.83036749361712,62.3231622666956,174.80226970144048,139.59855121322025
POL_803,433.0,25.385486351528463,0.8550735880135926,0.011971736382392134,1455.9526056590184,173.2534989964391,2023.537063073044,726.3369342517303,181.81616786309985,0.0,220.04790057141517,227.03401706941807
POL_804,201.0,14.84771762337424,1.6964125421768355,5.107966265591366,798.0775848757186,9.779651155099529,1388.1670629540542,61.055779232844884,50.05646383958299,0.0,2.5052581839371886,853.7241243014192
POL_805,331.0,18.937759884725892,4.080387656188141,12.162408207445097,781.6655435689491,8.279876522738324,1374.6601099495176,44.4571600993417,36.46084989799908,0.0,0.0,840.8714027301241
POL_806,732.0,1.1096348855078675,11.328336570050157,1.2222869228750235,714.0538772356821,26.700741729408247,1303.9664716437576,0.0,76.08470226351106,43.86121429644077,30.419766332222956,776.8849715444961
POL_807,733.0,9.949559903749028,6.752903263443089,3.9039411161713,655.6545013534544,8.604822350826543,1255.5002255190245,23.122812401337917,68.13077552911048,49.73263993613219,61.28155095432174,710.3517489430224
POL_808,734.0,10.184180048501927,6.462430691808453,3.5717299437295167,655.846906824721,8.728950842414514,1255.6805975050543,22.55235567447759,68.01404753329624,49.5599010711631,61.50408346874332,710.562293515722
POL_809,735.0,16.957310416679427,0.22650680814433538,2.985855818394076,654.6332453133153,7.82822653855627,1253.9674697320156,18.369437460407084,72.75062585560443,48.87784755742643,60.534678382692235,710.3056954417472
POL_810,736.0,17.800016173659074,0.8893756162128277,4.2800507657178715,653.375007314848,7.022548972395505,1252.6769951250676,19.043099449836717,74.35737751836221,48.6467736386329,59.1575185868103,709.1245363965782
POL_811,380.0,29.027086823548338,24.38589169049646,4.817958718488955,30.32583508288968,200.39313814856197,803.9646819910238,134.8338258702034,527.4786029402131,52.05060265663316,463.51571994846825,270.651760688457
POL_812,255.0,1.8207324792533355,17.452195669868452,1.0369997849579293,1.1885399009962936,89.90494101755982,602.8797565869904,0.0,340.7154895415781,0.0,261.4368703244648,415.22249695767914
POL_9990,,31.84374551340619,5.34466687527393,12.062108177759752,74.26794614376698,125.09478870300656,1337.5230621105336,130.18921766447392,201.04617830637213,26.946240717546015,44.5229814203341,46.787278615561924
POL_9991,,37.098916545634324,76.7044553261729,36.80620665011624,127.85482564370895,155.81611914422498,1045.5034063322132,86.63631731750233,504.61370701638606,96.59200681844332,334.09355775261423,84.18958412775356
POL_900001,307.0,2.9499062612843203,5.1814552300866845,2.703200957693037,28.42580115045078,79.58057741002905,73.23461179255574,26.041437019400792,44.00391013062786,3.804474645686469,90.0935293231426,570.8232826366888
POL_900002,276.0,21.269931882383666,44.68871747977204,11.63985731191863,11.102955005444992,52.67466629797498,338.701017548413,41.46993074319017,82.73366277372472,35.36357721239374,11.63985731191863,674.3231910696237
POL_900003,27.0,2.7317595172888276,78.98679162759476,0.7211479912789812,2.745659045127393,69.19434860740613,1180.5699041668101,0.7432592175511487,370.6460685981451,1.9326254943801382,205.87183991973455,0.7750208212605653
POL_900004,27.0,8.306882643744956,84.06872525916205,0.0,8.404495583859667,69.58363085272306,1186.2063218704304,0.0,366.1743076487715,7.537109073199821,200.97460542990652,4.468191854079452
POL_900005,27.0,19.84820893301375,92.17917834012937,7.2360215983937755,20.209052787051075,55.556579074188626,1197.877746070832,1.7522800942220942,351.1818064832264,19.013144425269978,187.31065454651602,0.8115265095031436
POL_900007,,6.432331151861011,43.641142910820975,6.9496501431974105,19.025927941332345,185.11702989755165,881.4896311326394,183.5234509354411,606.2066511670342,2.366675389467957,500.51719722429306,204.74609813144107
POL_900008,,6.415943753763087,9.071837490974728,6.671862441444777,128.7455057488421,210.74310794752688,1128.1814943701424,47.55766831317143,430.9872775199446,41.23325520135584,261.8699793960711,142.5311920215399
POL_900009,,4.0430648268581795,10.364119466724105,4.5966975408333495,129.59970226607894,210.83950772510968,1131.3157520017044,49.05447775893631,428.81450118063293,42.76180883623365,259.8572656833083,143.46297196593758
POL_900010,,4.138616050275466,11.818624688797707,5.031972329866669,129.2233581186451,210.2375565475538,1132.9004939705476,48.87392212704366,427.71063079362875,44.169736753706225,258.775359869069,143.1107393383634
POL_900011,,0.021498488138092874,83.18145045444493,0.41291065261061405,68.88657639639442,138.26485034870038,1178.006435018597,0.0,373.53624998876876,67.79742693444503,202.5052731665318,82.11503027085806
POL_900012,,14.205086100300756,27.488962007782575,14.522450740927244,112.98723694684607,203.05282829334183,1009.1641004434418,130.5841238353377,547.5309924150677,37.56034484769876,377.20895783390745,164.80932879444802
POL_900013,,22.821463526915853,36.96686411078411,19.465685147813197,23.696545712910275,181.4881236325442,811.5104468503721,126.07766134691829,537.7060768269961,44.327119684839495,470.47624577121445,253.1543682267043
POL_900014,,21.604896870549748,44.39444385785238,21.881664902704784,27.80554483818477,173.39534416006313,889.9007437606814,184.5211134726948,616.4215049740924,15.738434159509165,492.74937697634994,191.74325854759334
POL_900015,,73.78953527641325,59.099981344346155,42.629274760997895,74.38468272961545,100.32759673781122,1064.6128074499848,98.08669260319884,486.7403372635648,21.58445771866204,321.08211376318843,7.704898421493113
POL_900016,,108.63503343967218,71.44846668644436,40.046402261842985,105.72786247105455,107.84046090191387,949.0022649713148,183.0652568483691,601.0384230693994,57.65963973604428,430.59617359613856,104.82278515803822
POL_900017,,102.93247733254269,69.88788021385163,34.58974339769926,100.39725143117197,109.99085983060176,944.1967068538881,188.65306288656978,606.830122983204,59.71416116851552,436.3248102870933,110.06819432913085
POL_900018,,67.95078133757735,70.60080507477427,7.680611346465151,68.274069488883,123.1020019200437,820.9177094128815,99.38647760371784,557.8347253928329,56.77523075753028,479.83874034805547,213.25850235556433
POL_900019,,18.85662393524401,51.46709199810993,19.142816346566512,118.26424261591652,207.26166603770042,1085.238947923576,47.54145586480189,468.195300101845,60.22271282449162,297.23427698884177,123.00977277229552
POL_900020,,12.638694226336332,4.919939931993964,11.40972485487195,151.24842799408654,218.86627284488006,1047.1265864649943,96.27418647004146,511.1974569899117,25.267989885110683,340.9951630288695,157.17997214122187
POL_900021,,10.188271141942966,29.697756901407224,10.139771938586644,109.95320409407294,207.00055784245575,1006.813146314306,135.93369954993057,551.6186325126955,36.19893289617031,381.50783414424615,170.25688705224036
POL_900022,,29.262240019106557,41.08705101773757,24.15745073918105,29.410432155327936,48.13728692791249,1173.44584116356,50.366887925103114,396.7219820169702,20.6326465184321,239.5859840988948,0.0
POL_900023,,7.473426158873448,93.55755653205267,4.314546109539421,62.59198252201028,149.61112127160663,1114.3678986812326,25.013103256112863,437.8322519507645,66.67220259955805,267.9223811442904,71.86092072106544
POL_900024,,11.677806177322337,7.899518962590179,11.8983667123122,140.85046046002256,212.56927484061023,1036.5141970535676,105.79439983037206,522.0113167900134,28.51276685871668,351.6987375896567,157.76718796693086
POL_900025,,22.733683484834238,15.03328768747221,21.345016495715704,155.75620616412536,212.77702731000394,1050.1358695507975,89.05763707751672,506.44493998433995,35.085997360239496,335.9175772791772,147.4973855010463
POL_900026,,103.05753734087024,78.7639625802169,36.90774152011326,131.65047531606822,103.97528708243198,975.7360940572843,158.88246077884193,575.6416961582505,55.58296269570295,405.6892717292636,79.66824786161666
POL_900028,,15.915322719711472,18.80246847017622,12.027237683435606,77.70788241203367,82.09093527524357,1584.4457057255481,375.47630362333354,75.5655057168906,11.36159717418191,14.706812293537903,54.7275404370457
POL_900029,,6.5554151917119565,21.402944980322832,1.8930743623476647,8.439662263106086,112.00707935766198,629.6217814437217,16.008018157607957,362.26582996612865,0.0,288.3619425059199,398.25091233544356
POL_900030,,15.799718275920391,50.05844465482241,16.279894497039326,24.148032680660798,79.9442127026322,454.4036105399916,22.637346877311185,178.6831026125136,9.40391609503014,123.04672541640792,571.3052504271171
POL_900031,,11.934424809944518,17.016857261042688,15.310438705742653,12.144138440742504,100.54575343799017,498.98757422017627,8.648582034280608,224.53610440531298,0.0,162.91814100951441,531.24219260998
POL_900032,,2.0341708743117515,51.41924072881747,3.2697816529625885,3.5178277522194334,127.49165233878082,730.8151792044921,50.40794193227793,467.4739793631239,0.0,389.5032542219349,297.3209360454109
POL_900033,,37.07354942206173,7.996759008920682,10.241506475604927,3.4851524422678053,140.06506403250268,572.2697360065649,24.71287781208739,291.79954878386957,5.329667322715531,237.0145251589326,480.4677831631042
POL_900034,,42.0819568888787,117.07819958722308,23.22909842665513,22.38996306196747,2.326336601273546,430.4931932185588,116.47649578212427,210.8192968348533,0.0,101.61572017686436,551.878096155568
POL_900035,,34.833213142405185,18.470339521780254,14.708717829125177,36.7501102233246,145.2555060245719,679.9246128519688,70.84833430511326,405.79134630060764,10.173322997373793,339.58071679629825,368.1493433855803
POL_900036,,19.070074113627584,39.62312424583921,19.919627050297834,23.411854554858373,85.99940786895303,446.5157790573253,31.313273253874904,167.42031600209356,3.310859876615548,117.81383660638947,588.9208977155264
POL_900037,,8.788780872077453,4.657884408563293,6.492768582179714,9.248291805626971,94.41995626053902,592.5943712430259,0.0,328.458498289121,0.0,251.21389559045286,426.8468529084563
POL_900038,,0.7115315135645229,23.453085092652646,4.861732448626436,0.22655881642332704,92.18685310101601,612.5485418592818,0.0,350.00719761030336,0.9432392287105767,271.1065321750954,406.49280323981145
POL_900039,,37.71017682402054,34.57628749118356,34.37127494924092,52.138070999503924,127.64347043869311,683.1276922669676,65.27200710687409,413.384597088395,19.028003333266394,341.93294209052857,356.08615787277563
POL_900040,,46.599027287686965,39.481527049553335,47.52708597423112,47.36898091837101,159.95234032456779,774.7813521212307,79.15516636951398,507.4913243560874,17.722891701490585,433.33975110394744,263.34158283096247
POL_900041,,10.375905177740943,52.97452959347084,3.036948656413597,3.1036342817276075,66.61605440207498,474.6164103575078,36.59739618599156,210.85588687236802,0.0,134.74799776834786,542.5176885118922
POL_900042,,0.5409495819873639,21.381321034921832,1.3260380618576444,0.6906679479393202,90.37142147879383,608.5137247264312,0.0,346.386272873571,0.8074893512786848,267.0732944790342,409.96086643586085
POL_900043,,2.1867862224372834,18.76117345332405,2.9727734145259643,2.460887656478637,97.89281296477637,612.5641857641992,0.0,348.29199260211664,0.0,271.14463519707397,409.5908089480249
POL_900044,,5.264093319181236,29.880792565215927,1.5920943054624015,7.218061004822185,92.28122045141296,620.0180793431562,0.270448171020336,357.9838107261338,7.90557303239564,278.58889000889593,398.96134724951384
POL_900045,,1.6136254223727888,16.491347087839596,3.0387231699784194,1.970594423233914,101.38965501946218,614.0527868876931,2.7524602851153497,348.85578619289004,0.0,272.676856933327,409.7324251300051
POL_900046,,0.17871211447316207,19.192433587687287,0.056571698078658486,0.22744870269135758,89.13835969085831,604.4351659648722,0.0,342.45562508893136,0.0326404876796911,262.99453583203007,413.4192367004458
POL_900047,,0.3630425259576984,31.553373813296783,26.29861377744611,25.587296829495436,142.69091145448664,722.103911634618,79.91726733065778,452.7139132944565,0.0,380.77032798204425,321.1592510228837
POL_900048,,0.0,54.8013831445986,0.0,8.85724135246279,65.66366858162753,440.31014783670815,44.26773582319973,169.46984070692602,17.663575561910182,106.72915291620203,584.2097656007004
POL_900049,,35.796480183336925,34.327427716492245,30.757495591366542,52.55788509744994,132.57558742676366,686.9336780647825,69.99977928471397,416.2621199235582,15.639944891381305,345.8451418273657,356.492953071051
POL_900050,,0.0,20.01636545392695,0.20054007202946553,0.1650154946108601,90.1409366657771,606.4744884692243,0.0,344.3302257978438,0.18944121411006734,265.03291062528314,411.59532446915233
POL_900051,,7.1124909323763585,28.681377424602523,7.7838910802340795,16.656900024185926,65.86984119689465,345.9885723455721,43.680574158133304,79.00684668493969,21.417517139359493,17.988894284002576,672.419336445315
POL_900052,,9.763119315919646,16.601459180449666,14.82146665997516,34.662304746773465,76.35510945345995,396.70510963578784,81.68121168007096,119.41956286773993,8.541135644372174,68.76518308731043,634.3588680803681
POL_900053,,10.21552707334532,17.22112272885938,9.309849355882456,10.501984180836851,39.86394833923084,299.0794523176284,8.038573213930682,53.369763931314196,38.96665666776098,24.604998181444174,713.7729702474588
POL_900054,,6.17660849923261,14.908615052106569,7.208666834332655,11.529404998038927,81.08388993525885,346.4426391201628,42.670527483800996,71.3910005185527,6.929111898997745,26.763823727054714,681.7915482559591
POL_900055,,10.234497892428493,16.18280778249,14.735415007888925,34.231087519146534,76.8416845472628,397.02940978996713,81.63371938582146,119.51436677227228,8.985245194312755,69.14308939343464,634.5171397978116
POL_900056,,12.17324579547299,13.633641210143509,13.975625163172978,31.632598375312714,79.02542082414105,398.42669670941797,79.9977530034087,119.9699471928057,10.71684725097674,70.79299415777304,634.1463600275546
POL_900057,,10.02319215966234,25.75633995506391,8.084442679941068,10.882945271925035,63.747491884829934,245.70908170042105,48.04468745644797,25.756336713933802,39.578346205204284,83.16223664171072,755.5232877738418
POL_900058,,9.043526879271356,17.66709737577559,15.33169342028206,35.735262977031525,75.27068148854619,396.0204478537724,82.55208466947754,119.21106440316434,7.990349292832894,67.9502818178795,634.6795417385886
POL_900059,,19.808516207231367,47.382897577792654,8.591225900022016,9.82326655553752,50.05970477304348,335.32802774917843,39.28754378302293,81.27010766768817,36.99802870438707,8.591225900022016,677.4120415333178
POL_900060,,21.30889776761522,45.68557777508549,9.320702890332647,9.423233205835055,51.294167887645784,336.35109880618046,39.49335055830988,81.06807063999118,35.580047873784935,9.320702890332647,676.2582622485901
POL_900061,,12.15770206356684,25.186742486169994,3.0664438580525313,12.791248288355813,56.547122779403985,272.6440361036161,20.903581967875862,32.53812456988896,40.9315394529449,56.317815245614725,745.3841096968814
POL_900062,,17.94766154451496,10.758483766350338,9.154089873016092,21.524689379106213,75.37951760361611,110.21122080238214,67.81211681991564,82.36018614113513,5.578363122064965,132.46139683669836,613.1958144681313
POL_900063,,15.095140903208367,40.57414671165143,2.188091601374129,2.2419494106195983,55.26341841369386,327.71372238140447,27.0067618268582,67.39424353973472,26.272986417417155,2.188091601374129,689.2681376654091
POL_900064,,9.49880286494654,16.982868979130366,15.108205543794368,35.04109803800712,76.04456456660726,396.62590638392226,81.97675897579819,119.45659129413144,8.296662950357593,68.64306327359377,634.4131888414208
POL_900065,,3.8867514999178807,22.20452880988839,15.144158862656633,38.8458952843988,70.58552728221805,395.96280225083297,82.07381937793977,121.41217377932759,3.1363703996841976,67.38468237018411,631.6300447116848
POL_900066,,2.0948919880419927,20.532992552555744,2.3329701726245187,12.906375274788683,76.50384230684429,344.7128122569885,41.13757415431289,72.68565578156995,11.798751330958954,22.146334099886477,681.2638774440292
POL_900067,,24.39684183242853,10.167124502277378,8.595438486782756,100.36509200225606,152.30705900401972,1335.6967706512798,126.01488158805911,231.32621881290825,5.919114580443299,81.60866444010732,81.2331470841791
POL_900068,,58.752834173028766,12.163817655568609,7.768853504290886,64.77137335385818,112.6883255303449,1329.4736362379435,125.72903054114502,226.07295570683067,16.330239003328572,59.15069426067647,49.38301413616708
POL_900070,,10.729922131781965,1.3947590625450224,0.0,116.68942549171861,169.3963715903793,1343.8986528473579,134.65144961943767,230.3827132408673,0.0,91.57716243824696,92.12681375160918
POL_900071,,7.930877636370614,3.395610405235672,1.1706431720270303,113.79353304624912,168.84834526537904,1346.7755263378735,137.45898691590304,227.14098414053046,3.0152153100367505,89.34229081074686,88.9484231155738
POL_900072,,3.2125429531811607,6.128211133961662,0.46044004485640927,24.563473265680702,45.1383606327206,25.207367296099722,22.623279598198728,6.128212375044496,0.0,61.23081901037924,534.4523538624929
POL_900073,,0.05396556189254194,3.7559493499360603,1.0464439447805676,26.029975162917058,92.22709287467383,56.05722512971718,0.0,21.053481753942417,3.828436186746399,48.568561474377624,530.5715491356267
POL_900074,,1.0237509748185265,1.5187701103511353,2.5509204890772925,30.28459874928203,44.542609826609734,17.5821955942415,14.965832283522133,1.5187678915183866,0.0,55.47825107278188,526.7976945955104
POL_900075,,5.641048408073056,20.819881097540097,6.143458891916733,49.16083581806254,39.58969858163319,81.9320756298521,63.563047269162844,60.545208528144094,6.175619681719325,118.17759721756767,594.8786970885787
POL_900076,,4.540349438291271,27.208874425934212,2.5974283493167447,53.07179436796003,33.83976120477617,78.29434056082933,64.63006058165172,58.902707991019064,0.4101008806313358,117.28620758937453,592.1911972309898
POL_900077,,0.1531831387411993,0.9094541528073021,0.431284399841321,32.875081746223586,46.938870398264996,13.906038828202599,11.381725619466257,0.9094558458787272,3.9198254611552126,52.258438859103194,522.9019867157639
POL_900078,,1.3035188757815668,8.3991560837581,3.1043135673155438,13.735771651316357,167.92760137127092,410.5135243839707,60.036020020526585,134.59786934360562,14.120906522184397,46.58804231885517,57.05528180480166
POL_900079,,0.0,1.288341955600595,3.396330745791,2.0655394917608154,152.0108384852995,343.6637304715416,64.49648471694742,125.02482215418776,1.797220643948128,70.57140808887983,106.93590993983432
POL_900080,,0.0,9.494672794220557,1.5891958707135438,14.454147929740653,167.6462063164649,412.2613988884544,59.79489349124294,133.51738637037786,16.257986951164998,44.897416594947586,55.550501208519606
POL_900081,,4.215685176333014,4.331727509096828,3.832175517051095,174.6419219741431,131.42432361303008,167.46396918574905,49.82537029541668,145.98889138570422,3.420410222487506,95.0343996084413,259.03633284787725
POL_900082,,2.667348709030409,3.075834062578671,4.401167121306866,17.664417943576616,42.806578795073726,0.7531401782532986,0.0,25.835940749184736,0.0,30.323507698267637,455.7445736154928
POL_900083,,12.986247940209921,10.59824060041641,7.0553615017508555,43.120343451703434,33.00181591462509,3.6127537113043986,0.0,10.598241616464913,1.651505292063339,52.88239228088901,506.0544715929752
POL_900084,,0.0,7.984311793343941,5.021082756332591,7.836082431442574,33.01351456023108,0.0,0.0,32.79826673660247,7.976962582943417,42.48365415787725,457.0921903205675
POL_900085,,33.9880313698192,7.337984102730914,4.734339017047796,54.99072755798538,2.081411213676052,0.06813457413093602,0.0,105.90595344566708,0.0,121.7949494802687,453.4418131698559
POL_900086,,1.3924764036633859,1.5604603276057438,1.6119225123476297,37.15985414618002,45.884250669870774,1.491866542004107,0.0,1.560464235202757,1.4672869860954192,36.39672866156495,494.7687956829213
POL_900087,,5.701220972611721,4.442036626849958,2.2541746572563715,53.22125440521047,41.45148048482014,7.820919743380807,0.0,86.57378333612436,0.0,31.89569610271827,387.66686326849066
