ID_POLIGONO,areas_protegidas__km,areas_protegidas__score,areas_protegidas__aporte,sitios_biosfera__km,sitios_biosfera__score,sitios_biosfera__aporte,glaciares__km,glaciares__score,glaciares__aporte,humedales__km,humedales__score,humedales__aporte,planes_atmosfericos__km,planes_atmosfericos__score,planes_atmosfericos__aporte,comunidades_indigenas__km,comunidades_indigenas__score,comunidades_indigenas__aporte,areas_desarrollo_indigena__km,areas_desarrollo_indigena__score,areas_desarrollo_indigena__aporte,areas_pobladas__km,areas_pobladas__score,areas_pobladas__aporte,turismo__km,turismo__score,turismo__aporte,componentes_disponibles,indice_0_100,cercania_media_0_100,OBJECTID,ID_OA,NOMBRE,EMPRESA,REGION,COMUNA,MINERAL,TIPO,TAM_EMP,CAT_SERN,PUERTO,AUTO_STAT,OA_STAT,SERN_STAT,SERN_FAENA,SERN_INST,SERN_REC,REV_MAN,LONGITUD,LATITUD,OA_DIST_KM,SERN_DSTKM,etapa
POL_1,4.863580316720915,0.75,12.375,3.2987245355825285,0.75,7.425000000000001,86.07724561409728,0.0,0.0,1614.3853377379432,0.0,0.0,405.96803617647544,0.0,0.0,106.66555096256583,0.0,0.0,64.76654107491038,0.0,0.0,7.554838616957788,0.5,3.5,4.757021804431448,0.5,2.35,9,25.650000000000002,27.77777777777778,1,538.0,ALMACENAJE MINERO PARQUE INDUSTRIA ZOFRI,PEREY MATURANA CARLOS JAVIER,REGIÓN DE ARICA Y PARINACOTA,ARICA,No informado,Acopio / almacenamiento,No informado,CATEGORIA D,Posible,Posible,Coincide,Sin coincidencia,SOC.LEGAL MRA. MACARENA,PLANTA DE BENEFICIO,SALMUERA (LITIO),VALIDADO,-70.32323409,-18.36007358,0.0,5.768,sin_clasificar
POL_4,0.0,1.0,16.5,0.0,1.0,9.9,2.723536743577101,0.5,6.65,1567.6239970855688,0.0,0.0,366.1526513057931,0.0,0.0,25.103572621825627,0.25,3.275,0.0,1.0,6.5,56.808569436695535,0.0,0.0,0.0,1.0,4.7,9,47.525,52.77777777777778,4,360.0,MINA SALAR SURIRE,QUIBORAX S.A.,REGIÓN DE ARICA Y PARINACOTA,PUTRE,Ulexita,Mina / faena,Grande,CATEGORIA B,No identificado,Confirmado,Coincide,Confirmado,MINA SURIRE,MINA SURIRE,ULEXITA,VALIDADO,-69.055355,-18.836544,0.0,0.0,sin_clasificar
POL_5,13.836398496589437,0.25,4.125,13.836401268506473,0.25,2.475,6.190265841247048,0.5,6.65,1664.123741726594,0.0,0.0,456.4400754761972,0.0,0.0,125.01869626617129,0.0,0.0,0.0,1.0,6.5,23.692048025939464,0.25,1.75,1.726260793339846,0.75,3.5250000000000004,9,25.025,33.33333333333333,5,360.0,EXTRACCION MANUAL DE ULEXITA SALAR DE COLPITAS QUIBORAX S.A,QUIBORAX S.A.,REGIÓN DE ARICA Y PARINACOTA,GENERAL LAGOS,Ulexita,Instalación minera,Grande,CATEGORIA A,No identificado,Revisar,Coincide,Sin coincidencia,PLANTA EL SALAR,ACOPIO DE SALES DESCARTE (19-30),SALMUERA,VALIDADO,-69.43425203,-17.95524731,0.0,633.148,sin_clasificar
POL_6,3.464574709531204,0.75,12.375,9.662383035135662,0.5,4.95,39.98186533725961,0.0,0.0,1606.6466412178702,0.0,0.0,396.98457219423346,0.0,0.0,74.4227020330463,0.0,0.0,21.44004732840867,0.5,3.25,37.734877102472616,0.0,0.0,4.5062481498141995,0.5,2.35,9,22.925,25.0,6,360.0,PLANTA EL AGUILA QUIBORAX S.A.,QUIBORAX S.A.,REGIÓN DE ARICA Y PARINACOTA,ARICA,Ulexita,Planta / procesamiento,Grande,CATEGORIA A,No identificado,Posible,Revisar,Confirmado,PLANTA EL AGUILA,PLANTA DE FILTRO,ULEXITA,VALIDADO,-70.2967,-18.4787022,43.698,0.0,sin_clasificar
POL_7,12.995958376585472,0.25,4.125,6.874656467830161,0.5,4.95,93.15897716710964,0.0,0.0,1551.743118736066,0.0,0.0,342.8141842422371,0.0,0.0,58.20291180869411,0.0,0.0,49.68741418453794,0.25,1.625,25.619386268874162,0.25,1.75,13.218142012007998,0.0,0.0,9,12.45,13.88888888888889,7,78.0,MINERA PAMPA CAMARONES,PAMPA CAMARONES S.P.A,REGIÓN DE ARICA Y PARINACOTA,CAMARONES,Cobre,Instalación minera,Grande,CATEGORIA D,No identificado,Confirmado,Coincide,Confirmado,EXPLORACION PAMPA CAMARONES,ADMINISTRACION OFICINA TECNICA(exploracion),OXIDOS DE COBRE,VALIDADO,-70.230519,-18.922242,0.0,0.0,sin_clasificar
POL_8,7.768489241624042,0.5,8.25,6.795152594673436,0.5,4.95,90.47578562104474,0.0,0.0,1559.5085512447868,0.0,0.0,350.51014996901074,0.0,0.0,62.67109659886657,0.0,0.0,49.62633534520837,0.25,1.625,33.01652381539651,0.0,0.0,7.98501001860631,0.25,1.175,9,16.0,16.666666666666664,8,22.0,ENAMI CAMARONES,ENAMI,REGIÓN DE ARICA Y PARINACOTA,CAMARONES,No informado,Instalación minera,Grande,CATEGORIA D,No identificado,Posible,Coincide,Posible,MINA CAMARON,MINA,OXIDOS DE COBRE,VALIDADO,-70.217746,-18.862796,0.003,1.515,sin_clasificar
POL_9,0.0,1.0,16.5,0.0,1.0,9.9,17.398995959069246,0.25,3.325,1624.5927251943936,0.0,0.0,419.0464844771246,0.0,0.0,86.63245956879007,0.0,0.0,0.0,1.0,6.5,28.730221639887418,0.25,1.75,0.0,1.0,4.7,9,42.675,50.0,9,250.0,MINERA CHOQUELIMPIE,SOCIEDAD CONTRACTUAL MINERA VILACOLLO,REGIÓN DE ARICA Y PARINACOTA,PUTRE,Cobre / Oro / Plata,Instalación minera,No informado,CATEGORIA D,No identificado,Confirmado,Coincide,Confirmado,CHOQUELIMPIE,EXPLORACION MUESTREO DE BOTADEROS,ORO - COBRE - PLATA,VALIDADO,-69.2545,-18.3086,0.0,0.0,sin_clasificar
POL_10,26.950857945863447,0.0,0.0,35.71780862379941,0.0,0.0,87.86144280334985,0.0,0.0,1502.7589334861552,0.0,0.0,293.2248619804878,0.0,0.0,10.448693585876853,0.5,6.55,10.559204969392827,0.5,3.25,38.006934893593716,0.0,0.0,5.959051211025679,0.25,1.175,9,10.975000000000001,13.88888888888889,10,226.0,TANA - (ex-Bullmine),SCM BULLMINE,REGIÓN DE TARAPACÁ,HUARA,Yodo,Instalación minera,Pequeña,CATEGORIA D,No identificado,Confirmado,Coincide,Confirmado,TANA,MANTENCION MINA,CALICHE (YODO),VALIDADO,-69.884,-19.38887742,0.0,0.0,sin_clasificar
POL_11,5.585498880662537,0.5,8.25,4.5072676347144425,0.75,7.425000000000001,135.09930652130555,0.0,0.0,1408.964360231506,0.0,0.0,199.30722888620267,0.0,0.0,63.46725460269072,0.0,0.0,37.62338195005799,0.25,1.625,2.9549770456382185,0.75,5.25,6.043110297414807,0.25,1.175,9,23.725,27.77777777777778,11,539.0,Extraccion de Áridos Camino a Ferronor - El Boro,S/I,REGIÓN DE TARAPACÁ,ALTO HOSPICIO,Áridos,Extracción de áridos,No informado,CATEGORIA D,No identificado,Posible,Coincide,Sin coincidencia,PROYECTO HUANTAJAYA,EXPLORACION PROY. HUANTAJAYA,PLATA - ORO,VALIDADO,-70.0694717,-20.229844,0.0,0.452,sin_clasificar
POL_12,8.550675760134249,0.5,8.25,24.511868499373854,0.25,2.475,123.79539495347316,0.0,0.0,1389.4364467461094,0.0,0.0,180.40771833947304,0.0,0.0,58.80300659210801,0.0,0.0,33.925722411550275,0.25,1.625,14.76245206201296,0.5,3.5,15.931018401577498,0.0,0.0,9,15.85,16.666666666666664,12,468.0,PLANTA DE PRODUCCION DE YODO SOLEDAD- COSAYACH,SOCIEDAD CONTRACTUAL MINERA CORPORACION DE DESARROLLO DEL NORTE,REGIÓN DE TARAPACÁ,POZO ALMONTE,Yodo,Planta / procesamiento,Grande,CATEGORIA A,No identificado,Confirmado,Coincide,Confirmado,SOLEDAD,PLANTA QUIMICA,CALICHE (YODO),VALIDADO,-69.8642,-20.4092,0.0,0.0,sin_clasificar
POL_13,6.937378612530159,0.5,8.25,6.147684909864827,0.5,4.95,169.68765300120182,0.0,0.0,1350.325582653074,0.0,0.0,141.02937332254257,0.0,0.0,109.80404399633449,0.0,0.0,84.976374424349,0.0,0.0,2.8772144162469195,0.75,5.25,3.1900917225593313,0.5,2.35,9,20.8,25.0,13,190.0,TERMINAL CALETA PATILLOS SAL LOBOS,SOCIEDAD PUNTA DE LOBOS S.A.,REGIÓN DE TARAPACÁ,IQUIQUE,Sal,Instalación minera,Grande,CATEGORIA A,No identificado,Confirmado,Coincide,Confirmado,PLANTA - (CALETA PATILLOS),Cancha de Almacenamiento,SALMUERA (SODIO),VALIDADO,-70.1818355,-20.7458985,0.0,0.0,sin_clasificar
POL_14,18.021030495658987,0.25,4.125,12.454727906602269,0.25,2.475,144.29911986942136,0.0,0.0,1328.3653163433892,0.0,0.0,118.93339196207964,0.0,0.0,90.53360847875061,0.0,0.0,77.14924564092557,0.0,0.0,32.8302274731428,0.0,0.0,1.081094858595527,0.75,3.5250000000000004,9,10.125,13.88888888888889,14,223.0,TENARDITA,COMPAÑIA MINERA CORDILLERA CHILE SCM,REGIÓN DE TARAPACÁ,IQUIQUE,Sal,Instalación minera,Grande,CATEGORIA B,No identificado,Confirmado,Coincide,Confirmado,TENARDITA,TALLERES Y MAESTRANZA,SALMUERA (SODIO),VALIDADO,-69.9992385,-20.945953,0.0,0.0,sin_clasificar
POL_15,9.503305563859751,0.5,8.25,13.031642091760029,0.25,2.475,155.99294370018882,0.0,0.0,1347.2624721692787,0.0,0.0,137.572266298399,0.0,0.0,105.19356510496026,0.0,0.0,79.70560968330484,0.0,0.0,15.644994829641885,0.25,1.75,13.061343893423793,0.0,0.0,9,12.475,11.11111111111111,15,540.0,PLANTA HIDROMETALURGICA LUZ MARÍA (LAS MARÍAS 1 Y 2),INVERSIONES ORION,REGIÓN DE TARAPACÁ,IQUIQUE,No informado,Planta / procesamiento,Pequeña,CATEGORIA D,No identificado,Posible,Coincide,Posible,LAS MARIAS 1 Y 2,PLANTA LIXIVIACION,SULFUROS Y ÓXIDOS DE COBRE,VALIDADO,-70.058938,-20.783222,0.0,0.0,sin_clasificar
POL_17,10.660671885577594,0.25,4.125,7.03453079940183,0.5,4.95,148.55177735438863,0.0,0.0,1334.2318985272843,0.0,0.0,124.63056623232856,0.0,0.0,97.16130542734544,0.0,0.0,77.51861717624591,0.0,0.0,24.13429577318654,0.25,1.75,5.995136425427128,0.25,1.175,9,12.0,13.88888888888889,17,192.0,MINA CALIFORNIA,INVERSIONES ATACAMA BLANCA SPA,REGIÓN DE TARAPACÁ,IQUIQUE,Sal,Mina / faena,No informado,CATEGORIA C,No identificado,Posible,Revisar,Confirmado,Mina California,Mina,ANHIDRITA,VALIDADO,-70.1502686,-20.2132607,74.243,1.657,sin_clasificar
POL_18,10.943186128686445,0.25,4.125,8.640954735520978,0.5,4.95,151.04506588226727,0.0,0.0,1338.8077163603964,0.0,0.0,129.15802938023367,0.0,0.0,101.52977698429673,0.0,0.0,78.51478211172359,0.0,0.0,23.144497094765036,0.25,1.75,10.787176358953207,0.0,0.0,9,10.825,11.11111111111111,18,541.0,MINA IRLANDA,S/I,REGIÓN DE TARAPACÁ,IQUIQUE,Sal,Mina / faena,No informado,CATEGORIA C,No identificado,Posible,Revisar,Confirmado,IRLANDA TRES,POLVORIN,SALMUERA (SODIO),VALIDADO,-70.1424535,-20.2377265,69.785,0.0,sin_clasificar
POL_19,5.847265756808935,0.5,8.25,21.92939325017067,0.25,2.475,109.61016556441335,0.0,0.0,1336.417801552814,0.0,0.0,133.92211922518283,0.0,0.0,59.736195028351474,0.0,0.0,41.493757149746806,0.25,1.625,51.42335798339105,0.0,0.0,0.0,1.0,4.7,9,17.05,22.22222222222222,19,465.0,EXTENSION PLANTA DE YODO DSM MINERIA,AJAY SQM CHILE S.A.,REGIÓN DE TARAPACÁ,POZO ALMONTE,Yodo,Planta / procesamiento,Grande,CATEGORIA A,No identificado,Posible,Coincide,Posible,NUEVA VICTORIA (PLANTA YODO),PLANTA YODO,CALICHE (YODO),VALIDADO,-69.630112,-20.909912,0.0,5.76,sin_clasificar
POL_20,0.0,1.0,16.5,11.42765588518298,0.25,2.475,100.95360590332882,0.0,0.0,1325.9577862927904,0.0,0.0,124.69176006460461,0.0,0.0,53.83523836729293,0.0,0.0,35.5445654590841,0.25,1.625,44.999891160466554,0.0,0.0,0.44590744473511107,1.0,4.7,9,25.3,27.77777777777778,20,434.0,FAENA NUEVA VICTORIA- SQM,OXIQUIM S.A./SQM S.A.,REGIÓN DE TARAPACÁ,POZO ALMONTE,Yodo,Mina / faena,Grande,CATEGORIA A,No identificado,Confirmado,Coincide,Confirmado,NUEVA VICTORIA (PLANTA YODO),PLANTA YODO,CALICHE (YODO),VALIDADO,-69.67007458,-20.90107958,0.0,0.0,sin_clasificar
POL_21,1.8917603539321395,0.75,12.375,6.249049387921729,0.5,4.95,107.43041625002515,0.0,0.0,1320.437842790152,0.0,0.0,117.3043656908887,0.0,0.0,61.647095518913375,0.0,0.0,46.242617277567156,0.25,1.625,48.181312719920335,0.0,0.0,5.607196859718834,0.25,1.175,9,20.125,19.444444444444446,21,434.0,PAMPA HERMOSA SQM,SQM S.A.,REGIÓN DE TARAPACÁ,POZO ALMONTE,Yodo,Instalación minera,Grande,CATEGORIA A,No identificado,Posible,Revisar,Confirmado,POZO ALMONTE (MINAS  Y FAENA TEA),MINA OESTE,CALICHE (YODO),VALIDADO,-69.701631,-20.854801,2.531,0.0,sin_clasificar
POL_22,0.0,1.0,16.5,30.847037947816926,0.0,0.0,115.73960373036961,0.0,0.0,1344.6257566882834,0.0,0.0,140.19856048650172,0.0,0.0,64.07175388709932,0.0,0.0,40.55463611410351,0.25,1.625,46.31615151800531,0.0,0.0,9.518064606171983,0.25,1.175,9,19.3,16.666666666666664,22,440.0,RUTA A-760 EXTRACCION DE ARIDOS,CONSTRUCTORA SALFA S.A.,REGIÓN DE TARAPACÁ,POZO ALMONTE,Áridos,Extracción de áridos,Grande,CATEGORIA D,No identificado,Revisar,Revisar,Sin coincidencia,Exploración Nueva Victoria,Prospección Nueva Victoria,CALICHE (NITRATOS),VALIDADO,-69.698211,-20.837103,1.85,8.196,sin_clasificar
POL_23,0.0,1.0,16.5,18.806765654263838,0.25,2.475,101.02403653508344,0.0,0.0,1455.7162808106273,0.0,0.0,246.1662316270364,0.0,0.0,40.733420824718685,0.25,3.275,16.678466947742674,0.5,3.25,24.126146289682726,0.25,1.75,3.4080903744511053,0.5,2.35,9,29.6,30.555555555555557,23,468.0,SCM COSAYACH-NEGREIROS,SOCIEDAD CONTRACTUAL MINERA CORPORACION DE DESARROLLO DEL NORTE,REGIÓN DE TARAPACÁ,HUARA,Yodo,Instalación minera,Grande,CATEGORIA A,No identificado,Posible,Revisar,Confirmado,NEGREIROS,ADM. OFICINA MINA,CALICHE (YODO),VALIDADO,-69.95422315,-19.71297019,0.168,0.0,sin_clasificar
POL_24,16.580431676873886,0.25,4.125,27.347805044052752,0.0,0.0,107.83810418730823,0.0,0.0,1406.927571896846,0.0,0.0,198.01301038123736,0.0,0.0,39.2578928142611,0.25,3.275,14.300589732181162,0.5,3.25,0.6250625166193267,1.0,7.0,0.4643874117386418,1.0,4.7,9,22.349999999999998,33.33333333333333,24,468.0,MINERA CALA CALA COSAYACH,SOCIEDAD CONTRACTUAL MINERA CORPORACION DE DESARROLLO DEL NORTE,REGIÓN DE TARAPACÁ,POZO ALMONTE,Yodo,Instalación minera,Grande,CATEGORIA B,No identificado,Confirmado,Coincide,Confirmado,COSAYACH CALA CALA,Laboratorio Muestrera,CALICHE (YODO),VALIDADO,-69.795,-20.2349,0.047,0.0,sin_clasificar
POL_25,38.6261411767247,0.0,0.0,18.38067462085293,0.25,2.475,25.346693877156223,0.0,0.0,1327.2032236400935,0.0,0.0,131.77063989611074,0.0,0.0,22.587256513937813,0.5,6.55,7.385954395945141,0.75,4.875,58.421358562494355,0.0,0.0,22.638827682360073,0.0,0.0,9,13.9,16.666666666666664,25,460.0,FAENA MINERA QUEBRADA BLANCA,COMPAÑIA MINERA TECK QUEBRADA BLANCA,REGIÓN DE TARAPACÁ,PICA,Cobre,Mina / faena,Grande,CATEGORIA A,No identificado,Confirmado,Coincide,Confirmado,QUEBRADA BLANCA,CASA DE FUERZA,SULFUROS Y ÓXIDOS DE COBRE,VALIDADO,-68.7958,-21.002,0.0,0.0,sin_clasificar
POL_26,41.30387041621731,0.0,0.0,0.0,1.0,9.9,19.875270409548463,0.25,3.325,1336.1066044427325,0.0,0.0,139.64405312942372,0.0,0.0,21.087553040363677,0.5,6.55,0.46918930822939475,1.0,6.5,42.835059697114545,0.0,0.0,19.212746995702503,0.0,0.0,9,26.275000000000002,30.555555555555557,26,419.0,FAENA DOÑA INES DE COLLAHUASI,COMPAÑIA MINERA DOÑA INES DE COLLAHUASI SCM ENAEX SERVICIOS S.A.,REGIÓN DE TARAPACÁ,PICA,Cobre,Mina / faena,Grande,CATEGORIA A,No identificado,Posible,Revisar,Confirmado,UJINA,MANTENCION MINA UJINA,SULFUROS Y ÓXIDOS DE COBRE,VALIDADO,-68.66580016,-20.93490402,3.169,0.0,sin_clasificar
POL_27,24.12840284039886,0.25,4.125,40.016014100550954,0.0,0.0,48.519528103817116,0.0,0.0,1431.4143400699495,0.0,0.0,233.0595507455275,0.0,0.0,2.0832072812794604,0.75,9.825,0.0,1.0,6.5,1.7715827936542814,1.0,7.0,2.0959130489776987,0.5,2.35,9,29.8,38.88888888888889,27,447.0,FAENA CERRO COLORADO,COMPAÑIA MINERA CERRO COLORADO LTDA.,REGIÓN DE TARAPACÁ,POZO ALMONTE,Cobre,Mina / faena,Grande,CATEGORIA A,No identificado,Posible,Revisar,Confirmado,MINA CERRO COLORADO,ADM. OFICINA,OXIDOS DE COBRE,VALIDADO,-69.28953482,-20.07364073,0.435,0.0,sin_clasificar
POL_29,7.7545978140411735,0.5,8.25,38.56907474328093,0.0,0.0,111.0441488974067,0.0,0.0,1400.0384014303263,0.0,0.0,192.29876950014344,0.0,0.0,47.374470110548444,0.25,3.275,22.015740801226098,0.5,3.25,6.3768515351047625,0.5,3.5,7.871353419853911,0.25,1.175,9,19.45,22.22222222222222,29,214.0,EXTRACCION DE ÁRIDOS POZO SARA - INBRADA ARIDOS,ARIDOS Y ASFALTOS INBRADA SPA.,REGIÓN DE TARAPACÁ,POZO ALMONTE,Áridos,Extracción de áridos,No informado,CATEGORIA B,No identificado,Revisar,Revisar,Sin coincidencia,COSAYACH CALA CALA,Laboratorio Muestrera,CALICHE (YODO),VALIDADO,-69.663334,-20.335184,9.593,10.843,sin_clasificar
POL_30,1.8771917857111202,0.75,12.375,57.56775428880644,0.0,0.0,89.14441532965947,0.0,0.0,1410.2900169450907,0.0,0.0,205.72096358463787,0.0,0.0,29.729337985581072,0.25,3.275,2.6955474295257007,0.75,4.875,12.452921745646366,0.5,3.5,13.689110293537622,0.0,0.0,9,24.025,25.0,30,542.0,EXPLOTACION ANDIVAL SECTOR SAGASCA,S/I,REGIÓN DE TARAPACÁ,POZO ALMONTE,Áridos,Instalación minera,No informado,CATEGORIA D,No identificado,Posible,Revisar,Confirmado,Andival,Mina Andival,MAGNETITA,VALIDADO,-69.236876,-20.247586,33.361,1.356,sin_clasificar
POL_31,25.77461388732344,0.0,0.0,54.377464624331346,0.0,0.0,65.2345700420389,0.0,0.0,1418.8044347473847,0.0,0.0,219.61860705405968,0.0,0.0,12.971232303598745,0.5,6.55,0.0,1.0,6.5,15.568235951014973,0.25,1.75,15.337443588693992,0.0,0.0,9,14.8,19.444444444444446,31,78.0,MINERA SAGASCA MADRE HMC,HALDEMAN MINING COMPANY S.A.,REGIÓN DE TARAPACÁ,POZO ALMONTE,Cobre,Instalación minera,Grande,CATEGORIA C,No identificado,Posible,Revisar,Confirmado,SAGASCA,POLVORIN,OXIDOS DE COBRE,VALIDADO,-69.3492035,-20.1442875,4.037,0.0,sin_clasificar
POL_32,2.1188634303217277,0.75,12.375,5.62954475571617,0.5,4.95,143.9137841015658,0.0,0.0,1400.0892657741738,0.0,0.0,190.59896702670602,0.0,0.0,72.9620400649242,0.0,0.0,46.92102710350437,0.25,1.625,1.2508384136245414,1.0,7.0,3.2025216666860308,0.5,2.35,9,28.3,33.33333333333333,32,543.0,CANTERA SAN NICOLAS- CERRO MOLLECITO,S/I,REGIÓN DE TARAPACÁ,IQUIQUE,Áridos,Cantera,No informado,CATEGORIA C,No identificado,Posible,Coincide,Sin coincidencia,MINA CHOLITO 1 AL 6,POLVORIN,SALMUERA (SODIO),VALIDADO,-70.125415,-20.307225,0.0,3.139,sin_clasificar
POL_33,3.5128375431394905,0.75,12.375,22.067909068906665,0.25,2.475,98.29419741791018,0.0,0.0,1444.6679781100024,0.0,0.0,235.24125377341315,0.0,0.0,29.696324789729974,0.25,3.275,9.76171103313886,0.75,4.875,10.512875072394204,0.5,3.5,0.07457736002657278,1.0,4.7,9,31.2,38.88888888888889,33,164.0,MINERA ORCOMA,ORCOMA SPA,REGIÓN DE TARAPACÁ,HUARA,Yodo,Instalación minera,Micro,CATEGORIA D,No identificado,Posible,Revisar,Confirmado,Proyecto Sumo Pampa Orcoma,Exploraciones Proy. Sumo,CALICHE (YODO),VALIDADO,-69.94976617,-19.95440006,6.903,0.083,sin_clasificar
POL_35,16.442425613311983,0.25,4.125,14.56076376465003,0.25,2.475,128.8381723651108,0.0,0.0,1295.8289855525197,0.0,0.0,88.52142422331224,0.0,0.0,56.79265252767016,0.0,0.0,83.09145607338738,0.0,0.0,66.22813597391085,0.0,0.0,21.96194858129708,0.0,0.0,9,6.6,5.555555555555555,35,83.0,PRODUCCIÓN DE YODO Y NITRATOS ELOISA,ELOISA SPA.,REGIÓN DE TARAPACÁ,POZO ALMONTE,Yodo,Mina / faena,Micro,CATEGORIA C,No identificado,Posible,Revisar,Confirmado,Producción de Yodo y Nitratos Eloisa,Planta Yodo,CALICHE (YODO),VALIDADO,-69.8787,-21.2257,0.586,1.342,sin_clasificar
POL_36,9.327399916666577,0.5,8.25,10.767043462039613,0.25,2.475,154.03258612242672,0.0,0.0,1344.0794314802802,0.0,0.0,134.39616743851832,0.0,0.0,103.71496102879578,0.0,0.0,79.15925869905819,0.0,0.0,18.54628408257306,0.25,1.75,11.68554592436185,0.0,0.0,9,12.475,11.11111111111111,36,110.0,PLANTA ISABEL SALAR GRANDE,IQUIQUE MINERAL SATLT S.A,REGIÓN DE TARAPACÁ,IQUIQUE,Sal,Instalación minera,No informado,CATEGORIA C,No identificado,Confirmado,Coincide,Confirmado,PLANTA ISABEL,PLANTA CHANCADO,SALMUERA,VALIDADO,-70.050235,-20.818105,0.048,0.0,sin_clasificar
POL_37,57.60175605954345,0.0,0.0,42.4350125709299,0.0,0.0,142.6827736664995,0.0,0.0,1219.9074801173742,0.0,0.0,28.003309573623387,0.25,4.25,45.627429989383074,0.25,3.275,104.55901783279636,0.0,0.0,34.59071912818619,0.0,0.0,29.27868521782907,0.0,0.0,9,7.525,5.555555555555555,37,63.0,MINERA CAPACHO VIEJO,MINERA CAPACHO VIEJO LIMITADA,REGIÓN DE ANTOFAGASTA,TOCOPILLA,Cobre,Planta / procesamiento,Micro,CATEGORIA D,No identificado,Confirmado,Coincide,Confirmado,MINERA CAPACHO VIEJO,PLANTA CHANCADO,OXIDOS DE COBRE,VALIDADO,-69.871914,-21.949532,0.0,0.0,sin_clasificar
POL_38,77.927450676232,0.0,0.0,56.581973378208026,0.0,0.0,150.33476520904125,0.0,0.0,1199.7887569288296,0.0,0.0,17.19566933611029,0.5,8.5,61.6299999088426,0.0,0.0,106.85074096792243,0.0,0.0,30.042799103820684,0.0,0.0,30.963567873543198,0.0,0.0,9,8.5,5.555555555555555,38,355.0,MINA PLANTA MANTOS AL SOL,SOCIEDAD MINERA E INDUSTRIAL LOS MANTOS LIMITADA,REGIÓN DE ANTOFAGASTA,TOCOPILLA,Cobre,Planta / procesamiento,No informado,CATEGORIA C,No identificado,Posible,Revisar,Confirmado,MINA LOS MANTOS AL SOL,CAMPAMENTO,OXIDOS DE COBRE,VALIDADO,-69.86951,-22.114159,1.646,0.0,sin_clasificar
POL_39,75.25755696763939,0.0,0.0,69.28602892556695,0.0,0.0,172.17902490647123,0.0,0.0,1196.0869671664195,0.0,0.0,4.443380083986492,0.75,12.75,78.0940078627511,0.0,0.0,129.47477945247772,0.0,0.0,11.722801771275693,0.5,3.5,12.717867396179004,0.0,0.0,9,16.25,13.88888888888889,39,21.0,ENAMI TOCOPILLA - BARRILES,ENAMI,REGIÓN DE ANTOFAGASTA,TOCOPILLA,No informado,Instalación minera,Grande,CATEGORIA C,No identificado,Confirmado,Coincide,Confirmado,ENAMI TOCOPILLA,ADMINISTRACION,OXIDOS DE COBRE,VALIDADO,-70.0892405,-22.1519735,0.0,0.0,sin_clasificar
POL_40,75.52256984090475,0.0,0.0,66.83625683634875,0.0,0.0,183.05000339160435,0.0,0.0,1199.000421403454,0.0,0.0,0.0,1.0,17.0,85.74691732534761,0.0,0.0,143.0253721042396,0.0,0.0,0.0,1.0,7.0,0.3204583469513638,1.0,4.7,9,28.7,33.33333333333333,40,517.0,PLANTA LIPESED,LIPESED S.A.,REGIÓN DE ANTOFAGASTA,TOCOPILLA,Áridos,Planta / procesamiento,Pequeña,CATEGORIA C,Posible,Confirmado,Coincide,Confirmado,LIPESED,PLANTA SX EW,OXIDOS DE COBRE,VALIDADO,-70.213179,-22.121732,0.0,0.421,sin_clasificar
POL_41,46.661978300905076,0.0,0.0,76.45287702325022,0.0,0.0,191.22960960857088,0.0,0.0,1169.01409662522,0.0,0.0,25.621496723586016,0.25,4.25,102.76643973993312,0.0,0.0,135.71483181520466,0.0,0.0,28.60580976499353,0.25,1.75,4.671929767202912,0.5,2.35,9,8.35,11.11111111111111,41,515.0,MANTOS DE LA LUNA,COMPAÑIA MINERA MANTOS DE LA LUNA S.A.,REGIÓN DE ANTOFAGASTA,TOCOPILLA,Cobre,Instalación minera,Grande,CATEGORIA B,No identificado,Posible,Revisar,Confirmado,MANTOS DE LA LUNA,DESCARGA ÁCIDO SULFÚRICO,OXIDOS DE COBRE,VALIDADO,-70.16936148,-22.3233829,4.52,0.0,sin_clasificar
POL_42,38.2390393773422,0.0,0.0,67.31971952481494,0.0,0.0,202.56350439515512,0.0,0.0,1161.0455677551427,0.0,0.0,35.15972018861334,0.25,4.25,115.45946777979934,0.0,0.0,143.9447488721136,0.0,0.0,27.27515125449204,0.25,1.75,2.0633009390534753,0.5,2.35,9,8.35,11.11111111111111,42,291.0,PLANTA DE CAL,SOPROMIN TOCOPILLA LIMITADA,REGIÓN DE ANTOFAGASTA,TOCOPILLA,Carbonato de Calcio,Planta / procesamiento,No informado,CATEGORIA D,Posible,Revisar,Revisar,Sin coincidencia,EXPLORACION II REGION,ALFA 1 AL 5,OXIDOS DE COBRE,VALIDADO,-70.2522965,-22.459323,0.171,1.048,sin_clasificar
POL_43,45.699541497117345,0.0,0.0,76.34330738432931,0.0,0.0,167.3092423097263,0.0,0.0,1142.1439935852259,0.0,0.0,8.333864477766989,0.5,8.5,87.42277582463873,0.0,0.0,101.4068699052145,0.0,0.0,29.888420669658196,0.25,1.75,17.03879217750092,0.0,0.0,9,10.25,8.333333333333332,43,75.0,ANTUCOYA,MINERA ANTUCOYA LTD,REGIÓN DE ANTOFAGASTA,MARIA ELENA,Cobre,Instalación minera,Grande,CATEGORIA A,No identificado,Posible,Revisar,Confirmado,MINA ANTUCOYA,PLANTA SX,OXIDOS DE COBRE,VALIDADO,-69.8570785,-22.65460425,0.827,0.0,sin_clasificar
POL_44,41.13277221522295,0.0,0.0,59.8629434919461,0.0,0.0,197.52094496011128,0.0,0.0,1102.9255842837053,0.0,0.0,31.334938575404994,0.25,4.25,108.43714360295805,0.0,0.0,120.60122241906005,0.0,0.0,36.13381160239269,0.0,0.0,30.43404420638156,0.0,0.0,9,4.25,2.7777777777777777,44,149.0,MINA ELENITA,SOCIEDAD CONTRACTUAL MINERA ANTAKENA,REGIÓN DE ANTOFAGASTA,SIERRA GORDA,Cobre,Instalación minera,Grande,CATEGORIA D,No identificado,Confirmado,Coincide,Confirmado,MINA ELENITA,MINA RAJO ABIERTO,OXIDOS DE COBRE,VALIDADO,-69.912674,-23.001392,0.016,0.0,sin_clasificar
POL_45,42.45126209545212,0.0,0.0,63.53850478930574,0.0,0.0,192.7996986756453,0.0,0.0,1107.4608592214067,0.0,0.0,26.485492282010643,0.25,4.25,103.91277822291515,0.0,0.0,116.2092401519748,0.0,0.0,40.133106812039706,0.0,0.0,31.772527030843612,0.0,0.0,9,4.25,2.7777777777777777,45,358.0,PROSPECCION MINERA SIERRA VALENZUELA,MINERA RAYROCK LTDA.,REGIÓN DE ANTOFAGASTA,SIERRA GORDA,No informado,Proyecto / exploración,Mediana,CATEGORIA B,No identificado,Revisar,Revisar,Sin coincidencia,"EXPLORACIONES SIERRA GORDA, MICHILLA - REG. ANTOF",ELENITA,COBRE - ORO - PLATA,VALIDADO,-69.878439,-22.958129,0.38,3.351,sin_clasificar
POL_46,92.3926518836929,0.0,0.0,40.61928220134055,0.0,0.0,125.17780674860339,0.0,0.0,1128.1334838092355,0.0,0.0,14.102336846645517,0.5,8.5,36.48272152274864,0.25,3.275,46.81597625526954,0.25,1.625,7.586467571561685,0.5,3.5,7.999695288424623,0.25,1.175,9,18.075,19.444444444444446,46,408.0,SPENCE,MINERA SPENCE S.A.,REGIÓN DE ANTOFAGASTA,SIERRA GORDA,Cobre,Instalación minera,Grande,CATEGORIA A,No identificado,Posible,Revisar,Confirmado,MINA SPENCE,DEPOSITO DE RELAVES,OXIDOS DE COBRE,VALIDADO,-69.29287433,-22.690981,3.098,0.0,sin_clasificar
POL_47,87.40665363409867,0.0,0.0,53.25075540091193,0.0,0.0,137.91226078625218,0.0,0.0,1118.2979357858721,0.0,0.0,13.000929767293748,0.5,8.5,49.09216448197465,0.25,3.275,59.536062438069344,0.0,0.0,1.4804975786615842,1.0,7.0,1.7703043899001671,0.75,3.5250000000000004,9,22.299999999999997,27.77777777777778,47,330.0,SIERRA GORDA,SIERRA GORDA SOCIEDAD CONTRACTUAL MINERA,REGIÓN DE ANTOFAGASTA,SIERRA GORDA,Cobre / Molibdeno,PLANTA CONCENTRADORA,Grande,CATEGORIA A,No identificado,Confirmado,Coincide,Confirmado,SIERRA GORDA,PLANTA FLOTACION,OXIDOS DE COBRE,VALIDADO,-69.3420375,-22.8329405,0.0,0.0,sin_clasificar
POL_48,90.38350389577303,0.0,0.0,56.83047652354887,0.0,0.0,142.07252302945452,0.0,0.0,1129.2212390992572,0.0,0.0,12.122506778012099,0.5,8.5,52.64813582169991,0.0,0.0,63.84502201200744,0.0,0.0,10.724292064456462,0.5,3.5,10.930187321767251,0.0,0.0,9,12.0,11.11111111111111,48,373.0,MINERA CERRO DOMINADOR S.A.,MINERA CERRO DOMINADOR S.A.,REGIÓN DE ANTOFAGASTA,SIERRA GORDA,Cobre,Instalación minera,Pequeña,CATEGORIA B,No identificado,Posible,Revisar,Confirmado,PLANTA CERRO DOMINADOR,DEPOSITO DE RIPIOS DE LIXIVIACION,SULFUROS Y ÓXIDOS DE COBRE,VALIDADO,-69.4095585,-23.07881883,28.997,0.0,sin_clasificar
POL_49,69.62962244619389,0.0,0.0,50.59285594377947,0.0,0.0,113.81946340794005,0.0,0.0,1100.6739743909088,0.0,0.0,43.53903337815615,0.25,4.25,48.21025656617959,0.25,3.275,40.2487072919128,0.25,1.625,19.401776466778085,0.25,1.75,19.722707845501823,0.0,0.0,9,10.9,11.11111111111111,49,212.0,CENTINELA SULFUROS,MINERA CENTINELA,REGIÓN DE ANTOFAGASTA,SIERRA GORDA,Cobre,Instalación minera,Grande,CATEGORIA A,No identificado,Confirmado,Coincide,Confirmado,CENTINELA SULFUROS,PLANTA MOLIBDENO,OXIDOS DE COBRE,VALIDADO,-69.07031557,-22.96320227,0.0,0.0,sin_clasificar
POL_50,76.9809799563555,0.0,0.0,63.79294022732706,0.0,0.0,123.70407862705257,0.0,0.0,1101.4510379671233,0.0,0.0,50.53158362020914,0.0,0.0,61.20737851431698,0.0,0.0,43.299013088287055,0.25,1.625,26.066744819898403,0.25,1.75,26.30320100043822,0.0,0.0,9,3.375,5.555555555555555,50,176.0,PROYECTO OXIDOS ENCUENTRO,COMPAÑIA CONTRACTUAL MINERA ENCUENTRO,REGIÓN DE ANTOFAGASTA,SIERRA GORDA,Cobre,Proyecto / exploración,Grande,CATEGORIA A,No identificado,Posible,Revisar,Confirmado,ENCUENTRO,BOTADERO,OXIDOS DE COBRE,VALIDADO,-69.109372,-23.103668,0.111,0.0,sin_clasificar
POL_51,55.517029381146,0.0,0.0,48.976300688441626,0.0,0.0,103.13228779448667,0.0,0.0,1101.689061032147,0.0,0.0,76.34238575725422,0.0,0.0,67.0686719183937,0.0,0.0,20.5364030414449,0.5,3.25,52.03937142217527,0.0,0.0,44.51800027159975,0.0,0.0,9,3.25,5.555555555555555,51,544.0,EXPLOTACION MOLIENDA Y TRANSPORTE DE SILICE EN YACIMIENTO NANCY,S/I,REGIÓN DE ANTOFAGASTA,SIERRA GORDA,Sílice,Mina / faena,No informado,CATEGORIA C,No identificado,Posible,Revisar,Posible,"NANCY 1 AL 24, PERT. 3,6,9,12,14,15,17,18,20,21,23 Y 24",POLVORIN,CUARZO,VALIDADO,-68.884624,-23.125018,0.748,0.0,sin_clasificar
POL_52,52.28876085073501,0.0,0.0,49.03308302723098,0.0,0.0,98.96996540411402,0.0,0.0,1111.928927216143,0.0,0.0,73.52044221042007,0.0,0.0,60.913116021451415,0.0,0.0,19.971061305299916,0.5,3.25,49.94672263753546,0.0,0.0,43.93907157450459,0.0,0.0,9,3.25,5.555555555555555,52,278.0,AMPLIACION DE EXTRACCIÓN DE ÁRIDOS POZO PATAGÓNICO 1,INGENIERIA MONTAJE Y SERVICIOS PATAGONIA LTDA,REGIÓN DE ANTOFAGASTA,SIERRA GORDA,Áridos,Extracción de áridos,Pequeña,CATEGORIA D,No identificado,Revisar,Revisar,Sin coincidencia,EXPLORACION II REGION,YOLANDA,CUARZO,VALIDADO,-68.89502538,-23.0295751,4.117,6.821,sin_clasificar
POL_53,70.9664503733774,0.0,0.0,3.874126342302067,0.75,7.425000000000001,84.95065129852945,0.0,0.0,1163.6033198838675,0.0,0.0,21.50784417457776,0.5,8.5,5.3774127049243425,0.75,9.825,6.751805120028047,0.75,4.875,3.6595427996524608,0.75,5.25,3.5838193127421936,0.5,2.35,9,38.225,44.44444444444444,53,545.0,PLANTA DE ARIDOS MARCOS MURAÑA/ABELARDO CRUZ,MURAÑA QUISPE MARCOS/,REGIÓN DE ANTOFAGASTA,CALAMA,Áridos,Planta / procesamiento,No informado,CATEGORIA D,No identificado,Posible,Coincide,Sin coincidencia,PLANTA DE PROCESO Y TRATAMIENTO DE TIERRAS DIATOMEAS,PLANTA PROCESAMIENTO TIERRAS DIATOMEAS,DIATOMITA,VALIDADO,-68.919301,-22.554955,0.0,3.478,sin_clasificar
POL_55,80.5584650481268,0.0,0.0,9.370482586803655,0.5,4.95,62.724011543981334,0.0,0.0,1187.0469652090644,0.0,0.0,0.0,1.0,17.0,10.149124055361723,0.5,6.55,0.0,1.0,6.5,9.698474583280497,0.5,3.5,1.2467643722496204,0.75,3.5250000000000004,9,42.025,47.22222222222222,55,27.0,CODELCO CHUQUICAMATA,CODELCO,REGIÓN DE ANTOFAGASTA,CALAMA,Cobre,Instalación minera,Grande,CATEGORIA A,No identificado,Confirmado,Coincide,Confirmado,CODELCO CHILE DIVISION CHUQUICAMATA,PLANTAS DE OXIGENO,SULFUROS Y ÓXIDOS DE COBRE,VALIDADO,-68.8991388,-22.32940969,0.0,0.0,sin_clasificar
POL_56,62.11040692699821,0.0,0.0,13.150696784097411,0.25,2.475,65.721982887586,0.0,0.0,1174.89144839253,0.0,0.0,20.550773214867252,0.5,8.5,15.103853079335797,0.5,6.55,0.0,1.0,6.5,14.64159982345247,0.5,3.5,10.489243949756855,0.0,0.0,9,27.525,30.555555555555557,56,373.0,SANTA MARGARITA,MINERA CERRO DOMINADOR S.A. NORTHERN CHILE LTDA.,REGIÓN DE ANTOFAGASTA,CALAMA,Cobre,Instalación minera,Pequeña,CATEGORIA C,No identificado,Posible,Revisar,Confirmado,PLANTA SANTA MARGARITA,PLANTA SX EW,OXIDOS DE COBRE,VALIDADO,-68.690486,-22.46698475,4.014,0.0,sin_clasificar
POL_57,38.36245495035955,0.0,0.0,33.3152758310464,0.0,0.0,64.11320815724953,0.0,0.0,1161.416779131873,0.0,0.0,42.95343653856576,0.25,4.25,30.827189862479916,0.25,3.275,0.0,1.0,6.5,30.369946078985805,0.0,0.0,24.164787080072646,0.0,0.0,9,14.025,16.666666666666664,57,411.0,PLANTA DE EXTRACCIÓN Y PROCESAMIENTO DE ARIDOS EN POZO LASTRERO,MORTEROS Y ARIDOS DRY MIX LTDA.,REGIÓN DE ANTOFAGASTA,CALAMA,Áridos,Planta / procesamiento,Grande,CATEGORIA C,No identificado,Posible,Coincide,Sin coincidencia,ALTO LOS LEONES,TUINA,SULFUROS Y ÓXIDOS DE COBRE,VALIDADO,-68.572759,-22.633191,0.0,7.392,sin_clasificar
POL_59,15.381944000576732,0.25,4.125,0.0,1.0,9.9,50.347575972322105,0.0,0.0,1056.3253350464072,0.0,0.0,133.43411145095232,0.0,0.0,28.38275583003022,0.25,3.275,0.0,1.0,6.5,27.597320700686208,0.25,1.75,1.1391958447434276,0.75,3.5250000000000004,9,29.075000000000003,38.88888888888889,59,359.0,SQM SALAR ATACAMA,SQM S.A. SQM SALAR S.A.,REGIÓN DE ANTOFAGASTA,SAN PEDRO DE ATACAMA,Litio,Instalación minera,Grande,CATEGORIA A,No identificado,Confirmado,Coincide,Confirmado,PLANTA EL SALAR,PLANTA CARNALITA DE LITIO,SALMUERA,VALIDADO,-68.389522,-23.560917,0.0,4.347,sin_clasificar
POL_60,11.406811429112263,0.25,4.125,29.08363434458549,0.0,0.0,20.196529634204314,0.25,3.325,1141.4498037804203,0.0,0.0,153.23579480576137,0.0,0.0,45.291669342930966,0.25,3.275,0.0,1.0,6.5,46.523800527787714,0.0,0.0,8.540866740349879,0.25,1.175,9,18.400000000000002,22.22222222222222,60,546.0,PROYECTO PALOMA,MINERA PLATA CARINA,REGIÓN DE ANTOFAGASTA,SAN PEDRO DE ATACAMA,No informado,Proyecto / exploración,No informado,CATEGORIA D,No identificado,Confirmado,Coincide,Confirmado,PROYECTO PALOMA,EXPLORACION,OXIDOS DE COBRE,VALIDADO,-67.569188,-23.015242,0.0,0.0,sin_clasificar
POL_61,47.17821842561981,0.0,0.0,22.268684235831373,0.25,2.475,72.02352015399642,0.0,0.0,978.1702214356233,0.0,0.0,160.07530340675524,0.0,0.0,110.80994829692304,0.0,0.0,41.579238382877314,0.25,1.625,110.25934866499868,0.0,0.0,3.907408432519126,0.5,2.35,9,6.449999999999999,11.11111111111111,61,187.0,MINERA ZALDIVAR,COMPAÑIA MINERA ZALDIVAR SPA,REGIÓN DE ANTOFAGASTA,ANTOFAGASTA,Cobre,Instalación minera,Grande,CATEGORIA A,No identificado,Confirmado,Coincide,Confirmado,ZALDIVAR,PLANTA CHANCADO TERCIARIO,OXIDOS DE COBRE,VALIDADO,-69.07003033,-24.20407533,0.0,0.0,sin_clasificar
POL_62,35.4822852810801,0.0,0.0,12.55286486008226,0.25,2.475,61.57400058442142,0.0,0.0,951.493981238119,0.0,0.0,165.60700442224942,0.0,0.0,111.07680893781641,0.0,0.0,44.08706240191357,0.25,1.625,110.58620045619041,0.0,0.0,0.0,1.0,4.7,9,8.8,16.666666666666664,62,357.0,MINERA ESCONDIDA,MINERA ESCONDIDA LIMITADA,REGIÓN DE ANTOFAGASTA,ANTOFAGASTA,Cobre,Instalación minera,Grande,CATEGORIA A,No identificado,Posible,Revisar,Confirmado,MINA ESCONDIDA,BOTADERO N° 1 OLAP,OXIDOS DE COBRE,VALIDADO,-69.35466971,-24.13178164,21.753,0.0,sin_clasificar
POL_63,62.20741776712341,0.0,0.0,63.80415488935924,0.0,0.0,140.00840498427996,0.0,0.0,971.358052936999,0.0,0.0,150.8091961086045,0.0,0.0,95.02916781279953,0.0,0.0,117.38829164586512,0.0,0.0,68.05580194149974,0.0,0.0,3.345519041775777,0.5,2.35,9,2.35,5.555555555555555,63,313.0,AGUAS BLANCAS,ATACAMA MINERALS CHILE S.C.M.,REGIÓN DE ANTOFAGASTA,ANTOFAGASTA,Yodo,Instalación minera,Grande,CATEGORIA B,No identificado,Confirmado,Coincide,Confirmado,AGUAS BLANCAS,MINA AGUAS BLANCAS,CALICHE (YODO),VALIDADO,-69.87302,-24.165821,0.0,0.0,sin_clasificar
POL_64,42.71678191211935,0.0,0.0,45.24162556368717,0.0,0.0,164.50195825076196,0.0,0.0,965.5524761162377,0.0,0.0,166.86903971746065,0.0,0.0,79.57570809060901,0.0,0.0,146.25978529576494,0.0,0.0,62.1194755839469,0.0,0.0,8.433550426710584,0.25,1.175,9,1.175,2.7777777777777777,64,426.0,PUZOLANA NORTE,CEMENTO POLPAICO S.A,REGIÓN DE ANTOFAGASTA,ANTOFAGASTA,Cal y Yeso,Instalación minera,Grande,CATEGORIA D,No identificado,Posible,Revisar,Confirmado,PUZOLANA NORTE (ANTOFAGASTA),BOTADERO DE ESTERILES,ARCILLA REFRACTARIA,VALIDADO,-70.10499,-24.24107,0.649,0.0,sin_clasificar
POL_65,39.99726672647875,0.0,0.0,47.580870669988215,0.0,0.0,200.0217728609372,0.0,0.0,998.5671006078238,0.0,0.0,142.93758066191904,0.0,0.0,102.35122358569522,0.0,0.0,166.4796273450615,0.0,0.0,21.68382591824957,0.25,1.75,18.45128924579602,0.0,0.0,9,1.75,2.7777777777777777,65,435.0,MINERA NO METALICA ARENEX VARILLAS,ARIDOS ARENEX LIMITADA,REGIÓN DE ANTOFAGASTA,ANTOFAGASTA,Áridos,Instalación minera,Mediana,SIN CATEGORIA,No identificado,Revisar,Revisar,Sin coincidencia,MINA TAMA 2 1 AL 30,MINA RAJO ABIERTO,ARCILLA REFRACTARIA,VALIDADO,-70.34677105,-23.92768012,0.586,5.372,sin_clasificar
POL_66,25.8603992465067,0.0,0.0,29.80714804615153,0.0,0.0,217.45594945848072,0.0,0.0,1012.8711671872348,0.0,0.0,135.71040489585823,0.0,0.0,115.37862562225979,0.0,0.0,179.1221117307567,0.0,0.0,3.598347649103699,0.75,5.25,3.1099166214814264,0.5,2.35,9,7.6,13.88888888888889,66,548.0,PUERTO MINA ESCONDIDA (COLOSO),MINERA ESCONDIDA LTDA.,REGIÓN DE ANTOFAGASTA,ANTOFAGASTA,COBRE,Extracción de áridos,No informado,CATEGORIA A,No identificado,Posible,Revisar,Posible,MINA ESCONDIDA,MUELLE MECANIZADO (COLOSO),SULFUROS Y ÓXIDOS DE COBRE,VALIDADO,-70.44917634,-23.79546129,0.297,4.086,sin_clasificar
POL_67,14.877575903522361,0.25,4.125,31.223000534831748,0.0,0.0,208.10671210689975,0.0,0.0,1024.8208330303323,0.0,0.0,116.40219611382673,0.0,0.0,128.99003167876307,0.0,0.0,160.5229569299218,0.0,0.0,11.144486633931338,0.5,3.5,11.348575165030901,0.0,0.0,9,7.625,8.333333333333332,67,36.0,BODEGA DE TRANSFERENCIA DE GRANELES MINERALES SECTOR PORTEZUELO,EMPRESA PORTUARIA ANTOFAGASTA,REGIÓN DE ANTOFAGASTA,ANTOFAGASTA,No informado,Instalación minera,Grande,CATEGORIA A,No identificado,Posible,Coincide,Posible,PLANTA CARBONATO DE LITIO (SQM SALAR),BODEGA,SALMUERA,VALIDADO,-70.279617,-23.688498,0.0,5.801,sin_clasificar
POL_68,66.06044430051396,0.0,0.0,47.80417225480751,0.0,0.0,97.7121694260145,0.0,0.0,950.9741862712954,0.0,0.0,175.98623653747865,0.0,0.0,114.36557870307367,0.0,0.0,89.69521884720572,0.0,0.0,116.67028057735564,0.0,0.0,39.81527474969528,0.0,0.0,9,0.0,0.0,68,451.0,MINA EL PEÑON,MINERA MERIDIAN LIMITADA,REGIÓN DE ANTOFAGASTA,ANTOFAGASTA,Oro / Plata,Mina / faena,Grande,CATEGORIA A,No identificado,Posible,Revisar,Confirmado,EL PEÑON,POLVORIN,ORO - PLATA,VALIDADO,-69.55839713,-24.34789687,7.491,0.0,sin_clasificar
POL_69,0.6191449155000097,1.0,16.5,15.635332012567732,0.25,2.475,224.21212653114807,0.0,0.0,1039.8325811240072,0.0,0.0,108.40632616318192,0.0,0.0,142.7202777690475,0.0,0.0,169.22368581537148,0.0,0.0,0.6518422444555538,1.0,7.0,1.3337050217521225,0.75,3.5250000000000004,9,29.5,33.33333333333333,69,549.0,EXTRACCION DE ARIDOS QUEBRADA LA CHIMBA,S/I,REGIÓN DE ANTOFAGASTA,ANTOFAGASTA,Áridos,Extracción de áridos,No informado,CATEGORIA D,No identificado,Revisar,Revisar,Sin coincidencia,"MINA LOS MORROS 3, 1 AL 10",MINA (CANTERA),OXIDOS DE COBRE,VALIDADO,-70.3797891,-23.5557417,0.636,3.024,sin_clasificar
POL_70,2.243317307071667,0.75,12.375,0.1818900725981889,1.0,9.9,241.37748748836574,0.0,0.0,1049.334874657057,0.0,0.0,109.90762738207813,0.0,0.0,151.7242020093485,0.0,0.0,182.65960295998917,0.0,0.0,5.396596036170956,0.5,3.5,0.47844791021028193,1.0,4.7,9,30.474999999999998,36.11111111111111,70,477.0,EXTRACCION DE ARENA DESDE SECTOR COSTERO LA RINCONADA PARA RELLENOS DE TROCADERO,EXTRACCIONES Y MONTAJES COM S.A.,REGIÓN DE ANTOFAGASTA,ANTOFAGASTA,Áridos,Extracción de áridos,Grande,CATEGORIA D,No identificado,Revisar,Revisar,Sin coincidencia,MINA ILUSIÓN PRIMERA 1 AL 10,ADMINISTACIÓN - CAMPAMENTO,OXIDOS DE COBRE,VALIDADO,-70.491974,-23.463115,1.173,5.176,sin_clasificar
POL_71,60.42510931678014,0.0,0.0,81.82865026061289,0.0,0.0,189.73070694360632,0.0,0.0,1183.1179737846626,0.0,0.0,11.659035475959579,0.5,8.5,96.29396641148965,0.0,0.0,142.2146652515633,0.0,0.0,14.554346394097589,0.5,3.5,2.597384359127449,0.5,2.35,9,14.35,16.666666666666664,71,518.0,MINA AGUA DULCE,COMPAÑIA MINERA GATICO S.A.,REGIÓN DE ANTOFAGASTA,TOCOPILLA,Cobre,Mina / faena,Grande,CATEGORIA C,No identificado,Revisar,Revisar,Sin coincidencia,MANTOS DEL PACIFICO,BOTADERO INTERIOR,OXIDOS DE COBRE,VALIDADO,-70.185235,-22.537266,30.292,29.874,sin_clasificar
POL_72,25.46329643084297,0.0,0.0,57.61610396332457,0.0,0.0,199.05084655038598,0.0,0.0,1145.2411477207536,0.0,0.0,42.09398987484433,0.25,4.25,120.71426828417582,0.0,0.0,134.80928718302076,0.0,0.0,15.319165515002938,0.25,1.75,11.367777140487,0.0,0.0,9,6.0,5.555555555555555,72,430.0,MICHILLA,MINERA HMC S.A.,REGIÓN DE ANTOFAGASTA,MEJILLONES,Cobre,Mina / faena,Mediana,CATEGORIA A,No identificado,Confirmado,Coincide,Confirmado,FAENA MICHILLA,TALLER MANTENCIÓN CONTRATISTA,OXIDOS DE COBRE,VALIDADO,-70.164027,-22.606593,0.0,1.232,sin_clasificar
POL_73,15.156319908469523,0.25,4.125,47.56697026877786,0.0,0.0,201.84599669988614,0.0,0.0,1134.462569284829,0.0,0.0,41.54837845957482,0.25,4.25,121.26179922869542,0.0,0.0,135.21067513147958,0.0,0.0,7.274985710082861,0.5,3.5,8.390909087400926,0.25,1.175,9,13.05,13.88888888888889,73,430.0,MINA MICHILLA,MICHILLA COSTA SPA.,REGIÓN DE ANTOFAGASTA,MEJILLONES,Cobre,Mina / faena,Mediana,CATEGORIA C,No identificado,Posible,Revisar,Confirmado,MICHILLA COSTA,PLANTA PILOTO,OXIDOS DE COBRE,VALIDADO,-70.1981707,-22.6812031,0.102,0.0,sin_clasificar
POL_74,0.0,1.0,16.5,29.145473918905147,0.0,0.0,222.76174922978348,0.0,0.0,1118.7656875836174,0.0,0.0,56.88368898343916,0.0,0.0,139.35991974878206,0.0,0.0,152.9380486839827,0.0,0.0,6.028774209602914,0.5,3.5,6.662919673489937,0.25,1.175,9,21.175,19.444444444444446,74,390.0,EXTRACCION DE ARENA SECTOR COSTERO HORNITOS,EMPRESA CONSTRUCTORA CONTEX LTDA.,REGIÓN DE ANTOFAGASTA,MEJILLONES,Áridos,Extracción de áridos,Pequeña,SIN CATEGORIA,No identificado,Revisar,Revisar,Sin coincidencia,MINA MERCEDES,MINA SUBTERRANEA,OXIDOS DE COBRE,VALIDADO,-70.29967,-22.836612,0.293,6.363,sin_clasificar
POL_76,20.77165708890849,0.25,4.125,40.59510197202543,0.0,0.0,202.66077568135861,0.0,0.0,1052.4646006601376,0.0,0.0,78.74704598052195,0.0,0.0,146.41669691184066,0.0,0.0,132.4007555017998,0.0,0.0,19.32166152057948,0.25,1.75,13.843662069823026,0.0,0.0,9,5.875,5.555555555555555,76,271.0,MINERA METÁLICA MANTOS BLANCOS,MANTOS COPPER S.A,REGIÓN DE ANTOFAGASTA,ANTOFAGASTA,Cobre,Instalación minera,Grande,CATEGORIA A,Posible,Posible,Revisar,Confirmado,MANTOS BLANCOS,ROM MERCEDES,SULFUROS Y ÓXIDOS DE COBRE,VALIDADO,-70.3926583,-23.6509279,36.02,0.0,sin_clasificar
POL_77,12.609319413782456,0.25,4.125,31.477076686693184,0.0,0.0,217.1807245787383,0.0,0.0,1052.285184947684,0.0,0.0,88.03364904107166,0.0,0.0,157.21059490996632,0.0,0.0,150.71998038346305,0.0,0.0,20.214766226459062,0.25,1.75,19.164677259369746,0.0,0.0,9,5.875,5.555555555555555,77,374.0,EXTRACCION DE ARIDOS EMPRESTITO E-63,SKANSKA CHILE S.A.,REGIÓN DE ANTOFAGASTA,ANTOFAGASTA,Áridos,Extracción de áridos,Mediana,CATEGORIA D,No identificado,Revisar,Revisar,Sin coincidencia,MINA MARTA,CAMPAMENTO,OXIDOS DE COBRE,VALIDADO,-70.1924345,-23.466704,1.998,4.118,sin_clasificar
POL_78,15.079825087172143,0.25,4.125,26.446398148222542,0.0,0.0,213.27042820130637,0.0,0.0,1023.573212922627,0.0,0.0,121.32242617103684,0.0,0.0,126.85999149040107,0.0,0.0,167.7453667532594,0.0,0.0,5.191838616265712,0.5,3.5,6.34158214974908,0.25,1.175,9,8.8,11.11111111111111,78,262.0,PLANTA DE SULFATO COBRE PENTAHIDRATADO MINERA REFIMIN LTDA,REFIMIN SERVICIOS INDUSTRIALES LIMITADA,REGIÓN DE ANTOFAGASTA,ANTOFAGASTA,Cobre,Planta / procesamiento,Pequeña,CATEGORIA D,No identificado,Posible,Revisar,Posible,MINA PERTINHO RAJO NORTE,MINA,OXIDOS DE COBRE,VALIDADO,-70.353517,-23.687273,1.286,0.927,sin_clasificar
POL_79,8.984429985565608,0.5,8.25,18.093110114612788,0.25,2.475,220.88908704258156,0.0,0.0,1028.490138104983,0.0,0.0,119.35166785527966,0.0,0.0,131.22370129610454,0.0,0.0,173.13281155528182,0.0,0.0,0.0,1.0,7.0,0.22350580479530197,1.0,4.7,9,22.425,30.555555555555557,79,66.0,PUERTO DE ANTOFAGASTA/TRANSPORTE DE ZINC EN POLVO/TRANSPORTE CATODOS DE COBRE,INVERSIONES QAC S.A./S.C.M FRANKE,REGIÓN DE ANTOFAGASTA,ANTOFAGASTA,Cobre / Zinc,Puerto / terminal,Grande,CATEGORIA D,Sí,Posible,Coincide,Sin coincidencia,"MINA PLAZA DEL COBRE 1, 1 AL 20",CAMPAMENTO,OXIDOS DE COBRE,VALIDADO,-70.402615,-23.651336,0.008,3.786,sin_clasificar
POL_80,39.83006838511128,0.0,0.0,49.855981472506926,0.0,0.0,193.0662440193562,0.0,0.0,998.3034865084519,0.0,0.0,139.1698055821743,0.0,0.0,103.4301607174532,0.0,0.0,158.32474717057045,0.0,0.0,24.98883939871604,0.25,1.75,23.627741757156457,0.0,0.0,9,1.75,2.7777777777777777,80,295.0,MINA PARDO,COMERCIAL MINERA NORTEARIDOS MINERALS LTDA,REGIÓN DE ANTOFAGASTA,ANTOFAGASTA,Áridos,Instalación minera,Pequeña,CATEGORIA A,Posible,Revisar,Revisar,Sin coincidencia,ALTONORTE,PLANTA DE AGUAS SERVIDAS,SULFUROS DE COBRE,VALIDADO,-70.3975022,-23.6509279,31.816,10.742,sin_clasificar
POL_81,10.159561661187935,0.25,4.125,0.0,1.0,9.9,250.5619693387214,0.0,0.0,1062.716774756242,0.0,0.0,101.86912466456977,0.0,0.0,165.1229099091829,0.0,0.0,184.14816321246738,0.0,0.0,18.166090657299737,0.25,1.75,6.485654260486852,0.25,1.175,9,16.95,19.444444444444446,81,426.0,YESO NORTE,CEMENTO POLPAICO S.A.,REGIÓN DE ANTOFAGASTA,MEJILLONES,Áridos,Instalación minera,Grande,CATEGORIA D,No identificado,Posible,Revisar,Confirmado,YESO NORTE (ANTOFAGASTA),MINA,YESO,VALIDADO,-70.54467,-23.328287,0.6,0.002,sin_clasificar
POL_82,17.044076709502882,0.25,4.125,21.521090700905173,0.25,2.475,229.14212292734734,0.0,0.0,1062.4658354737414,0.0,0.0,84.07023472648042,0.0,0.0,160.8290661243422,0.0,0.0,158.57747118760736,0.0,0.0,21.50364682285852,0.25,1.75,17.45775860884761,0.0,0.0,9,8.35,8.333333333333332,82,358.0,IVAN ZAR,MINERA RAYROCK LTDA.,REGIÓN DE ANTOFAGASTA,ANTOFAGASTA,Cobre,Instalación minera,Mediana,CATEGORIA B,No identificado,Confirmado,Coincide,Confirmado,MINA IVAN,ADMINISTRACION-OFICINA,OXIDOS DE COBRE,VALIDADO,-70.281733,-23.341217,0.068,0.0,sin_clasificar
POL_83,21.96735137837082,0.25,4.125,25.113944172557034,0.0,0.0,229.6010505583079,0.0,0.0,1066.9365172163593,0.0,0.0,76.75157136282627,0.0,0.0,154.35212971434626,0.0,0.0,156.10110290031898,0.0,0.0,25.491562050297475,0.25,1.75,23.1890805490942,0.0,0.0,9,5.875,5.555555555555555,83,358.0,EMPERATRIZ,MINERA RAYROCK LTDA.,REGIÓN DE ANTOFAGASTA,MEJILLONES,Cobre,Instalación minera,Mediana,CATEGORIA B,No identificado,Posible,Revisar,Confirmado,MINA IVAN,MINA RAJO ABIERTO EMPERATRIZ,OXIDOS DE COBRE,VALIDADO,-70.253686,-23.318775,0.708,4.72,sin_clasificar
POL_84,30.26412935736906,0.0,0.0,27.98872838883354,0.0,0.0,234.78631847201572,0.0,0.0,1080.017961291528,0.0,0.0,66.96577427566652,0.0,0.0,146.40094364909893,0.0,0.0,154.63596122251892,0.0,0.0,19.754063626197585,0.25,1.75,23.661572749487615,0.0,0.0,9,1.75,2.7777777777777777,84,297.0,MINERA MARIMACA,COMPAÑÍA MINERA CIELO AZUL LIMITADA,REGIÓN DE ANTOFAGASTA,MEJILLONES,Cobre,Instalación minera,Grande,CATEGORIA C,No identificado,Posible,Revisar,Confirmado,EXPLORACION II REGION,MARIMACA,OXIDOS DE COBRE,VALIDADO,-70.411353,-23.090996,21.376,0.283,sin_clasificar
POL_85,27.769420790716786,0.0,0.0,23.845247767631434,0.25,2.475,236.87807509197586,0.0,0.0,1076.5032831095593,0.0,0.0,73.80978563726974,0.0,0.0,153.01975522961183,0.0,0.0,159.10574043792897,0.0,0.0,19.355941559816138,0.25,1.75,22.549835557697968,0.0,0.0,9,4.225,5.555555555555555,85,134.0,PROYECTO CAPRICA IRON,SOCIEDAD CONTRACTUAL CAPRICA IRON,REGIÓN DE ANTOFAGASTA,MEJILLONES,Hierro,Proyecto / exploración,No informado,CATEGORIA B,No identificado,Posible,Revisar,Confirmado,CAPRICA IRON,PLANTA DE CHANCADO,MAGNETITA,VALIDADO,-70.270311,-23.234286,0.852,0.0,sin_clasificar
POL_86,32.73785017955096,0.0,0.0,37.58178529296058,0.0,0.0,221.77587183297445,0.0,0.0,1073.0220524495587,0.0,0.0,62.049441699009584,0.0,0.0,138.63930681005402,0.0,0.0,141.9761971266444,0.0,0.0,27.72274072465974,0.25,1.75,24.491476140117197,0.0,0.0,9,1.75,2.7777777777777777,86,252.0,SIERRA MIRANDA,SIERRA ATACAMA SPA,REGIÓN DE ANTOFAGASTA,ANTOFAGASTA,Cobre,Instalación minera,Pequeña,CATEGORIA D,No identificado,Confirmado,Coincide,Confirmado,SIERRA ATACAMA,LIXIVIACION 2,OXIDOS DE COBRE,VALIDADO,-70.11712975,-23.25154,0.0,0.0,sin_clasificar
POL_87,59.118758608961876,0.0,0.0,21.616097745419605,0.25,2.475,100.35466789500677,0.0,0.0,1064.667346217557,0.0,0.0,98.14700500768097,0.0,0.0,74.41295980831663,0.0,0.0,7.713899647533086,0.75,4.875,73.85421643191862,0.0,0.0,42.65040188696966,0.0,0.0,9,7.35,11.11111111111111,87,27.0,GABRIELA MISTRAL,EXPLORACIONES MINERAS ANDINAS,REGIÓN DE ANTOFAGASTA,SIERRA GORDA,Cobre,Instalación minera,Grande,CATEGORIA C,No identificado,Confirmado,Coincide,Confirmado,EXPLORACIONES II REGIÓN,GABY OESTE,OXIDOS DE COBRE,VALIDADO,-68.8141774,-23.401938,0.0,2.347,sin_clasificar
POL_88,23.787481150363163,0.25,4.125,0.0,1.0,9.9,50.93379324808624,0.0,0.0,1053.2993457842013,0.0,0.0,150.67075430224006,0.0,0.0,23.853695682463766,0.5,6.55,0.0,1.0,6.5,23.095613123328416,0.25,1.75,13.455194437326693,0.0,0.0,9,28.825,33.33333333333333,88,550.0,PLANTA SALAR DE ATACAMA,ALBEMARLE,REGIÓN DE ANTOFAGASTA,SAN PEDRO DE ATACAMA,Litio,Planta / procesamiento,Grande,CATEGORIA A,No identificado,Posible,Revisar,Confirmado,PLANTA EL SALAR,PLANTA REMOSION DE MAGNESIO,SALMUERA,VALIDADO,-68.2636501,-23.5133117,12.347,0.0,sin_clasificar
POL_90,75.97320716780051,0.0,0.0,91.25210019968348,0.0,0.0,161.00625835752055,0.0,0.0,1055.3029448749057,0.0,0.0,72.58180370929253,0.0,0.0,113.14785346407285,0.0,0.0,77.36602596107718,0.0,0.0,30.99574839445115,0.0,0.0,24.506673653513616,0.0,0.0,9,0.0,0.0,90,330.0,LOMAS BAYAS,COMPAÑIA MINERA LOMAS BAYAS,REGIÓN DE ANTOFAGASTA,SIERRA GORDA,Cobre,Instalación minera,Grande,CATEGORIA A,No identificado,Posible,Revisar,Confirmado,LOMAS BAYAS,LIXIVIACION LOMAS,OXIDOS DE COBRE,VALIDADO,-69.4196425,-23.28333283,15.844,0.0,sin_clasificar
POL_91,47.24478929620115,0.0,0.0,61.20785747048643,0.0,0.0,186.83778505351887,0.0,0.0,1088.145493541989,0.0,0.0,23.633324743611464,0.5,8.5,97.50477026187372,0.0,0.0,109.59018564156626,0.0,0.0,20.5820409293698,0.25,1.75,16.36284814587643,0.0,0.0,9,10.25,8.333333333333332,91,38.0,ALGORTA,ACF MINERA S.A.,REGIÓN DE ANTOFAGASTA,SIERRA GORDA,Yodo,Instalación minera,Grande,CATEGORIA A,No identificado,Posible,Revisar,Confirmado,FAENA ALGORTA NORTE,CAMPAMENTO,CALICHE (YODO),VALIDADO,-70.099899,-23.1067238,21.477,0.0,sin_clasificar
POL_92,34.08471674521484,0.0,0.0,32.06981465737533,0.0,0.0,61.59916618028818,0.0,0.0,1159.1102006603028,0.0,0.0,47.52745637708835,0.25,4.25,34.340943416957955,0.25,3.275,0.0,1.0,6.5,33.944162278682015,0.0,0.0,19.670674228895933,0.0,0.0,9,14.025,16.666666666666664,92,146.0,PLANTA DE ARIDOS SAN PEDRO,ARIDOS SAN PEDRO SPA,REGIÓN DE ANTOFAGASTA,CALAMA,Áridos,Planta / procesamiento,Pequeña,CATEGORIA D,No identificado,Revisar,Revisar,Sin coincidencia,SAN ANDRES DEL 1 AL 10,CAMPAMENTO,SULFUROS Y ÓXIDOS DE COBRE,VALIDADO,-68.483328,-22.663986,4.511,10.039,sin_clasificar
POL_93,41.01566115552939,0.0,0.0,19.006666334908438,0.25,2.475,45.79961630377249,0.0,0.0,1176.5008741402812,0.0,0.0,51.594148053829976,0.0,0.0,27.712796111169563,0.25,3.275,0.0,1.0,6.5,28.82691503781434,0.25,1.75,23.71294920855247,0.0,0.0,9,14.0,19.444444444444446,93,220.0,EXPLOTACIÓN SUBTERRANEA MINA PAMPITA,SEMIAT SPA,REGIÓN DE ANTOFAGASTA,CALAMA,Cobre,Mina / faena,No informado,CATEGORIA D,No identificado,Confirmado,Coincide,Confirmado,"PAMPA DOS 1 AL 40 PERTENENCIAS 13, 14, 15 y 16",MINA SUBTERRANEA,OXIDOS DE COBRE,VALIDADO,-68.417443,-22.517867,0.037,0.519,sin_clasificar
POL_94,68.07531296387775,0.0,0.0,82.83886913072914,0.0,0.0,173.12956266552544,0.0,0.0,1090.6189560999999,0.0,0.0,35.75165967474762,0.25,4.25,87.95047482132429,0.0,0.0,93.02987279381453,0.0,0.0,27.019524407700114,0.25,1.75,1.5581930576186622,0.75,3.5250000000000004,9,9.525,13.88888888888889,94,378.0,MINA PAMPA BLANCA,SQM INDUSTRIAL,REGIÓN DE ANTOFAGASTA,SIERRA GORDA,Yodo,Mina / faena,Grande,CATEGORIA C,No identificado,Posible,Revisar,Confirmado,PAMPA BLANCA,CENTRO OPERACION MINERA,CALICHE (NITRATOS),VALIDADO,-69.680312,-23.126756,0.11,0.0,sin_clasificar
POL_95,59.44244161096043,0.0,0.0,74.24175871001123,0.0,0.0,191.98152709156088,0.0,0.0,1072.2875537832153,0.0,0.0,59.53981513454984,0.0,0.0,117.6957873770847,0.0,0.0,106.520850658112,0.0,0.0,7.815999858586218,0.5,3.5,8.045741837804023,0.25,1.175,9,4.675,8.333333333333332,95,374.0,ARIDOS SIERRA GORDA,SKANSKA CHILE S.A.,REGIÓN DE ANTOFAGASTA,SIERRA GORDA,Áridos,Extracción de áridos,Mediana,CATEGORIA B,No identificado,Posible,Coincide,Posible,"EXPLORACIONES SIERRA GORDA, MICHILLA - REG. ANTOF",AUTRAL,OXIDOS DE COBRE,VALIDADO,-69.758988,-23.294529,0.0,7.551,sin_clasificar
POL_97,27.468842472690323,0.0,0.0,66.35432672919316,0.0,0.0,99.1921389927527,0.0,0.0,874.5389693293308,0.0,0.0,144.963002111857,0.0,0.0,89.23357280974287,0.0,0.0,153.98747448125383,0.0,0.0,91.0538617952283,0.0,0.0,29.793958958573644,0.0,0.0,9,0.0,0.0,97,303.0,MINA GUANACO,GUANACO COMPAÑIA MINERA SPARABOLISTIC SPA,REGIÓN DE ANTOFAGASTA,TALTAL,Oro / Plata,Mina / faena,Grande,CATEGORIA B,No identificado,Confirmado,Coincide,Confirmado,MINA GUANACO,STOCK DE MINERAL,ORO - PLATA,VALIDADO,-69.53832733,-25.10737,0.0,0.0,sin_clasificar
POL_98,57.22513113873864,0.0,0.0,0.0,1.0,9.9,194.26533484796477,0.0,0.0,866.7201518042372,0.0,0.0,176.4457234316288,0.0,0.0,6.878898261599225,0.75,9.825,222.51315697952182,0.0,0.0,8.480894949499826,0.5,3.5,0.0,1.0,4.7,9,27.925,36.11111111111111,98,217.0,SANTO DOMINGO,COMPAÑIA MINERA NOVA VENTURA,REGIÓN DE ANTOFAGASTA,TALTAL,Hierro,Planta / procesamiento,Mediana,CATEGORIA D,No identificado,Confirmado,Coincide,Confirmado,MINA SANTO DOMINGO,MINA,OXIDOS DE COBRE,VALIDADO,-70.493276,-25.1011045,0.0,0.0,sin_clasificar
POL_99,57.57594893650082,0.0,0.0,19.4798112760992,0.25,2.475,187.2018591573237,0.0,0.0,835.9587106645437,0.0,0.0,149.04225070310832,0.0,0.0,1.636966893732247,1.0,13.1,240.2270894764287,0.0,0.0,1.2097788647257637,1.0,7.0,0.08144326255650305,1.0,4.7,9,27.275,36.11111111111111,99,21.0,PLANTA JOSE ANTONIO MORENO DE TALTAL,ENAMI,REGIÓN DE ANTOFAGASTA,TALTAL,Cobre,Planta / procesamiento,Grande,CATEGORIA B,No identificado,Posible,Revisar,Confirmado,ENAMI PLANTA JOSÉ ANTONIO MORENO DE TALTAL,DESCARGA DE ACIDO,SULFUROS Y ÓXIDOS DE COBRE,VALIDADO,-70.390576,-25.513894,14.883,0.0,sin_clasificar
POL_100,50.389903414932135,0.0,0.0,32.41918331385002,0.0,0.0,157.82190274779927,0.0,0.0,898.5902684673214,0.0,0.0,186.15784382586838,0.0,0.0,41.47748953813467,0.25,3.275,175.56064605030295,0.0,0.0,38.42375771202884,0.0,0.0,27.77213945682535,0.0,0.0,9,3.275,2.7777777777777777,100,136.0,LOS CHANGOS - NITONA,COLLAO INVERSIONES EN MINERIA,REGIÓN DE ANTOFAGASTA,TALTAL,No informado,Proyecto / exploración,Pequeña,CATEGORIA D,No identificado,Posible,Revisar,Confirmado,PROYECTO DE EXPLORACION,PROYECTO NITONA,OXIDOS DE COBRE,VALIDADO,-70.4803027,-25.406494,71.631,1.4,sin_clasificar
POL_101,20.12876766825318,0.25,4.125,32.523000222865655,0.0,0.0,206.5860140267662,0.0,0.0,1016.3104586761507,0.0,0.0,123.73613930843584,0.0,0.0,120.12476955591208,0.0,0.0,164.13335079200309,0.0,0.0,10.587779208471762,0.5,3.5,11.768410533255139,0.0,0.0,9,7.625,8.333333333333332,101,551.0,PLANTA QUIMICA LA NEGRA,ALBEMARLE S.A.,REGIÓN DE ANTOFAGASTA,ANTOFAGASTA,Litio,Planta / procesamiento,No informado,CATEGORIA A,No identificado,Posible,Revisar,Confirmado,PLANTA QUIMICA LA NEGRA,PLANTA TRATAMIENTO DE AGUAS SERVIDAS (TAS),SALMUERA,VALIDADO,-70.3081307,-23.77750372,1.079,0.0,sin_clasificar
POL_102,45.81154449290394,0.0,0.0,16.024854623932086,0.25,2.475,155.39484114187496,0.0,0.0,777.5503936391152,0.0,0.0,76.52729839569567,0.0,0.0,49.24143194646532,0.25,3.275,259.9005199805198,0.0,0.0,48.40529720531169,0.0,0.0,49.047622837273025,0.0,0.0,9,5.75,5.555555555555555,102,380.0,MINA BARREAL SECO,MINERA LAS CENIZAS S.A.,REGIÓN DE ANTOFAGASTA,TALTAL,Cobre,Mina / faena,Grande,CATEGORIA C,No identificado,Posible,Revisar,Confirmado,MINA BARREAL SECO,ACOPIO DE MINERALES DE ALTA LEY,OXIDOS DE COBRE,VALIDADO,-70.066573,-25.932388,0.196,0.0,sin_clasificar
POL_103,39.48152702950698,0.0,0.0,17.722891692504856,0.25,2.475,159.9523404158931,0.0,0.0,774.7813521087613,0.0,0.0,79.15516632763126,0.0,0.0,47.36898091225239,0.25,3.275,263.33508824577154,0.0,0.0,46.59902728129332,0.0,0.0,47.52708596783576,0.0,0.0,9,5.75,5.555555555555555,103,55.0,EXPLOTACION DE HIERRO SAN GABRIEL,HIERRO TALTAL S.C.M.,REGIÓN DE ANTOFAGASTA,TALTAL,Hierro,Instalación minera,No informado,CATEGORIA D,No identificado,Posible,Revisar,Confirmado,PROYECTO SAN GABRIEL,TALLER DE MANTENCION,MAGNETITA,VALIDADO,-70.102321,-25.924888,0.901,0.0,sin_clasificar
POL_104,27.58603298842977,0.0,0.0,45.91198199027347,0.0,0.0,177.50295036395582,0.0,0.0,791.7925988177408,0.0,0.0,107.34397331765337,0.0,0.0,44.696688340427166,0.25,3.275,263.2266687158307,0.0,0.0,43.807082335638725,0.0,0.0,33.849456643974904,0.0,0.0,9,3.275,2.7777777777777777,104,380.0,PLANTA DE ÓXIDOS TALTAL,MINERA LAS CENIZAS S.A.,REGIÓN DE ANTOFAGASTA,TALTAL,Cobre,Planta / procesamiento,Grande,CATEGORIA B,No identificado,Confirmado,Coincide,Confirmado,PLANTA DE ÓXIDOS,PATIO CATADOS,OXIDOS DE COBRE,VALIDADO,-70.3205738,-25.7874706,0.045,0.0,sin_clasificar
POL_105,60.705265639075755,0.0,0.0,23.439276016068167,0.25,2.475,134.25823324181871,0.0,0.0,788.23686115677,0.0,0.0,72.10506592291814,0.0,0.0,60.0259187410704,0.0,0.0,240.21843957508088,0.0,0.0,47.87044985317325,0.0,0.0,36.3805768544355,0.0,0.0,9,2.475,2.7777777777777777,105,66.0,MINERA FRANKE,SOCIEDAD CONTRACTUAL MINERA FRANKE,REGIÓN DE ANTOFAGASTA,TALTAL,Cobre,Instalación minera,Grande,CATEGORIA A,No identificado,Confirmado,Coincide,Confirmado,MINA FRANKE,GERENCIA,OXIDOS DE COBRE,VALIDADO,-69.867254,-25.838729,0.0,0.0,sin_clasificar
POL_106,69.82327231349926,0.0,0.0,33.16369181423012,0.0,0.0,130.8353545463302,0.0,0.0,797.1454764398757,0.0,0.0,78.93569686949014,0.0,0.0,69.7020369244187,0.0,0.0,234.9542206294215,0.0,0.0,54.813491762995,0.0,0.0,31.101414169222252,0.0,0.0,9,0.0,0.0,106,380.0,MINERA ALTAMIRA - AGUILUCHO,MINERA LAS CENIZAS S.A.,REGIÓN DE ANTOFAGASTA,TALTAL,Cobre,Instalación minera,Grande,CATEGORIA B,No identificado,Posible,Revisar,Posible,MINA ALTAMIRA,CAMPAMENTO,SULFUROS Y ÓXIDOS DE COBRE,VALIDADO,-69.8560565,-25.837026,5.534,5.418,sin_clasificar
POL_107,56.34277671192234,0.0,0.0,39.12434068186028,0.0,0.0,148.39798185603502,0.0,0.0,802.4812842667801,0.0,0.0,94.85266257628864,0.0,0.0,55.10186213804407,0.0,0.0,239.76355785597173,0.0,0.0,54.52852977776301,0.0,0.0,34.87492090330089,0.0,0.0,9,0.0,0.0,107,380.0,EXPLOTACION DE MINERALES DOÑA ELBA,MINERA LAS CENIZAS S.A.,REGIÓN DE ANTOFAGASTA,TALTAL,Cobre,Instalación minera,Grande,CATEGORIA B,No identificado,Revisar,Revisar,Sin coincidencia,"EXPLORACIONES SIERRA GORDA, MICHILLA - REG. ANTOF",SIERRA OVERA ( PERT AÑIL),OXIDOS DE COBRE,VALIDADO,-70.03366247,-25.74107184,2.308,9.707,sin_clasificar
POL_108,18.74692702397256,0.25,4.125,21.324020460521243,0.25,2.475,159.519418145873,0.0,0.0,745.9863121440524,0.0,0.0,83.09396158304757,0.0,0.0,32.17482343359801,0.25,3.275,299.7104347787405,0.0,0.0,22.69013004456373,0.25,1.75,32.540493966915314,0.0,0.0,9,11.625,11.11111111111111,108,67.0,PROYECTO MINERO SS-XAVIER 1 ESSEX HOLDINGS,REPRESENTACIONES Y GESTION DE NEGOCIOS CHILETOOLS SPA,REGIÓN DE ATACAMA,CHAÑARAL,No informado,Proyecto / exploración,No informado,CATEGORIA D,No identificado,Posible,Revisar,Confirmado,SS-XAVIER 1,PLANTA CHANCADO,MAGNETITA,VALIDADO,-70.31099,-26.186507,1.774,0.0,sin_clasificar
POL_109,23.800627282253615,0.25,4.125,51.800883684230264,0.0,0.0,193.37934612476687,0.0,0.0,801.44348265083,0.0,0.0,127.32818242450745,0.0,0.0,32.22717324066842,0.25,3.275,267.56101214858563,0.0,0.0,31.148811803803618,0.0,0.0,14.226733003023247,0.0,0.0,9,7.4,5.555555555555555,109,380.0,LAS CENIZAS TALTAL (LAS LUCES),MINERA LAS CENIZAS S.A.,REGIÓN DE ANTOFAGASTA,TALTAL,Cobre,Instalación minera,Grande,CATEGORIA A,Posible,Confirmado,Coincide,Confirmado,LAS CENIZAS TALTAL (LAS LUCES),ACOPIO DE MINERAL - MINA,OXIDOS DE COBRE,VALIDADO,-70.526627,-25.68659233,0.0,2.099,sin_clasificar
POL_110,50.05421553929192,0.0,0.0,45.41734498829605,0.0,0.0,164.60797443806624,0.0,0.0,815.8126140185946,0.0,0.0,117.8582116732659,0.0,0.0,30.274344354474106,0.25,3.275,239.3497806275062,0.0,0.0,29.68494888241508,0.25,1.75,28.918323911733125,0.0,0.0,9,5.025,5.555555555555555,110,380.0,EXPLOTACION DE MINERALES MINA FLIOMENA,MINERA LAS CENIZAS S.A.,REGIÓN DE ANTOFAGASTA,TALTAL,Cobre,Mina / faena,Grande,CATEGORIA D,No identificado,Posible,Revisar,Confirmado,"RAJO FILOMENA (ARENA IV 1 AL 30, 40% PERT. 15 Y 16 Y 100% PERT. 17 AL 30",ACOPIO MINERAL,OXIDOS DE COBRE,VALIDADO,-70.221446,-25.573865,0.306,0.0,sin_clasificar
POL_113,3.2654401397657646,0.75,12.375,1.2589409690326414,0.75,7.425000000000001,240.55646988573156,0.0,0.0,1049.459172877015,0.0,0.0,109.3744141074876,0.0,0.0,151.84493049161827,0.0,0.0,181.76065337619423,0.0,0.0,6.079569606895998,0.5,3.5,1.5199173227907299,0.75,3.5250000000000004,9,26.825000000000003,30.555555555555557,113,390.0,EXTRACCION DE ARENA DESDE SECTOR COSTERO LA RINCONADA,EMPRESA CONSTRUCTORA CONTEX LTDA.,REGIÓN DE ANTOFAGASTA,ANTOFAGASTA,Áridos,Extracción de áridos,Pequeña,CATEGORIA D,No identificado,Revisar,Revisar,Sin coincidencia,MINA ILUSIÓN PRIMERA 1 AL 10,ADMINISTACIÓN - CAMPAMENTO,OXIDOS DE COBRE,VALIDADO,-70.506464,-23.459029,0.977,6.11,sin_clasificar
POL_114,4.919939931993964,0.75,12.375,25.267989885110683,0.0,0.0,218.86627284488006,0.0,0.0,1047.1265864649943,0.0,0.0,96.27418647004146,0.0,0.0,151.24842799408654,0.0,0.0,157.17997214122187,0.0,0.0,12.638694226336332,0.5,3.5,11.40972485487195,0.0,0.0,9,15.875,13.88888888888889,114,553.0,MINERA COMAHUE,NEXT MINERALS S.A.,REGIÓN DE ANTOFAGASTA,ANTOFAGASTA,Cobre,Instalación minera,No informado,CATEGORIA B,No identificado,Posible,Revisar,Confirmado,COMAHUE,MINA SUBTERRANEA,OXIDOS DE COBRE,VALIDADO,-70.25039214,-23.49088784,0.26,0.0,sin_clasificar
POL_115,12.706575483681545,0.25,4.125,11.333559290151404,0.25,2.475,242.93438688838324,0.0,0.0,1091.5654222965115,0.0,0.0,73.67265248587759,0.0,0.0,155.97575309797793,0.0,0.0,168.768881702903,0.0,0.0,2.9131709963362336,0.75,5.25,6.956749186704435,0.25,1.175,9,13.025,16.666666666666664,115,145.0,PLANTA PROCESADORA DE METALES,PLANTA RECUPERADORA DE METALES SPA,REGIÓN DE ANTOFAGASTA,MEJILLONES,No informado,Planta / procesamiento,Grande,CATEGORIA D,No identificado,Posible,Coincide,Sin coincidencia,EXPLORACIONES,PROYECTO MEJILLONES,OXIDOS DE COBRE,VALIDADO,-70.375324,-23.085277,0.0,11.281,sin_clasificar
POL_116,12.287621770829956,0.25,4.125,11.188796506442323,0.25,2.475,242.15891311128456,0.0,0.0,1092.685743423976,0.0,0.0,72.9438420480591,0.0,0.0,155.3585182566058,0.0,0.0,168.19866264994604,0.0,0.0,3.144554068456574,0.75,5.25,7.036994241704639,0.25,1.175,9,13.025,16.666666666666664,116,48.0,PROCESAMIENTO MOLIBDENO MEJILLONES,COMPLEJO INDUSTRIAL MOLYNOR S.A.,REGIÓN DE ANTOFAGASTA,MEJILLONES,Molibdeno,Instalación minera,Grande,CATEGORIA D,No identificado,Posible,Coincide,Posible,EXPLORACIONES,PROYECTO MEJILLONES,OXIDOS DE COBRE,VALIDADO,-70.377443,-23.072877,0.0,12.144,sin_clasificar
POL_117,12.31428389438032,0.25,4.125,11.065624824718153,0.25,2.475,242.64858802326467,0.0,0.0,1091.918919276817,0.0,0.0,73.40252739189582,0.0,0.0,155.7477846265741,0.0,0.0,168.5582913297415,0.0,0.0,2.834531202839624,0.75,5.25,6.774873559336007,0.25,1.175,9,13.025,16.666666666666664,117,27.0,PLANTA DE PROCESAMIENTO DE CONCENTRADO DE MOLIBDENO,CODELCO,REGIÓN DE ANTOFAGASTA,MEJILLONES,Molibdeno,Planta / procesamiento,Grande,CATEGORIA B,No identificado,Posible,Coincide,Sin coincidencia,CAPRICA IRON,PLANTA DE CONCENTRACION MAGNETICA,MAGNETITA,VALIDADO,-70.38015667,-23.07867233,0.0,19.03,sin_clasificar
POL_118,17.58622252414179,0.25,4.125,16.203253704317042,0.25,2.475,237.6136151044609,0.0,0.0,1091.130771972258,0.0,0.0,68.29528206107017,0.0,0.0,150.38452483724532,0.0,0.0,163.11332195126982,0.0,0.0,7.512594833534755,0.5,3.5,11.761523780779774,0.0,0.0,9,10.1,11.11111111111111,118,411.0,EXTRACCION Y PROCESAMIENTO DE ARIDOS PLANTA CERRO GRIS,MORTEROS Y ARIDOS DRY MIX LTDA.,REGIÓN DE ANTOFAGASTA,MEJILLONES,Áridos,Planta / procesamiento,Grande,SIN CATEGORIA,Posible,Posible,Coincide,Sin coincidencia,Angamos I del 1 al 16,CAMPAMENTO,OXIDOS DE COBRE,VALIDADO,-70.318123,-23.07984,0.0,7.456,sin_clasificar
POL_120,72.40405798331994,0.0,0.0,70.65908043186438,0.0,0.0,178.00712400670218,0.0,0.0,1194.1982035827377,0.0,0.0,1.6125371873296588,0.75,12.75,83.22310863061846,0.0,0.0,135.00547935261773,0.0,0.0,8.026698579928704,0.5,3.5,8.062916527919025,0.25,1.175,9,17.425,16.666666666666664,120,518.0,MINA ANGELICA,COMPAÑIA MINERA GATICO S.A.,REGIÓN DE ANTOFAGASTA,TOCOPILLA,COBRE,Mina / faena,Grande,CATEGORIA C,No identificado,Confirmado,Coincide,Confirmado,ANGELICA,CAMPAMENTO,OXIDOS DE COBRE,VALIDADO,-70.14057238,-22.16471117,0.0,0.0,sin_clasificar
POL_121,65.40772881715806,0.0,0.0,72.03565233919842,0.0,0.0,151.30212834281332,0.0,0.0,1145.9260000328845,0.0,0.0,0.0,1.0,17.0,68.38124467187177,0.0,0.0,82.35602457032789,0.0,0.0,26.66904088325677,0.25,1.75,0.0,1.0,4.7,9,23.45,25.0,121,378.0,MINA PEDRO DE VALDIVIA,SQM INDUSTRIAL,REGIÓN DE ANTOFAGASTA,MARIA ELENA,Yodo,Mina / faena,Grande,CATEGORIA A,No identificado,Posible,Revisar,Posible,SQM SA (II REGIÓN),PLANTAS YODO - P. VALDIVIA,CALICHE (NITRATOS),VALIDADO,-69.897677,-22.698526,22.642,0.126,sin_clasificar
POL_122,71.095341583853,0.0,0.0,4.5814923430368095,0.75,7.425000000000001,71.67921715074665,0.0,0.0,1176.9839047526252,0.0,0.0,14.12073596049207,0.5,8.5,6.349203774197317,0.75,9.825,0.0,1.0,6.5,5.793675884904956,0.5,3.5,2.3362511673007917,0.5,2.35,9,38.1,44.44444444444444,122,516.0,PROYECTO DE INVERSIONES MINERAS MARMOL TRAVERTINO,STANDARD UNO S.A.,REGIÓN DE ANTOFAGASTA,CALAMA,Mármol,Proyecto / exploración,No informado,CATEGORIA D,No identificado,Revisar,Revisar,Sin coincidencia,EXPLORACIONES ZONA NORTE,EXPLORACIONES,OXIDOS DE COBRE,VALIDADO,-68.825323,-22.448812,0.11,1.799,sin_clasificar
POL_123,70.020827227245,0.0,0.0,6.073730795905353,0.5,4.95,70.67341324874364,0.0,0.0,1177.4108600455118,0.0,0.0,14.65380655488687,0.5,8.5,7.820697410510851,0.75,9.825,0.0,1.0,6.5,7.254870848919955,0.5,3.5,3.1678684734082427,0.5,2.35,9,35.625,41.66666666666667,123,472.0,CANTERA ZORRO 8 Y ZORRO 9 DE MARMOLES SAN MARINO,MARMOLES SAN MARINO CHILE S.A.,REGIÓN DE ANTOFAGASTA,CALAMA,Mármol,Cantera,No informado,CATEGORIA D,No identificado,Posible,Revisar,Posible,CANTERA CAÑON VERDE I,CANTERA,CALIZA,VALIDADO,-68.811239,-22.450016,0.151,5.873,sin_clasificar
POL_124,100.22464678065165,0.0,0.0,8.246236149599987,0.5,4.95,34.990544053069996,0.0,0.0,1231.2216787095092,0.0,0.0,36.03997598718122,0.25,4.25,0.28223178671569327,1.0,13.1,0.0,1.0,6.5,41.64301961338936,0.0,0.0,0.43020930517409117,1.0,4.7,9,33.5,41.66666666666667,124,473.0,EL ABRA,SOCIEDAD CONTRACTUAL MINERA EL ABRA,REGIÓN DE ANTOFAGASTA,CALAMA,Cobre,Instalación minera,Grande,CATEGORIA A,No identificado,Posible,Revisar,Confirmado,EL ABRA,ROM I,OXIDOS DE COBRE,VALIDADO,-68.78715044,-21.93824411,1.8,0.0,sin_clasificar
POL_125,95.62932809479604,0.0,0.0,13.15897912307942,0.25,2.475,29.327710349668955,0.0,0.0,1225.0736628045306,0.0,0.0,31.190399969294297,0.25,4.25,1.1392238672015909,1.0,13.1,0.0,1.0,6.5,34.45507173157879,0.0,0.0,1.212520833649043,0.75,3.5250000000000004,9,29.85,36.11111111111111,125,473.0,EL ABRA,SOCIEDAD CONTRACTUAL MINERA EL ABRA,REGIÓN DE ANTOFAGASTA,CALAMA,Cobre,Instalación minera,Grande,CATEGORIA A,No identificado,Posible,Revisar,Confirmado,EL ABRA,TERMINAL DE ACIDO  SULFURICO (TAS),OXIDOS DE COBRE,VALIDADO,-68.78715044,-21.93824411,8.865,0.0,sin_clasificar
POL_126,40.016476524806684,0.0,0.0,20.348362179319274,0.25,2.475,48.3836915856099,0.0,0.0,1172.1913913771648,0.0,0.0,51.85152805697067,0.0,0.0,28.776164345780984,0.25,3.275,0.0,1.0,6.5,28.629041610410184,0.25,1.75,22.892605273069,0.0,0.0,9,14.0,19.444444444444446,126,373.0,AMPLIACION Y DESARROLLO DE FAENAS MINERAS EN TUINA - MINA DINKO,BCJ SERVICIOS MINEROS LTDA/MINERA CERRO DOMINADOR S.A./EXPLOTADORA MINERA DEL CE,REGIÓN DE ANTOFAGASTA,CALAMA,Cobre,Mina / faena,Pequeña,CATEGORIA C,No identificado,Posible,Revisar,Confirmado,EXPLORACIONES II REGION,TUINA,OXIDOS DE COBRE,VALIDADO,-68.4111735,-22.515057,2.745,0.0,sin_clasificar
POL_127,43.20002188899237,0.0,0.0,20.908088725280656,0.25,2.475,47.36469218801531,0.0,0.0,1177.643759361773,0.0,0.0,48.74530704929064,0.25,4.25,27.15536725529621,0.25,3.275,0.0,1.0,6.5,27.69427802475168,0.25,1.75,21.438804326515044,0.0,0.0,9,18.25,22.22222222222222,127,528.0,AUMENTO DE LA PRODUCCION DE SULFATO DE COBRE CRISTALIZADO,SULFATOS DEL NORTE S.A.,REGIÓN DE ANTOFAGASTA,CALAMA,Cobre,Instalación minera,No informado,CATEGORIA A,No identificado,Posible,Coincide,Posible,PLANTA DE PRODUCCION DE CEMENTO COBRE,PLANTA,COBRE - MOLIBDENO,VALIDADO,-68.430618,-22.505265,0.0,2.841,sin_clasificar
POL_128,39.296275795367606,0.0,0.0,0.0,1.0,9.9,130.26825916042148,0.0,0.0,704.0697256906831,0.0,0.0,79.76101748526443,0.0,0.0,28.480478538908326,0.25,3.275,329.9358619964406,0.0,0.0,10.308480684182147,0.5,3.5,29.32271398862973,0.0,0.0,9,16.675,19.444444444444446,128,272.0,MINERA METÁLICA MANTO VERDE DE MANTOS COPPER,MANTOS COPPER S.A.,REGIÓN DE ATACAMA,CHAÑARAL,Cobre,Instalación minera,Grande,CATEGORIA A,No identificado,Posible,Revisar,Confirmado,MANTO VERDE,PLANTA MOLIENDA,SULFUROS Y ÓXIDOS DE COBRE,VALIDADO,-70.345429,-26.556954,0.403,0.0,sin_clasificar
POL_129,24.497715155749763,0.25,4.125,27.24678400744801,0.0,0.0,165.1211489700527,0.0,0.0,757.5745627543644,0.0,0.0,82.80878448531422,0.0,0.0,37.358851122652695,0.25,3.275,287.2226477301219,0.0,0.0,34.45548078648284,0.0,0.0,37.00701885395766,0.0,0.0,9,7.4,5.555555555555555,129,169.0,MINERA METÁLICA DON EDUARDO,COMPAÑIA MINERA SAN FRANCISCO S.A.,REGIÓN DE ATACAMA,CHAÑARAL,No informado,Instalación minera,No informado,CATEGORIA D,No identificado,Revisar,Revisar,Sin coincidencia,ESTRELLA 1/30,MINA ESTRELLA 1/30,OXIDOS DE COBRE,VALIDADO,-70.27018571,-26.11464633,0.86,5.675,sin_clasificar
POL_130,20.146518097145393,0.25,4.125,32.000900245766516,0.0,0.0,175.9855912775068,0.0,0.0,766.4170972383985,0.0,0.0,92.14586959365883,0.0,0.0,48.29988193327559,0.25,3.275,283.51478294801734,0.0,0.0,43.21546369191458,0.0,0.0,28.81454053227892,0.0,0.0,9,7.4,5.555555555555555,130,554.0,CARRIZALILLO EXPLORACIÓN,MINERA CARRIZALILLO LIMITADA,REGIÓN DE ATACAMA,CHAÑARAL,No informado,Proyecto / exploración,No informado,CATEGORIA D,No identificado,Confirmado,Coincide,Confirmado,CARRIZALILLO EXPLORACION,EXPLORACION CARRIZALILLO,OXIDOS DE COBRE,VALIDADO,-70.31001809,-26.02128014,0.0,0.0,sin_clasificar
POL_131,35.82467175203073,0.0,0.0,16.490743412153886,0.25,2.475,158.45421396712376,0.0,0.0,759.5965429731448,0.0,0.0,73.14271404808477,0.0,0.0,33.2808516617336,0.25,3.275,281.0148500847689,0.0,0.0,32.5535903143525,0.0,0.0,33.491516418362444,0.0,0.0,9,5.75,5.555555555555555,131,555.0,PLANTA DE LIXIVIACION FLOR DE LIRIO,S/I,REGIÓN DE ATACAMA,CHAÑARAL,Cobre,Planta / procesamiento,No informado,CATEGORIA D,No identificado,Confirmado,Coincide,Confirmado,FLOR DE LIRIO,MINA FLOR DE LIRIO,ORO - COBRE,VALIDADO,-70.147591,-26.094031,0.0,4.69,sin_clasificar
POL_132,28.810822544684857,0.0,0.0,0.0,1.0,9.9,145.07187456495473,0.0,0.0,723.045207229588,0.0,0.0,82.12963421715335,0.0,0.0,27.654897242938127,0.25,3.275,320.7274216479445,0.0,0.0,0.505786224002894,1.0,7.0,28.33994497288288,0.0,0.0,9,20.175,25.0,132,23.0,PLANTA SALADO ENAMI,ENAMI,REGIÓN DE ATACAMA,CHAÑARAL,Cobre,Planta / procesamiento,Grande,CATEGORIA B,No identificado,Posible,Revisar,Confirmado,ENAMI-PTA O.MARTINEZ- SALADO,BOTADERO DE RIPIOS N° 2,OXIDOS DE COBRE,VALIDADO,-70.3211956,-26.417164,0.716,0.0,sin_clasificar
POL_133,29.981290939321575,0.0,0.0,0.0,1.0,9.9,143.81557504781702,0.0,0.0,722.9184792998752,0.0,0.0,80.55380823109432,0.0,0.0,26.01406690798655,0.25,3.275,319.835049902902,0.0,0.0,0.0,1.0,7.0,26.68718267949486,0.0,0.0,9,20.175,25.0,133,23.0,PLANTA OSVALDO MARTINEZ DE CHANCADO,ENAMI,REGIÓN DE ATACAMA,CHAÑARAL,Cobre,Planta / procesamiento,Grande,CATEGORIA B,No identificado,Confirmado,Coincide,Confirmado,ENAMI-PTA O.MARTINEZ- SALADO,PLANTA CHANCADO N°2,OXIDOS DE COBRE,VALIDADO,-70.316806,-26.418889,0.04,0.258,sin_clasificar
POL_134,38.93430642542676,0.0,0.0,4.4290910910764465,0.75,7.425000000000001,135.37514671221666,0.0,0.0,731.5179776419144,0.0,0.0,62.0916850367778,0.0,0.0,8.128244741749908,0.75,9.825,304.23799399755944,0.0,0.0,7.639844301778438,0.5,3.5,8.518184262661112,0.25,1.175,9,21.925,25.0,134,204.0,PLANTA CARMEN,COMPAÑIA MINERA CARMEN/MINERA SANTA FE/COMPAÑIA MINERA DON DANIEL,REGIÓN DE ATACAMA,DIEGO DE ALMAGRO,Hierro,Instalación minera,Micro,CATEGORIA D,No identificado,Posible,Revisar,Confirmado,PLANTA CARMEN,PLANTA CONCENTRADORA MAGNETICA,HEMATITA - MAGNETITA,VALIDADO,-70.35763486,-26.446489,23.69,0.0,sin_clasificar
POL_135,16.679394746941053,0.25,4.125,5.989871485992422,0.5,4.95,157.82934457885838,0.0,0.0,732.3606939107481,0.0,0.0,91.17955017596556,0.0,0.0,36.691189828690234,0.25,3.275,317.33180181565785,0.0,0.0,13.305829228512582,0.5,3.5,20.053222647043768,0.0,0.0,9,15.85,16.666666666666664,135,123.0,MINA SAN DANIEL - HERMANDAD,PATRICIO HAPPY OSSANDON ELGUETA,REGIÓN DE ATACAMA,CHAÑARAL,Hierro,Mina / faena,No informado,CATEGORIA D,No identificado,Posible,Revisar,Confirmado,SUERTE 11 AL 16,SUERTE 11 AL 16,HEMATITA,VALIDADO,-70.412221,-26.345919,1.629,1.594,sin_clasificar
POL_136,17.86011231313349,0.25,4.125,4.285165766963964,0.75,7.425000000000001,156.54843874881217,0.0,0.0,730.6189238588231,0.0,0.0,90.71092207756854,0.0,0.0,36.1526772545826,0.25,3.275,318.0592414520366,0.0,0.0,11.937251257471955,0.5,3.5,20.02927984096248,0.0,0.0,9,18.325000000000003,19.444444444444446,136,123.0,MINA LA SUERTE SUKAMERIKA MINERALS LTDA,SUDAMERIKA MINERALS LTDA,REGIÓN DE ATACAMA,CHAÑARAL,Hierro,Mina / faena,No informado,CATEGORIA D,No identificado,Confirmado,Coincide,Confirmado,SUERTE 11 AL 16,SUERTE 11 AL 16,HEMATITA,VALIDADO,-70.412221,-26.345919,0.0,0.0,sin_clasificar
POL_137,47.66240225825856,0.0,0.0,3.2258858382865645,0.75,7.425000000000001,130.7549550586533,0.0,0.0,732.006551271055,0.0,0.0,54.81599021215136,0.0,0.0,3.460887508110355,0.75,9.825,300.10981232900605,0.0,0.0,2.6930274578947606,0.75,5.25,3.6200719753665465,0.5,2.35,9,24.85,30.555555555555557,137,222.0,PLANTA NORA,SOCIEDAD CONTRACTUAL MINERA BERTA,REGIÓN DE ATACAMA,DIEGO DE ALMAGRO,Cobre,Instalación minera,No informado,CATEGORIA D,No identificado,Posible,Coincide,Sin coincidencia,TIGRE,MINA TIGRE,OXIDOS DE COBRE,VALIDADO,-70.053874,-26.354845,0.0,1.446,sin_clasificar
POL_138,38.5070028738912,0.0,0.0,1.3714675599996047,0.75,7.425000000000001,135.8074190410261,0.0,0.0,725.86795655093,0.0,0.0,67.11894689430251,0.0,0.0,12.442388329707704,0.5,6.55,311.54365737733264,0.0,0.0,11.94043622878646,0.5,3.5,13.074936023513079,0.0,0.0,9,17.475,19.444444444444446,138,85.0,MINERA MONTEGRANDE,MINERA MONTEGRANDE S.A.,REGIÓN DE ATACAMA,DIEGO DE ALMAGRO,Hierro,Instalación minera,No informado,CATEGORIA D,No identificado,Posible,Coincide,Sin coincidencia,AMELIA,MINA AMELIA,OXIDOS DE COBRE,VALIDADO,-70.18083,-26.396784,0.0,2.106,sin_clasificar
POL_139,40.810630714513756,0.0,0.0,1.2831307543292139,0.75,7.425000000000001,133.85006326680448,0.0,0.0,726.0005104407857,0.0,0.0,64.99697032100906,0.0,0.0,10.326324793562527,0.5,6.55,310.799877569001,0.0,0.0,9.830461251156944,0.5,3.5,10.970783074328777,0.0,0.0,9,17.475,19.444444444444446,139,127.0,MINERA METÁLICA DIEGO DE ALMAGRO - SIERRA NORTE,COMPAÑIA MINERA SIERRA NORTE S.A.,REGIÓN DE ATACAMA,DIEGO DE ALMAGRO,Cobre / Oro,Instalación minera,Pequeña,CATEGORIA C,No identificado,Posible,Revisar,Posible,JERUSALEN,MINA NORTE,OXIDOS DE COBRE,VALIDADO,-70.16655381,-26.40366331,0.642,8.577,sin_clasificar
POL_140,9.683340280120454,0.5,8.25,0.0,1.0,9.9,173.11053058997177,0.0,0.0,732.5298599789448,0.0,0.0,110.31184972681085,0.0,0.0,55.72877166791244,0.0,0.0,327.54656026691043,0.0,0.0,1.2992537811672524,1.0,7.0,2.6503903964576754,0.5,2.35,9,27.5,33.33333333333333,140,385.0,PLANTA FALDA VERDE,COMPAÑIA MINERA FALDA VERDE,REGIÓN DE ATACAMA,CHAÑARAL,Oro,Instalación minera,Pequeña,CATEGORIA D,No identificado,Confirmado,Coincide,Confirmado,PLANTA FALDA VERDE,PLANTA FALDA VERDE,OXIDOS DE COBRE,VALIDADO,-70.607489,-26.3183805,0.0,0.0,sin_clasificar
POL_141,47.1531348613259,0.0,0.0,3.9885839585014815,0.75,7.425000000000001,131.24020589086615,0.0,0.0,702.5522272099397,0.0,0.0,82.80462500850086,0.0,0.0,34.664597708016345,0.25,3.275,338.401551903246,0.0,0.0,19.503432765225142,0.25,1.75,35.5346361646951,0.0,0.0,9,12.450000000000001,13.88888888888889,141,103.0,SAN LUIS PREFERIDA,MINERA CRUZ LIMITADA,REGIÓN DE ATACAMA,CHAÑARAL,Cobre,Proyecto / exploración,Grande,CATEGORIA C,No identificado,Posible,Revisar,Confirmado,SAN LUIS Y PREFERIDA,MINA SAN LUIS Y PREFERIDA,OXIDOS DE COBRE,VALIDADO,-70.624193,-26.3450046,41.771,0.0,sin_clasificar
POL_142,35.2647377886358,0.0,0.0,8.07913258562581,0.5,4.95,139.07403143019576,0.0,0.0,734.3291726387132,0.0,0.0,64.55547810718093,0.0,0.0,11.502293366045725,0.5,6.55,302.21519119443485,0.0,0.0,11.12000309065085,0.5,3.5,11.874702309751047,0.0,0.0,9,15.0,16.666666666666664,142,338.0,MINERA VETA ESPERANZA,ENAMI,REGIÓN DE ATACAMA,DIEGO DE ALMAGRO,Cobre,Instalación minera,Grande,CATEGORIA D,No identificado,Confirmado,Coincide,Confirmado,VETA ESPERANZA,PORTAL MARTA,OXIDOS DE COBRE,VALIDADO,-70.15047176,-26.32314356,0.0,0.0,sin_clasificar
POL_143,49.480146730376966,0.0,0.0,25.35856992716184,0.0,0.0,103.36509554712096,0.0,0.0,674.524361656221,0.0,0.0,53.4050271151628,0.0,0.0,51.37510015336365,0.0,0.0,349.99280484239097,0.0,0.0,27.30274277495031,0.25,1.75,21.198337312379145,0.0,0.0,9,1.75,2.7777777777777777,143,230.0,PATRICIA,MINERA TPX,REGIÓN DE ATACAMA,CHAÑARAL,Hierro,Instalación minera,Grande,CATEGORIA D,No identificado,Posible,Revisar,Confirmado,PATRICIA,RAJO PATRICIA 2,MAGNETITA,VALIDADO,-70.1549425,-26.853003,0.666,0.0,sin_clasificar
POL_144,45.03085630722523,0.0,0.0,29.59012409359268,0.0,0.0,105.50365817295034,0.0,0.0,668.8832061185949,0.0,0.0,47.83964860775194,0.25,4.25,49.44790285468262,0.25,3.275,356.55791435105,0.0,0.0,33.30664452779556,0.0,0.0,15.310680486261484,0.0,0.0,9,7.525,5.555555555555555,144,64.0,MINERA BELLA ESTER,SOCIEDAD CONTRACTUAL MINERA DESIERTO DE HIERRO,REGIÓN DE ATACAMA,CHAÑARAL,Hierro,Instalación minera,Grande,CATEGORIA D,No identificado,Posible,Coincide,Sin coincidencia,EXPLORACION QUEBRADA SALITROSA,EXPLORACION QUEBRADA SALITROSA,MAGNETITA,VALIDADO,-70.2119395,-26.904285,0.0,2.526,sin_clasificar
POL_145,55.9426868290317,0.0,0.0,26.15406663045769,0.0,0.0,98.03023098287221,0.0,0.0,674.0903537441002,0.0,0.0,53.36730621306321,0.0,0.0,46.001008540851494,0.25,3.275,348.1484486245598,0.0,0.0,23.33001909262832,0.25,1.75,22.763923571704144,0.0,0.0,9,5.025,5.555555555555555,145,556.0,EXPLOTACION MINERA MORION 48,MINERA SAN FIERRO CHILE LTDA,REGIÓN DE ATACAMA,COPIAPO,Hierro,Instalación minera,No informado,CATEGORIA D,No identificado,Revisar,Revisar,Sin coincidencia,EXPLORACION LOS NEGRITOS,EXPLORACION LOS NEGRITOS,HEMATITA,VALIDADO,-70.11949299,-26.86832328,0.648,10.51,sin_clasificar
POL_146,65.26687802175037,0.0,0.0,8.85912454510829,0.5,4.95,102.14880575590522,0.0,0.0,690.335349323022,0.0,0.0,63.010839912866516,0.0,0.0,34.97539971993053,0.25,3.275,331.1232475325056,0.0,0.0,14.885145246037705,0.5,3.5,14.344902750374246,0.0,0.0,9,11.725,13.88888888888889,146,160.0,BERTA,SANTIAGO METALS PROYECTO CUATRO LIMITADA,REGIÓN DE ATACAMA,DIEGO DE ALMAGRO,Cobre,Instalación minera,Micro,CATEGORIA D,No identificado,Posible,Revisar,Confirmado,PROYECTO BERTA,SONDAJE BERTA,SULFUROS DE COBRE,VALIDADO,-70.058447,-26.703122,1.09,0.0,sin_clasificar
POL_147,48.51657302858018,0.0,0.0,4.4975041150995825,0.75,7.425000000000001,125.52509481100431,0.0,0.0,720.8875125395916,0.0,0.0,58.78358638365685,0.0,0.0,6.7285731026489515,0.75,9.825,310.7142121364021,0.0,0.0,6.46134064793081,0.5,3.5,7.595116239157873,0.25,1.175,9,21.925,25.0,147,42.0,SUMITOMO-PROSPECCION RADISS,SUMITOMO METAL MINING CHILE LTDA.,REGIÓN DE ATACAMA,DIEGO DE ALMAGRO,No informado,Proyecto / exploración,Mediana,CATEGORIA D,No identificado,Posible,Revisar,Confirmado,RADISS,SONDAJES RADISS,COBRE - ORO,VALIDADO,-70.107815,-26.443674,0.655,0.0,sin_clasificar
POL_148,52.70936554248574,0.0,0.0,5.871369504127238,0.5,4.95,121.27436810870317,0.0,0.0,717.0793093615548,0.0,0.0,56.877573583211,0.0,0.0,9.584654607052846,0.75,9.825,312.40083636531597,0.0,0.0,9.388559829778494,0.5,3.5,10.318751058761636,0.0,0.0,9,18.275,19.444444444444446,148,529.0,MINERA LEJANO OESTE,MINERA SANTO DOMINGO S.C.M.,REGIÓN DE ATACAMA,DIEGO DE ALMAGRO,No informado,Instalación minera,Mediana,CATEGORIA D,No identificado,Posible,Coincide,Posible,MATIS,MINA MATIS,OXIDOS DE COBRE,VALIDADO,-70.07566,-26.489487,0.0,0.237,sin_clasificar
POL_149,52.943447033576795,0.0,0.0,4.383898946556304,0.75,7.425000000000001,118.33520557416497,0.0,0.0,720.3942734803353,0.0,0.0,49.27580684578401,0.25,4.25,4.746160215700228,0.75,9.825,304.40689244799273,0.0,0.0,4.601916894919023,0.75,5.25,5.085528440370425,0.25,1.175,9,27.925,30.555555555555557,149,529.0,SANTO DOMINGO,MINERA SANTO DOMINGO S.C.M.,REGIÓN DE ATACAMA,DIEGO DE ALMAGRO,Cobre,Instalación minera,Mediana,CATEGORIA A,No identificado,Posible,Revisar,Confirmado,SANTO DOMINGO,BOTADERO DE ESTERILES,COBRE - ORO - HIERRO,VALIDADO,-70.01617278,-26.42581982,1.604,0.24,sin_clasificar
POL_150,40.96249575332997,0.0,0.0,0.6750895376736126,1.0,9.9,133.35405286832386,0.0,0.0,725.4084639335048,0.0,0.0,65.0117247224197,0.0,0.0,10.458992480558013,0.5,6.55,311.69393263359007,0.0,0.0,9.991607562595416,0.5,3.5,11.15766243580539,0.0,0.0,9,19.95,22.22222222222222,150,127.0,PROSPECCION GEOLOGICA CARMEN PAULINA,COMPAÑIA MINERA SIERRA NORTE S.A.,REGIÓN DE ATACAMA,DIEGO DE ALMAGRO,Cobre,Proyecto / exploración,Pequeña,CATEGORIA D,No identificado,Posible,Revisar,Posible,PLANTA CARMEN,TALLER MANTENCIÓN CARMEN,MAGNETITA,VALIDADO,-70.0475302,-26.3902488,10.998,6.642,sin_clasificar
POL_151,53.798991774518825,0.0,0.0,0.0,1.0,9.9,126.62690183747189,0.0,0.0,732.1356242136962,0.0,0.0,48.76064868784424,0.25,4.25,6.381689575755269,0.75,9.825,296.8336602204625,0.0,0.0,4.7467709505863125,0.75,5.25,6.099014216079615,0.25,1.175,9,30.400000000000002,33.33333333333333,151,557.0,PLANTA EL DURAZNO,GONZALO SEGOVIA,REGIÓN DE ATACAMA,DIEGO DE ALMAGRO,Cobre,Planta / procesamiento,No informado,CATEGORIA D,No identificado,Posible,Coincide,Posible,PLANTA ARTESANAL DE ORO,PLANTA ARTESANAL DE ORO,SULFUROS DE COBRE,VALIDADO,-69.99241,-26.362434,0.0,5.043,sin_clasificar
POL_152,86.27313966664008,0.0,0.0,9.117239756717591,0.5,4.95,95.63452679080322,0.0,0.0,744.8749826989492,0.0,0.0,17.666270150253506,0.5,8.5,13.847713658908786,0.5,6.55,257.51499621991707,0.0,0.0,0.27012423786421724,1.0,7.0,1.1509810874948385,0.75,3.5250000000000004,9,30.525,36.11111111111111,152,28.0,CODELCO SALVADOR - POTRERILLOS,CODELCO /INCA DE ORO S.A.,REGIÓN DE ATACAMA,DIEGO DE ALMAGRO,Cobre,Instalación minera,Grande,CATEGORIA A,No identificado,Posible,Revisar,Confirmado,CODELCO CHILE DIVISION SALVADOR,DEPOSITO DE RELAVE EL SALVADOR (INACTIVO),SULFUROS DE COBRE,VALIDADO,-69.66440069,-26.33590258,7.971,0.0,sin_clasificar
POL_153,56.99136327330396,0.0,0.0,7.178460325442972,0.5,4.95,75.30492467128883,0.0,0.0,723.9485182262288,0.0,0.0,4.88934353705556,0.75,12.75,12.015983187514593,0.5,6.55,274.0621515479513,0.0,0.0,31.04942580732329,0.0,0.0,7.188056942121467,0.25,1.175,9,25.425,22.22222222222222,153,558.0,SAN ANTONIO - MANTOS DE AGUA DE LA FALDA,MINERA HOMESTAKE CHILE LTDA. - CODELCO,REGIÓN DE ATACAMA,DIEGO DE ALMAGRO,"Oro,  Plata y Cobre",Instalación minera,No informado,CATEGORIA D,No identificado,Posible,Revisar,Confirmado,AGUA DE LA FALDA,MINA AGUA DE LA FALDA,ORO - COBRE,VALIDADO,-69.408484,-26.501983,0.694,2.585,sin_clasificar
POL_154,54.87138519318158,0.0,0.0,10.448931832402588,0.25,2.475,71.99672049743249,0.0,0.0,723.467227570373,0.0,0.0,7.975247088979787,0.5,8.5,15.064588651692969,0.5,6.55,274.5275350712609,0.0,0.0,34.00282451904328,0.0,0.0,10.294655068857493,0.0,0.0,9,17.525,13.88888888888889,154,493.0,MINERA AGUA DE LA FALDA - JERONIMO,AGUA DE LA FALDA S.A.,REGIÓN DE ATACAMA,DIEGO DE ALMAGRO,Oro/ Cobre,Instalación minera,No informado,CATEGORIA D,No identificado,Confirmado,Coincide,Confirmado,AGUA DE LA FALDA,MINA AGUA DE LA FALDA,ORO - COBRE,VALIDADO,-69.408484,-26.501983,0.0,0.0,sin_clasificar
POL_155,71.88945061308897,0.0,0.0,13.338963215976635,0.25,2.475,86.12106479586727,0.0,0.0,679.1916611090528,0.0,0.0,62.02134451706909,0.0,0.0,34.590056203482916,0.25,3.275,336.4618211094255,0.0,0.0,10.05288124161606,0.5,3.5,10.348942071363744,0.0,0.0,9,9.25,11.11111111111111,155,559.0,INCA DEL ORO,MARLETTE CALONGE,REGIÓN DE ATACAMA,DIEGO DE ALMAGRO,Oro,Instalación minera,No informado,CATEGORIA D,No identificado,Revisar,Revisar,Sin coincidencia,PLANTA DE CIANURACIÓN ANDREA,PLANTA DE CIANURACION ANDREA,ORO - COBRE,VALIDADO,-69.9644045,-26.3956935,48.88,3.573,sin_clasificar
POL_156,71.14046723108403,0.0,0.0,14.01203923261148,0.25,2.475,87.63893796981948,0.0,0.0,679.9677364571794,0.0,0.0,62.181451686556414,0.0,0.0,36.11678846615426,0.25,3.275,336.568142439397,0.0,0.0,10.056257280388412,0.5,3.5,10.381083366427626,0.0,0.0,9,9.25,11.11111111111111,156,23.0,CONDOR - MIRAFLORES,ALBERTO CARRIZO DIAZ,REGIÓN DE ATACAMA,DIEGO DE ALMAGRO,Oro y Cobre,Proyecto / exploración,Grande,SIN CATEGORIA,No identificado,Posible,Revisar,Confirmado,PROYECTO INCA DE ORO,SONDAJES INCA DE ORO,OXIDOS DE COBRE,VALIDADO,-69.9414575,-26.7877345,5.45,0.875,sin_clasificar
POL_157,92.93553600269503,0.0,0.0,10.253731490091647,0.25,2.475,57.30236867475745,0.0,0.0,786.6475490946185,0.0,0.0,72.12386583885171,0.0,0.0,72.90845886760266,0.0,0.0,202.25349683970285,0.0,0.0,74.35327194880017,0.0,0.0,14.01988364214532,0.0,0.0,9,2.475,2.7777777777777777,157,90.0,SALARES NORTE,MINERA GOLD FIELDS SALARES NORTE SPA,REGIÓN DE ATACAMA,DIEGO DE ALMAGRO,Oro y Plata,Instalación minera,Grande,CATEGORIA B,No identificado,Posible,Revisar,Confirmado,SALARES NORTE,RAJO SALARES NORTE,ORO - COBRE,VALIDADO,-68.926899,-25.997148,1.268,0.0,sin_clasificar
POL_158,31.987544837103222,0.0,0.0,3.9142653450115374,0.75,7.425000000000001,41.777283865240484,0.0,0.0,711.305454957454,0.0,0.0,34.68698447696815,0.25,4.25,41.739819025857095,0.25,3.275,275.6498906729956,0.0,0.0,60.365859810298446,0.0,0.0,18.93075680798109,0.0,0.0,9,14.950000000000001,13.88888888888889,158,351.0,KINROSS - NUEVA ESPERANZA,COMPAÑIA MINERA MANTOS DE ORO/LAGUNA RESOURCES CHILE LTDA,REGIÓN DE ATACAMA,DIEGO DE ALMAGRO,Oro y Plata,Instalación minera,Grande,CATEGORIA D,No identificado,Confirmado,Coincide,Confirmado,NUEVA ESPERANZA,EXPLORACIÓN NUEVA ESPERANZA,SULFUROS DE COBRE,VALIDADO,-69.165766,-26.643705,0.0,0.0,sin_clasificar
POL_159,68.10642266034596,0.0,0.0,0.0,1.0,9.9,82.1829748383641,0.0,0.0,689.9040854649373,0.0,0.0,45.10079009323438,0.25,4.25,35.02829414067191,0.25,3.275,319.1763304417548,0.0,0.0,2.7814297350414896,0.75,5.25,3.1907627659099735,0.5,2.35,9,25.025000000000002,30.555555555555557,159,155.0,DELIRIO,SANTIAGO METALS PROYECTO DOS LIMITADA,REGIÓN DE ATACAMA,DIEGO DE ALMAGRO,Cobre,Instalación minera,Grande,CATEGORIA B,No identificado,Posible,Revisar,Confirmado,DELIRIO,BOTADERO DELIRIO - TUCUMANA,OXIDOS DE COBRE,VALIDADO,-69.097023,-26.1619056,95.727,0.0,sin_clasificar
POL_160,47.322491242669976,0.0,0.0,1.2505610953613802,0.75,7.425000000000001,72.25132641639772,0.0,0.0,464.437169510225,0.0,0.0,30.404292789299515,0.25,4.25,5.953774113841486,0.75,9.825,553.0910626798048,0.0,0.0,10.003644492949457,0.5,3.5,8.663355421931243,0.25,1.175,9,26.175,27.77777777777778,160,18.0,MARIPOSA,ADMIRALTY MINERALS CHILE PTY LTD,REGIÓN DE ATACAMA,VALLENAR,Hierro,Instalación minera,Pequeña,CATEGORIA D,No identificado,Posible,Revisar,Confirmado,PROYECTO MARIPOSA,RAJO MARIPOSA,MAGNETITA,VALIDADO,-70.7571009,-28.5746022,12.373,0.0,sin_clasificar
POL_162,3.0898753336278335,0.75,12.375,8.641632782146885,0.5,4.95,161.0349344425898,0.0,0.0,650.9590116068824,0.0,0.0,63.47645020245441,0.0,0.0,1.7110227627563683,1.0,13.1,407.9280746893061,0.0,0.0,0.3513218905723748,1.0,7.0,1.327396460089059,0.75,3.5250000000000004,9,40.949999999999996,44.44444444444444,162,44.0,PUERTO CALDERA,ANDINOMETAL S.A.,REGIÓN DE ATACAMA,CALDERA,Hierro,Puerto / terminal,No informado,CATEGORIA D,Sí,Posible,Revisar,Confirmado,PUERTO CALDERA,PUERTO CALDERA,HEMATITA - MAGNETITA,VALIDADO,-70.836522,-27.05657,0.242,0.369,sin_clasificar
POL_163,12.244760387013935,0.25,4.125,0.0,1.0,9.9,143.5132829557811,0.0,0.0,645.5862861123785,0.0,0.0,46.88722631365843,0.25,4.25,14.056948111788598,0.5,6.55,402.6320048811118,0.0,0.0,12.644743980618822,0.5,3.5,14.504970742005222,0.0,0.0,9,28.325,27.77777777777778,163,41.0,BELLAVISTA,SANTA FE MINING/CIA. MINERA SAN ESTEBAN PRIMERA S.A.,REGIÓN DE ATACAMA,CALDERA,Hierro,Instalación minera,Micro,CATEGORIA D,No identificado,Confirmado,Coincide,Confirmado,BELLAVISTA 1/8,MINA BELLAVISTA,COBRE - ORO,VALIDADO,-70.670018,-27.104359,0.0,0.0,sin_clasificar
POL_164,3.0934288436191943,0.75,12.375,11.312581608693971,0.25,2.475,158.56780395713864,0.0,0.0,638.4960950004858,0.0,0.0,59.70920161909863,0.0,0.0,10.806416255782104,0.5,6.55,419.87662027074197,0.0,0.0,6.52719018231108,0.5,3.5,2.9053326125250014,0.5,2.35,9,27.25,27.77777777777778,164,213.0,PLANTA BAHIA INGLESA,FOSFATOS DE CALDERA SPA,REGIÓN DE ATACAMA,CALDERA,Fósforo,Instalación minera,No informado,CATEGORIA D,Posible,Posible,Revisar,Confirmado,PLANTA BIFOX,PLANTA BIFOX,CARBONATO DE CALCIO BLANCO,VALIDADO,-70.864128,-27.152751,1.37,0.709,sin_clasificar
POL_165,23.811172853089232,0.25,4.125,0.0,1.0,9.9,130.54198722667473,0.0,0.0,638.8854466048292,0.0,0.0,33.55521514775509,0.25,4.25,16.248562774020087,0.5,6.55,400.8546670161063,0.0,0.0,16.70626776372806,0.25,1.75,4.830038637826926,0.5,2.35,9,28.925,30.555555555555557,165,211.0,PODER DE COMPRA PROCESAMIENTO Y EXPORTACION DE MINERALES DE HIERRO,SHABU CORPORATION S.A.,REGIÓN DE ATACAMA,COPIAPO,Hierro,Instalación minera,No informado,CATEGORIA D,No identificado,Revisar,Revisar,Sin coincidencia,MANTO NEGRO,TUNELES EXPLORACION MANTO NEGRO,OXIDOS DE COBRE,VALIDADO,-70.544244,-27.166497,0.25,2.506,sin_clasificar
POL_166,89.6149717548829,0.0,0.0,0.4266305908218222,1.0,9.9,0.0,1.0,13.3,404.69368163810134,0.0,0.0,123.67888028919825,0.0,0.0,25.955318232869047,0.25,3.275,582.0452596946839,0.0,0.0,47.6640537598935,0.0,0.0,33.45359383654803,0.0,0.0,9,26.475,25.0,166,398.0,PASCUA LAMA,COMPAÑIA MINERA NEVADA SPA,REGIÓN DE ATACAMA,ALTO DEL CARMEN,Cobre,Instalación minera,Micro,CATEGORIA B,No identificado,Confirmado,Coincide,Confirmado,PASCUA LAMA,PLANTA ARD,ORO METÁLICO O NATIVO,VALIDADO,-70.063014,-29.282648,0.0,0.0,sin_clasificar
POL_167,102.69451690290433,0.0,0.0,0.0,1.0,9.9,4.246505840417217,0.5,6.65,481.448332674826,0.0,0.0,90.54305506301208,0.0,0.0,28.924753043720564,0.25,3.275,508.8176680015809,0.0,0.0,43.42528221555899,0.0,0.0,8.632621792116684,0.25,1.175,9,21.0,22.22222222222222,167,348.0,EL MORRO,COMPLEJO METALURGICO ALTONORTE S.A./ EL MORRO SPA,REGIÓN DE ATACAMA,ALTO DEL CARMEN,Oro y Plata,Instalación minera,Micro,SIN CATEGORIA,No identificado,Confirmado,Coincide,Confirmado,EL MORRO,MINA EL MORRO,SULFURO AURÍFERO,VALIDADO,-69.89707733,-28.63747967,0.0,0.041,sin_clasificar
POL_168,24.684224072118216,0.25,4.125,2.73029985491132,0.75,7.425000000000001,122.74465086984839,0.0,0.0,494.13036194292545,0.0,0.0,0.0,1.0,17.0,2.189307879018451,0.75,9.825,557.7391041125654,0.0,0.0,1.1143467238361642,1.0,7.0,2.0558999160615974,0.5,2.35,9,47.725,47.22222222222222,168,448.0,CMP- PLANTA PELLETS,COMPAÑIA MINERA DEL PACIFICO S.A.,REGIÓN DE ATACAMA,HUASCO,Hierro,Planta / procesamiento,Grande,CATEGORIA A,Posible,Confirmado,Coincide,Confirmado,PLANTA PELLETS,PLANTA ENDURECIMIENTO TÉRMICO,HEMATITA,VALIDADO,-71.2469595,-28.479669,0.0,0.0,sin_clasificar
POL_169,24.055745094396997,0.25,4.125,2.0962370383193565,0.75,7.425000000000001,122.9648372247343,0.0,0.0,495.4690957026597,0.0,0.0,0.0,1.0,17.0,1.5738170199833326,1.0,13.1,557.0930642423687,0.0,0.0,0.46473706570402507,1.0,7.0,1.4317330161650812,0.75,3.5250000000000004,9,52.175,52.77777777777778,169,494.0,CEMENTOS DE CHILE,MINERA MELÓN S.A.,REGIÓN DE ATACAMA,HUASCO,Áridos,Instalación minera,No informado,CATEGORIA A,Sí,Posible,Coincide,Posible,PLANTA PELLETS,DEPOSITO DE RELAVES FILTRADOS,HEMATITA,VALIDADO,-71.235023,-28.470365,0.0,0.454,sin_clasificar
POL_170,11.417069508687094,0.25,4.125,0.0,1.0,9.9,100.61747487325268,0.0,0.0,511.35660026821785,0.0,0.0,0.0,1.0,17.0,9.637506316146295,0.75,9.825,515.2386044745487,0.0,0.0,25.643826763231175,0.25,1.75,11.312180648939718,0.0,0.0,9,42.599999999999994,36.11111111111111,170,448.0,LOS COLORADOS,COMPAÑIA MINERA DEL PACIFICO S.A.,REGIÓN DE ATACAMA,HUASCO,Hierro / Magnetita,Instalación minera,Grande,CATEGORIA A,No identificado,Confirmado,Coincide,Confirmado,LOS COLORADOS,PLANTA DE PROCESAMIENTO DE RECHAZO,HEMATITA - MAGNETITA,VALIDADO,-70.8083725,-28.2895185,0.0,0.0,sin_clasificar
POL_171,27.13468461043087,0.0,0.0,0.0,1.0,9.9,98.14930750404304,0.0,0.0,489.0283227852705,0.0,0.0,10.9901750903633,0.5,8.5,0.538797543669757,1.0,13.1,545.3786216877958,0.0,0.0,1.416104520210045,1.0,7.0,13.173753080907009,0.0,0.0,9,38.5,38.88888888888889,171,560.0,ÁRIDOS Y EXCAVACIONES ARAYA,S/I,REGIÓN DE ATACAMA,FREIRINA,Áridos,Extracción de áridos,No informado,CATEGORIA D,No identificado,Posible,Coincide,Sin coincidencia,AÑAÑUCA 1,SOCAVON AÑAÑUCA 1,OXIDOS DE COBRE,VALIDADO,-70.942265,-28.51719444,0.0,8.828,sin_clasificar
POL_172,28.449980257823544,0.0,0.0,0.019712943225078966,1.0,9.9,96.01482604290867,0.0,0.0,488.2411828107104,0.0,0.0,12.763482993194842,0.5,8.5,0.8434446289699533,1.0,13.1,544.8282703307863,0.0,0.0,0.6193602852427947,1.0,7.0,15.375173963872147,0.0,0.0,9,38.5,38.88888888888889,172,561.0,ÁRIDOS EL MURO,S/I,REGIÓN DE ATACAMA,FREIRINA,Áridos,Extracción de áridos,No informado,CATEGORIA D,No identificado,Posible,Coincide,Sin coincidencia,VICTORIA 1/5,BOTADERO 1,COBRE - ORO,VALIDADO,-70.91947,-28.523935,0.0,6.989,sin_clasificar
POL_174,29.20190035949943,0.0,0.0,2.580784050989973,0.75,7.425000000000001,73.469726060353,0.0,0.0,418.83946235499593,0.0,0.0,58.489786666264244,0.0,0.0,17.675410850353266,0.5,6.55,609.6776690504839,0.0,0.0,8.000690963123159,0.5,3.5,8.183184092653,0.25,1.175,9,18.650000000000002,22.22222222222222,174,448.0,LOS CRISTALES,COMPAÑIA MINERA DEL PACIFICO S.A.,REGIÓN DE ATACAMA,FREIRINA,Hierro,Instalación minera,Grande,CATEGORIA D,No identificado,Confirmado,Coincide,Confirmado,LOS CRISTALES,RAJO CENTRAL,HEMATITA - MAGNETITA,VALIDADO,-71.044317,-29.140932,0.0,0.0,sin_clasificar
POL_175,29.204899180186228,0.0,0.0,2.589940355495344,0.75,7.425000000000001,73.48032038401806,0.0,0.0,418.83694836738385,0.0,0.0,58.49248115243177,0.0,0.0,17.67090217838416,0.5,6.55,609.6822199504153,0.0,0.0,7.994672645812565,0.5,3.5,8.182451283283747,0.25,1.175,9,18.650000000000002,22.22222222222222,175,448.0,CERRO NEGRO CRISTALES,COMPAÑIA MINERA DEL PACIFICO S.A.,REGIÓN DE ATACAMA,FREIRINA,Hierro,Instalación minera,Grande,CATEGORIA D,No identificado,Posible,Revisar,Confirmado,LOS CRISTALES,RAJO CENTRAL,HEMATITA - MAGNETITA,VALIDADO,-71.044317,-29.140932,0.705,0.948,sin_clasificar
POL_176,34.711177111135555,0.0,0.0,4.532732682739871,0.75,7.425000000000001,72.49957249486756,0.0,0.0,423.7603860527782,0.0,0.0,54.44968428430157,0.0,0.0,11.999852143507736,0.5,6.55,603.448594066231,0.0,0.0,11.711752227521302,0.5,3.5,11.862922099426086,0.0,0.0,9,17.475,19.444444444444446,176,448.0,CRISTAL - LOMA CORTADERA,COMPAÑIA MINERA DEL PACIFICO S.A.,REGIÓN DE ATACAMA,FREIRINA,Hierro,Instalación minera,Grande,CATEGORIA D,No identificado,Posible,Revisar,Confirmado,LOS CRISTALES,MINA LOS CRISTALES,HEMATITA - MAGNETITA,VALIDADO,-71.044317,-29.140932,4.749,2.274,sin_clasificar
POL_177,32.46455429601812,0.0,0.0,3.2030449583893095,0.75,7.425000000000001,73.28987624653203,0.0,0.0,421.79652341701984,0.0,0.0,56.380677546707375,0.0,0.0,14.82031115631756,0.5,6.55,606.4108657600938,0.0,0.0,10.77061325467227,0.5,3.5,10.993416049775098,0.0,0.0,9,17.475,19.444444444444446,177,448.0,CRISTALES - MORRO ALQUINTA,COMPAÑIA MINERA DEL PACIFICO S.A.,REGIÓN DE ATACAMA,FREIRINA,Hierro,Instalación minera,Grande,CATEGORIA D,No identificado,Posible,Revisar,Confirmado,LOS CRISTALES,MINA LOS CRISTALES,HEMATITA - MAGNETITA,VALIDADO,-71.044317,-29.140932,2.449,0.611,sin_clasificar
POL_178,31.96370031144656,0.0,0.0,2.811303791212218,0.75,7.425000000000001,73.2375881703684,0.0,0.0,420.91129692968434,0.0,0.0,58.02757586400294,0.0,0.0,15.69467139125403,0.5,6.55,607.7023529438501,0.0,0.0,9.923001422993138,0.5,3.5,10.132019523218851,0.0,0.0,9,17.475,19.444444444444446,178,300.0,EXPLOTACION DE MINERALES DE HIERRO DESDE DEPOSITOS ALUVIALES SECTOR LLANOS DE CRISTALES,COMPAÑIA MINERA TAURO S.C.M.,REGIÓN DE ATACAMA,VALLENAR,Hierro,Instalación minera,No informado,CATEGORIA D,No identificado,Confirmado,Coincide,Confirmado,LOS CRISTALES,ACOPIO PRODUCTO FINAL,HEMATITA - MAGNETITA,VALIDADO,-71.022935,-29.134096,0.0,0.407,sin_clasificar
POL_179,30.794470066964003,0.0,0.0,2.9074793567674933,0.75,7.425000000000001,73.4319884580342,0.0,0.0,420.46040598920916,0.0,0.0,57.80483592670886,0.0,0.0,15.89414365838391,0.5,6.55,607.86917245513,0.0,0.0,9.522357945008025,0.5,3.5,9.724575117471883,0.25,1.175,9,18.650000000000002,22.22222222222222,179,300.0,MINA TUNILLA - LOS CRISTALES,COMPAÑIA MINERA TAURO S.C.M,REGIÓN DE ATACAMA,FREIRINA,Hierro,Instalación minera,No informado,CATEGORIA C,No identificado,Posible,Revisar,Posible,DESVIO NORTE,BOTADERO DE RECHAZOS,HEMATITA - MAGNETITA,VALIDADO,-71.046171,-29.145289,0.328,13.104,sin_clasificar
POL_180,43.05498455755901,0.0,0.0,0.4812311630895579,1.0,9.9,98.36707955112263,0.0,0.0,471.89811442380557,0.0,0.0,6.97233330460113,0.5,8.5,17.364783439910582,0.5,6.55,567.4364930428419,0.0,0.0,17.17819787470383,0.25,1.75,14.846168398372479,0.0,0.0,9,26.7,25.0,180,243.0,PROYECTO CERRO BLANCO,ATACAMA SUR SPA,REGIÓN DE ATACAMA,FREIRINA,No informado,Proyecto / exploración,Pequeña,CATEGORIA D,No identificado,Posible,Revisar,Posible,CERRO BLANCO,RAJO CERRO BLANCO,SULFUROS Y ÓXIDOS DE COBRE,VALIDADO,-71.097513,-28.611387,6.279,5.883,sin_clasificar
POL_181,40.614087473893775,0.0,0.0,2.8184097563584616,0.75,7.425000000000001,104.70318888982294,0.0,0.0,472.14940478694155,0.0,0.0,7.234822013684471,0.5,8.5,19.606493045688353,0.5,6.55,572.5324622049521,0.0,0.0,19.95218180957901,0.25,1.75,8.526025073337456,0.25,1.175,9,25.400000000000002,25.0,181,367.0,EXPLODESA- EXTRACCION DE DESMONTES MINEROS DISTRITOS FRAGUITA Y EL MORADO,SOCIEDAD DE EXPLORACION Y DESARROLLO MINERO,REGIÓN DE ATACAMA,FREIRINA,Cobre,Instalación minera,Grande,CATEGORIA D,No identificado,Revisar,Revisar,Sin coincidencia,EL MORADO,MINA EL MORADO,OXIDOS DE COBRE,VALIDADO,-71.150837,-28.770555,10.157,20.815,sin_clasificar
POL_182,37.30095141286061,0.0,0.0,3.0883963982784928,0.75,7.425000000000001,91.12563049595906,0.0,0.0,451.3849217746798,0.0,0.0,26.887345743545737,0.25,4.25,29.29366112852622,0.25,3.275,587.1412686770161,0.0,0.0,24.17130122151678,0.25,1.75,18.601118053500635,0.0,0.0,9,16.700000000000003,16.666666666666664,182,367.0,EL MORADO,SOCIEDAD DE EXPLORACION Y DESARROLLO MINERO (EXPLODESA),REGIÓN DE ATACAMA,FREIRINA,Cobre,Instalación minera,Grande,CATEGORIA D,No identificado,Posible,Revisar,Confirmado,EL MORADO,MINA EL MORADO,OXIDOS DE COBRE,VALIDADO,-71.150837,-28.770555,10.203,0.0,sin_clasificar
POL_183,19.26717744884594,0.25,4.125,5.224087142533957,0.5,4.95,75.64964488931676,0.0,0.0,403.2552895631065,0.0,0.0,74.89646714991274,0.0,0.0,33.76766900876727,0.25,3.275,626.5744719348605,0.0,0.0,8.83670792093591,0.5,3.5,10.325539410964518,0.0,0.0,9,15.85,16.666666666666664,183,111.0,ROCK EXPLORATION-PROSPECCION MINERA CACHIYUYO,SOCIEDAD CONTRACTUAL MINERA ROCK EXPLORATION,REGIÓN DE ATACAMA,VALLENAR,No informado,Proyecto / exploración,No informado,CATEGORIA D,No identificado,Posible,Coincide,Sin coincidencia,TOBIAS 1/20,EXPLORACIÓN TOBIAS,SULFUROS Y ÓXIDOS DE COBRE,VALIDADO,-71.086629,-29.295134,0.0,3.242,sin_clasificar
POL_184,41.674846262087215,0.0,0.0,0.0,1.0,9.9,85.90747595767127,0.0,0.0,473.6404189772403,0.0,0.0,20.73364514056269,0.5,8.5,11.900727624438268,0.5,6.55,555.9951359704172,0.0,0.0,11.4493514839487,0.5,3.5,16.129635563673872,0.0,0.0,9,28.45,27.77777777777778,184,448.0,ALCAPARRA,COMPAÑIA MINERA DEL PACIFIICO S.A.,REGIÓN DE ATACAMA,VALLENAR,No informado,Instalación minera,Grande,CATEGORIA D,No identificado,Confirmado,Coincide,Confirmado,PROSPECTO ALCAPARRA,PROSPECTO ALCAPARRA,HEMATITA - MAGNETITA,VALIDADO,-70.9120492,-28.64505489,0.0,0.0,sin_clasificar
POL_185,42.96835940281677,0.0,0.0,0.0,1.0,9.9,78.58759210745933,0.0,0.0,475.2267043621309,0.0,0.0,28.3091910379956,0.25,4.25,2.013274552553988,0.75,9.825,548.5045636808708,0.0,0.0,5.093888788851161,0.5,3.5,4.920822661322382,0.5,2.35,9,29.825000000000003,33.33333333333333,185,130.0,LA JAPONESA,SOCIEDAD CONTRACTUAL MINERA VALLENAR IRON COMPANY,REGIÓN DE ATACAMA,VALLENAR,Hierro,Instalación minera,No informado,CATEGORIA D,No identificado,Posible,Revisar,Confirmado,LA JAPONESA,PLANTA CONCENTRADORA,HEMATITA - MAGNETITA,VALIDADO,-70.823218,-28.644944,0.773,0.0,sin_clasificar
POL_186,38.72052243544928,0.0,0.0,0.0,1.0,9.9,79.73937316295084,0.0,0.0,483.20358980820095,0.0,0.0,23.944961042947295,0.5,8.5,1.241888796152843,1.0,13.1,538.4001940829411,0.0,0.0,0.8340144939215661,1.0,7.0,2.0266508713016056,0.5,2.35,9,40.85,44.44444444444444,186,23.0,PLANTA VALLENAR,ENAMI,REGIÓN DE ATACAMA,VALLENAR,Cobre,Planta / procesamiento,Grande,CATEGORIA B,No identificado,Confirmado,Coincide,Confirmado,PLANTA DE BENEFICIO DE MINERALES - VALLENAR,PLANTA DE LIXIVIACION N° 2 Y SECUNDARIA,OXIDOS DE COBRE,VALIDADO,-70.737707,-28.5621255,0.0,0.0,sin_clasificar
POL_187,38.120565138362444,0.0,0.0,0.0,1.0,9.9,81.19107614998805,0.0,0.0,484.99621697803354,0.0,0.0,23.113967006620456,0.5,8.5,2.7974314091984427,0.75,9.825,537.7839166712162,0.0,0.0,2.383840937909492,0.75,5.25,3.3515984375966674,0.5,2.35,9,35.824999999999996,38.88888888888889,187,158.0,PLANTA COBRE NORTE,INVERSIONES NUTRAM SPA,REGIÓN DE ATACAMA,VALLENAR,Cobre,Planta / procesamiento,Grande,CATEGORIA C,No identificado,Posible,Revisar,Confirmado,PLANTA COBRE NORTE,FLOTACION,SULFUROS DE COBRE,VALIDADO,-70.74119093,-28.56585261,1.346,0.0,sin_clasificar
POL_188,65.82330972382506,0.0,0.0,7.874195675915719,0.5,4.95,44.99637982331458,0.0,0.0,488.0494923225863,0.0,0.0,46.83776103602415,0.25,4.25,25.784930151713812,0.25,3.275,514.3853600813933,0.0,0.0,27.791399861018064,0.25,1.75,27.91697232299317,0.0,0.0,9,14.225,13.88888888888889,188,537.0,RELINCHO COPPER- ANDES CENTRAL,NUEVAUNION SPA,REGIÓN DE ATACAMA,VALLENAR,No informado,Proyecto / exploración,Micro,SIN CATEGORIA,No identificado,Confirmado,Coincide,Confirmado,PROYECTO ANDES CENTRAL,RELINCHO,SULFUROS Y ÓXIDOS DE COBRE,VALIDADO,-70.331482,-28.508858,0.0,0.895,sin_clasificar
POL_189,62.43622069860462,0.0,0.0,0.0,1.0,9.9,57.25514817565666,0.0,0.0,457.27087351143507,0.0,0.0,46.15828349125676,0.25,4.25,12.080414641434132,0.5,6.55,557.0009407106377,0.0,0.0,17.86829779902686,0.25,1.75,7.96359644530666,0.25,1.175,9,23.625,25.0,189,334.0,MINA JOHANNA- CORTADERA,SOCIEDAD MINERA LA FRONTERA SPA,REGIÓN DE ATACAMA,VALLENAR,Cobre,Proyecto / exploración,Mediana,CATEGORIA C,No identificado,Confirmado,Coincide,Confirmado,EXPLORACIÓN JOHANNA - CORTADERA,JOHANNA - CORTADERA,SULFUROS DE COBRE,VALIDADO,-70.692126,-28.788568,0.0,0.0,sin_clasificar
POL_190,51.78117895547158,0.0,0.0,13.39178104232469,0.25,2.475,63.18541388555162,0.0,0.0,435.64075929767193,0.0,0.0,46.35061053959345,0.25,4.25,4.508291470399901,0.75,9.825,585.9676819851439,0.0,0.0,2.063841381215707,0.75,5.25,2.4017179493821943,0.5,2.35,9,24.15,27.77777777777778,190,416.0,DOS AMIGOS,SOCEDAD EXPLORACIÓN Y DESARROLLO MINERO (EXPLODESA),REGIÓN DE ATACAMA,VALLENAR,Cobre,Instalación minera,Grande,CATEGORIA D,No identificado,Confirmado,Coincide,Confirmado,EXPLORACION RAJO DOS AMIGOS,EXPLORACION RAJO DOS AMIGOS,COBRE - ORO,VALIDADO,-70.89366764,-28.98236698,0.0,0.0,sin_clasificar
POL_191,52.25827908849232,0.0,0.0,15.66898666742825,0.25,2.475,66.89866073786298,0.0,0.0,438.5968632331511,0.0,0.0,44.87380849013762,0.25,4.25,7.13667896175847,0.75,9.825,586.7128174586843,0.0,0.0,1.3821025634479651,1.0,7.0,2.2550980544171697,0.5,2.35,9,25.9,30.555555555555557,191,562.0,SOPROMIN DOMEYCO- PLANTA PROCESADORA DE MINERALES NO METALICOS,SOPROMIN DOMEYKO,REGIÓN DE ATACAMA,VALLENAR,No informado,Planta / procesamiento,No informado,CATEGORIA D,No identificado,Posible,Coincide,Sin coincidencia,DOMEYKO,EXPLORACIÓN DOMEYKO,SULFUROS Y ÓXIDOS DE COBRE,VALIDADO,-70.905494,-28.971715,0.0,2.633,sin_clasificar
POL_192,51.32372133959043,0.0,0.0,15.435642087906933,0.25,2.475,67.80873803646394,0.0,0.0,438.4619225406588,0.0,0.0,44.41399838733141,0.25,4.25,7.227570903268539,0.75,9.825,587.2394354187072,0.0,0.0,2.0188406088777593,0.75,5.25,3.0204701611990954,0.5,2.35,9,24.15,27.77777777777778,192,484.0,SACYR- EXTRACCION DE ARIDOS QUEBRADA CHAÑARAL,SACYR CHILE S.A.,REGIÓN DE ATACAMA,VALLENAR,Áridos,Extracción de áridos,Grande,CATEGORIA C,No identificado,Posible,Coincide,Sin coincidencia,DOS AMIGOS,PLANTA EXTRACCIÓN POR SOLVENTE (SX),SULFUROS Y ÓXIDOS DE COBRE,VALIDADO,-70.9224946,-28.9713568,0.032,2.922,sin_clasificar
POL_193,48.97188395327217,0.0,0.0,3.10870699456992,0.75,7.425000000000001,72.13939465341308,0.0,0.0,464.3133858920904,0.0,0.0,33.1420422144573,0.25,4.25,5.949227555191212,0.75,9.825,553.0695972432943,0.0,0.0,9.96630114305713,0.5,3.5,8.639171450620614,0.25,1.175,9,26.175,27.77777777777778,193,54.0,LA PRODUCTORA,SOCIEDAD MINERA EL AGUILA SPA,REGIÓN DE ATACAMA,VALLENAR,Cobre,Proyecto / exploración,No informado,SIN CATEGORIA,No identificado,Posible,Revisar,Confirmado,PROYECTO LA PRODUCTORA,PLATAFORMA NS3,SULFUROS Y ÓXIDOS DE COBRE,VALIDADO,-70.817234,-28.7043435,1.045,0.0,sin_clasificar
POL_194,52.14435302511147,0.0,0.0,5.414985267511216,0.5,4.95,75.03845867312783,0.0,0.0,465.5611896365901,0.0,0.0,30.924306901964652,0.25,4.25,12.769965382885204,0.5,6.55,559.7575941271645,0.0,0.0,16.385568202550196,0.25,1.75,15.358310674966953,0.0,0.0,9,17.5,16.666666666666664,194,18.0,SOBERANA,ADMIRALTY MINERALS CHILE PTY LTD,REGIÓN DE ATACAMA,VALLENAR,Cobre,Instalación minera,Pequeña,CATEGORIA D,No identificado,Revisar,Revisar,Sin coincidencia,PROYECTO SOBERANA,PLANTA DE CONCENTRACION MAGNETICA SOBERANA,HEMATITA,VALIDADO,-70.8369142,-28.71864485,0.483,1.816,sin_clasificar
POL_195,55.385472807693894,0.0,0.0,13.778760965275918,0.25,2.475,54.66513119838624,0.0,0.0,430.5882127080822,0.0,0.0,56.76496680790126,0.0,0.0,8.765133578572192,0.75,9.825,588.850238426064,0.0,0.0,8.666216210702142,0.5,3.5,8.882335000940547,0.25,1.175,9,16.974999999999998,19.444444444444446,195,367.0,DOMEYKO,SOCIEDAD MINERA FRONTERA SPA,REGIÓN DE ATACAMA,VALLENAR,Cobre,Proyecto / exploración,Grande,CATEGORIA D,No identificado,Posible,Coincide,Posible,DOMINOCEROS UNA A VEINTE,EXPLORACION DOMINOCEROS UNA A VEINTE,SULFUROS Y ÓXIDOS DE COBRE,VALIDADO,-70.804131,-29.042941,0.0,0.261,sin_clasificar
POL_197,20.26605514557492,0.25,4.125,3.8850088776985365,0.75,7.425000000000001,75.70656940862617,0.0,0.0,408.5007723716836,0.0,0.0,68.14069116068951,0.0,0.0,27.64256240992652,0.25,3.275,620.1296969097617,0.0,0.0,5.046095026765839,0.5,3.5,5.357425867788629,0.25,1.175,9,19.500000000000004,22.22222222222222,197,448.0,PROSPECTO PLEITO,COMPAÑIA MINERA DEL PACIIFICO S.A.,REGIÓN DE ATACAMA,VALLENAR,Hierro,Proyecto / exploración,Grande,CATEGORIA D,No identificado,Posible,Revisar,Confirmado,PROSPECTO PLEITO,SONDAJE PLEITO,HEMATITA - MAGNETITA - LIMONITA,VALIDADO,-71.105513,-29.227205,2.042,0.0,sin_clasificar
POL_198,23.317305789272528,0.25,4.125,2.7486542080638965,0.75,7.425000000000001,73.87023711359399,0.0,0.0,408.8817272968085,0.0,0.0,68.15226757755569,0.0,0.0,25.766345370008757,0.25,3.275,618.5748615866568,0.0,0.0,2.9034821348031024,0.75,5.25,3.2082484078355633,0.5,2.35,9,22.425000000000004,27.77777777777778,198,367.0,MINA SANTA ROSA,SOCIEDAD DE EXPLORACION Y DESARROLLO MINERO,REGIÓN DE ATACAMA,VALLENAR,Cobre,Proyecto / exploración,Grande,CATEGORIA C,No identificado,Confirmado,Coincide,Confirmado,MINA SANTA ROSA,"MINA SANTA ROSA 90, 99, 100",SULFUROS DE COBRE,VALIDADO,-71.058012,-29.244262,0.0,0.0,sin_clasificar
POL_199,24.469974672680515,0.25,4.125,0.16511459626989325,1.0,9.9,72.01344836295127,0.0,0.0,406.13819344737163,0.0,0.0,70.34436656501711,0.0,0.0,26.713525229946477,0.25,3.275,619.6054582576407,0.0,0.0,2.6655932940512144,0.75,5.25,2.9438303068300042,0.5,2.35,9,24.900000000000002,30.555555555555557,199,341.0,DESVIO NORTE,LENBOX CHILE LIMITADA,REGIÓN DE ATACAMA,VALLENAR,Hierro,Instalación minera,Pequeña,CATEGORIA C,No identificado,Confirmado,Coincide,Confirmado,DESVIO NORTE,BOTADERO DE RECHAZOS,HEMATITA - MAGNETITA,VALIDADO,-71.03282,-29.260406,0.0,0.0,sin_clasificar
POL_200,48.36326097073146,0.0,0.0,8.005905981151608,0.5,4.95,62.8392092899714,0.0,0.0,430.2174495592694,0.0,0.0,53.426518353988165,0.0,0.0,1.4339591601391153,1.0,13.1,593.4391445904737,0.0,0.0,1.2422680708641924,1.0,7.0,1.514349487457573,0.75,3.5250000000000004,9,28.575000000000003,36.11111111111111,200,564.0,ASOCIACION MINERA DOMEYCO,S/I,REGIÓN DE ATACAMA,VALLENAR,Oro,Instalación minera,No informado,CATEGORIA D,No identificado,Posible,Coincide,Sin coincidencia,PRAGA,EXPLORACION PRAGA,COBRE - ORO,VALIDADO,-70.888119,-29.047699,0.0,2.871,sin_clasificar
POL_201,23.40336211628236,0.25,4.125,0.0,1.0,9.9,91.60494162396756,0.0,0.0,531.3699147988254,0.0,0.0,10.58475260073425,0.5,8.5,14.835242736479488,0.5,6.55,494.1600532471072,0.0,0.0,47.45080381163217,0.0,0.0,23.741812520178794,0.0,0.0,9,29.075,25.0,201,484.0,SACYR- EXTRACCION DE ARIDOS QUEBRADA EL ALGARROBAL,SACYR CHILE S.A.,REGIÓN DE ATACAMA,VALLENAR,Áridos,Extracción de áridos,Grande,CATEGORIA D,No identificado,Revisar,Revisar,Sin coincidencia,BOQUERÓN CHAÑAR,PLANTA DE LIXIVIACIÓN BOQUERÓN CHAÑAR,ORO - COBRE,VALIDADO,-70.660813,-28.123853,0.286,7.699,sin_clasificar
POL_202,12.047251886380677,0.25,4.125,0.0,1.0,9.9,94.08626626359771,0.0,0.0,600.9453661167078,0.0,0.0,0.0,1.0,17.0,5.973590822405783,0.75,9.825,419.34151576366844,0.0,0.0,4.948815815125579,0.75,5.25,1.2748359928519506,0.75,3.5250000000000004,9,49.62499999999999,50.0,202,448.0,PLANTA METALÚRGICA MAGNETITA CMP,COMPAÑIA MINERA DEL PACIFICO S.A.,REGIÓN DE ATACAMA,TIERRA AMARILLA,Hierro,Planta / procesamiento,Grande,CATEGORIA A,No identificado,Posible,Revisar,Confirmado,PLANTA MAGNETITA,TALLER DE MANTENIMIENTO,MAGNETITA,VALIDADO,-70.350744,-27.503032,2.974,0.0,sin_clasificar
POL_203,5.826373078586683,0.5,8.25,0.0,1.0,9.9,100.57974470784158,0.0,0.0,599.421964189875,0.0,0.0,2.248987765352471,0.75,12.75,4.363143009292447,0.75,9.825,423.37912469327796,0.0,0.0,11.516143047989754,0.5,3.5,4.447109338810449,0.5,2.35,9,46.574999999999996,44.44444444444444,203,386.0,TIGRESA,COMPAÑIA MINERA CARMEN BAJO LTDA,REGIÓN DE ATACAMA,COPIAPO,Cobre,Instalación minera,Grande,CATEGORIA B,No identificado,Confirmado,Coincide,Confirmado,TIGRESA,ESTACIÓN DE COMBUSTIBLE,SULFUROS Y ÓXIDOS DE COBRE,VALIDADO,-70.39232,-27.524818,0.0,0.0,sin_clasificar
POL_204,10.6739790203433,0.25,4.125,0.0,1.0,9.9,90.22793104926006,0.0,0.0,597.8975941267969,0.0,0.0,0.0,1.0,17.0,0.6992315333505889,1.0,13.1,414.3097796627798,0.0,0.0,1.0128364111969446,1.0,7.0,0.5629898893801726,0.75,3.5250000000000004,9,54.65,55.55555555555556,204,397.0,CANDELARIA,CIA CONTRACTUAL MINERA CANDELARIA/CIA CONTRACTUAL MINERA OJOS DEL SALADO/TRANSNE,REGIÓN DE ATACAMA,TIERRA AMARILLA,Cobre / Oro / Plata,Instalación minera,Grande,CATEGORIA A,No identificado,Confirmado,Coincide,Confirmado,MINERA CANDELARIA,DEPOSITO RELAVES CANDELARIA,COBRE - ORO,VALIDADO,-70.3088,-27.5217,0.0,0.0,sin_clasificar
POL_205,21.314650335404018,0.25,4.125,0.0,1.0,9.9,92.82893616474072,0.0,0.0,610.721394742977,0.0,0.0,0.0,1.0,17.0,1.062149969437754,1.0,13.1,409.1262698079154,0.0,0.0,1.8473945678379862,1.0,7.0,3.268872346230921,0.5,2.35,9,53.475,52.77777777777778,205,238.0,NUEVA PLANTA MARIA ISABEL,NUEVA MARIA ISABEL MINERA Y SERVICIOS SPA,REGIÓN DE ATACAMA,TIERRA AMARILLA,No informado,Planta / procesamiento,No informado,CATEGORIA D,No identificado,Confirmado,Coincide,Confirmado,PLANTA NUEVA MARIA ISABEL,PLANTA CONCENTRADORA NUEVA MARIA ISABEL,SULFUROS DE COBRE,VALIDADO,-70.27245963,-27.43932851,0.0,0.0,sin_clasificar
POL_206,9.03066635479365,0.5,8.25,0.0,1.0,9.9,95.91886435318544,0.0,0.0,598.6235891918225,0.0,0.0,0.0,1.0,17.0,4.325858850907295,0.75,9.825,419.42308878653216,0.0,0.0,6.820302178650471,0.5,3.5,0.0,1.0,4.7,9,53.175,52.77777777777778,206,565.0,PROYECTO MINERO TRANSITO,SOCIEDAD PUNTA DEL COBRE S.A.,REGIÓN DE ATACAMA,TIERRA AMARILLA,Cobre,Proyecto / exploración,No informado,CATEGORIA A,No identificado,Confirmado,Coincide,Confirmado,EXPLORACION TRANSITO,EXPLORACION TRANSITO,OXIDOS DE COBRE,VALIDADO,-70.35170888,-27.51902652,0.069,0.172,sin_clasificar
POL_207,8.770695443554775,0.5,8.25,2.353121773105129,0.75,7.425000000000001,92.90518104091801,0.0,0.0,595.8438589876838,0.0,0.0,0.0,1.0,17.0,7.999791480904215,0.75,9.825,423.67911142424504,0.0,0.0,5.4645667714875135,0.5,3.5,4.115116775222959,0.5,2.35,9,48.35,44.44444444444444,207,386.0,PLANTA LAS PINTADAS COMPAÑIA MINERA CARMEN BAJO,COMPAÑIA MINERA CARMEN BAJO,REGIÓN DE ATACAMA,TIERRA AMARILLA,Cobre,Planta / procesamiento,Grande,CATEGORIA D,No identificado,Posible,Revisar,Confirmado,LAS PINTADAS,MINA LAS PINTADAS,SULFUROS DE COBRE,VALIDADO,-70.347294,-27.5753395,1.507,0.0,sin_clasificar
POL_208,16.99757176021697,0.25,4.125,0.455662127527204,1.0,9.9,91.6172762466198,0.0,0.0,605.6659359869703,0.0,0.0,0.0,1.0,17.0,1.0889741239443433,1.0,13.1,413.117133205567,0.0,0.0,0.8377245305408015,1.0,7.0,0.9870106050660935,0.75,3.5250000000000004,9,54.65,55.55555555555556,208,459.0,PLANTA SAN JOSÉ,SOCIEDAD PUNTA DEL COBRE S.A.,REGIÓN DE ATACAMA,TIERRA AMARILLA,Cobre,Planta / procesamiento,Grande,CATEGORIA A,No identificado,Confirmado,Coincide,Confirmado,PLANTA SAN JOSE,TRANQUE SAN JOSE,SULFUROS DE COBRE,VALIDADO,-70.255228,-27.491569,0.0,2.019,sin_clasificar
POL_209,21.32070205840397,0.25,4.125,1.256485737462555,0.75,7.425000000000001,88.6608939248679,0.0,0.0,607.2401089942737,0.0,0.0,0.0,1.0,17.0,0.6066348968723025,1.0,13.1,410.5333259628186,0.0,0.0,0.19091356845636362,1.0,7.0,1.1080571244104982,0.75,3.5250000000000004,9,52.175,52.77777777777778,209,362.0,CAROLA,SOCIEDAD CONTRACTUAL MINERA CAROLA,REGIÓN DE ATACAMA,TIERRA AMARILLA,Cobre,Instalación minera,Grande,CATEGORIA A,No identificado,Confirmado,Coincide,Confirmado,CAROLA,SUB-ESTACIÓN MELÉNDEZ,SULFUROS Y ÓXIDOS DE COBRE,VALIDADO,-70.24253005,-27.47262883,0.0,0.0,sin_clasificar
POL_211,19.37505563543202,0.25,4.125,0.0,1.0,9.9,92.07097698978458,0.0,0.0,607.7565747458048,0.0,0.0,0.0,1.0,17.0,0.7989025799171695,1.0,13.1,411.18005692019676,0.0,0.0,0.5153831424897863,1.0,7.0,0.8588648704867483,0.75,3.5250000000000004,9,54.65,55.55555555555556,211,470.0,MINA ALCARRAPOSA- CANDELARIA OJOS DEL SALADO,COMPAÑIA CONTRACTUAL MINERA OJOS DEL SALADO,REGIÓN DE ATACAMA,TIERRA AMARILLA,Cobre,Mina / faena,Grande,CATEGORIA A,No identificado,Posible,Revisar,Confirmado,MINERA CANDELARIA,POLVORIN,SULFUROS DE COBRE,VALIDADO,-70.2681214,-27.475629,1.15,3.455,sin_clasificar
POL_212,17.157177869495357,0.25,4.125,0.5234555994608732,1.0,9.9,91.61027689227225,0.0,0.0,605.6584421351048,0.0,0.0,0.0,1.0,17.0,1.0849015422547075,1.0,13.1,413.4131967031659,0.0,0.0,0.8674343106961587,1.0,7.0,0.9837566100168124,0.75,3.5250000000000004,9,54.65,55.55555555555556,212,459.0,PUCOBRE-PLANTA SAN JOSÉ,SOCIEDAD PUNTA DEL COBRE S.A.,REGIÓN DE ATACAMA,TIERRA AMARILLA,Cobre,Planta / procesamiento,Grande,CATEGORIA A,No identificado,Posible,Revisar,Confirmado,PLANTA SAN JOSE,ACUEDUCTO,SULFUROS DE COBRE,VALIDADO,-70.255228,-27.491569,2.228,0.0,sin_clasificar
POL_213,55.19058539058122,0.0,0.0,10.330788950157004,0.25,2.475,73.61123148024235,0.0,0.0,631.1339402347079,0.0,0.0,25.765264652746573,0.25,4.25,30.63131562098242,0.25,3.275,377.045403180342,0.0,0.0,30.34968550511152,0.0,0.0,13.899851956570853,0.0,0.0,9,10.0,8.333333333333332,213,459.0,VENADO SUR,SOCIEDAD PUNTA DEL COBRE S.A.,REGIÓN DE ATACAMA,COPIAPO,Cobre,Instalación minera,Grande,CATEGORIA B,No identificado,Posible,Revisar,Confirmado,PLANTA DE TRATAMIENTO DE MINERAL VENADO SUR,BOTADEROS VENADO SUR,SULFUROS Y ÓXIDOS DE COBRE,VALIDADO,-70.287568,-27.48214,37.625,0.0,sin_clasificar
POL_214,13.894182940373698,0.25,4.125,0.32001041401553254,1.0,9.9,85.44188955255919,0.0,0.0,595.8966000138238,0.0,0.0,0.0,1.0,17.0,3.0448010874666678,0.75,9.825,420.13418322601274,0.0,0.0,3.8035807787562232,0.75,5.25,2.4745472429429993,0.5,2.35,9,48.449999999999996,47.22222222222222,214,388.0,COEMIN,COMPAÑIA EXPLORADORA Y EXPLOTADORA DE MINAS CHILENO RUMANA,REGIÓN DE ATACAMA,TIERRA AMARILLA,Cobre,Instalación minera,Grande,CATEGORIA A,No identificado,Posible,Coincide,Posible,PLANTA CERRILLOS,PLANTA MOLIENDA,OXIDOS DE COBRE,VALIDADO,-70.2494,-27.5723,0.023,0.0,sin_clasificar
POL_215,16.7256437213227,0.25,4.125,3.796177058197035,0.75,7.425000000000001,80.31384725097487,0.0,0.0,592.9291658002298,0.0,0.0,0.0,1.0,17.0,4.63768484187456,0.75,9.825,421.1284691964142,0.0,0.0,9.879179890725533,0.5,3.5,4.45970530681027,0.5,2.35,9,44.225,41.66666666666667,215,186.0,CATANIA,MINERA CATANIA VERDE S.A.,REGIÓN DE ATACAMA,TIERRA AMARILLA,Cobre,Instalación minera,Pequeña,CATEGORIA D,No identificado,Revisar,Revisar,Sin coincidencia,CERRO LA PLATA,MINA CERRO LA PLATA,SULFUROS DE COBRE,VALIDADO,-70.194808,-27.603148,0.361,6.85,sin_clasificar
POL_216,14.909793450714789,0.25,4.125,0.1444969929640378,1.0,9.9,77.15770478782342,0.0,0.0,579.9639927483584,0.0,0.0,2.7692439807253395,0.75,12.75,13.624523506497907,0.5,6.55,430.8758403806013,0.0,0.0,13.479091292824442,0.5,3.5,3.9266977244257575,0.5,2.35,9,39.175,38.88888888888889,216,567.0,PLANTA ELISA DE BORDOS,COMPAÑIA EXPLOTACIÓN DE MINAS SAN ANDRÉS,REGIÓN DE ATACAMA,TIERRA AMARILLA,COBRE,Planta / procesamiento,No informado,CATEGORIA C,No identificado,Confirmado,Coincide,Confirmado,PLANTA ELISA DE BORDOS,PLANTA CHANCADO ELISA DE BORDOS,SULFUROS DE COBRE,VALIDADO,-70.182713,-27.714604,0.0,0.0,sin_clasificar
POL_217,24.408540979819268,0.25,4.125,4.1043466462731155,0.75,7.425000000000001,87.02766926178747,0.0,0.0,608.8932264828607,0.0,0.0,0.0,1.0,17.0,3.7017060199576086,0.75,9.825,406.79001128405065,0.0,0.0,3.2971102073551357,0.75,5.25,4.2384055980792805,0.5,2.35,9,45.975,44.44444444444444,217,159.0,MINERA JILGUERO,MINERA JILGUERO S.A.,REGIÓN DE ATACAMA,TIERRA AMARILLA,Carbonato de Calcio,Instalación minera,Grande,CATEGORIA B,No identificado,Confirmado,Coincide,Confirmado,JILGUERO,BOTADERO SUR,CARBONATO DE CALCIO BLANCO,VALIDADO,-70.213819,-27.45406,0.0,0.0,sin_clasificar
POL_218,24.54772796582322,0.25,4.125,1.9826110634068004,0.75,7.425000000000001,91.36657491946657,0.0,0.0,613.5210183869611,0.0,0.0,0.0,1.0,17.0,1.1290139816899438,1.0,13.1,404.3824204256956,0.0,0.0,0.5356165397540867,1.0,7.0,4.349011129960573,0.5,2.35,9,51.0,50.0,218,23.0,PLANTA MANUEL ANTONIO MATTA RUIZ,ENAMI,REGIÓN DE ATACAMA,COPIAPO,Cobre / Oro / Plata,Planta / procesamiento,Grande,CATEGORIA A,No identificado,Posible,Revisar,Confirmado,PLANTA MATTA,PLANTA SX/EW,OXIDOS DE COBRE,VALIDADO,-70.3321587,-27.3665763,8.348,0.0,sin_clasificar
POL_219,12.223303643197903,0.25,4.125,0.0,1.0,9.9,83.05217216369421,0.0,0.0,587.3692381853825,0.0,0.0,0.0,1.0,17.0,5.529835338461183,0.75,9.825,427.46511199810504,0.0,0.0,12.752597736891136,0.5,3.5,4.962579980853733,0.5,2.35,9,46.699999999999996,44.44444444444444,219,568.0,"PROCESAMIENTO DE MINERALES Y RELAVES PARA LA EXTRACCION Y RECUPERACION DE ORO, PLATA Y COBRE",MINERA PABELLON,REGIÓN DE ATACAMA,TIERRA AMARILLA,Cobre / Oro / Plata,Relaves,No informado,CATEGORIA B,No identificado,Posible,Revisar,Posible,LA FAROLA,PLANTA PROCESAMIENTO,SULFUROS DE COBRE DE ZONA PRIMARIA,VALIDADO,-70.23825452,-27.51198927,15.541,13.63,sin_clasificar
POL_220,75.67718442053923,0.0,0.0,0.0,1.0,9.9,0.0,1.0,13.3,535.7451417035815,0.0,0.0,72.3272129773417,0.0,0.0,17.272276115975835,0.5,6.55,447.79105406996945,0.0,0.0,62.99418182580378,0.0,0.0,19.319764391047933,0.0,0.0,9,29.750000000000004,27.77777777777778,220,530.0,CASERONES,SCM MINERA LUMINA COPPER CHILE LTDA,REGIÓN DE ATACAMA,TIERRA AMARILLA,Cobre,Instalación minera,Grande,CATEGORIA A,No identificado,Confirmado,Coincide,Confirmado,CASERONES,POLVORIN DYNO NOBE,SULFUROS DE COBRE,VALIDADO,-69.56033751,-28.16853452,0.008,0.0,sin_clasificar
POL_221,3.5420748674066265,0.75,12.375,0.0,1.0,9.9,4.020367883306223,0.5,6.65,611.1096384214824,0.0,0.0,75.73387845987033,0.0,0.0,41.258582825427084,0.25,3.275,375.6834030836829,0.0,0.0,83.11217968238803,0.0,0.0,9.140343204545342,0.25,1.175,9,33.37499999999999,30.555555555555557,221,302.0,MARICUNGA - REFUGIO,COMPAÑIA MINERA MARICUNGA,REGIÓN DE ATACAMA,TIERRA AMARILLA,Oro,Instalación minera,Grande,CATEGORIA A,No identificado,Confirmado,Coincide,Confirmado,REFUGIO,PLANTA CIANURACIÓN REFUGIO,ORO - COBRE,VALIDADO,-69.2679,-27.5677,0.09,0.0,sin_clasificar
POL_222,0.0,1.0,16.5,0.0,1.0,9.9,3.6872606319161076,0.5,6.65,621.2186430798315,0.0,0.0,85.42953319591592,0.0,0.0,52.61041870495448,0.0,0.0,368.09487137625416,0.0,0.0,94.57913416360118,0.0,0.0,1.8184717350626132,0.75,3.5250000000000004,9,36.574999999999996,36.11111111111111,222,229.0,CUENCA LAGUNA NEGRO FRANCISCO,LAGUNA NEGRO FRANCISCO SPA,REGIÓN DE ATACAMA,TIERRA AMARILLA,No informado,Proyecto / exploración,No informado,CATEGORIA C,No identificado,Posible,Revisar,Confirmado,PROYECTO CUENCA LAGUNA NEGRO FRANCISCO,EXPLORACION CUENCA LAGUNA NEGRO FRANCISCO,COBRE - ORO - HIERRO - MOLIBDENO,VALIDADO,-69.20088497,-27.50825753,2.001,2.941,sin_clasificar
POL_223,20.741845749700083,0.25,4.125,1.276847232410763,0.75,7.425000000000001,5.7351622314666715,0.5,6.65,595.8352033154146,0.0,0.0,69.29079067076543,0.0,0.0,29.405888091490365,0.25,3.275,392.80780726427935,0.0,0.0,72.51174406456744,0.0,0.0,10.440462881895586,0.0,0.0,9,21.475,19.444444444444446,223,253.0,SANTA CECILIA,MINERA SANTA SPA,REGIÓN DE ATACAMA,TIERRA AMARILLA,Oro y Plata,Proyecto / exploración,Mediana,CATEGORIA C,No identificado,Revisar,Revisar,Sin coincidencia,EL GALENO 9/2015,MINA RAJO ABIERTO,OXIDOS DE COBRE,VALIDADO,-70.23825452,-27.51198927,86.475,67.237,sin_clasificar
POL_224,19.991021635594105,0.25,4.125,3.7274332510202055,0.75,7.425000000000001,1.9855094581453605,0.75,9.975000000000001,596.3157403240239,0.0,0.0,76.92206172589592,0.0,0.0,36.4173860901972,0.25,3.275,391.99255119285124,0.0,0.0,79.47280026889963,0.0,0.0,6.084208963372188,0.25,1.175,9,25.975,25.0,224,203.0,EXPLORACION MINERA CASPICHE,SOCIEDAD CONTRACTUAL MINERA ETON CHILE,REGIÓN DE ATACAMA,TIERRA AMARILLA,No informado,Proyecto / exploración,Micro,SIN CATEGORIA,No identificado,Posible,Revisar,Posible,CASPICHE,SONDAJES CASPICHE,OXIDOS DE COBRE,VALIDADO,-69.3146525,-27.686911,1.03,7.263,sin_clasificar
POL_225,9.596284900798725,0.5,8.25,1.4968452859049173,0.75,7.425000000000001,0.3362378112333623,1.0,13.3,640.8274137072505,0.0,0.0,86.8188621953466,0.0,0.0,36.26751515148469,0.25,3.275,346.3103071180377,0.0,0.0,86.79045013385351,0.0,0.0,9.192137824658328,0.25,1.175,9,33.425,30.555555555555557,225,241.0,LA PEPA,MINERA CAVANCHA SPA,REGIÓN DE ATACAMA,TIERRA AMARILLA,No informado,Instalación minera,Micro,CATEGORIA C,No identificado,Posible,Coincide,Posible,PROYECTO LA PEPA,LA PEPA,ORO - COBRE,VALIDADO,-69.242053,-27.281067,0.0,0.0,sin_clasificar
POL_226,36.53778807536133,0.0,0.0,0.0,1.0,9.9,60.8865393856529,0.0,0.0,595.556380441131,0.0,0.0,8.898286578280066,0.5,8.5,24.796304007243307,0.5,6.55,410.65973655902644,0.0,0.0,27.2108018283654,0.25,1.75,24.43379768388603,0.0,0.0,9,26.7,25.0,226,320.0,MINERA GHOM,SOCIEDAD MINERA GHOM,REGIÓN DE ATACAMA,TIERRA AMARILLA,No informado,Instalación minera,No informado,CATEGORIA D,No identificado,Posible,Revisar,Posible,AMANDA 1/50,MINA AMANDITA,SULFUROS DE COBRE,VALIDADO,-69.992128,-27.608052,0.532,0.458,sin_clasificar
POL_227,97.06071798374788,0.0,0.0,0.6502661811553861,1.0,9.9,0.09554042731777238,1.0,13.3,520.3632321952325,0.0,0.0,86.8097617502193,0.0,0.0,16.096025102481846,0.5,6.55,469.2093291594025,0.0,0.0,74.9419866157386,0.0,0.0,34.46494406519329,0.0,0.0,9,29.750000000000004,27.77777777777778,227,265.0,MINERA FRONTERA DEL ORO,MINERA FRONTERA DEK ORO SPA/FRONTERA CHILE LTDA.,REGIÓN DE ATACAMA,TIERRA AMARILLA,Cobre,Instalación minera,Mediana,CATEGORIA D,No identificado,Revisar,Revisar,Sin coincidencia,PROYECTO LOS HELADOS,LOS HELADOS,SULFUROS DE COBRE,VALIDADO,-69.606601,-28.369623,3.04,10.257,sin_clasificar
POL_228,104.15350169496946,0.0,0.0,1.8765269463946792,0.75,7.425000000000001,1.1300037544897739,0.75,9.975000000000001,500.9968798370461,0.0,0.0,96.94539991229323,0.0,0.0,24.421218421215183,0.5,6.55,487.29024484342705,0.0,0.0,71.34503601522103,0.0,0.0,33.29040444274899,0.0,0.0,9,23.950000000000003,22.22222222222222,228,371.0,MINERA CYPRUS- EXPLORACION VICUÑA,MINERA CYPRUS AMAX CHILE LTDA./CYPRUS CHILE LTDA.,REGIÓN DE ATACAMA,TIERRA AMARILLA,Cobre,Proyecto / exploración,No informado,CATEGORIA D,No identificado,Posible,Revisar,Confirmado,EXPLORACION TAMBERIAS,EXPLORACION TAMBLERIAS,SULFUROS DE COBRE,VALIDADO,-69.679338,-28.474907,1.372,0.0,sin_clasificar
POL_229,30.840899699892105,0.0,0.0,4.763607113765644,0.75,7.425000000000001,3.1526675170372256,0.5,6.65,584.8268105514433,0.0,0.0,77.75428766051553,0.0,0.0,36.38859209131296,0.25,3.275,402.29878414152734,0.0,0.0,78.25318301321315,0.0,0.0,11.412352135236697,0.0,0.0,9,17.35,16.666666666666664,229,253.0,BARRICK -CERRO CASALE,NORTE ABIERTO SPA,REGIÓN DE ATACAMA,TIERRA AMARILLA,Oro y Plata,Instalación minera,Mediana,CATEGORIA B,No identificado,Posible,Revisar,Confirmado,CASALE,CAMPAMENTO CASALE,MAGNETITA,VALIDADO,-69.1779312,-27.62815,20.501,0.138,sin_clasificar
POL_230,30.692022645125533,0.0,0.0,8.248067279352723,0.5,4.95,1.5080710199497713,0.75,9.975000000000001,584.8792573415386,0.0,0.0,68.97172952028164,0.0,0.0,27.61827353291849,0.25,3.275,402.72732111927314,0.0,0.0,69.78396054989861,0.0,0.0,16.63354299117079,0.0,0.0,9,18.2,16.666666666666664,230,253.0,PROSPECCION LUCIANO BARRICK,NORTE ABIERTO SPA,REGIÓN DE ATACAMA,TIERRA AMARILLA,Oro y Plata,Proyecto / exploración,Mediana,SIN CATEGORIA,No identificado,Posible,Coincide,Sin coincidencia,PROSPECCION LUCIANO,SONDAJE LUCIANO,OXIDOS DE COBRE,VALIDADO,-69.3794,-27.789161,0.0,19.88,sin_clasificar
POL_231,70.25743769022125,0.0,0.0,0.0,1.0,9.9,6.677036089247028,0.5,6.65,546.351571549891,0.0,0.0,83.2552879592646,0.0,0.0,33.109788361682995,0.25,3.275,442.00951353374643,0.0,0.0,75.96016219911176,0.0,0.0,33.07544009767456,0.0,0.0,9,19.825,19.444444444444446,231,209.0,PROSPECTO NÉMESIS,MINERA PEÑOLES DE CHILE LTDA,REGIÓN DE ATACAMA,TIERRA AMARILLA,No informado,Instalación minera,No informado,CATEGORIA D,No identificado,Posible,Revisar,Confirmado,PROSPECTO NEMESIS,PROSPECTO NEMESIS,COBRE - ORO,VALIDADO,-69.393384,-28.135915,0.289,0.0,sin_clasificar
POL_232,24.5966597841853,0.25,4.125,0.0,1.0,9.9,21.836003792270812,0.25,3.325,604.8294391823102,0.0,0.0,56.482964319084736,0.0,0.0,24.150116418552525,0.5,6.55,386.01814617904205,0.0,0.0,64.12691972281584,0.0,0.0,28.7018614712811,0.0,0.0,9,23.900000000000002,22.22222222222222,232,442.0,PROSPECCION CERRO MATTA,ANTOFAGASTA MINERALS S.A.,REGIÓN DE ATACAMA,TIERRA AMARILLA,Cobre,Proyecto / exploración,Grande,CATEGORIA D,No identificado,Posible,Revisar,Confirmado,PROYECTO CERRO MATTA,PROYECTO CERRO MATTA,SULFUROS DE COBRE,VALIDADO,-69.452693,-27.522033,6.181,0.3,sin_clasificar
POL_233,2.7854884399315103,0.75,12.375,0.0,1.0,9.9,0.0723857065108043,1.0,13.3,632.7313792613803,0.0,0.0,90.87312741065033,0.0,0.0,48.112137315483245,0.25,3.275,349.8815799796648,0.0,0.0,99.38180732949372,0.0,0.0,4.435696196570614,0.5,2.35,9,41.2,38.88888888888889,233,84.0,ANDINA MINERALS,ANDINA MINERALS CHILE LTDA,REGIÓN DE ATACAMA,TIERRA AMARILLA,Oro,Instalación minera,Mediana,CATEGORIA D,No identificado,Revisar,Revisar,Sin coincidencia,CONDOR 1/2,MINA CONDOR 1/2,ORO - COBRE,VALIDADO,-69.1485595,-27.3135175,4.084,8.916,sin_clasificar
POL_234,3.7073019104659655,0.75,12.375,0.0,1.0,9.9,11.503146422748541,0.25,3.325,627.7558917183546,0.0,0.0,100.67900027462998,0.0,0.0,61.25793290140631,0.0,0.0,359.61357806904243,0.0,0.0,109.66859688095376,0.0,0.0,15.178940847731294,0.0,0.0,9,25.599999999999998,22.22222222222222,234,189.0,PROSPECCION MINERA SIERRA LA SAL DE FORTUNE VALLEY,FORTUNE VALLEY RESOURCES CHILE S.A.,REGIÓN DE ATACAMA,TIERRA AMARILLA,Cobre / Oro / Plata,Proyecto / exploración,No informado,CATEGORIA A,No identificado,Revisar,Revisar,Sin coincidencia,REFUGIO,ACUEDUCTO POZO PLANTA,ORO - COBRE,VALIDADO,-69.069893,-27.433261,1.418,3.049,sin_clasificar
POL_235,17.751361028598534,0.25,4.125,0.0,1.0,9.9,4.731569348055097,0.5,6.65,647.635935217677,0.0,0.0,108.20256447796474,0.0,0.0,65.56772675558878,0.0,0.0,340.41771325528805,0.0,0.0,113.31769193423037,0.0,0.0,19.183057797702492,0.0,0.0,9,20.675,19.444444444444446,235,215.0,EL DORADO,RIO EXPLORATIONS SPA,REGIÓN DE ATACAMA,COPIAPO,No informado,Instalación minera,Micro,CATEGORIA D,No identificado,Confirmado,Coincide,Confirmado,DORADO,DORADO,ORO - COBRE,VALIDADO,-68.930357,-27.302721,0.0,0.112,sin_clasificar
POL_236,2.9761948416242254,0.75,12.375,0.0,1.0,9.9,12.15087866168244,0.25,3.325,658.3366841113523,0.0,0.0,89.069853032696,0.0,0.0,51.26196046953044,0.0,0.0,328.34960952204807,0.0,0.0,95.74448151059877,0.0,0.0,12.836774238352973,0.0,0.0,9,25.599999999999998,22.22222222222222,236,61.0,LOBO - MARTE,COMPAÑIA MINERA MARICUNGA,REGIÓN DE ATACAMA,COPIAPO,Oro y Plata,Instalación minera,Grande,CATEGORIA C,No identificado,Confirmado,Coincide,Confirmado,PROYECTO LOBO MARTE,PROYECTO LOBO MARTE,COBRE - ORO,VALIDADO,-69.029479,-27.173309,0.0,2.166,sin_clasificar
POL_237,9.597440732497098,0.5,8.25,0.0,1.0,9.9,7.092339605416725,0.5,6.65,649.445845556364,0.0,0.0,95.15807608877378,0.0,0.0,52.54330196954368,0.0,0.0,334.85164755260695,0.0,0.0,99.26977061843297,0.0,0.0,10.18683850602427,0.0,0.0,9,24.799999999999997,22.22222222222222,237,61.0,LOBO MARTE,COMPAÑIA MINERA MARICUNGA,REGIÓN DE ATACAMA,COPIAPO,Oro y Plata,Instalación minera,Grande,CATEGORIA C,No identificado,Posible,Revisar,Confirmado,PROYECTO LOBO MARTE,EXPLORACION LOBO MARTE CONDENACION,ORO - COBRE - PLATA,VALIDADO,-69.029479,-27.173309,5.813,3.283,sin_clasificar
POL_238,3.412116990488738,0.75,12.375,0.0,1.0,9.9,25.35806999193239,0.0,0.0,672.2974347671411,0.0,0.0,65.79938714635728,0.0,0.0,35.673074542343656,0.25,3.275,317.4682971391138,0.0,0.0,72.59030684850764,0.0,0.0,7.427575754099054,0.25,1.175,9,26.724999999999998,25.0,238,62.0,FENIX GOLD,MINERA PEÑOLES DE CHILE LTDA.,REGIÓN DE ATACAMA,COPIAPO,Cobre,Instalación minera,Grande,CATEGORIA D,No identificado,Posible,Revisar,Confirmado,FENIX GOLD,FENIX GOLD MINA,CUARZO AURÍFERO,VALIDADO,-70.3321587,-27.3665763,116.455,0.0,sin_clasificar
POL_240,17.070788794752584,0.25,4.125,16.5503214316461,0.25,2.475,46.38425202885078,0.0,0.0,689.7316489649927,0.0,0.0,41.48948574277282,0.25,4.25,40.82590031257134,0.25,3.275,294.14465726698444,0.0,0.0,61.54917530257766,0.0,0.0,17.91205899382856,0.0,0.0,9,14.125,11.11111111111111,240,52.0,MINA LA COIPA - RAJO PUREN,COMPAÑIA MINERA MANTOS DE ORO,REGIÓN DE ATACAMA,COPIAPO,Oro,Instalación minera,Pequeña,CATEGORIA A,No identificado,Confirmado,Coincide,Confirmado,LA COIPA,RAJO PUREN,ORO - PLATA,VALIDADO,-69.236686,-26.766667,0.0,0.0,sin_clasificar
POL_242,56.1683921835096,0.0,0.0,12.294961639922617,0.25,2.475,76.82366524482859,0.0,0.0,638.5975517958667,0.0,0.0,27.237174180289344,0.25,4.25,30.364421247520525,0.25,3.275,373.39890535056855,0.0,0.0,32.63315850766442,0.0,0.0,12.086428772222353,0.0,0.0,9,10.0,8.333333333333332,242,459.0,PUNTA DEL COBRE - VENADO NORTE,SOCIEDAD PUNTA DEL COBRE SA,REGIÓN DE ATACAMA,COPIAPO,Cobre,Instalación minera,Grande,CATEGORIA A,No identificado,Confirmado,Coincide,Confirmado,MINA PUNTA DEL COBRE,MINA VENADO NORTE,SULFUROS DE COBRE,VALIDADO,-70.001145,-27.209063,0.0,0.0,sin_clasificar
POL_243,64.86225254545398,0.0,0.0,11.067647184303379,0.25,2.475,78.37547026987302,0.0,0.0,653.9367781433256,0.0,0.0,38.65281543134858,0.25,4.25,26.858730688679362,0.25,3.275,359.1952399075408,0.0,0.0,35.07340798647952,0.0,0.0,10.02962791384891,0.0,0.0,9,10.0,8.333333333333332,243,459.0,TRIUNFO,SOCIEDAD PUNTA DEL COBRE S.A.,REGIÓN DE ATACAMA,COPIAPO,Cobre,Instalación minera,Grande,CATEGORIA C,No identificado,Posible,Revisar,Confirmado,TRIUNFO,ACOPIO BAJA LEY,SULFUROS Y ÓXIDOS DE COBRE,VALIDADO,-69.981533,-27.064648,0.274,0.0,sin_clasificar
POL_245,32.993145843941704,0.0,0.0,8.768393389620089,0.5,4.95,109.55954272534359,0.0,0.0,643.2614529630615,0.0,0.0,26.376933599998637,0.25,4.25,20.76205478636609,0.5,6.55,380.80418005755746,0.0,0.0,20.267274177986845,0.25,1.75,6.0629069712682835,0.25,1.175,9,18.675,19.444444444444446,245,448.0,CERRO NEGRO NORTE,COMPAÑIA MINERA DEL PACIFICO S.A.,REGIÓN DE ATACAMA,COPIAPO,Hierro,Instalación minera,Grande,CATEGORIA A,No identificado,Posible,Revisar,Confirmado,CERRO NEGRO NORTE,BOTADERO SUR,MAGNETITA,VALIDADO,-70.34704125,-27.1990385,6.965,0.0,sin_clasificar
POL_246,29.666577629507263,0.0,0.0,6.014514276274211,0.5,4.95,113.93430779603473,0.0,0.0,638.597508833845,0.0,0.0,23.516408411403006,0.5,8.5,15.943975368633662,0.5,6.55,390.3506488342935,0.0,0.0,15.539781824232426,0.25,1.75,2.6460540293935693,0.5,2.35,9,24.1,25.0,246,448.0,ADRIANITA,COMPAÑIA MINERA SANTA FE.,REGIÓN DE ATACAMA,COPIAPO,Hierro,Instalación minera,Grande,CATEGORIA A,No identificado,Posible,Revisar,Confirmado,ADRIANITA,MINA ADRIANITA,HEMATITA - MAGNETITA,VALIDADO,-70.36762199,-27.16320263,0.674,0.0,sin_clasificar
POL_247,25.459930248094103,0.0,0.0,4.45674201735418,0.75,7.425000000000001,109.74268559496069,0.0,0.0,631.8945057232212,0.0,0.0,16.05688785861097,0.5,8.5,11.995579571184852,0.5,6.55,394.96638823168655,0.0,0.0,9.61383310846843,0.5,3.5,4.360227227394542,0.5,2.35,9,28.325000000000003,30.555555555555557,247,569.0,DOÑA EMA - CONDOR 1/2,COMPAÑIA MINERA MINERALES COPIAPO LTDA,REGIÓN DE ATACAMA,COPIAPO,Hierro,Proyecto / exploración,No informado,CATEGORIA D,No identificado,Confirmado,Coincide,Confirmado,CONDOR 1/2,MINA CONDOR 1/2 SOCAVON 1,HEMATITA - MAGNETITA - LIMONITA,VALIDADO,-70.35331366,-27.24021316,0.0,0.0,sin_clasificar
POL_248,23.02385456468008,0.25,4.125,2.1787080598334088,0.75,7.425000000000001,110.51109068050827,0.0,0.0,629.8691695613173,0.0,0.0,15.16317245562694,0.5,8.5,10.367139641009738,0.5,6.55,398.0699866529637,0.0,0.0,7.2548459139491674,0.5,3.5,4.407596062976415,0.5,2.35,9,32.45,33.33333333333333,248,129.0,CHAGO MARIO,RAUL TAPIA Y CIA LTDA-,REGIÓN DE ATACAMA,COPIAPO,No informado,Mina / faena,No informado,CATEGORIA D,No identificado,Posible,Revisar,Confirmado,CHAGO MARIO,RAJO CHAGO MARIO,OXIDOS DE COBRE,VALIDADO,-70.37285278,-27.25242657,0.409,0.0,sin_clasificar
POL_249,20.139357477260653,0.25,4.125,0.0,1.0,9.9,112.82797231477697,0.0,0.0,628.7995145805893,0.0,0.0,16.136570475168295,0.5,8.5,7.281046277586314,0.75,9.825,399.4055408296064,0.0,0.0,5.787058055686038,0.5,3.5,0.6605139193881744,0.75,3.5250000000000004,9,39.37499999999999,41.66666666666667,249,230.0,FORTUNA,MINERA TPX S.A,REGIÓN DE ATACAMA,COPIAPO,Hierro,Instalación minera,Grande,CATEGORIA D,No identificado,Confirmado,Coincide,Confirmado,PROYECTO FORTUNA,SONDAJES FORTUNA,OXIDOS DE COBRE,VALIDADO,-70.4155745,-27.271458,0.0,0.106,sin_clasificar
POL_250,16.818812231564053,0.25,4.125,0.0,1.0,9.9,105.35774732245635,0.0,0.0,619.8220967006988,0.0,0.0,6.735180834124404,0.5,8.5,1.954754212047304,1.0,13.1,406.1157847518011,0.0,0.0,0.14101464780843753,1.0,7.0,1.3004178728785423,0.75,3.5250000000000004,9,46.15,50.0,250,152.0,DAYMA ARIDOS,ARRIENDOS Y SERVICIOS DAYMA LIMITADA,REGIÓN DE ATACAMA,COPIAPO,Áridos,Extracción de áridos,Mediana,CATEGORIA D,No identificado,Posible,Coincide,Sin coincidencia,PLANTA DAY,PLANTA CHANCADO,ORO - COBRE,VALIDADO,-70.363938,-27.3488107,0.0,5.046,sin_clasificar
POL_251,15.083747039682198,0.25,4.125,0.0,1.0,9.9,101.6909574470453,0.0,0.0,612.6313544752385,0.0,0.0,3.2268015720901033,0.75,12.75,3.895408168071027,0.75,9.825,411.65845059248846,0.0,0.0,3.518935940956313,0.75,5.25,4.8920228854772425,0.5,2.35,9,44.199999999999996,44.44444444444444,251,570.0,PLANTA SAN EDUARDO,RENTAS E INVERSIONES SAN MARINO S.A.,REGIÓN DE ATACAMA,COPIAPO,Cobre,Planta / procesamiento,No informado,CATEGORIA D,No identificado,Confirmado,Coincide,Confirmado,PLANTA SAN EDUARDO,PLANTA SAN EDUARDO,COBRE - ORO,VALIDADO,-70.35691543,-27.41431332,0.0,0.11,sin_clasificar
POL_252,20.32778001186593,0.25,4.125,0.0,1.0,9.9,98.491431667313,0.0,0.0,615.1323093502593,0.0,0.0,0.0,1.0,17.0,0.9077661097404323,1.0,13.1,407.4616249676297,0.0,0.0,0.14487661974042315,1.0,7.0,1.11671499290704,0.75,3.5250000000000004,9,54.65,55.55555555555556,252,366.0,SAN ESTEBAN I,CIA. MINERA SAN ESTEBAN PRIMERA S.A.,REGIÓN DE ATACAMA,COPIAPO,No informado,Planta / procesamiento,Micro,CATEGORIA C,No identificado,Posible,Revisar,Confirmado,SAN ESTEBAN I,PLANTA N° 1,ORO - COBRE - PLATA,VALIDADO,-70.30975134,-27.39213443,0.346,0.0,sin_clasificar
POL_253,17.41390011951805,0.25,4.125,0.0,1.0,9.9,101.2136211800969,0.0,0.0,615.5432939721647,0.0,0.0,2.4454095976635193,0.75,12.75,0.45405420211560193,1.0,13.1,408.18516227261716,0.0,0.0,0.3157509255074749,1.0,7.0,1.8891619077078048,0.75,3.5250000000000004,9,50.4,52.77777777777778,253,363.0,PLANTA PUERTO RICO,MINE TRADE SPA,REGIÓN DE ATACAMA,COPIAPO,No informado,Planta / procesamiento,Mediana,CATEGORIA C,No identificado,Posible,Revisar,Confirmado,PLANTA CORONA,TRANQUE DE RELAVES CORONA,SULFUROS DE COBRE,VALIDADO,-70.3321587,-27.3665763,2.222,0.093,sin_clasificar
POL_254,10.786961050044939,0.25,4.125,0.0,1.0,9.9,101.84121850425986,0.0,0.0,606.4725609124238,0.0,0.0,3.6786515889772615,0.75,12.75,1.405060728800218,1.0,13.1,418.15086055170434,0.0,0.0,9.989398946989668,0.5,3.5,7.008319959791283,0.25,1.175,9,44.55,41.66666666666667,254,571.0,PLANTA GUBIER MARAMBIO (VIRGINIA),GUBIER MARAMBIO H SPA,REGIÓN DE ATACAMA,COPIAPO,Cobre,Planta / procesamiento,No informado,CATEGORIA C,No identificado,Confirmado,Coincide,Confirmado,PLANTA GUBIER MARAMBIO (VIRGINIA),PLANTA LIXIVIACION,MAGNETITA,VALIDADO,-70.38086,-27.470591,0.0,0.0,sin_clasificar
POL_255,8.183573206010854,0.5,8.25,0.0,1.0,9.9,106.33112477107292,0.0,0.0,607.3368793869823,0.0,0.0,8.171404998805153,0.5,8.5,4.852735369575653,0.75,9.825,419.53347443135243,0.0,0.0,11.59286209095476,0.5,3.5,10.822797919570952,0.0,0.0,9,39.974999999999994,36.11111111111111,255,163.0,GLOBAL MINING,ARENAS MINERALIZADAS DE CHILE SPA,REGIÓN DE ATACAMA,COPIAPO,Áridos,Instalación minera,No informado,CATEGORIA D,No identificado,Revisar,Revisar,Sin coincidencia,INDIA 1-4,LA INDIA,SULFUROS DE COBRE,VALIDADO,-70.434728,-27.483904,2.66,5.275,sin_clasificar
POL_256,7.674047604735046,0.5,8.25,0.0,1.0,9.9,100.79185320215194,0.0,0.0,565.9698695583837,0.0,0.0,23.085202045193533,0.5,8.5,31.92333680919413,0.25,3.275,459.11837491876025,0.0,0.0,41.16164301494792,0.0,0.0,6.731653056818796,0.25,1.175,9,31.099999999999998,27.77777777777778,256,459.0,MANTO NEGRO,FORTIFICACIONES Y SERVICIOS DE MINERIA INTEGRAL LIMITADA,REGIÓN DE ATACAMA,COPIAPO,Cobre,Instalación minera,Grande,CATEGORIA D,No identificado,Posible,Revisar,Confirmado,MANTO NEGRO,MINA MANTO NEGRO,OXIDOS DE COBRE,VALIDADO,-70.575655,-27.811686,0.341,0.341,sin_clasificar
POL_257,2.6319026623659068,0.75,12.375,0.0,1.0,9.9,86.72530445208847,0.0,0.0,563.0879143022962,0.0,0.0,14.601120345870338,0.5,8.5,29.899788584618882,0.25,3.275,455.143730708445,0.0,0.0,29.199728022295044,0.25,1.75,3.2666465266589326,0.5,2.35,9,38.15,36.11111111111111,257,73.0,MINERA OSO NEGRO - SAN FIERRO,MINESOCIEDAD CONT. MINERA FENGSHUN,REGIÓN DE ATACAMA,COPIAPO,Hierro,Instalación minera,Grande,CATEGORIA C,No identificado,Posible,Revisar,Confirmado,OSO NEGRO,ACOPIO DE PRODUCTOS,MAGNETITA,VALIDADO,-70.431915,-27.844048,0.76,0.0,sin_clasificar
POL_259,15.890852283146566,0.25,4.125,3.7151943051197396,0.75,7.425000000000001,138.19072520092612,0.0,0.0,577.768467192808,0.0,0.0,31.500018104650575,0.25,4.25,8.218355242105101,0.75,9.825,472.9779292592123,0.0,0.0,41.050508742441764,0.0,0.0,8.720492127932424,0.25,1.175,9,26.8,25.0,259,59.0,PROYECTO CAL CHILE,SOCIEDAD CONTRACTUAL MINERA B&T,REGIÓN DE ATACAMA,COPIAPO,Carbonato de Calcio,Proyecto / exploración,Grande,CATEGORIA C,No identificado,Posible,Revisar,Confirmado,CAL CHILE,PLANTA DE CHANCADO,CARBONATO DE CALCIO BLANCO,VALIDADO,-70.3321587,-27.3665763,72.094,0.0,sin_clasificar
POL_260,7.683097312305929,0.5,8.25,7.907691388405824,0.5,4.95,33.191845258857796,0.0,0.0,689.1231358828245,0.0,0.0,59.84880767663843,0.0,0.0,52.02506110387338,0.0,0.0,301.0480235527309,0.0,0.0,80.06736674708712,0.0,0.0,3.439260215048929,0.5,2.35,9,15.549999999999999,16.666666666666664,260,249.0,SALARES MARICUNGA MINERALS,SOCIEDAD SALAR MARICUNGA MINERALS GROUP SPA,REGIÓN DE ATACAMA,COPIAPO,Sal,Instalación minera,Pequeña,CATEGORIA D,No identificado,Posible,Coincide,Sin coincidencia,EXPLORACION SALAR DE MARICUNGA,SALAR DE MARICUNGA,SALMUERA (LITIO),VALIDADO,-69.101008,-26.881686,0.0,8.03,sin_clasificar
POL_261,1.9446938006389243,0.75,12.375,2.9959502681661325,0.75,7.425000000000001,26.762451260292003,0.0,0.0,685.997595576754,0.0,0.0,61.89850942735992,0.0,0.0,53.66980580976323,0.0,0.0,298.4056007339147,0.0,0.0,83.76909032892586,0.0,0.0,1.2083983098975213,0.75,3.5250000000000004,9,23.325000000000003,25.0,261,199.0,SIMBALIK GROUP INVERSIONES- SALAR MARICUNGA,SIMCO SPA,REGIÓN DE ATACAMA,COPIAPO,Litio,Instalación minera,Micro,CATEGORIA D,No identificado,Posible,Revisar,Confirmado,EXPLORACION SALAR DE MARICUNGA,SALAR DE MARICUNGA,SALMUERA (LITIO),VALIDADO,-69.070473,-26.869651,0.772,4.34,sin_clasificar
POL_262,11.867760860656812,0.25,4.125,12.88707027939206,0.25,2.475,29.59504945083876,0.0,0.0,695.9717073280276,0.0,0.0,60.57654860634727,0.0,0.0,60.87523497450608,0.0,0.0,293.99971021775224,0.0,0.0,86.41866784083574,0.0,0.0,9.463722170251515,0.25,1.175,9,7.7749999999999995,8.333333333333332,262,29.0,EXPLORACIÓN SALAR DE MARICUNGA,EXPLORACIONES MINERAS ANDINAS S.A.,REGIÓN DE ATACAMA,COPIAPO,Litio,Instalación minera,No informado,CATEGORIA D,No identificado,Confirmado,Coincide,Confirmado,EXPLORACION SALAR DE MARICUNGA,SALAR DE MARICUNGA,SALMUERA (LITIO),VALIDADO,-69.03516461,-26.83309788,0.0,0.0,sin_clasificar
POL_263,18.481202399522136,0.25,4.125,0.0,1.0,9.9,132.6600892553778,0.0,0.0,628.3378951760769,0.0,0.0,33.80075365242829,0.25,4.25,13.130312864043816,0.5,6.55,413.2051341128083,0.0,0.0,10.61772539611948,0.5,3.5,13.622137017162718,0.0,0.0,9,28.325,27.77777777777778,263,122.0,ESPERANZA II,SOCIEDAD EXPLOTACION MINERA SINCUI INTERNATIONAL LIMITADA,REGIÓN DE ATACAMA,COPIAPO,Hierro,Instalación minera,No informado,CATEGORIA D,No identificado,Posible,Revisar,Confirmado,ESPERANZA II,MINA ESPERANZA II,MAGNETITA,VALIDADO,-70.661229,-27.254446,3.304,0.045,sin_clasificar
POL_264,4.729043781889569,0.75,12.375,0.0,1.0,9.9,128.21457528929676,0.0,0.0,611.5688665017921,0.0,0.0,30.059684767841894,0.25,4.25,14.377541646907458,0.5,6.55,427.368830554091,0.0,0.0,13.404274669128581,0.5,3.5,17.64564178941339,0.0,0.0,9,36.574999999999996,33.33333333333333,264,329.0,AMERICAN CANYON,AMERICAN CANYON MINING CHILE LTDA,REGIÓN DE ATACAMA,COPIAPO,Cobre,Instalación minera,No informado,CATEGORIA D,No identificado,Confirmado,Coincide,Confirmado,SAN RAMON,PIQUE 1,OXIDOS DE COBRE,VALIDADO,-70.64373,-27.410794,0.0,0.02,sin_clasificar
POL_265,1.2441607498134843,0.75,12.375,0.0,1.0,9.9,131.87292342438008,0.0,0.0,607.030035854414,0.0,0.0,33.54757908430264,0.25,4.25,20.856350658424166,0.5,6.55,434.58610670242734,0.0,0.0,20.673313451048667,0.25,1.75,15.488073316626974,0.0,0.0,9,34.824999999999996,30.555555555555557,265,135.0,SHECHURA MINNING-MINA JAVIERA,SOCIEDAD MINERA VARRY LTDA.,REGIÓN DE ATACAMA,COPIAPO,Hierro,Mina / faena,No informado,CATEGORIA D,No identificado,Posible,Revisar,Confirmado,JAVIERA 1 Y 2,JAVIERA 1 Y 2,MAGNETITA,VALIDADO,-70.679812,-27.455411,1.21,2.591,sin_clasificar
POL_266,29.375781432664976,0.0,0.0,7.307765830178975,0.5,4.95,91.59699733422029,0.0,0.0,619.0346224297731,0.0,0.0,0.0,1.0,17.0,6.603663236279216,0.75,9.825,399.6003947735808,0.0,0.0,4.650505076480981,0.75,5.25,2.215512485932463,0.5,2.35,9,39.375,38.88888888888889,266,324.0,SOL NACIENTE,MINERA NITTETSU-ATACAMA KOZAN,REGIÓN DE ATACAMA,COPIAPO,Cobre,Instalación minera,Pequeña,CATEGORIA D,No identificado,Posible,Revisar,Confirmado,MINA SOL NACIENTE,POLVORIN,SULFUROS DE COBRE,VALIDADO,-70.28997074,-27.40388768,7.886,0.0,sin_clasificar
POL_267,33.49979901416819,0.0,0.0,10.962721219559915,0.25,2.475,86.9240677012885,0.0,0.0,618.7271979360248,0.0,0.0,4.59856700704826,0.75,12.75,10.084670217589581,0.5,6.55,396.82785165965777,0.0,0.0,8.500666336595076,0.5,3.5,5.358678567895216,0.25,1.175,9,26.45,25.0,267,386.0,CMCB MANTOS COBRIZOS,COMPAÑIA MINERA CARMEN BAJO,REGIÓN DE ATACAMA,COPIAPO,Cobre,Instalación minera,Grande,CATEGORIA B,No identificado,Posible,Revisar,Confirmado,MANTOS COBRIZOS,CANCHA DE ACOPIO N° 1,OXIDOS DE COBRE,VALIDADO,-70.3321587,-27.3665763,15.227,0.0,sin_clasificar
POL_268,26.664791076671797,0.0,0.0,4.060089282616118,0.75,7.425000000000001,92.22604760800061,0.0,0.0,616.8840216256403,0.0,0.0,0.0,1.0,17.0,3.293035929688909,0.75,9.825,401.1669540902065,0.0,0.0,1.33161618978191,1.0,7.0,3.273927874700492,0.5,2.35,9,43.6,44.44444444444444,268,459.0,PLANTA DE BENEFICIO BIOCOBRE,SOCIEDAD PUNTA DEL COBRE S.A.,REGIÓN DE ATACAMA,COPIAPO,Cobre,Planta / procesamiento,Grande,CATEGORIA B,No identificado,Posible,Revisar,Confirmado,PLANTA BIOCOBRE,TALLER DE CONTRATISTA,SULFUROS Y ÓXIDOS DE COBRE,VALIDADO,-70.3321587,-27.3665763,8.264,0.0,sin_clasificar
POL_269,1.6233676994710249,0.75,12.375,0.0,1.0,9.9,117.4533222624386,0.0,0.0,586.4493271343789,0.0,0.0,22.434918623963362,0.5,8.5,27.09278751498384,0.25,3.275,445.16400109082963,0.0,0.0,34.032597841502806,0.0,0.0,24.513601195883837,0.0,0.0,9,34.05,27.77777777777778,269,60.0,MINA OSORNINA,CCA CHILE INVERSION Y DESARROLLO MINERO S.A.,REGIÓN DE ATACAMA,COPIAPO,Hierro / Cobre,Mina / faena,Pequeña,CATEGORIA D,No identificado,Posible,Revisar,Confirmado,EXPLORACIONES OSORNINA,OSORNINA,HEMATITA - MAGNETITA - LIMONITA,VALIDADO,-70.3321587,-27.3665763,39.497,0.0,sin_clasificar
POL_270,25.20043963916545,0.0,0.0,0.0,1.0,9.9,110.36436927839131,0.0,0.0,551.8962611206985,0.0,0.0,12.313792582914003,0.5,8.5,12.833645810335323,0.5,6.55,483.61191917569,0.0,0.0,39.41399006746376,0.0,0.0,1.1176975976844656,0.75,3.5250000000000004,9,28.475,30.555555555555557,270,60.0,MINA RENACER-ORNELLA,CCA CHILE INVERSION Y DESARROLLO MINERO S.A.,REGIÓN DE ATACAMA,COPIAPO,Hierro / Cobre,Mina / faena,Pequeña,CATEGORIA D,No identificado,Revisar,Revisar,Sin coincidencia,RENACER,DESMONTE RENACER,MAGNETITA,VALIDADO,-70.3321587,-27.3665763,77.523,67.241,sin_clasificar
POL_271,4.489469877509627,0.75,12.375,6.222246204177351,0.5,4.95,131.3946250922251,0.0,0.0,594.8554008449897,0.0,0.0,34.54109994361976,0.25,4.25,17.02395370719654,0.5,6.55,446.21893938509794,0.0,0.0,31.910416707345505,0.0,0.0,11.59939656949581,0.0,0.0,9,28.125,22.22222222222222,271,102.0,PLANTA DON FITO,SOCIEDAD ATACAMA DESERT MINERALS S.A.,REGIÓN DE ATACAMA,COPIAPO,Hierro,Instalación minera,Micro,CATEGORIA D,No identificado,Posible,Revisar,Confirmado,PLANTA DON FITO,BOTADERO DE RECHAZOS,HEMATITA - MAGNETITA,VALIDADO,-70.751096,-27.547848,2.808,0.0,sin_clasificar
POL_272,3.803918529602798,0.75,12.375,13.542053872513106,0.25,2.475,86.1477335410806,0.0,0.0,388.26519953117395,0.0,0.0,84.53429794297823,0.0,0.0,28.972001849465858,0.25,3.275,649.0766037301792,0.0,0.0,8.541723015432488,0.5,3.5,1.2438545427186183,0.75,3.5250000000000004,9,25.15,27.77777777777778,272,128.0,MINA RESGUARDO,SERENA IRON SpA,REGIÓN DE COQUIMBO,LA HIGUERA,Hierro,Mina / faena,No informado,CATEGORIA D,No identificado,Confirmado,Coincide,Confirmado,RESGUARDO,MINA RESGUARDO,MAGNETITA,VALIDADO,-71.259235,-29.44399,0.0,0.0,sin_clasificar
POL_273,55.715454028260446,0.0,0.0,30.712691865295245,0.0,0.0,33.77571207537519,0.0,0.0,384.9915504329435,0.0,0.0,90.19135437173169,0.0,0.0,35.8673300785927,0.25,3.275,623.7220757754392,0.0,0.0,29.8097906202068,0.25,1.75,19.90697948984775,0.0,0.0,9,5.025,5.555555555555555,273,105.0,PROYECTO MINERO PUQUIOS,CUPRUM RESOURCES CHILE SPA,REGIÓN DE COQUIMBO,LA HIGUERA,Cobre,Proyecto / exploración,Pequeña,CATEGORIA C,No identificado,Confirmado,Coincide,Confirmado,PUQUIOS,MINA PUQUIOS,SULFUROS Y ÓXIDOS DE COBRE,VALIDADO,-70.72285844,-29.44719101,0.0,0.0,sin_clasificar
POL_274,5.604449048950901,0.5,8.25,11.937334212272425,0.25,2.475,83.22901485073629,0.0,0.0,386.80222022155635,0.0,0.0,83.02914221210851,0.0,0.0,30.07787301059372,0.25,3.275,646.7295911327142,0.0,0.0,6.089887053576235,0.5,3.5,1.8548148290367505,0.75,3.5250000000000004,9,21.025,25.0,274,449.0,MINA EL TOFO,COMPAÑIA MINERA DEL PACIFICO S.A.,REGIÓN DE COQUIMBO,LA HIGUERA,Hierro,Acopio / almacenamiento,Grande,CATEGORIA D,No identificado,Confirmado,Coincide,Confirmado,IMG LTDA EXPLORACIONES IV REGION,PROYECTO EL TOFO,COBRE - ORO - PLATA,VALIDADO,-71.227959,-29.435144,0.0,4.073,sin_clasificar
POL_275,10.349286474927457,0.25,4.125,13.446839301934608,0.25,2.475,81.04087683906816,0.0,0.0,393.68923583616,0.0,0.0,81.22599446250476,0.0,0.0,28.21720523418076,0.25,3.275,636.4545045084564,0.0,0.0,12.740344553642803,0.5,3.5,6.926532237055494,0.25,1.175,9,14.55,16.666666666666664,275,87.0,PROYECTO DOMINGA NORTE Y SUR,ANDES IRON SPA,REGIÓN DE COQUIMBO,LA HIGUERA,No informado,Proyecto / exploración,Mediana,SIN CATEGORIA,No identificado,Posible,Revisar,Confirmado,FAENA DOMINGA NORTE Y SUR / FASE DE PROSPECCION,SOCAVON RAJO 2,HEMATITA - MAGNETITA - LIMONITA,VALIDADO,-71.170208,-29.362286,0.439,0.0,sin_clasificar
POL_276,33.854855820302426,0.0,0.0,10.12400955882741,0.25,2.475,58.49438494155446,0.0,0.0,389.7979378877955,0.0,0.0,88.69996067287626,0.0,0.0,41.54855323136773,0.25,3.275,631.5663661357264,0.0,0.0,8.29085371213998,0.5,3.5,20.84884065022677,0.0,0.0,9,9.25,11.11111111111111,276,368.0,FAENA EL MANTO,SOCIEDAD MINERA ATAHUALPA,REGIÓN DE COQUIMBO,LA HIGUERA,Cobre,Proyecto / exploración,Grande,CATEGORIA D,No identificado,Posible,Revisar,Confirmado,FAENA EL MANTO,REBAJE DE LABOR,SULFUROS Y ÓXIDOS DE COBRE,VALIDADO,-70.949578,-29.392591,1.81,0.0,sin_clasificar
POL_277,8.941655097226786,0.5,8.25,4.8086340906705205,0.75,7.425000000000001,82.3641491397706,0.0,0.0,379.6459586916238,0.0,0.0,75.87465717641948,0.0,0.0,37.354157640641354,0.25,3.275,654.9871397877798,0.0,0.0,2.158275524765518,0.75,5.25,2.7208981450232868,0.5,2.35,9,26.55,30.555555555555557,277,69.0,FAENA MOL,INVERSIONES JORGE CARDENAS Y COMPAÑIA LIMITADA,REGIÓN DE COQUIMBO,LA HIGUERA,Hierro,Proyecto / exploración,Pequeña,CATEGORIA D,No identificado,Posible,Revisar,Confirmado,FAENA MOL,RELAVE MOL (recuperacion),MAGNETITA,VALIDADO,-71.228484,-29.513958,0.27,0.0,sin_clasificar
POL_278,19.482354245921666,0.25,4.125,4.924242449051419,0.75,7.425000000000001,77.15742815336027,0.0,0.0,338.34031103440094,0.0,0.0,34.6690543396651,0.25,4.25,3.3007962496062193,0.75,9.825,690.8295182312199,0.0,0.0,0.09893089479666395,1.0,7.0,2.3889858773396595,0.5,2.35,9,34.975,38.88888888888889,278,572.0,ARIDOS JOSE LUIS CORTES VELIZ,JOSE LUIS CORTES VELIZ,REGIÓN DE COQUIMBO,LA SERENA,Áridos,Extracción de áridos,No informado,CATEGORIA D,No identificado,Posible,Coincide,Sin coincidencia,ALIA,BOTADERO PROYECTO ALIA II,COBRE - ORO - HIERRO - MOLIBDENO,VALIDADO,-71.213358,-29.893884,0.049,1.74,sin_clasificar
POL_279,20.017728401638344,0.25,4.125,5.374232476245607,0.5,4.95,76.59974665006459,0.0,0.0,337.73378210015613,0.0,0.0,34.04833081002586,0.25,4.25,3.1381791284524456,0.75,9.825,690.7696251772171,0.0,0.0,0.6123749727211124,1.0,7.0,2.5065485707411392,0.5,2.35,9,32.5,36.11111111111111,279,573.0,ARIDOS IVOCAR,S/I,REGIÓN DE COQUIMBO,LA SERENA,Áridos,Extracción de áridos,No informado,CATEGORIA D,No identificado,Posible,Coincide,Sin coincidencia,ALIA,BOTADERO PROYECTO ALIA II,COBRE - ORO - HIERRO - MOLIBDENO,VALIDADO,-71.206821,-29.896952,0.0,1.658,sin_clasificar
POL_280,20.691152715260213,0.25,4.125,5.590804597106069,0.5,4.95,76.05966754370043,0.0,0.0,337.14298590690834,0.0,0.0,33.44430824313536,0.25,4.25,2.93832096125833,0.75,9.825,691.5216947332079,0.0,0.0,0.4725421151494308,1.0,7.0,2.4812520742189186,0.5,2.35,9,32.5,36.11111111111111,280,574.0,ARIDOS APRISA,S/I,REGIÓN DE COQUIMBO,LA SERENA,Áridos,Extracción de áridos,No informado,CATEGORIA D,No identificado,Posible,Coincide,Posible,FAENA ALIA,EXPLORACION MINA ALIA II 1 AL 18,SULFUROS Y ÓXIDOS DE COBRE,VALIDADO,-71.204761,-29.903581,0.0,2.187,sin_clasificar
POL_281,19.094483743334727,0.25,4.125,4.992606394776807,0.75,7.425000000000001,77.37167801925088,0.0,0.0,338.81191018908555,0.0,0.0,35.12833754755838,0.25,4.25,3.7160343777678118,0.75,9.825,690.2387406302965,0.0,0.0,0.03019458208316791,1.0,7.0,2.748941028698873,0.5,2.35,9,34.975,38.88888888888889,281,575.0,ARIDOS ROBERTO BARRAZA,S/I,REGIÓN DE COQUIMBO,LA SERENA,Áridos,Extracción de áridos,No informado,CATEGORIA D,No identificado,Posible,Coincide,Sin coincidencia,ALIA,BOTADERO PROYECTO ALIA II,COBRE - ORO - HIERRO - MOLIBDENO,VALIDADO,-71.211801,-29.890264,0.04,1.269,sin_clasificar
POL_282,18.53564278557172,0.25,4.125,2.8974994137965897,0.75,7.425000000000001,78.49383731813035,0.0,0.0,337.88084064750916,0.0,0.0,34.42675474214734,0.25,4.25,1.9773715601405912,1.0,13.1,691.80675257818,0.0,0.0,0.03962115503925063,1.0,7.0,0.7493196752184749,0.75,3.5250000000000004,9,39.425,44.44444444444444,282,576.0,ARIDOS ARISER,S/I,REGIÓN DE COQUIMBO,LA SERENA,Áridos,Extracción de áridos,No informado,CATEGORIA D,No identificado,Posible,Coincide,Sin coincidencia,FAENA ALIA,EXPLORACION MINA ALIA II 1 AL 18,SULFUROS Y ÓXIDOS DE COBRE,VALIDADO,-71.229668,-29.897759,0.0,2.678,sin_clasificar
POL_283,21.636245558444188,0.25,4.125,7.227568245038501,0.5,4.95,74.52029621644026,0.0,0.0,336.872183936075,0.0,0.0,33.10445766300213,0.25,4.25,4.442520580802142,0.75,9.825,690.5658201204967,0.0,0.0,0.17375296576533536,1.0,7.0,4.133035699794464,0.5,2.35,9,32.5,36.11111111111111,283,577.0,ARIDOS CORSAN,ARIDOS CORSAN LTDA,REGIÓN DE COQUIMBO,LA SERENA,Áridos,Extracción de áridos,No informado,CATEGORIA D,No identificado,Posible,Coincide,Posible,FAENA SAN CARLOS,BOTADERO,OXIDOS DE COBRE,VALIDADO,-71.183893,-29.904362,0.0,4.222,sin_clasificar
POL_284,22.256343241387945,0.25,4.125,7.988661360830591,0.5,4.95,74.20110309425252,0.0,0.0,336.977643745448,0.0,0.0,33.20315540130033,0.25,4.25,5.09930820861997,0.75,9.825,690.2385768850489,0.0,0.0,0.34253972334579524,1.0,7.0,4.853047930900937,0.5,2.35,9,32.5,36.11111111111111,284,578.0,ARIDOS MILKO,S/I,REGIÓN DE COQUIMBO,LA SERENA,Áridos,Extracción de áridos,No informado,CATEGORIA D,No identificado,Posible,Coincide,Sin coincidencia,CAMILA,MINA CAMILA 1-9,SULFUROS Y ÓXIDOS DE COBRE,VALIDADO,-71.179982,-29.902586,0.0,6.957,sin_clasificar
POL_285,22.744840242070364,0.25,4.125,7.915748664005337,0.5,4.95,73.58020331988678,0.0,0.0,336.2030377901663,0.0,0.0,32.42869631556473,0.25,4.25,4.7832836652033786,0.75,9.825,690.9334336822242,0.0,0.0,1.0702013317139207,1.0,7.0,4.316975437803824,0.5,2.35,9,32.5,36.11111111111111,285,579.0,ARIDOS LIN,S/I,REGIÓN DE COQUIMBO,LA SERENA,Áridos,Extracción de áridos,No informado,CATEGORIA D,No identificado,Posible,Coincide,Sin coincidencia,ALIA,BOTADERO PROYECTO ALIA II,COBRE - ORO - HIERRO - MOLIBDENO,VALIDADO,-71.178066,-29.910196,0.0,3.402,sin_clasificar
POL_286,24.09507922044132,0.25,4.125,8.93167111941231,0.5,4.95,72.3589456867709,0.0,0.0,335.07866290623326,0.0,0.0,31.311949759835336,0.25,4.25,5.569732109274612,0.75,9.825,691.3909158853111,0.0,0.0,0.7016062666355647,1.0,7.0,3.0275854219438942,0.5,2.35,9,32.5,36.11111111111111,286,527.0,EXTRACCION DE ARIDOS ACONCAGUA- HORMIGONES INDEPENDENCIA,HORMIGONES BICENTENARIO S.A./ARIDOS ACONCAGUA S.A.,REGIÓN DE COQUIMBO,LA SERENA,Áridos,Extracción de áridos,Grande,CATEGORIA D,No identificado,Posible,Coincide,Sin coincidencia,PAJONALES,RELAVE PAJONALES,SULFUROS DE COBRE,VALIDADO,-71.169751,-29.919582,0.0,4.418,sin_clasificar
POL_287,24.643063840780464,0.25,4.125,9.347690162946552,0.5,4.95,71.64897103892466,0.0,0.0,334.51771662014806,0.0,0.0,30.7604935590707,0.25,4.25,5.956259348198093,0.75,9.825,691.5219566131176,0.0,0.0,0.6363820374001133,1.0,7.0,2.3298186255591675,0.5,2.35,9,32.5,36.11111111111111,287,580.0,ARIDOS SANTA ROSA,S/I,REGIÓN DE COQUIMBO,LA SERENA,Áridos,Extracción de áridos,No informado,CATEGORIA D,No identificado,Posible,Coincide,Sin coincidencia,VISTA HERMOSA,POLVORIN,SULFUROS Y ÓXIDOS DE COBRE,VALIDADO,-71.165779,-29.922812,0.0,6.261,sin_clasificar
POL_288,21.20754197409205,0.25,4.125,6.060183805173019,0.5,4.95,75.41354445283608,0.0,0.0,336.8278994542843,0.0,0.0,33.10215220445362,0.25,4.25,3.167357249726734,0.75,9.825,691.4196653112097,0.0,0.0,0.5249818377374126,1.0,7.0,2.889382878978536,0.5,2.35,9,32.5,36.11111111111111,288,581.0,ARIDOS BIG FLOWER LTDA.,S/I,REGIÓN DE COQUIMBO,LA SERENA,Áridos,Extracción de áridos,No informado,CATEGORIA D,No identificado,Posible,Coincide,Sin coincidencia,FAENA ALIA,EXPLORACION MINA ALIA II 1 AL 18,SULFUROS Y ÓXIDOS DE COBRE,VALIDADO,-71.197709,-29.906856,0.0,2.467,sin_clasificar
POL_289,28.43690596131057,0.0,0.0,12.78677012069564,0.25,2.475,67.77933377672575,0.0,0.0,331.9408588603627,0.0,0.0,28.410085861761175,0.25,4.25,9.361362123592716,0.75,9.825,692.2645614949442,0.0,0.0,3.3253894503973007,0.75,5.25,0.9530893509260465,0.75,3.5250000000000004,9,25.324999999999996,30.555555555555557,289,185.0,PAJONALES - ALTOVALSOL,INVERSIONES TRES PLUMAS LIMITADA,REGIÓN DE COQUIMBO,LA SERENA,No informado,Relaves,No informado,CATEGORIA D,No identificado,Confirmado,Coincide,Confirmado,PAJONALES,RELAVE PAJONALES,SULFUROS DE COBRE,VALIDADO,-71.13305495,-29.94671578,0.003,0.0,sin_clasificar
POL_290,28.709641701044603,0.0,0.0,13.254135432399671,0.25,2.475,67.75940478972774,0.0,0.0,332.411148685892,0.0,0.0,28.958077954741288,0.25,4.25,9.824531915376129,0.75,9.825,691.9368944527012,0.0,0.0,3.7595428015167998,0.75,5.25,0.6334871486470448,0.75,3.5250000000000004,9,25.324999999999996,30.555555555555557,290,582.0,ARIDOS GONZALEZ,S/I,REGIÓN DE COQUIMBO,LA SERENA,Áridos,Extracción de áridos,No informado,CATEGORIA D,No identificado,Posible,Coincide,Posible,PAJONALES,RELAVE PAJONALES,SULFUROS DE COBRE,VALIDADO,-71.130722,-29.941058,0.0,0.533,sin_clasificar
POL_291,24.279391559744212,0.25,4.125,15.009331875817962,0.25,2.475,72.42995134870078,0.0,0.0,342.91423979766427,0.0,0.0,39.830521016894764,0.25,4.25,14.334013376665725,0.5,6.55,680.0187160146556,0.0,0.0,0.6706949155689051,1.0,7.0,0.8684430578572441,0.75,3.5250000000000004,9,27.924999999999997,33.33333333333333,291,346.0,FAENA LAMBERT - SAN LORENZO,COMPAÑIA MINERA SAN GERONIMO,REGIÓN DE COQUIMBO,LA SERENA,Cobre,Planta / procesamiento,Grande,CATEGORIA B,No identificado,Posible,Revisar,Confirmado,FAENA LAMBERT,PLANTA SAN LORENZO SX - CX,SULFUROS Y ÓXIDOS DE COBRE,VALIDADO,-71.2121727,-29.9395809,15.138,0.0,sin_clasificar
POL_292,8.3830969803047,0.5,8.25,1.8141911441166785,0.75,7.425000000000001,87.88977783502364,0.0,0.0,349.0836293344198,0.0,0.0,45.860841242903575,0.25,4.25,13.352035463133861,0.5,6.55,683.9626226003911,0.0,0.0,1.6308825234558488,1.0,7.0,2.1596896425577676,0.5,2.35,9,35.825,38.88888888888889,292,485.0,MINERA NO METÁLICA PORYECTO EXTRACCION DE ARIDOS POZO SILVA,SACYR CHILE S.A.,REGIÓN DE COQUIMBO,LA SERENA,Áridos,Extracción de áridos,Grande,CATEGORIA D,No identificado,Posible,Coincide,Sin coincidencia,FAENA SEAWOLF JUAN SOLDADO,PLANTA SEAWOLF JUAN SOLDADO,HEMATITA - MAGNETITA,VALIDADO,-71.26733668,-29.79802723,0.0,0.794,sin_clasificar
POL_293,7.634696173393666,0.5,8.25,2.897537438654128,0.75,7.425000000000001,82.16133478133267,0.0,0.0,355.24390880782664,0.0,0.0,51.67180693023994,0.0,0.0,19.338476775643645,0.5,6.55,673.0664131419462,0.0,0.0,8.368471398714592,0.5,3.5,8.811222942232892,0.25,1.175,9,26.900000000000002,27.77777777777778,293,301.0,MINA EL ROMERAL,COMPAÑIA MINERA DEL PACIFICO S.A.,REGIÓN DE COQUIMBO,LA SERENA,Hierro,Mina / faena,Grande,CATEGORIA A,No identificado,Confirmado,Coincide,Confirmado,FAENAS EL ROMERAL,BOTADERO NORTE,HEMATITA,VALIDADO,-71.236226,-29.706368,0.0,0.0,sin_clasificar
POL_294,37.97831037719492,0.0,0.0,28.599357376678032,0.0,0.0,54.13148596540427,0.0,0.0,349.8789576445699,0.0,0.0,50.41892511124437,0.0,0.0,19.9928579780253,0.5,6.55,664.339362056061,0.0,0.0,19.085248942209738,0.25,1.75,9.718371424219686,0.25,1.175,9,9.475000000000001,11.11111111111111,294,177.0,LLANOS DE ARQUEROS - TUGAL,COMPAÑIA MINERA ARQUEROS S.A./MINERA MANTOS DE TALCUNA LIMITADA,REGIÓN DE COQUIMBO,LA SERENA,Cobre,Proyecto / exploración,Pequeña,CATEGORIA C,No identificado,Posible,Revisar,Confirmado,LLANOS DE ARQUEROS,OFICINA ADMINISTRACION,SULFUROS Y ÓXIDOS DE COBRE,VALIDADO,-70.912019,-29.770616,0.206,0.0,sin_clasificar
POL_295,35.286119171486504,0.0,0.0,28.936411340987547,0.0,0.0,58.591975594692684,0.0,0.0,345.52745877626313,0.0,0.0,45.81198989991325,0.25,4.25,15.447673987411108,0.5,6.55,669.5838997486723,0.0,0.0,14.606262890425802,0.5,3.5,14.93215720127191,0.0,0.0,9,14.3,13.88888888888889,295,86.0,PROSPECCION MINERA MANDALAY,MINERA MANDALAY LIMITADA,REGIÓN DE COQUIMBO,LA SERENA,No informado,Proyecto / exploración,No informado,CATEGORIA C,No identificado,Posible,Revisar,Posible,LLANOS DE ARQUEROS,PROSPECCION MINERA ARQUEROS FASE II,COBRE - ORO - PLATA,VALIDADO,-70.94566499,-29.78079695,1.419,4.821,sin_clasificar
POL_297,27.23571648578216,0.0,0.0,29.72571966087381,0.0,0.0,60.57465670399186,0.0,0.0,277.47538099932456,0.0,0.0,17.508101362964926,0.5,8.5,16.237893918210144,0.5,6.55,743.2803469415469,0.0,0.0,15.369343494421587,0.25,1.75,8.278138830156774,0.25,1.175,9,17.975,16.666666666666664,297,584.0,PROCESAMIENTO DE GRANALLA ECOBLAST O BLASTOC,S/I,REGIÓN DE COQUIMBO,OVALLE,No informado,Instalación minera,No informado,CATEGORIA A,No identificado,Revisar,Revisar,Sin coincidencia,FAENA  ENAMI DELTA,PLANTA TRATAMIENTO DE AGUAS 4,SULFUROS DE COBRE,VALIDADO,-71.20961,-30.608247,18.846,7.881,sin_clasificar
POL_298,27.74613003717797,0.0,0.0,5.368481705648833,0.5,4.95,77.24975719712552,0.0,0.0,326.2400696053469,0.0,0.0,25.103709067946138,0.25,4.25,4.6078618821581365,0.75,9.825,705.1936714076274,0.0,0.0,2.4940318875484557,0.75,5.25,5.704921804232854,0.25,1.175,9,25.45,27.77777777777778,298,485.0,EXTRACCION DE ARIDOS POZO 10-RUTA D-43,SACYR CHILE S.A.,REGIÓN DE COQUIMBO,COQUIMBO,Áridos,Extracción de áridos,Grande,CATEGORIA D,No identificado,Revisar,Revisar,Sin coincidencia,PLANTA RETORTEO DE MATERIALES,PLANTA RETORTEO DE MATERIALES,MERCURIO,VALIDADO,-71.26330342,-30.00682659,2.054,3.533,sin_clasificar
POL_299,25.70856750380376,0.0,0.0,13.179464360415489,0.25,2.475,66.5512355770215,0.0,0.0,304.4327420733379,0.0,0.0,8.872985966265965,0.5,8.5,1.1272705883566971,1.0,13.1,722.0598247759211,0.0,0.0,14.515632430952895,0.5,3.5,6.790793812752033,0.25,1.175,9,28.75,27.77777777777778,299,462.0,MINERA FLORIDA,COMPAÑIA MINERA FLORIDA S.A.,REGIÓN DE COQUIMBO,COQUIMBO,Cobre,Instalación minera,Grande,CATEGORIA B,No identificado,Confirmado,Coincide,Confirmado,TAMBILLOS,MINA FLORIDA,SULFUROS DE COBRE,VALIDADO,-71.242537,-30.198484,0.0,4.125,sin_clasificar
POL_300,32.73826520944165,0.0,0.0,13.59717074544879,0.25,2.475,65.60600140165559,0.0,0.0,312.71122109709216,0.0,0.0,10.300823869098844,0.5,8.5,7.618259014741742,0.75,9.825,713.4632543378399,0.0,0.0,15.27044387580811,0.25,1.75,3.855392346532603,0.5,2.35,9,24.9,25.0,300,585.0,PLANTA SAN LUIS,TRANSPORTES SANA TERESA S.A.,REGIÓN DE COQUIMBO,COQUIMBO,Hierro,Instalación minera,No informado,CATEGORIA D,No identificado,Posible,Revisar,Confirmado,PLANTA SAN LUIS,PLANTA SAN LUIS,HEMATITA - MAGNETITA - LIMONITA,VALIDADO,-71.208808,-30.121881,0.106,0.0,sin_clasificar
POL_301,1.580037201439387,0.75,12.375,0.5986103142076901,1.0,9.9,90.3188553098458,0.0,0.0,296.7913752230117,0.0,0.0,34.57483336528409,0.25,4.25,4.550028113988903,0.75,9.825,744.0027802025438,0.0,0.0,30.101041337322368,0.0,0.0,2.9255407388632793,0.5,2.35,9,38.699999999999996,36.11111111111111,301,120.0,FAENA LA CALCITA - GRACIELA - LA NIÑA,MINERA MELON S.A. - LAS PALMAS,REGIÓN DE COQUIMBO,COQUIMBO,Carbonato de Calcio,Cantera,Grande,CATEGORIA C,No identificado,Posible,Revisar,Confirmado,FAENA LA NIÑA,MINA LA NIÑA,CARBONATO DE CALCIO BLANCO,VALIDADO,-71.502654,-30.298325,0.473,0.0,sin_clasificar
POL_302,21.6980476375215,0.25,4.125,27.44566964766535,0.0,0.0,50.75866761470004,0.0,0.0,293.80794083424485,0.0,0.0,0.0,1.0,17.0,1.6071161870117592,1.0,13.1,720.2427022281009,0.0,0.0,0.11236241051546685,1.0,7.0,0.38748203141990223,1.0,4.7,9,45.925000000000004,47.22222222222222,302,304.0,TECK CARMEN DE ANDACOLLO,COMPAÑIA MINERA TECK CARMEN DE ANDACOLLO,REGIÓN DE COQUIMBO,ANDACOLLO,Cobre,Instalación minera,Grande,CATEGORIA A,No identificado,Confirmado,Coincide,Confirmado,FAENA ANDACOLLO COBRE,MINA CARMEN DE ANDACOLLO,SULFUROS Y ÓXIDOS DE COBRE,VALIDADO,-71.0965,-30.2462,0.0,0.0,sin_clasificar
POL_303,25.08554372576526,0.0,0.0,25.483922486466607,0.0,0.0,52.344566413473075,0.0,0.0,297.79983885380557,0.0,0.0,0.0,1.0,17.0,1.3537715552756027,1.0,13.1,718.8173234299961,0.0,0.0,0.3032383894056184,1.0,7.0,0.7176165090365726,0.75,3.5250000000000004,9,40.625,41.66666666666667,303,375.0,DAYTON - MINA ANDACOLLO ORO,COMPAÑIA MINERA DAYTON,REGIÓN DE COQUIMBO,ANDACOLLO,Oro,Instalación minera,Pequeña,CATEGORIA D,No identificado,Confirmado,Coincide,Confirmado,EL MAXIMO (21B DAYTON),LOA 1/18 PUNTO 11 EL MAXIMO,CUARZO AURÍFERO,VALIDADO,-71.0946,-30.2291,0.0,2.048,sin_clasificar
POL_304,22.690163677853892,0.25,4.125,29.72624618292259,0.0,0.0,50.53655005090972,0.0,0.0,297.7331548514954,0.0,0.0,0.0,1.0,17.0,2.189268414056076,0.75,9.825,720.6225893507293,0.0,0.0,0.12528599285731967,1.0,7.0,0.5293947901768413,0.75,3.5250000000000004,9,41.475,41.66666666666667,304,321.0,FAENA PONCE,SLM NANCY PRIMERA DE EL MANZANO,REGIÓN DE COQUIMBO,ANDACOLLO,Áridos,Planta / procesamiento,Grande,CATEGORIA D,No identificado,Posible,Revisar,Posible,LAS TAZAS,PLANTA LAS TAZAS,ORO - COBRE - PLATA,VALIDADO,-71.08600117,-30.234519,1.763,1.855,sin_clasificar
POL_305,22.664297747867767,0.25,4.125,29.973396988455228,0.0,0.0,50.63809620237858,0.0,0.0,297.4831248060915,0.0,0.0,0.0,1.0,17.0,2.418291306478724,0.75,9.825,720.9004662732007,0.0,0.0,0.3992746557454605,1.0,7.0,0.8190610412753176,0.75,3.5250000000000004,9,41.475,41.66666666666667,305,586.0,PLANTA SANTA MARIA VERONICA,S/I,REGIÓN DE COQUIMBO,ANDACOLLO,Áridos,Planta / procesamiento,No informado,CATEGORIA D,No identificado,Confirmado,Coincide,Confirmado,FAENA SANTA MARIA,MINA SANTA MARIA,SULFUROS Y ÓXIDOS DE COBRE,VALIDADO,-71.080815,-30.253781,0.0,4.221,sin_clasificar
POL_306,31.510728046494666,0.0,0.0,14.442731599984848,0.25,2.475,64.16976330077357,0.0,0.0,309.2575667238326,0.0,0.0,7.396890975447642,0.5,8.5,4.627436127913587,0.75,9.825,716.1653483783745,0.0,0.0,13.224349160400388,0.5,3.5,2.8703812759347698,0.5,2.35,9,26.65,27.77777777777778,306,485.0,POZO ARIDOS EL MANZANO,SACYR CHILE S.A.,REGIÓN DE COQUIMBO,ANDACOLLO,Áridos,Extracción de áridos,Grande,SIN CATEGORIA,No identificado,Confirmado,Coincide,Confirmado,EL MANZANO,MINA EL MANZANO NORTE,SULFUROS DE COBRE,VALIDADO,-71.20505377,-30.15374735,0.0,3.358,sin_clasificar
POL_307,23.930027081721033,0.25,4.125,29.497612959911677,0.0,0.0,50.28123720473016,0.0,0.0,300.22627064467116,0.0,0.0,0.0,1.0,17.0,0.4977316616622974,1.0,13.1,717.8516009806243,0.0,0.0,0.22181730810422512,1.0,7.0,1.1408147386734773,0.75,3.5250000000000004,9,44.75,44.44444444444444,307,587.0,PLANTA RELAVES ANDACOLLO GO SPA,ANDACOLLO GO SPA,REGIÓN DE COQUIMBO,ANDACOLLO,No informado,Relaves,No informado,CATEGORIA D,No identificado,Confirmado,Coincide,Confirmado,ANDACOLLO,DESCONOCIDO,COBRE - ORO,VALIDADO,-71.070592,-30.228124,0.09,0.38,sin_clasificar
POL_308,10.201404851135086,0.25,4.125,84.69213127812961,0.0,0.0,5.381944492079656,0.5,6.65,220.897993964529,0.0,0.0,90.03235777143304,0.0,0.0,53.80959539288456,0.0,0.0,735.4103404600529,0.0,0.0,26.956594778648483,0.25,1.75,21.314446913596644,0.0,0.0,9,12.525,11.11111111111111,308,417.0,MINERA LOS PINGOS,COMPAÑIA EXPLOTADORA DE MINAS SPA,REGIÓN DE COQUIMBO,MONTE PATRIA,Cobre,Instalación minera,Grande,CATEGORIA D,No identificado,Confirmado,Coincide,Confirmado,FAENA LOS PINGOS,LO PINGOS 2,SULFUROS DE COBRE,VALIDADO,-70.496553,-30.948348,0.0,0.0,sin_clasificar
POL_309,8.034747206447038,0.5,8.25,46.59038942561941,0.0,0.0,41.36066481378444,0.0,0.0,280.4911178301086,0.0,0.0,15.193010775711054,0.5,8.5,20.242843718577472,0.5,6.55,730.8349715334615,0.0,0.0,2.897310407225639,0.75,5.25,2.3608148929270816,0.5,2.35,9,30.900000000000002,30.555555555555557,309,72.0,PLANTA MINERA PILAR,SOCIEDAD COMERCIAL Y MINERA EL RELOJ LTDA.,REGIÓN DE COQUIMBO,RIO HURTADO,Cobre,Instalación minera,Grande,CATEGORIA C,No identificado,Confirmado,Coincide,Confirmado,PLANTA MINERA PILAR,BARRIO CIVICO,OXIDOS DE COBRE,VALIDADO,-70.98025733,-30.39445895,0.0,0.0,sin_clasificar
POL_310,13.479892776407672,0.25,4.125,66.34978353913384,0.0,0.0,12.925586546941075,0.25,3.325,293.4642172560557,0.0,0.0,35.463117002675645,0.25,4.25,28.89839928917031,0.25,3.275,708.9547633835075,0.0,0.0,27.11007134672105,0.25,1.75,1.0439065861660466,0.75,3.5250000000000004,9,20.25,22.22222222222222,310,510.0,PLANTA DE CHANCADO PARA CALIZA,AGROINDUSTRIAL IBARRA S.A.,REGIÓN DE COQUIMBO,RIO HURTADO,Áridos,Planta / procesamiento,Pequeña,CATEGORIA D,No identificado,Revisar,Revisar,Sin coincidencia,CERT RIO HURTADO,NATALIA 2 Y 3 - EMPRESA MINERA NOEMI LIMITADA,COBRE - ORO - PLATA,VALIDADO,-70.685287,-30.294258,1.172,5.48,sin_clasificar
POL_311,7.166670613397412,0.5,8.25,12.835203825415732,0.25,2.475,82.78266434787052,0.0,0.0,387.71378700946764,0.0,0.0,83.94278180337288,0.0,0.0,30.90160847106041,0.25,3.275,647.1046773457101,0.0,0.0,6.65531874507362,0.5,3.5,2.6853864487492642,0.5,2.35,9,19.85,22.22222222222222,311,108.0,MINA LLANOS DEL TOFO,CHILE EXPLORATION AND MINING S.A.,REGIÓN DE COQUIMBO,LA HIGUERA,Hierro,Instalación minera,Pequeña,CATEGORIA D,No identificado,Revisar,Revisar,Sin coincidencia,CHUPETE,EXPLORACION CHUPETE,HEMATITA - MAGNETITA - LIMONITA,VALIDADO,-71.239327,-29.6645055,23.949,1.422,sin_clasificar
POL_312,8.824476321330529,0.5,8.25,6.517010065487572,0.5,4.95,82.08749495737331,0.0,0.0,381.38916290591845,0.0,0.0,77.6150043734109,0.0,0.0,36.62827285814939,0.25,3.275,653.5445219969771,0.0,0.0,1.7867581766144809,1.0,7.0,2.2414741337448127,0.5,2.35,9,25.825,30.555555555555557,312,132.0,PROSPECCION MINERA LA HIGUERA,MINERA PEREGRINE LIMITADA,REGIÓN DE COQUIMBO,LA HIGUERA,No informado,Proyecto / exploración,No informado,CATEGORIA D,No identificado,Posible,Revisar,Confirmado,RELAVES LA HIGUERA,LA HIGUERA 5,HEMATITA - MAGNETITA,VALIDADO,-71.225756,-29.501335,0.361,1.309,sin_clasificar
POL_313,60.17568095841697,0.0,0.0,39.74458350091818,0.0,0.0,27.08254451083045,0.0,0.0,369.80617119724855,0.0,0.0,79.03687135439417,0.0,0.0,41.83590441118273,0.25,3.275,636.7879224997715,0.0,0.0,42.26560627750854,0.0,0.0,19.933061621504855,0.0,0.0,9,3.275,2.7777777777777777,313,43.0,SAN JACINTO,COMPAÑIA MINER LOS NIPAS S.A.,REGIÓN DE COQUIMBO,LA HIGUERA,Oro,Proyecto / exploración,Mediana,CATEGORIA D,No identificado,Posible,Revisar,Confirmado,FAENA  ALFA,PROYECTO ALFA,SULFUROS Y ÓXIDOS DE COBRE,VALIDADO,-70.684623,-29.583684,1.536,1.322,sin_clasificar
POL_314,13.710266509582658,0.25,4.125,10.487175693198784,0.25,2.475,79.08803671164395,0.0,0.0,399.23883223105435,0.0,0.0,79.0372690237978,0.0,0.0,31.610526032750222,0.25,3.275,633.0032011833213,0.0,0.0,12.034466629029401,0.5,3.5,14.55924129820172,0.0,0.0,9,13.375,13.88888888888889,314,112.0,PROSPECCION MINERA MESCALERO,SOCIEDAD CONTRACTUAL MINERA ROCK EXPLORATION,REGIÓN DE COQUIMBO,LA HIGUERA,No informado,Proyecto / exploración,No informado,CATEGORIA D,No identificado,Posible,Revisar,Posible,PLANTA PROFESOR ALDO LETTURA MATAS,EXPLORACION DEPOSITO RELAVES ALTO ADIGIO,COBRE - ORO,VALIDADO,-71.141185,-29.335357,0.268,0.623,sin_clasificar
POL_315,21.56029461748873,0.25,4.125,7.134921215396867,0.5,4.95,70.58017431075577,0.0,0.0,391.0734139337867,0.0,0.0,85.75522743895567,0.0,0.0,39.66866429508557,0.25,3.275,635.955081665557,0.0,0.0,7.3188069847593695,0.5,3.5,16.09661836419404,0.0,0.0,9,15.85,16.666666666666664,315,182.0,VARILLA,MINERA Y ARIDOS JUAN GALLEGUILLOS ALVARADO EIRL,REGIÓN DE COQUIMBO,LA HIGUERA,No informado,Proyecto / exploración,No informado,CATEGORIA D,No identificado,Posible,Revisar,Confirmado,VARILLA 1 AL 20,MINA VARILLA 1 AL 20,OXIDOS DE COBRE,VALIDADO,-71.13698,-29.361213,5.885,0.0,sin_clasificar
POL_316,39.59083452593643,0.0,0.0,29.010447845733808,0.0,0.0,57.691512590452504,0.0,0.0,336.2952403794818,0.0,0.0,36.532003075772494,0.25,4.25,6.004516245358592,0.75,9.825,679.5663780613561,0.0,0.0,15.081965963414758,0.25,1.75,7.548984293339831,0.25,1.175,9,17.0,16.666666666666664,316,277.0,FAENA TALCUNA,COMPAÑIA MINERA SAN GERONIMO,REGIÓN DE COQUIMBO,VICUÑA,Cobre,Relaves,Grande,CATEGORIA B,No identificado,Posible,Revisar,Posible,FAENA TALCUNA (OMINT),TRANQUE DE RELAVES YENNY,SULFUROS Y ÓXIDOS DE COBRE,VALIDADO,-70.997656,-29.966515,8.543,8.387,sin_clasificar
POL_317,42.388122064031215,0.0,0.0,32.97161861515898,0.0,0.0,55.157905169018704,0.0,0.0,339.13817362699285,0.0,0.0,40.63859961289219,0.25,4.25,9.939838928527076,0.75,9.825,675.1984763911352,0.0,0.0,18.908982576565883,0.25,1.75,11.195569182128887,0.0,0.0,9,15.825,13.88888888888889,317,346.0,LIDIA - RENDIC,COMPAÑIA MINERA SAN GERONIMO,REGIÓN DE COQUIMBO,VICUÑA,Cobre - Plata,Instalación minera,Grande,CATEGORIA C,No identificado,Confirmado,Coincide,Confirmado,LIDIA,MINA RAJO LIDIA 3,COBRE - PLATA,VALIDADO,-70.91426708,-29.86678225,0.0,0.0,sin_clasificar
POL_318,43.41121051341185,0.0,0.0,32.92833633099447,0.0,0.0,53.93027987439562,0.0,0.0,335.62538888314543,0.0,0.0,37.438659564000766,0.25,4.25,6.898576555801811,0.75,9.825,678.6224479424689,0.0,0.0,19.023955750401914,0.25,1.75,7.959043090576552,0.25,1.175,9,17.0,16.666666666666664,318,425.0,MANGANESOS ATACAMA S.A. (MARQUESA),MANGANESOS ATACAMA S.A.,REGIÓN DE COQUIMBO,VICUÑA,Manganeso,Planta / procesamiento,Pequeña,CATEGORIA D,No identificado,Confirmado,Coincide,Confirmado,MANGANESOS  ATACAMA  S.A. (MARQUESA),PLANTA JIG MARQUESA,ÓXIDO DE MANGANESO,VALIDADO,-70.9188,-29.895476,0.095,0.0,sin_clasificar
POL_319,44.35711853131441,0.0,0.0,34.90260066096766,0.0,0.0,51.30986518370334,0.0,0.0,336.8264504724149,0.0,0.0,39.686328499430154,0.25,4.25,9.435455167526891,0.75,9.825,674.6124756841666,0.0,0.0,20.882257901882888,0.25,1.75,9.777887515762538,0.25,1.175,9,17.0,16.666666666666664,319,276.0,MINERA TALCUNA,COMPAÑIA MINERA SAN GERONIMO,REGIÓN DE COQUIMBO,VICUÑA,Cobre,Instalación minera,Grande,CATEGORIA A,No identificado,Posible,Revisar,Confirmado,FAENA TALCUNA,TALLERES,SULFUROS DE COBRE,VALIDADO,-70.866892,-29.884895,1.012,0.0,sin_clasificar
POL_320,35.49766345336761,0.0,0.0,28.230006112392804,0.0,0.0,0.2556326448749921,1.0,13.3,331.7527664064474,0.0,0.0,109.67134330082132,0.0,0.0,54.509376327403274,0.0,0.0,655.0232156257441,0.0,0.0,55.0824513050968,0.0,0.0,23.472145939507204,0.0,0.0,9,13.3,11.11111111111111,320,56.0,PROYECTO ALTURAS,COMPAÑIA MINERA SALITRALES LTDA,REGIÓN DE COQUIMBO,VICUÑA,Oro y Plata,Proyecto / exploración,No informado,CATEGORIA B,No identificado,Confirmado,Coincide,Confirmado,PROYECTO ALTURAS,PROSPECCION ALTURAS,COBRE - ORO - PLATA,VALIDADO,-69.93164156,-30.01738343,0.0,0.0,sin_clasificar
POL_321,49.66311416020961,0.0,0.0,2.7998348268358138,0.75,7.425000000000001,3.650665739726089,0.5,6.65,359.0175733728341,0.0,0.0,115.35959616716029,0.0,0.0,57.81876795987327,0.0,0.0,628.6849513394068,0.0,0.0,59.29128292158448,0.0,0.0,43.08230321863641,0.0,0.0,9,14.075000000000001,13.88888888888889,321,399.0,PROYECTO MINERO TAMBO,COMPAÑIA MINERA NEVADA SPA/BARRICK CHILE LIMITADA,REGIÓN DE COQUIMBO,VICUÑA,Oro y Plata,Proyecto / exploración,Micro,CATEGORIA D,No identificado,Confirmado,Coincide,Confirmado,FAENA TAMBO,CANTO SUR (BOT.ESTERIL),ORO - COBRE - PLATA,VALIDADO,-69.95853,-29.7597035,0.0,3.213,sin_clasificar
POL_322,28.09042919153556,0.0,0.0,0.0,1.0,9.9,0.0,1.0,13.3,116.97647583281831,0.0,0.0,108.6637322499653,0.0,0.0,34.41886558193676,0.25,3.275,631.4591701421666,0.0,0.0,0.8740408948801172,1.0,7.0,1.4025775071282887,0.75,3.5250000000000004,9,37.0,44.44444444444444,322,489.0,MINERA LOS PELAMBRES,MINERA LOS PELAMBRES,REGIÓN DE COQUIMBO,SALAMANCA,Cobre,Instalación minera,Grande,CATEGORIA A,No identificado,Confirmado,Coincide,Confirmado,FAENA LOS PELAMBRES,CAMPAMENTO COM,COBRE - MOLIBDENO,VALIDADO,-70.4956,-31.7426,0.0,0.0,sin_clasificar
POL_323,7.757300022789963,0.5,8.25,24.254353419750643,0.25,2.475,35.17361640142617,0.0,0.0,132.63096612857402,0.0,0.0,104.35933955990807,0.0,0.0,3.871529232885908,0.75,9.825,644.4853674045584,0.0,0.0,4.917100493280195,0.75,5.25,4.6786536534057,0.5,2.35,9,28.15,30.555555555555557,323,290.0,TRES VALLES,COMPAÑIA MINERA TRES VALLES SPA,REGIÓN DE COQUIMBO,SALAMANCA,Cobre,Instalación minera,Grande,CATEGORIA A,No identificado,Confirmado,Coincide,Confirmado,FAENA TRES VALLES,PLANTA SX -EW,OXIDOS DE COBRE,VALIDADO,-71.0209,-31.7422,0.0,0.0,sin_clasificar
POL_324,0.18705243403119906,1.0,16.5,32.51015255442726,0.0,0.0,27.22904729835756,0.0,0.0,134.90806599927186,0.0,0.0,110.8476054174333,0.0,0.0,5.149250022095006,0.75,9.825,648.1978259933132,0.0,0.0,7.046745926181686,0.5,3.5,2.44855237912319,0.5,2.35,9,32.175,30.555555555555557,324,290.0,TRES VALLES,MINERA TRES VALLES SPA,REGIÓN DE COQUIMBO,SALAMANCA,Cobre,Instalación minera,Grande,CATEGORIA A,No identificado,Posible,Revisar,Confirmado,FAENA TRES VALLES,BOTADERO ESTERIL DON GABRIEL,SULFUROS Y ÓXIDOS DE COBRE,VALIDADO,-71.0209,-31.7422,9.211,0.0,sin_clasificar
POL_325,3.1089885395825436,0.75,12.375,31.006556828858315,0.0,0.0,30.363363190111752,0.0,0.0,133.45927243845748,0.0,0.0,109.26124053220187,0.0,0.0,3.7054657145845193,0.75,9.825,646.6814662112107,0.0,0.0,5.465920127028333,0.5,3.5,1.769895781428808,0.75,3.5250000000000004,9,29.225,30.555555555555557,325,588.0,PLANTA MINERA DOÑA LEONOR,S/I,REGIÓN DE COQUIMBO,SALAMANCA,Cobre,Planta / procesamiento,No informado,CATEGORIA D,No identificado,Posible,Revisar,Posible,FAENA SANTA FILOMENA,PLANTA SANTA FILOMENA,SULFUROS Y ÓXIDOS DE COBRE,VALIDADO,-70.935702,-31.723339,0.28,0.676,sin_clasificar
POL_326,24.321153602126987,0.25,4.125,24.321149511416834,0.25,2.475,58.699193392444236,0.0,0.0,232.89720375298953,0.0,0.0,62.36568849853791,0.0,0.0,3.077280436598842,0.75,9.825,742.4446640420035,0.0,0.0,2.8116801779183507,0.75,5.25,3.7440466468180134,0.5,2.35,9,24.025,27.77777777777778,326,91.0,FAENA TAMBO DE ORO,MINERA HMC S.A.,REGIÓN DE COQUIMBO,PUNITAQUI,Oro,Mina / faena,Grande,CATEGORIA A,No identificado,Confirmado,Coincide,Confirmado,FAENA TAMBO DE ORO,ÁREA GEOLOGÍA (TESTIGOTECA),ORO - COBRE,VALIDADO,-71.224744,-30.854489,0.0,0.0,sin_clasificar
POL_327,23.515878009084567,0.25,4.125,23.515877044390926,0.25,2.475,58.0033034598565,0.0,0.0,231.63016182345743,0.0,0.0,63.84829106764101,0.0,0.0,3.4361385090114513,0.75,9.825,741.0564276499173,0.0,0.0,3.1201275339516443,0.75,5.25,2.4399279423436178,0.5,2.35,9,24.025,27.77777777777778,327,264.0,MINERA ALTOS DE PUNITAQUI,MINERA BMR SPA,REGIÓN DE COQUIMBO,PUNITAQUI,Cobre - Oro -Plata,Instalación minera,Micro,CATEGORIA D,No identificado,Confirmado,Coincide,Confirmado,WALDO FERREL OJAVO (PLANTA PUNITAQUI),PUNITAQUI 1,ORO - COBRE - PLATA,VALIDADO,-71.2263,-30.86,0.0,2.484,sin_clasificar
POL_328,20.408489974457336,0.25,4.125,20.408488696560998,0.25,2.475,58.42733306632778,0.0,0.0,228.201474110159,0.0,0.0,68.63882819094299,0.0,0.0,6.992963529250092,0.75,9.825,736.81585066236,0.0,0.0,6.531451340074481,0.5,3.5,1.580147503827847,0.75,3.5250000000000004,9,23.449999999999996,27.77777777777778,328,589.0,DALMACIA,MINERA BMR SPA,REGIÓN DE COQUIMBO,PUNITAQUI,No informado,Proyecto / exploración,No informado,CATEGORIA D,No identificado,Confirmado,Coincide,Confirmado,DALMACIA,GARITA DE ACCESO,SULFUROS Y ÓXIDOS DE COBRE,VALIDADO,-71.261965,-30.896737,0.0,0.0,sin_clasificar
POL_329,27.791111311428956,0.0,0.0,29.257012912376222,0.0,0.0,59.7391356897755,0.0,0.0,274.05718180272333,0.0,0.0,19.805648984963156,0.5,8.5,12.936045782602447,0.5,6.55,745.4533881809964,0.0,0.0,12.112652531688537,0.5,3.5,6.26664011724441,0.25,1.175,9,19.725,19.444444444444446,329,485.0,MINERA NO METALICA EXTRACCION DE ARIDOS ROMERALCILLO,SACYR CHILE S.A.,REGIÓN DE COQUIMBO,OVALLE,Áridos,Extracción de áridos,Grande,CATEGORIA D,No identificado,Posible,Coincide,Sin coincidencia,FAENA LA CARBONILLO,MINA CARBONILLO 1  AL 5,SULFUROS Y ÓXIDOS DE COBRE,VALIDADO,-71.16494,-30.4649,0.0,2.673,sin_clasificar
POL_330,23.77989305630186,0.25,4.125,23.779896779162847,0.25,2.475,63.993808536072095,0.0,0.0,271.69730440754915,0.0,0.0,22.938288716080457,0.5,8.5,10.008445177347545,0.5,6.55,749.0452618733002,0.0,0.0,8.864974675199145,0.5,3.5,8.453075096337212,0.25,1.175,9,26.325,25.0,330,24.0,FAENA DELTA ENAMI,ENAMI,REGIÓN DE COQUIMBO,OVALLE,Cobre,Instalación minera,Grande,CATEGORIA A,No identificado,Confirmado,Coincide,Confirmado,FAENA  ENAMI DELTA,PLANTA DE CHANCADO SULFUROS,SULFUROS DE COBRE,VALIDADO,-71.21763733,-30.49419667,0.0,0.0,sin_clasificar
POL_331,23.17465963433144,0.25,4.125,23.174663516553558,0.25,2.475,64.88480598481647,0.0,0.0,270.18013597970594,0.0,0.0,25.95881321080308,0.25,4.25,8.944454132677375,0.75,9.825,752.0503310006166,0.0,0.0,7.659299724615409,0.5,3.5,7.527087774209316,0.25,1.175,9,25.349999999999998,25.0,331,24.0,FAENA DELTA,ENAMI,REGIÓN DE COQUIMBO,OVALLE,Cobre,Relaves,Grande,CATEGORIA A,No identificado,Posible,Revisar,Confirmado,FAENA  ENAMI DELTA,RESERVORIO DE AGUA RELAVE,SULFUROS DE COBRE,VALIDADO,-71.21763733,-30.49419667,1.186,0.0,sin_clasificar
POL_332,28.510907760958652,0.0,0.0,28.51091168967399,0.0,0.0,59.79965760420941,0.0,0.0,265.3872554044072,0.0,0.0,28.476001005068273,0.25,4.25,3.6536998972674763,0.75,9.825,753.9157767143907,0.0,0.0,2.7505996587383827,0.75,5.25,2.058257217504617,0.5,2.35,9,21.675,25.0,332,24.0,FAENA PANULCILLO,ENAMI,REGIÓN DE COQUIMBO,OVALLE,Cobre,Instalación minera,Grande,CATEGORIA D,No identificado,Confirmado,Coincide,Confirmado,FAENA PANULCILLO,PLANTA LA COCINERA,ORO - COBRE - PLATA,VALIDADO,-71.1763165,-30.547178,0.0,0.0,sin_clasificar
POL_333,24.55498250826753,0.25,4.125,24.554982482657497,0.25,2.475,64.24050677780427,0.0,0.0,264.40371484825727,0.0,0.0,30.94420390285653,0.25,4.25,4.270698213337813,0.75,9.825,756.8906720218291,0.0,0.0,2.9999527783299693,0.75,5.25,3.752482049208166,0.5,2.35,9,28.275,30.555555555555557,333,58.0,PLANTA EL DORADO,FF MINERALS S.A.,REGIÓN DE COQUIMBO,OVALLE,Hierro,Mina / faena,Pequeña,CATEGORIA D,No identificado,Confirmado,Coincide,Confirmado,PLANTA EL DORADO,DESMONTES DE HIERRO,HEMATITA - MAGNETITA,VALIDADO,-71.222355,-30.559663,0.02,0.0,sin_clasificar
POL_334,25.43454220854019,0.0,0.0,25.434538570156356,0.0,0.0,64.03068230089677,0.0,0.0,262.66235052601814,0.0,0.0,33.82384688150164,0.25,4.25,2.697741444923295,0.75,9.825,759.6520483926537,0.0,0.0,1.803663594919833,1.0,7.0,2.6890899299174458,0.5,2.35,9,23.425,27.77777777777778,334,109.0,EL DORADO,SOCIEDAD DE INVERSIONES TIERRA DEL FUEGO LIMITADA,REGIÓN DE COQUIMBO,OVALLE,Hierro,Proyecto / exploración,No informado,CATEGORIA C,No identificado,Posible,Revisar,Confirmado,FAENA EL DORADO,MINA EL DORADO - SECTOR EL DORADO 1 - 3,HEMATITA - MAGNETITA,VALIDADO,-71.225639,-30.585742,0.287,0.0,sin_clasificar
POL_335,26.665908572464446,0.0,0.0,26.665908839937533,0.0,0.0,61.97103103708937,0.0,0.0,252.2112095637001,0.0,0.0,42.17431723412733,0.25,4.25,5.931915816091992,0.75,9.825,762.1938921584374,0.0,0.0,4.762149158459649,0.75,5.25,3.4044222737954866,0.5,2.35,9,21.675,25.0,335,72.0,SAN CAYETANO - MIRADOR,SOCIEDAD COMERCIAL Y MINERA EL RELOJ LTDA/COMPAÑIA MINERA POTRERILLOS LTDA,REGIÓN DE COQUIMBO,OVALLE,Cobre,Instalación minera,Grande,CATEGORIA D,No identificado,Posible,Revisar,Confirmado,FAENA MIRADOR,EXPLORACION MIRADOR 1/18,COBRE - ORO - PLATA,VALIDADO,-71.2249593,-30.6755727,0.96,0.0,sin_clasificar
POL_336,22.611173897071417,0.25,4.125,22.611176444875078,0.25,2.475,67.63263196743857,0.0,0.0,247.24482858798342,0.0,0.0,49.03117789078256,0.25,4.25,11.403428906069355,0.5,6.55,756.5416440286003,0.0,0.0,10.292638407148486,0.5,3.5,8.341732192630104,0.25,1.175,9,22.075,22.22222222222222,336,281.0,MINERA EL CHACO - LA CABRA - LA OVEJA,MINERA E INMOBILIARIA LICHI LIMITADA/COMPAÑIA MINERA HJC LIMITADA,REGIÓN DE COQUIMBO,OVALLE,Hierro,Instalación minera,No informado,CATEGORIA D,No identificado,Posible,Revisar,Confirmado,CHACO 1 AL 4,MINA CHACO,MAGNETITA,VALIDADO,-71.21129254,-30.6425745,8.85,0.0,sin_clasificar
POL_337,0.0,1.0,16.5,0.0,1.0,9.9,92.04570100017382,0.0,0.0,238.73430003329685,0.0,0.0,84.88553628273671,0.0,0.0,39.48935576253791,0.25,3.275,738.1039748834695,0.0,0.0,30.53532749843886,0.0,0.0,17.848876215152693,0.0,0.0,9,29.674999999999997,25.0,337,153.0,PLANTA LA VENTOLERA,MINERA FLOR DE MAYO LIMITADA,REGIÓN DE COQUIMBO,OVALLE,Oro,Planta / procesamiento,No informado,CATEGORIA C,No identificado,Posible,Revisar,Confirmado,FAENA LA VENTOLERA,PLANTA LA VENTOLERA,ORO - PLATA,VALIDADO,-71.673425,-30.9062965,0.582,0.0,sin_clasificar
POL_338,23.18992765786004,0.25,4.125,23.18992441045164,0.25,2.475,67.91720469868757,0.0,0.0,245.52518460596258,0.0,0.0,51.50486818199339,0.0,0.0,9.713281662280423,0.75,9.825,754.8444270007071,0.0,0.0,8.627388429208516,0.5,3.5,9.328537949048577,0.25,1.175,9,21.099999999999998,22.22222222222222,338,281.0,PLANTA CHACO,COMPAÑIA MINERA APC CHILE LTDA,REGIÓN DE COQUIMBO,OVALLE,Hierro,Instalación minera,No informado,CATEGORIA D,No identificado,Posible,Revisar,Confirmado,CARO,MINA CARO,MAGNETITA,VALIDADO,-71.245282,-30.72651,1.377,1.214,sin_clasificar
POL_340,15.826977401350096,0.25,4.125,11.315195519591489,0.25,2.475,69.6797690160902,0.0,0.0,125.70746916678597,0.0,0.0,83.5235821414181,0.0,0.0,16.274355769912734,0.5,6.55,629.2784771181286,0.0,0.0,16.075888000522408,0.25,1.75,16.18843847740326,0.0,0.0,9,14.899999999999999,13.88888888888889,340,364.0,PLANTA LAS VACAS,MINERA DON ALBERTO,REGIÓN DE COQUIMBO,LOS VILOS,Cobre,Planta / procesamiento,Mediana,CATEGORIA C,No identificado,Posible,Revisar,Confirmado,FAENA LAS VACAS,MINA LAS VACAS,COBRE - ORO,VALIDADO,-71.43828,-31.87901,10.844,0.0,sin_clasificar
POL_341,2.93984444650691,0.75,12.375,47.298016733191595,0.0,0.0,27.314776590839266,0.0,0.0,172.0967050597062,0.0,0.0,119.24468219034078,0.0,0.0,12.532320419565536,0.5,6.55,682.9671488108414,0.0,0.0,21.671004793398293,0.25,1.75,12.650558703290377,0.0,0.0,9,20.675,16.666666666666664,341,293.0,PROYECTO EL ESPINO,EL ESPINO SPA,REGIÓN DE COQUIMBO,ILLAPEL,Oro y Cobre,Proyecto / exploración,No informado,CATEGORIA C,No identificado,Confirmado,Coincide,Confirmado,PROYECTO EL ESPINO,RAJO EL ESPINO,COBRE - ORO,VALIDADO,-71.09777361,-31.37441799,0.0,0.0,sin_clasificar
POL_342,0.13670195077541675,1.0,16.5,44.288971623478695,0.0,0.0,28.87702710134112,0.0,0.0,162.5566885891705,0.0,0.0,130.61254301679764,0.0,0.0,22.898660687696893,0.5,6.55,673.5544484226007,0.0,0.0,16.15156287925089,0.25,1.75,3.508611985686602,0.5,2.35,9,27.150000000000002,25.0,342,590.0,FAENA TUNQUEN (EX EL ALMENDRO),S/I,REGIÓN DE COQUIMBO,ILLAPEL,No informado,Relaves,No informado,CATEGORIA D,No identificado,Posible,Revisar,Confirmado,FAENA TUNQUÉN EX EL ALMENDRO,TRANQUE TUNQUÉN,SULFUROS DE COBRE,VALIDADO,-71.087399,-31.47561,0.35,0.0,sin_clasificar
POL_343,18.14572691492852,0.25,4.125,27.256837365896324,0.0,0.0,52.317423619170135,0.0,0.0,145.88169967445097,0.0,0.0,107.63311477699685,0.0,0.0,6.890179540172445,0.75,9.825,652.7926194856224,0.0,0.0,6.978686096006766,0.5,3.5,3.0761844579246405,0.5,2.35,9,19.8,22.22222222222222,343,591.0,FAENA EL MAITEN,SOCIEDAD AGUIRRE MOYANO LTDA,REGIÓN DE COQUIMBO,ILLAPEL,No informado,Relaves,No informado,SIN CATEGORIA,No identificado,Posible,Revisar,Confirmado,FAENA EL MAITEN,ORIENTE,SULFURO AURÍFERO,VALIDADO,-71.250609,-31.661148,0.234,0.0,sin_clasificar
POL_344,25.000742166753955,0.0,0.0,14.159432599730962,0.25,2.475,61.0520669726791,0.0,0.0,151.34691691707923,0.0,0.0,108.2969185149677,0.0,0.0,13.614499288730661,0.5,6.55,654.4728851415816,0.0,0.0,7.781363996268659,0.5,3.5,8.35745451983197,0.25,1.175,9,13.700000000000001,16.666666666666664,344,592.0,MINERA PIEDRAS BLANCAS (EX-TUNGA SUR),ALFREDO VILLALOBOS ROMAN,REGIÓN DE COQUIMBO,ILLAPEL,Carbonato de Calcio,Instalación minera,Grande,CATEGORIA C,No identificado,Confirmado,Coincide,Confirmado,PIEDRAS BLANCAS (EX-TUNGA SUR),PLANTA PIEDRAS BLANCAS,CARBONATO DE CALCIO BLANCO,VALIDADO,-71.38280413,-31.64352325,0.0,0.0,sin_clasificar
POL_345,6.48865421599136,0.5,8.25,50.49186074785228,0.0,0.0,22.395841013197952,0.25,3.325,169.59050818150317,0.0,0.0,121.86721516643028,0.0,0.0,17.278888177631398,0.5,6.55,681.3392889109758,0.0,0.0,22.329987893377965,0.25,1.75,12.07249351164868,0.0,0.0,9,19.875,16.666666666666664,345,317.0,EL ESPINO - EL TRAPICHE - EL LLANO,INVERSIONES NORTH (CHILE) LTDA.,REGIÓN DE COQUIMBO,ILLAPEL,No informado,Proyecto / exploración,No informado,CATEGORIA C,No identificado,Posible,Revisar,Confirmado,PROYECTO EL ESPINO,SONDAJES DE EXPLORACION EL ESPINO,COBRE - ORO - PLATA,VALIDADO,-71.010812,-31.362581,4.07,0.449,sin_clasificar
POL_346,6.017191147191669,0.5,8.25,35.36508663335056,0.0,0.0,38.24586144149388,0.0,0.0,149.8242356835629,0.0,0.0,116.6113703185452,0.0,0.0,19.089718234088117,0.5,6.55,659.9056119255056,0.0,0.0,2.4203229052773167,0.75,5.25,5.0355520962309575,0.25,1.175,9,21.225,22.22222222222222,346,356.0,MINERA PORTEZUELO,COMPAÑIA MINERA PORTEZUELA LTDA. - ENAMI,REGIÓN DE COQUIMBO,ILLAPEL,Cobre,Instalación minera,Pequeña,CATEGORIA C,No identificado,Posible,Revisar,Confirmado,FAENA PORTEZUELO,PLANTA PORTEZUELO,COBRE - ORO - PLATA,VALIDADO,-70.724632,-31.576923,37.984,0.0,sin_clasificar
POL_347,8.431756602554158,0.5,8.25,56.335366139714075,0.0,0.0,20.78961748190078,0.25,3.325,176.61938276769456,0.0,0.0,116.15283988279124,0.0,0.0,16.39143657348851,0.5,6.55,688.6823271267638,0.0,0.0,16.1504701009856,0.25,1.75,14.715075963579894,0.0,0.0,9,19.875,16.666666666666664,347,144.0,MINERA LLAHUIN,MINERA LLAHUIN S.C.M.,REGIÓN DE COQUIMBO,COMBARBALA,No informado,Instalación minera,No informado,CATEGORIA D,No identificado,Confirmado,Coincide,Confirmado,LLAHUIN,EXPLORACION LLAHUIN,COBRE - ORO,VALIDADO,-71.01861528,-31.33532361,0.0,0.0,sin_clasificar
POL_348,5.990300814474699,0.5,8.25,51.24932613350268,0.0,0.0,24.460842612204203,0.25,3.325,173.89486574515666,0.0,0.0,120.10591820468808,0.0,0.0,15.239537892037191,0.5,6.55,685.3327559675743,0.0,0.0,21.12066162853421,0.25,1.75,15.288339822137717,0.0,0.0,9,19.875,16.666666666666664,348,593.0,PLANTA SANTA TERESA,INVERSIONES SINAXIS S.A.,REGIÓN DE COQUIMBO,ILLAPEL,No informado,Relaves,Pequeña,CATEGORIA D,No identificado,Posible,Revisar,Confirmado,PLANTA SANTA TERESA,SANTA TERESA,COBRE - ORO,VALIDADO,-71.087399,-31.47561,11.256,0.0,sin_clasificar
POL_349,17.688766776330173,0.25,4.125,31.407701873474725,0.0,0.0,44.82996001521823,0.0,0.0,212.4547004374329,0.0,0.0,82.56462891986102,0.0,0.0,22.629414029962245,0.5,6.55,722.2593438249503,0.0,0.0,22.29316582951787,0.25,1.75,9.610493148592816,0.25,1.175,9,13.600000000000001,13.88888888888889,349,6.0,EL HUACHO,COMPAÑIA MINERA GEOVITTA S.A.,REGIÓN DE COQUIMBO,COMBARBALA,Cobre,Mina / faena,Micro,CATEGORIA D,No identificado,Posible,Revisar,Confirmado,MINA TERMAS,MINA TERMAS,SULFUROS DE COBRE,VALIDADO,-71.160446,-31.044783,3.166,0.512,sin_clasificar
POL_350,30.172217924555596,0.0,0.0,6.196939302173038,0.5,4.95,67.04027107227338,0.0,0.0,161.42827397339963,0.0,0.0,115.72663358322116,0.0,0.0,25.104983500544293,0.25,3.275,661.9114950596371,0.0,0.0,2.2770548007520826,0.75,5.25,2.6055934518563113,0.5,2.35,9,15.825,22.22222222222222,350,501.0,EXTRACCION DE ARIDOS DEL CURSO INFERIOR DEL RIO CHOAPA,SOCIEDAD CONCESIONARIA DEL ELQUI S.A.,REGIÓN DE COQUIMBO,CANELA,Áridos,Extracción de áridos,Grande,CATEGORIA D,No identificado,Posible,Revisar,Posible,FAENA CHOAPA 1/10,MINA CHOAPA 1/10,OXIDOS DE COBRE,VALIDADO,-71.466665,-31.583336,0.696,7.642,sin_clasificar
POL_351,30.00611963411706,0.0,0.0,0.611685883168824,1.0,9.9,75.43879946537852,0.0,0.0,162.66873961314903,0.0,0.0,114.08417906331373,0.0,0.0,31.12568304863639,0.25,3.275,659.7299784874251,0.0,0.0,10.57445713757936,0.5,3.5,2.613518086404947,0.5,2.35,9,19.025000000000002,25.0,351,37.0,FAENA HUENTELAUQUEN,SOCIEDAD CONTRACTUAL MINERA SIGLO XXI,REGIÓN DE COQUIMBO,CANELA,Áridos,Instalación minera,No informado,CATEGORIA D,No identificado,Posible,Revisar,Confirmado,FAENA HUENTELAUQUEN,PLANTA HUENTELAUQUEN,MAGNETITA,VALIDADO,-71.548521,-31.448798,16.005,0.223,sin_clasificar
POL_352,0.9974511486953381,1.0,16.5,42.41024822558557,0.0,0.0,34.28366997939995,0.0,0.0,174.22382861151596,0.0,0.0,120.90996020866916,0.0,0.0,11.477383030855421,0.5,6.55,683.7944393918877,0.0,0.0,25.538127563530864,0.25,1.75,15.045007525132837,0.0,0.0,9,24.8,19.444444444444446,352,594.0,MINERA FARELLONES,SOC. CONTRACTUAL MINERA FARELLONES,REGIÓN DE COQUIMBO,CANELA,Carbonato de Calcio,Instalación minera,No informado,CATEGORIA D,No identificado,Posible,Revisar,Posible,SOC.CONTRACTUAL MINERA FARELLONES,MANTO GRIS,CALIZA,VALIDADO,-71.194979,-31.372791,1.41,0.074,sin_clasificar
POL_353,7.489130150302355,0.5,8.25,0.8801514265860915,1.0,9.9,78.0731978636516,0.0,0.0,69.46351482825507,0.0,0.0,24.392444091638424,0.5,8.5,25.030018266619997,0.25,3.275,567.9633980182107,0.0,0.0,1.1987878400950687,1.0,7.0,3.0671593808482456,0.5,2.35,9,39.275,41.66666666666667,353,307.0,MINA PULLALI,COMPAÑIA MINERA PULLALI LIMITADA,REGIÓN DE VALPARAÍSO,LA LIGUA,Oro y Plata,Proyecto / exploración,Grande,CATEGORIA C,No identificado,Confirmado,Coincide,Confirmado,PLANTA PULLALLI,CHANCADO PRIMARIO,ORO METÁLICO O NATIVO,VALIDADO,-71.291489,-32.42436,0.0,2.97,sin_clasificar
POL_354,21.641686446933694,0.25,4.125,0.0,1.0,9.9,61.19321055142545,0.0,0.0,50.29278943925547,0.0,0.0,21.964450537497108,0.5,8.5,14.497829299815841,0.5,6.55,555.1617763258407,0.0,0.0,10.691433446707311,0.5,3.5,5.96751158847047,0.25,1.175,9,33.75,33.33333333333333,354,394.0,PLANTA LA PATAGUA,COMPAÑIA MINERA LA PATAGUA,REGIÓN DE VALPARAÍSO,LA LIGUA,Cobre,Relaves,Grande,CATEGORIA B,No identificado,Posible,Revisar,Confirmado,PLANTA LA PATAGUA,TRANQUE 4 A,SULFUROS DE COBRE,VALIDADO,-71.159488,-32.529521,2.207,0.0,sin_clasificar
POL_355,27.19249029196703,0.0,0.0,0.3695427476856186,1.0,9.9,34.929762674801275,0.0,0.0,77.32174325866774,0.0,0.0,63.49428135396836,0.0,0.0,53.49595549072723,0.0,0.0,591.1451724855357,0.0,0.0,3.5625999187178317,0.75,5.25,3.504244017627006,0.5,2.35,9,17.5,25.0,355,595.0,PLANTA PROCESADORA DE MINERALES OXIDADOS DE COBRE COMPAÑIA MINERA BASSI LTDA.,COMPAÑIA MINERA BASSI LTDA.,REGIÓN DE VALPARAÍSO,PETORCA,Cobre,Planta / procesamiento,No informado,CATEGORIA D,No identificado,Revisar,Revisar,Sin coincidencia,COBRE 1-16,CAMPAMENTO,COBRE - ORO - PLATA,VALIDADO,-70.874683,-32.2369,0.847,16.547,sin_clasificar
POL_356,24.143620354353846,0.25,4.125,0.0,1.0,9.9,57.31675891802218,0.0,0.0,51.10557317779504,0.0,0.0,27.98959829613962,0.25,4.25,20.529839722031806,0.5,6.55,558.705078998864,0.0,0.0,6.3503200768630546,0.5,3.5,5.765150076371869,0.25,1.175,9,29.5,30.555555555555557,356,394.0,MINERA METÁLICA MINA PEUMO,COMPAÑIA MINERA LA PATAGUA,REGIÓN DE VALPARAÍSO,CABILDO,Cobre,Mina / faena,Grande,CATEGORIA C,No identificado,Confirmado,Coincide,Confirmado,MINA PEUMO,MINA PEUMO,SULFUROS DE COBRE,VALIDADO,-71.0711299,-32.51207545,0.0,0.0,sin_clasificar
POL_357,26.312486341752656,0.0,0.0,0.0,1.0,9.9,57.79242785438658,0.0,0.0,52.91758317170071,0.0,0.0,29.74516442314098,0.25,4.25,22.275085251599176,0.5,6.55,560.8897567469068,0.0,0.0,5.647426826295018,0.5,3.5,6.218689787923632,0.25,1.175,9,25.375,27.77777777777778,357,381.0,MINA CARMEN - MARGARITA,MINERA LAS CENIZAS S.A.,REGIÓN DE VALPARAÍSO,CABILDO,Cobre,Mina / faena,Grande,CATEGORIA D,No identificado,Confirmado,Coincide,Confirmado,MINA CARMEN - MARGARITA,MINA CARMEN / NV 720,SULFUROS DE COBRE,VALIDADO,-71.066093,-32.497492,0.0,0.0,sin_clasificar
POL_358,27.795237848853617,0.0,0.0,0.0,1.0,9.9,57.95552961814719,0.0,0.0,54.114731872823356,0.0,0.0,30.789584929685233,0.25,4.25,23.3303202442509,0.5,6.55,562.3725864862461,0.0,0.0,0.7673606785241787,1.0,7.0,1.9130720984119003,0.75,3.5250000000000004,9,31.225,38.88888888888889,358,381.0,LAS CENIZAS CABILDO - SAUCE,MINERA LAS CENIZAS S.A.,REGIÓN DE VALPARAÍSO,CABILDO,Cobre,Planta / procesamiento,Grande,CATEGORIA B,No identificado,Confirmado,Coincide,Confirmado,LAS CENIZAS CABILDO,RELAVEDUCTO DREIM,SULFUROS DE COBRE,VALIDADO,-71.068819,-32.460955,0.0,0.0,sin_clasificar
POL_359,7.100987898564292,0.5,8.25,0.0,1.0,9.9,33.831416832961416,0.0,0.0,37.741493451096915,0.0,0.0,36.64124120999895,0.25,4.25,31.885612164343314,0.25,3.275,551.6676428738401,0.0,0.0,11.183006381411873,0.5,3.5,9.634911179006885,0.25,1.175,9,30.349999999999998,30.555555555555557,359,429.0,MINA CERRO NEGRO,COMPAÑIA MINERA CERRO NEGRO S.A.,REGIÓN DE VALPARAÍSO,CABILDO,Cobre,Mina / faena,Grande,CATEGORIA A,No identificado,Confirmado,Coincide,Confirmado,CERRO NEGRO,PLANTA DE SULFUROS/PATIO DE RESIDUOS PELIGROSOS,SULFUROS DE COBRE,VALIDADO,-70.872167,-32.58536,0.0,0.0,sin_clasificar
POL_360,20.017139717619887,0.25,4.125,0.0,1.0,9.9,50.2106698820073,0.0,0.0,45.95423441805523,0.0,0.0,31.171145452448613,0.25,4.25,23.971173479994096,0.5,6.55,556.2586308264434,0.0,0.0,12.02008128123877,0.5,3.5,13.056051696332439,0.0,0.0,9,28.325,27.77777777777778,360,381.0,MINA DON JAIME,MINERA LAS CENIZAS S.A.,REGIÓN DE VALPARAÍSO,CABILDO,Cobre,Mina / faena,Grande,CATEGORIA C,No identificado,Posible,Revisar,Confirmado,DON JAIME,PETROLERA,OXIDOS DE COBRE,VALIDADO,-70.995566,-32.525489,0.474,0.0,sin_clasificar
POL_361,2.3024442141582853,0.75,12.375,0.0,1.0,9.9,47.06525296424837,0.0,0.0,21.85270642991576,0.25,3.0,19.28841878673677,0.5,8.5,25.005242323863836,0.25,3.275,530.1623735820993,0.0,0.0,1.2485588572250017,1.0,7.0,2.04144365092979,0.5,2.35,9,46.4,47.22222222222222,361,396.0,PLANTA CATEMU - CEMIN,COMPAÑIA MINERA AMALIA LIMITADA/COMPAÑIA MINERA PULLALLI LIMITADA,REGIÓN DE VALPARAÍSO,CATEMU,Cobre,Planta / procesamiento,Grande,CATEGORIA B,No identificado,Confirmado,Coincide,Confirmado,PLANTA CATEMU,TALLER DE MANTENCION CHANCADO,OXIDOS DE COBRE,VALIDADO,-70.988224,-32.76929,0.063,0.0,sin_clasificar
POL_362,7.5512146375006575,0.5,8.25,0.0,1.0,9.9,43.15119502535891,0.0,0.0,25.760158641905626,0.0,0.0,23.695706656995313,0.5,8.5,25.422913962247954,0.25,3.275,536.0328568956074,0.0,0.0,4.603388410716968,0.75,5.25,1.7750648064939565,0.75,3.5250000000000004,9,38.699999999999996,41.66666666666667,362,369.0,MINA UVA,SOCIEDAD DE EXPLORACION Y DESARROLLO MINERO (EXPLODESA),REGIÓN DE VALPARAÍSO,CATEMU,Cobre,Proyecto / exploración,Grande,CATEGORIA B,No identificado,Posible,Revisar,Confirmado,MINA UVA,BODEGA,OXIDOS DE COBRE,VALIDADO,-70.967763,-32.723705,0.234,0.0,sin_clasificar
POL_363,7.520152859485706,0.5,8.25,0.0,1.0,9.9,44.4565700674488,0.0,0.0,26.317852710637144,0.0,0.0,24.108233005731446,0.5,8.5,25.53014116086242,0.25,3.275,536.258334479783,0.0,0.0,4.846819199517526,0.75,5.25,1.9012896852604402,0.75,3.5250000000000004,9,38.699999999999996,41.66666666666667,363,369.0,PLANTA DE CHANCADO EL BOLDO,SOCIEDAD DE EXPLORACION Y DESARROLLO MINERO,REGIÓN DE VALPARAÍSO,CATEMU,Cobre,Planta / procesamiento,Grande,CATEGORIA D,No identificado,Confirmado,Coincide,Confirmado,MINA EL BOLDO,BOTADERO,SULFUROS Y ÓXIDOS DE COBRE,VALIDADO,-70.966804,-32.723258,0.0,2.966,sin_clasificar
POL_364,8.375222306952521,0.5,8.25,0.0,1.0,9.9,44.85039901752056,0.0,0.0,30.445006831474863,0.0,0.0,27.830800762933247,0.25,4.25,23.167910244260895,0.5,6.55,540.5034060102622,0.0,0.0,9.26369792493933,0.5,3.5,6.128109002069888,0.25,1.175,9,33.625,33.33333333333333,364,369.0,MINA CARDENILLA,SOCIEDAD DE EXPLORACION Y DESARROLLO MINERO (EXPLODESA),REGIÓN DE VALPARAÍSO,CATEMU,Cobre,Mina / faena,Grande,SIN CATEGORIA,No identificado,Posible,Revisar,Confirmado,MINA CARDENILLA,MINA CARDENILLA,OXIDOS DE COBRE,VALIDADO,-70.992766,-32.684695,1.103,0.0,sin_clasificar
POL_365,5.7883862540551005,0.5,8.25,0.0,1.0,9.9,36.886549853409456,0.0,0.0,23.920089736043575,0.25,3.0,22.562370459812,0.5,8.5,31.245835184298176,0.25,3.275,537.1029105812029,0.0,0.0,7.106548066592309,0.5,3.5,1.8469446796797508,0.75,3.5250000000000004,9,39.949999999999996,41.66666666666667,365,121.0,ÑILHUE,MINERA MELON S.A.,REGIÓN DE VALPARAÍSO,CATEMU,Áridos,Cantera,Grande,CATEGORIA C,No identificado,Posible,Revisar,Confirmado,ÑILHUE,CANTERA EL ÑILHUE/BOTADERO,CALIZA,VALIDADO,-70.8865,-32.7207,0.214,0.0,sin_clasificar
POL_366,0.0,1.0,16.5,0.0,1.0,9.9,27.717146876057175,0.0,0.0,26.362751818889926,0.0,0.0,25.714119435600384,0.25,4.25,39.728755105491004,0.25,3.275,541.0532434527868,0.0,0.0,6.52177218427852,0.5,3.5,1.4132241064728965,0.75,3.5250000000000004,9,40.949999999999996,41.66666666666667,366,280.0,PLANTA BELLAVISTA,MINERA PAKMIN SPA,REGIÓN DE VALPARAÍSO,SAN FELIPE,Cobre,Planta / procesamiento,Micro,CATEGORIA D,No identificado,Confirmado,Coincide,Confirmado,MINAS Y PLANTA BELLAVISTA,PLANTA BELLAVISTA,SULFUROS DE COBRE,VALIDADO,-70.789865,-32.689195,0.0,0.0,sin_clasificar
POL_367,8.678931354770153,0.5,8.25,0.0,1.0,9.9,56.66592966987212,0.0,0.0,37.79780389002294,0.0,0.0,10.762396017621999,0.5,8.5,4.681823081614013,0.75,9.825,540.7677363532567,0.0,0.0,4.307645437496753,0.75,5.25,4.193455527333804,0.5,2.35,9,44.074999999999996,44.44444444444444,367,286.0,MINA EL SOLDADO,ANGLO AMERICAN SUR S.A.,REGIÓN DE VALPARAÍSO,NOGALES,Cobre,Mina / faena,Grande,CATEGORIA A,No identificado,Posible,Revisar,Confirmado,DIVISION EL SOLDADO,PROYECTO HSH-W,COBRE - MOLIBDENO,VALIDADO,-71.169739,-32.666912,0.32,0.0,sin_clasificar
POL_368,12.990463702618378,0.25,4.125,2.3200148532824647,0.75,7.425000000000001,65.2288573699563,0.0,0.0,42.731552438669524,0.0,0.0,8.98202859511613,0.5,8.5,3.2477235799114217,0.75,9.825,542.249555932219,0.0,0.0,2.960974626609186,0.75,5.25,2.4336310527155844,0.5,2.35,9,37.475,38.88888888888889,368,94.0,MINA EL NAVIO,MELON S.A.,REGIÓN DE VALPARAÍSO,NOGALES,No informado,Mina / faena,Grande,CATEGORIA C,No identificado,Posible,Revisar,Confirmado,MINA NAVIO,MINA NAVIO,CALIZA,VALIDADO,-71.18043,-32.671138,1.175,1.154,sin_clasificar
POL_369,0.16208474338925236,1.0,16.5,0.0,1.0,9.9,55.698881362089985,0.0,0.0,29.037579765737263,0.0,0.0,18.0013717968092,0.5,8.5,16.45955971289732,0.5,6.55,532.8028811388523,0.0,0.0,6.962645814930886,0.5,3.5,3.786445566874103,0.5,2.35,9,47.3,44.44444444444444,369,286.0,MINA CAQUICITO,ANGLO AMERICAN SUR S.A.,REGIÓN DE VALPARAÍSO,NOGALES,Cobre,Proyecto / exploración,Grande,CATEGORIA A,No identificado,Confirmado,Coincide,Confirmado,DIVISION EL SOLDADO,MINA CAQUICITO,SULFUROS DE COBRE,VALIDADO,-71.08974,-32.747092,0.005,0.0,sin_clasificar
POL_371,0.16834350164735756,1.0,16.5,0.0,1.0,9.9,0.0,1.0,13.3,0.8328429869044944,1.0,12.0,0.0,1.0,17.0,45.576810128397724,0.25,3.275,495.51843925624036,0.0,0.0,1.7057959527000786,1.0,7.0,0.0,1.0,4.7,9,83.67500000000001,80.55555555555556,371,29.0,CODELCO - DIVISION ANDINA,CODELCO,REGIÓN DE VALPARAÍSO,LOS ANDES,Cobre,Instalación minera,Grande,CATEGORIA A,No identificado,Posible,Revisar,Confirmado,CODELCO CHILE DIVISION ANDINA,TÚNEL DE ACCESO A TORRE DE EVACUACIÓN / EMBALSE LOS LEONES,COBRE - MOLIBDENO,VALIDADO,-70.603259,-32.834211,34.942,0.0,sin_clasificar
POL_372,0.5415583737790456,1.0,16.5,0.0,1.0,9.9,0.0,1.0,13.3,0.0,1.0,12.0,0.0,1.0,17.0,34.84899538675169,0.25,3.275,487.3450372267083,0.0,0.0,16.182909609677655,0.25,1.75,0.9685678482366937,0.75,3.5250000000000004,9,77.25000000000001,69.44444444444444,372,285.0,LOS BRONCES - ANGLO AMERICAN SUR S.A.,ANGLO AMERICAN SUR S.A.,REGIÓN METROPOLITANA DE SANTIAGO,LO BARNECHEA,Cobre,Instalación minera,Grande,CATEGORIA A,No identificado,Confirmado,Coincide,Confirmado,LOS BRONCES-LAS TÓRTOLAS,MINA LOS BRONCES/POLVORÍN,COBRE - MOLIBDENO,VALIDADO,-70.3244411,-33.1674435,0.0,0.0,sin_clasificar
POL_374,31.134527060872646,0.0,0.0,19.476234151453106,0.25,2.475,0.0,1.0,13.3,62.4125748683713,0.0,0.0,62.12401647965446,0.0,0.0,96.67512974727329,0.0,0.0,570.1664587893454,0.0,0.0,46.94921644182992,0.0,0.0,30.99721179674603,0.0,0.0,9,15.775,13.88888888888889,374,332.0,MINERA PIMENTÓN,COMPAÑIA MINERA PIMENTON,REGIÓN DE VALPARAÍSO,SAN ESTEBAN,Cobre,Instalación minera,No informado,CATEGORIA B,No identificado,Posible,Revisar,Confirmado,MINA PIMENTON,PLANTA/LABORATORIO,ORO - COBRE,VALIDADO,-70.59439469,-32.83545485,52.488,0.0,sin_clasificar
POL_375,4.410951323388587,0.75,12.375,0.0020269743108891677,1.0,9.9,75.92008646643144,0.0,0.0,31.964849877943852,0.0,0.0,7.990430894343076,0.5,8.5,20.960993059667505,0.5,6.55,516.8107662114352,0.0,0.0,0.0,1.0,7.0,2.075015480176433,0.5,2.35,9,46.675,47.22222222222222,375,206.0,ARIDOS BOCO,ARIDOS BOCO LIMITADA,REGIÓN DE VALPARAÍSO,QUILLOTA,Áridos,Extracción de áridos,Mediana,CATEGORIA D,No identificado,Posible,Coincide,Sin coincidencia,LAS PIRITAS 1 AL 10,LAS PIRITAS 1 AL 10,SULFUROS Y ÓXIDOS DE COBRE,VALIDADO,-71.270444,-32.890097,0.0,2.306,sin_clasificar
POL_376,2.753523923465114,0.75,12.375,0.0,1.0,9.9,87.61953610073587,0.0,0.0,39.82357543099165,0.0,0.0,1.8476705798415423,0.75,12.75,15.434454266955465,0.5,6.55,513.596903516733,0.0,0.0,6.43656567668876,0.5,3.5,3.692006691889725,0.5,2.35,9,47.425,44.44444444444444,376,198.0,ARIDOS SANTA ELISA,ARIDOS SANTA ELISA LTDA,REGIÓN DE VALPARAÍSO,QUILLOTA,Áridos,Extracción de áridos,Micro,CATEGORIA A,No identificado,Posible,Coincide,Sin coincidencia,DOS HERMANOS,DOS HERMANOS,HEMATITA - MAGNETITA - LIMONITA,VALIDADO,-71.39537448,-32.91837154,0.0,1.623,sin_clasificar
POL_377,0.0,1.0,16.5,0.0,1.0,9.9,83.76060646796238,0.0,0.0,35.03447758232072,0.0,0.0,5.074705940674548,0.5,8.5,14.098776585699385,0.5,6.55,511.9596375635744,0.0,0.0,5.197440074807208,0.5,3.5,2.5949811592479435,0.5,2.35,9,47.3,44.44444444444444,377,312.0,EXTRACCION Y PROCESAMIENTO ARIDOS MAGGI,ARIDOS MAGGI LTDA,REGIÓN DE VALPARAÍSO,QUILLOTA,Áridos,Extracción de áridos,Mediana,CATEGORIA D,No identificado,Revisar,Revisar,Sin coincidencia,LAS PIRITAS 1 AL 10,LAS PIRITAS 1 AL 10,SULFUROS Y ÓXIDOS DE COBRE,VALIDADO,-71.34099,-32.919956,1.363,7.383,sin_clasificar
POL_378,2.048994867970035,0.75,12.375,0.0,1.0,9.9,79.52898474835463,0.0,0.0,32.4282272667137,0.0,0.0,8.297920812888496,0.5,8.5,16.02740098356036,0.5,6.55,512.9927213223338,0.0,0.0,2.4874698807945315,0.75,5.25,4.944716699269063,0.5,2.35,9,44.925,44.44444444444444,378,347.0,CANTERA LAS GARZAS,ARIDOS ACONCAGUA LIMITADA,REGIÓN DE VALPARAÍSO,QUILLOTA,Áridos,Extracción de áridos,Grande,CATEGORIA D,No identificado,Revisar,Revisar,Sin coincidencia,MINA VÍA LACTEA 1 AL 10,VÍA LÁCTEA 1 AL 10,FELDESPATO SODICO,VALIDADO,-71.30578145,-32.93099403,0.686,5.136,sin_clasificar
POL_379,6.618679975753851,0.5,8.25,5.198041786718446,0.5,4.95,89.99162906601663,0.0,0.0,54.06587431465897,0.0,0.0,0.0,1.0,17.0,24.414082288440763,0.5,6.55,531.3024803547529,0.0,0.0,2.1949023459170545,0.75,5.25,3.55923297147438,0.5,2.35,9,44.35,41.66666666666667,379,423.0,PLANTA DE FLOTACION LOS MAITENES,COMPAÑIA MINERA TOCOPILLA S.A.,REGIÓN DE VALPARAÍSO,PUCHUNCAVI,Cobre,Planta / procesamiento,Micro,CATEGORIA D,No identificado,Confirmado,Coincide,Confirmado,PLANTA LOS MAITENES,PLANTA LOS MAITENES,SULFUROS DE COBRE,VALIDADO,-71.450547,-32.760451,0.0,3.155,sin_clasificar
POL_380,5.054783071808768,0.5,8.25,0.0,1.0,9.9,93.54077927091942,0.0,0.0,42.73238055705856,0.0,0.0,0.0,1.0,17.0,16.22848500548066,0.5,6.55,512.766086287164,0.0,0.0,1.45137878734562,1.0,7.0,1.0320670525143691,0.75,3.5250000000000004,9,52.224999999999994,52.77777777777778,380,596.0,PLANTA ARENEX,S/I,REGIÓN DE VALPARAÍSO,CONCON,Áridos,Planta / procesamiento,No informado,CATEGORIA D,No identificado,Posible,Coincide,Posible,MINA FREDDY,MINA FREDDY,MAGNETITA,VALIDADO,-71.45411683,-32.9269048,0.0,0.223,sin_clasificar
POL_381,2.9248101413541967,0.75,12.375,0.09141815038353783,1.0,9.9,94.11598290893185,0.0,0.0,53.29100415742664,0.0,0.0,0.0,1.0,17.0,27.927906802654416,0.25,3.275,524.9990309781747,0.0,0.0,1.957314503225202,1.0,7.0,3.461038612356821,0.5,2.35,9,51.9,50.0,381,150.0,ARIDOS SANTA ANGELA,SOC GANADERA Y EXTRACTORA DE ARIDOS SANTA ANGELA LTDA,REGIÓN DE VALPARAÍSO,QUINTERO,Áridos,Extracción de áridos,Pequeña,CATEGORIA A,No identificado,Revisar,Revisar,Sin coincidencia,CODELCO CHILE DIVISION VENTANAS,SALA DE FUERZA,SULFUROS DE COBRE,VALIDADO,-71.5302249,-32.9337434,13.311,5.835,sin_clasificar
POL_382,20.724235876992918,0.25,4.125,6.020566463307662,0.5,4.95,1.7683617606548305,0.75,9.975000000000001,64.33931133259895,0.0,0.0,60.572291158958734,0.0,0.0,79.16009017914837,0.0,0.0,575.2271204958108,0.0,0.0,35.37895058915227,0.0,0.0,16.539083780150953,0.0,0.0,9,19.05,16.666666666666664,382,256.0,VIZCACHITAS,COMPAÑIA MINERA VIZCACHITAS HOLDING,REGIÓN DE VALPARAÍSO,PUTAENDO,Cobre,Instalación minera,No informado,CATEGORIA C,No identificado,Posible,Revisar,Confirmado,VIZCACHITAS,VIZCACHITAS,SULFUROS DE COBRE,VALIDADO,-70.426616,-32.415426,0.198,0.132,sin_clasificar
POL_383,2.1945451650464984,0.75,12.375,0.0,1.0,9.9,87.94611418810462,0.0,0.0,39.67550997613841,0.0,0.0,1.5787314486186257,0.75,12.75,14.919721423809715,0.5,6.55,513.0541879267382,0.0,0.0,6.6236845472116,0.5,3.5,3.932283422750076,0.5,2.35,9,47.425,44.44444444444444,383,597.0,POZO LASTRERO FUNDO LA LIBERTAD,S/I,REGIÓN DE VALPARAÍSO,LIMACHE,Áridos,Extracción de áridos,No informado,CATEGORIA D,No identificado,Posible,Coincide,Sin coincidencia,MINA DOS HERMANOS II 1/2,MINA DOS HERMANOS,MAGNETITA,VALIDADO,-71.3946,-32.92271,0.0,1.62,sin_clasificar
POL_384,2.791417479197445,0.75,12.375,0.0,1.0,9.9,90.14622012556042,0.0,0.0,41.063110797277744,0.0,0.0,1.140535430294128,0.75,12.75,15.518054667121032,0.5,6.55,513.2530072021581,0.0,0.0,4.801006078417375,0.75,5.25,2.1094646939011867,0.5,2.35,9,49.175,47.22222222222222,384,598.0,ARIDOS JORQPARD,S/I,REGIÓN DE VALPARAÍSO,LIMACHE,Áridos,Extracción de áridos,No informado,CATEGORIA D,No identificado,Posible,Coincide,Sin coincidencia,MINA DOS HERMANOS II 1/2,MINA DOS HERMANOS,MAGNETITA,VALIDADO,-71.418698,-32.922585,0.0,0.324,sin_clasificar
POL_385,0.03218443733969,1.0,16.5,0.0,1.0,9.9,84.63707967944178,0.0,0.0,36.164990987680284,0.0,0.0,4.475927514054981,0.75,12.75,14.227304550025693,0.5,6.55,512.2713941792566,0.0,0.0,6.303534967976994,0.5,3.5,2.964332564884103,0.5,2.35,9,51.55,47.22222222222222,385,33.0,MINERA NO METALICA ARIDOS ILUSTRE MUNICIPALIDAD DE LIMACHE,ILUSTRE MUNICIPALIDAD DE LIMACHE,REGIÓN DE VALPARAÍSO,LIMACHE,Áridos,Extracción de áridos,Micro,CATEGORIA D,No identificado,Revisar,Revisar,Sin coincidencia,MINA DOS HERMANOS II 1/2,MINA DOS HERMANOS,MAGNETITA,VALIDADO,-71.34132,-32.93178,0.933,5.656,sin_clasificar
POL_386,3.7331464809207033,0.75,12.375,0.0,1.0,9.9,91.74412823442036,0.0,0.0,41.91072530467947,0.0,0.0,0.2823624443427746,1.0,17.0,15.821602849407514,0.5,6.55,513.0747005634643,0.0,0.0,3.012007950682148,0.75,5.25,0.41048569013718467,1.0,4.7,9,55.775,55.55555555555556,386,444.0,PLANTA DE EXTRACCION DE ARIDOS PETREOS,SOCIEDAD PETREOS S.A.,REGIÓN DE VALPARAÍSO,LIMACHE,Áridos,Planta / procesamiento,Grande,CATEGORIA D,No identificado,Revisar,Revisar,Sin coincidencia,MINA DOS HERMANOS II 1/2,MINA DOS HERMANOS,MAGNETITA,VALIDADO,-71.278666,-32.9879412,16.155,1.658,sin_clasificar
POL_387,0.06251913911351345,1.0,16.5,0.0,1.0,9.9,115.44437161006681,0.0,0.0,35.987293374662784,0.0,0.0,32.30795309763788,0.25,4.25,26.055400939405853,0.25,3.275,474.1143751559233,0.0,0.0,2.643238115734094,0.75,5.25,0.33008975166905175,1.0,4.7,9,43.875,47.22222222222222,387,193.0,ARIDOS TULIO HENRIQUEZ,TRANSPORTES Y ARIDOS TULIO ENRIQUE GUITIERREZ STRANGE E.I.R.L.,REGIÓN DE VALPARAÍSO,ALGARROBO,Áridos,Extracción de áridos,Micro,CATEGORIA D,No identificado,Revisar,Revisar,Sin coincidencia,MINA PEÑAFLOR II,MINA PEÑAFLOR II,ARENA SILICEA,VALIDADO,-71.65935048,-33.28382676,0.596,0.342,sin_clasificar
POL_388,10.869130346170413,0.25,4.125,11.870651347875738,0.25,2.475,97.01035475922781,0.0,0.0,13.249842347734374,0.25,3.0,11.555451992194119,0.5,8.5,12.07996582644531,0.5,6.55,444.39967975261453,0.0,0.0,7.744980185769568,0.5,3.5,5.815076943935222,0.25,1.175,9,29.325000000000003,27.77777777777778,388,531.0,MINA EL TURCO,MIGRIN S.A.,REGIÓN DE VALPARAÍSO,CARTAGENA,Áridos,Mina / faena,Grande,CATEGORIA D,No identificado,Confirmado,Coincide,Confirmado,MINA EL TURCO,MINA EL TURCO,ARENA SILICEA,VALIDADO,-71.481372,-33.539785,0.0,0.0,sin_clasificar
POL_389,4.218219192201018,0.75,12.375,5.259312976649704,0.5,4.95,106.10900709281236,0.0,0.0,9.147242295805558,0.5,6.0,16.713283803023735,0.5,8.5,3.331763896980529,0.75,9.825,441.93564374031007,0.0,0.0,1.5301219605887257,1.0,7.0,2.6634278783776653,0.5,2.35,9,51.0,50.0,389,311.0,PROYECTO EMPRESTITO DE MATERIAL DE TERRAPLEN SANTA ROSA DE LA MAR,EMPRESA CONSTRUCTORA AGUA SANTA SA,REGIÓN DE VALPARAÍSO,SAN ANTONIO,Áridos,Extracción de áridos,Grande,CATEGORIA D,No identificado,Posible,Coincide,Sin coincidencia,MINA SARA 2 PUNTO 2,MINA SARA 2 PUNTO 2,CUARZO,VALIDADO,-71.573421,-33.568219,0.001,4.742,sin_clasificar
POL_390,4.147588317782967,0.75,12.375,0.0,1.0,9.9,108.17037155618232,0.0,0.0,0.004323879737500451,1.0,12.0,12.91589003230074,0.5,8.5,4.289975889201388,0.75,9.825,432.616632766518,0.0,0.0,0.11221062946411282,1.0,7.0,2.087750020137894,0.5,2.35,9,61.949999999999996,61.111111111111114,390,599.0,ARIDOS RIO MAIPO,S/I,REGIÓN DE VALPARAÍSO,SAN ANTONIO,Áridos,Extracción de áridos,No informado,CATEGORIA D,No identificado,Posible,Coincide,Sin coincidencia,MINA SARA 2 PUNTO 2,MINA SARA 2 PUNTO 2,CUARZO,VALIDADO,-71.583401,-33.649298,0.0,10.505,sin_clasificar
POL_391,7.562966843716834,0.5,8.25,0.49565304380090186,1.0,9.9,33.727109616224645,0.0,0.0,0.9748507286598851,1.0,12.0,0.0,1.0,17.0,38.70962668738402,0.25,3.275,500.6166536895566,0.0,0.0,7.812271332511693,0.5,3.5,6.443206582220821,0.25,1.175,9,55.099999999999994,50.0,391,26.0,TRANQUE OVEJERIA,CODELCO,REGIÓN METROPOLITANA DE SANTIAGO,TILTIL,Cobre,Relaves,Grande,CATEGORIA A,No identificado,Posible,Revisar,Posible,CODELCO CHILE DIVISION ANDINA,TRANQUE  OVEJERÍA/TRANQUE DE RELAVES,SULFUROS DE COBRE,VALIDADO,-70.768649,-33.075114,2.922,0.166,sin_clasificar
POL_392,5.0387956093062005,0.5,8.25,0.0,1.0,9.9,45.266700630488096,0.0,0.0,0.0,1.0,12.0,0.0,1.0,17.0,29.12847351307525,0.25,3.275,486.11639219025096,0.0,0.0,0.2920897447827806,1.0,7.0,2.8235196431359664,0.5,2.35,9,59.775,58.333333333333336,392,248.0,ARIDOS TILTIL-FELIPE BRUCHER,COMPAÑIA MINERA E INMOBILIARIA BRUVAL LTDA.,REGIÓN METROPOLITANA DE SANTIAGO,TILTIL,Áridos,Extracción de áridos,Micro,CATEGORIA D,No identificado,Posible,Coincide,Sin coincidencia,EL MACHO,LUBRICANTERA,SULFUROS DE COBRE,VALIDADO,-70.891057,-33.178809,0.0,1.669,sin_clasificar
POL_393,3.843390756473824,0.75,12.375,0.6560144861472594,1.0,9.9,36.4656586009829,0.0,0.0,1.0871748860569515,0.75,9.0,0.0,1.0,17.0,26.217854102617174,0.25,3.275,487.9248818923331,0.0,0.0,0.7168558026413492,1.0,7.0,8.301701390356074,0.25,1.175,9,59.724999999999994,55.55555555555556,393,242.0,SERCAL MINERALS,EXPLORACION Y COMERCIALIZACION DE MINERALES SERCAL SPA,REGIÓN METROPOLITANA DE SANTIAGO,LAMPA,Carbonato de Calcio,Instalación minera,No informado,CATEGORIA D,No identificado,Posible,Coincide,Posible,MINA SAN JOSÉ 1-12,INSTALACIÓN FAENA SAN JOSÉ 1-12,CARBONATO DE CALCIO BLANCO,VALIDADO,-70.798242,-33.171727,0.0,0.088,sin_clasificar
POL_394,4.167945559456795,0.75,12.375,0.8331329349923756,1.0,9.9,36.212363462803076,0.0,0.0,1.2821713445463092,0.75,9.0,0.0,1.0,17.0,26.401450408033856,0.25,3.275,488.1929065247959,0.0,0.0,0.2380499005367993,1.0,7.0,8.48964268418422,0.25,1.175,9,59.724999999999994,55.55555555555556,394,600.0,CACHINALES,MINERA LEALTAD LTDA.,REGIÓN METROPOLITANA DE SANTIAGO,TILTIL,Carbonato de Calcio,Proyecto / exploración,No informado,CATEGORIA D,No identificado,Posible,Revisar,Confirmado,CACHINALES,PLANTA TRITURADORA,CARBONATO DE CALCIO BLANCO,VALIDADO,-70.792964,-33.16542,0.218,0.0,sin_clasificar
POL_395,20.181421415275846,0.25,4.125,0.0,1.0,9.9,24.335665589793173,0.25,3.325,0.2218512288004234,1.0,12.0,0.0,1.0,17.0,37.34933928508142,0.25,3.275,501.34446275554524,0.0,0.0,12.769780414139465,0.5,3.5,3.429995602858695,0.5,2.35,9,55.475,52.77777777777778,395,106.0,PLANTA DE TRATAMIENTO CANTERA CHACABUCO,CANTERAS CHACABUCO S.A.,REGIÓN METROPOLITANA DE SANTIAGO,COLINA,Áridos,Cantera,Micro,CATEGORIA C,No identificado,Posible,Coincide,Sin coincidencia,PLANTA DE CHANCADO CELSOUTH,PLANTA DE CHANCADO CELSOUTH,SULFUROS DE COBRE,VALIDADO,-70.68009422,-33.058455,0.034,6.19,sin_clasificar
POL_396,15.836641417073556,0.25,4.125,2.9268618494770604,0.75,7.425000000000001,27.32951585328947,0.0,0.0,0.24034521910464485,1.0,12.0,0.0,1.0,17.0,42.662678422470044,0.25,3.275,506.4751512077313,0.0,0.0,15.06419836780938,0.25,1.75,2.1309769535509107,0.5,2.35,9,47.925,44.44444444444444,396,463.0,DCP TECNOQUIMICA S.A. (RECUPERACION DE POLVOS DE ACERO)-COLINA,DCP TECNOQUIMICA S.A.,REGIÓN METROPOLITANA DE SANTIAGO,COLINA,Hierro,Instalación minera,No informado,CATEGORIA C,No identificado,Posible,Coincide,Sin coincidencia,PLANTA DE CHANCADO CELSOUTH,PLANTA DE CHANCADO CELSOUTH,SULFUROS DE COBRE,VALIDADO,-70.704981,-33.011067,0.0,0.338,sin_clasificar
POL_397,9.934568595027798,0.5,8.25,0.29578838750872527,1.0,9.9,28.782623703927296,0.0,0.0,1.6805142920617384,0.75,9.0,0.0,1.0,17.0,5.557765848928348,0.75,9.825,469.5530613726845,0.0,0.0,0.44363803361100407,1.0,7.0,3.457513669902456,0.5,2.35,9,63.324999999999996,61.111111111111114,397,403.0,PROCESAMIENTO DE ARIDOS-POZO PRINCESA,MUSALEM BENDEK MAQUINARIAS LTDA.,REGIÓN METROPOLITANA DE SANTIAGO,QUILICURA,Áridos,Extracción de áridos,Mediana,CATEGORIA D,No identificado,Posible,Coincide,Sin coincidencia,PLANTA DE CATODOS LA CAMPANA,PLANTA DE CATODOS LA CAMPANA,ESFALERITA,VALIDADO,-70.69603,-33.345681,0.0,7.02,sin_clasificar
POL_398,14.105567882046353,0.25,4.125,2.1831745022593303,0.75,7.425000000000001,31.677795117583273,0.0,0.0,0.0296900255872502,1.0,12.0,0.0,1.0,17.0,12.555130524993368,0.5,6.55,476.50284314736064,0.0,0.0,0.0,1.0,7.0,3.029007711725358,0.5,2.35,9,56.449999999999996,55.55555555555556,398,205.0,ARIDOS VICENTE GALAZ,ARIDOS VICENTE GALAZ SPA,REGIÓN METROPOLITANA DE SANTIAGO,COLINA,Áridos,Extracción de áridos,Micro,CATEGORIA A,No identificado,Posible,Coincide,Sin coincidencia,LOS BRONCES-LAS TÓRTOLAS,Tranque Las Tórtolas/Piscinas de traspaso Muro Este,COBRE - MOLIBDENO,VALIDADO,-70.681111,-33.286667,0.015,7.455,sin_clasificar
POL_400,18.661328025425057,0.25,4.125,0.794814611309034,1.0,9.9,20.892454800963755,0.25,3.325,0.0,1.0,12.0,0.0,1.0,17.0,24.81323575508873,0.5,6.55,488.10733012258277,0.0,0.0,2.281123740419437,0.75,5.25,1.6745081996870002,0.75,3.5250000000000004,9,61.675,61.111111111111114,400,218.0,EXTRACCION DE ARIDOS EN RIO COLINA- COLINA,PROCESADORA DE AR IDOS LIMITADA,REGIÓN METROPOLITANA DE SANTIAGO,COLINA,Áridos,Extracción de áridos,No informado,CATEGORIA A,No identificado,Revisar,Revisar,Sin coincidencia,LOS BRONCES-LAS TÓRTOLAS,PLANTA LAS TÓRTOLAS/REMOLIENDA PLANTA 1,COBRE - MOLIBDENO,VALIDADO,-70.616419,-33.18573,0.216,9.374,sin_clasificar
POL_401,11.90450027190795,0.25,4.125,0.0,1.0,9.9,30.19222886370618,0.0,0.0,0.8321270990184864,1.0,12.0,0.0,1.0,17.0,9.657921575208784,0.75,9.825,473.59232685058095,0.0,0.0,0.3493783435403611,1.0,7.0,0.1398076302201417,1.0,4.7,9,64.55,66.66666666666666,401,202.0,PROCESAMIENTO DE ARIDOS QUARZO-COLINA,INMOBILIARIA LA RESERVA LIMITADA,REGIÓN METROPOLITANA DE SANTIAGO,COLINA,Áridos,Extracción de áridos,Grande,CATEGORIA D,No identificado,Revisar,Revisar,Sin coincidencia,PLANTA DE CATODOS LA CAMPANA,PLANTA DE CATODOS LA CAMPANA,ESFALERITA,VALIDADO,-70.699443,-33.317574,1.18,8.156,sin_clasificar
POL_402,10.378068131711183,0.25,4.125,0.4163625994259821,1.0,9.9,28.13412975889962,0.0,0.0,1.0871412043537163,0.75,9.0,0.0,1.0,17.0,10.17701198297052,0.5,6.55,473.5883796200782,0.0,0.0,0.0,1.0,7.0,1.6650248298181347,0.75,3.5250000000000004,9,57.099999999999994,58.333333333333336,402,492.0,PLANTA DE PROCESAMIENTO Y EXTRACCION DE ROCAS CANTERA CERRO PORTEZUELO COLINA,ARIDOS QUINTAY S.A.,REGIÓN METROPOLITANA DE SANTIAGO,COLINA,Áridos,Planta / procesamiento,No informado,CATEGORIA A,No identificado,Revisar,Revisar,Sin coincidencia,LOS BRONCES-LAS TÓRTOLAS,Tranque Las Tórtolas/Piscinas de traspaso Muro Este,COBRE - MOLIBDENO,VALIDADO,-70.711268,-33.316893,3.883,7.817,sin_clasificar
POL_403,0.0,1.0,16.5,0.0,1.0,9.9,62.267129849600906,0.0,0.0,0.0,1.0,12.0,0.0,1.0,17.0,64.74287879313562,0.0,0.0,379.75000419010587,0.0,0.0,6.22588466295098,0.5,3.5,2.2275512747640986,0.5,2.35,9,61.25,55.55555555555556,403,26.0,EMBALSE DE RELAVES CAREN - EL TENIENTE,CODELCO,REGIÓN METROPOLITANA DE SANTIAGO,ALHUE,Cobre,Instalación minera,Grande,CATEGORIA A,No identificado,Confirmado,Coincide,Confirmado,CODELCO CHILE DIVISION EL TENIENTE,022 EMBALSE DE RELAVES CAREN,SULFUROS DE COBRE,VALIDADO,-71.18439375,-34.0939805,0.0,0.0,sin_clasificar
POL_404,0.0,1.0,16.5,0.0,1.0,9.9,60.46120548043561,0.0,0.0,0.0,1.0,12.0,0.0,1.0,17.0,59.37959452776723,0.0,0.0,388.6022783960263,0.0,0.0,3.9928777932160022,0.75,5.25,4.847850621066829,0.5,2.35,9,63.0,58.333333333333336,404,200.0,MINA LA FLORIDA,MIENRA FLORIDA LIMITADA,REGIÓN METROPOLITANA DE SANTIAGO,ALHUE,Oro y Plata,Instalación minera,Grande,CATEGORIA A,No identificado,Confirmado,Coincide,Confirmado,MINERA FLORIDA,ESTANQUES AUSTRALIANOS,ORO - CINC,VALIDADO,-71.027923,-34.034335,0.0,0.0,sin_clasificar
POL_405,19.575109600740596,0.25,4.125,3.694552934715535,0.75,7.425000000000001,33.10370690810142,0.0,0.0,0.0,1.0,12.0,0.0,1.0,17.0,10.899788905492587,0.5,6.55,432.7141577583684,0.0,0.0,2.1104255324712926,0.75,5.25,2.504568615949366,0.5,2.35,9,54.699999999999996,52.77777777777778,405,601.0,ARIDOS ARCOIRIS - BUIN,ARIDOS ARCOIRIS SPA,REGIÓN METROPOLITANA DE SANTIAGO,BUIN,Áridos,Extracción de áridos,No informado,CATEGORIA D,No identificado,Posible,Coincide,Sin coincidencia,PLACERES DEL MAIPO,EXPLORACIÓN,ORO METÁLICO O NATIVO,VALIDADO,-70.711646,-33.681132,0.011,0.158,sin_clasificar
POL_406,19.530787498303752,0.25,4.125,3.5827691333807503,0.75,7.425000000000001,33.54344446256684,0.0,0.0,0.0,1.0,12.0,0.0,1.0,17.0,11.219568723740215,0.5,6.55,431.54234146032525,0.0,0.0,2.461404217716944,0.75,5.25,1.4898804190630472,0.75,3.5250000000000004,9,55.87499999999999,55.55555555555556,406,602.0,PLACERES DEL MAIPO,SOCIEDAD LEGAL MINERA SANTA CECILIA,REGIÓN METROPOLITANA DE SANTIAGO,BUIN,Oro,Extracción de áridos,No informado,CATEGORIA D,No identificado,Posible,Coincide,Posible,PLACERES DEL MAIPO,"EXPLORACIÓN PROPIEDADES MINERAS SANTA CECILIA, PROYECTO PLACERES DEL MAIPO - SC4",ORO METÁLICO O NATIVO,VALIDADO,-70.715066,-33.685767,0.0,0.0,sin_clasificar
POL_407,17.665074098488063,0.25,4.125,2.1386229508371306,0.75,7.425000000000001,30.680234675685934,0.0,0.0,0.0,1.0,12.0,0.0,1.0,17.0,8.381760412460244,0.75,9.825,434.5818913579929,0.0,0.0,1.6525437677871353,1.0,7.0,4.469850782799687,0.5,2.35,9,59.725,58.333333333333336,407,310.0,LAVADERO DE ORO MECANIZADO SANTA CECILIA,JORGE ALBERTO GONZÁLEZ PIAZRRO,REGIÓN METROPOLITANA DE SANTIAGO,BUIN,Áridos,Extracción de áridos,Grande,CATEGORIA D,No identificado,Posible,Revisar,Posible,LAVADERO DE ORO MECANIZADO SANTA CECILIA TRES,LAVADERO,ORO METÁLICO O NATIVO,VALIDADO,-70.7055565,-33.670521,0.83,0.0,sin_clasificar
POL_408,18.95133110843776,0.25,4.125,3.3907373679035553,0.75,7.425000000000001,31.946359301942206,0.0,0.0,0.0,1.0,12.0,0.0,1.0,17.0,9.746963465720617,0.75,9.825,434.3770312113573,0.0,0.0,1.6461672922391108,1.0,7.0,4.181836075970932,0.5,2.35,9,59.725,58.333333333333336,408,208.0,EXTRACCION DE ARIDOS EN RIO MAIPO-BUIN,MMNN EXPLOTADORA DE ARIDOS S.A.,REGIÓN METROPOLITANA DE SANTIAGO,BUIN,Áridos,Extracción de áridos,No informado,CATEGORIA D,No identificado,Revisar,Revisar,Sin coincidencia,PLACERES DEL MAIPO,EXPLORACIÓN,ORO METÁLICO O NATIVO,VALIDADO,-70.690859,-33.664059,0.902,1.746,sin_clasificar
POL_409,15.600718865074805,0.25,4.125,0.37248589308002766,1.0,9.9,28.26199403827149,0.0,0.0,0.0,1.0,12.0,0.0,1.0,17.0,5.857169980609294,0.75,9.825,435.79467798932046,0.0,0.0,0.40350249712922454,1.0,7.0,2.0473874086708372,0.5,2.35,9,62.199999999999996,61.111111111111114,409,207.0,EXTRACCION DE ARIDOS PUENTE LOS MORROS - BUIN,ALVA ARIDOS S.A.,REGIÓN METROPOLITANA DE SANTIAGO,BUIN,Áridos,Extracción de áridos,No informado,CATEGORIA D,No identificado,Revisar,Revisar,Sin coincidencia,LAVADERO DE ORO MECANIZADO SANTA CECILIA TRES,LAVADERO,ORO METÁLICO O NATIVO,VALIDADO,-70.69303,-33.693009,4.685,3.184,sin_clasificar
POL_410,17.397676439105705,0.25,4.125,2.0978534804258397,0.75,7.425000000000001,29.975526055782485,0.0,0.0,0.0,1.0,12.0,0.0,1.0,17.0,7.739687069042785,0.75,9.825,435.2621128686409,0.0,0.0,1.1575912399565615,1.0,7.0,4.012186610678895,0.5,2.35,9,59.725,58.333333333333336,410,361.0,EXTRACCION DE ARIDOS SANTA GLORIA- SAN BERNARDO,ARENEX S.A.,REGIÓN METROPOLITANA DE SANTIAGO,SAN BERNARDO,Áridos,Extracción de áridos,Grande,CATEGORIA D,No identificado,Revisar,Revisar,Sin coincidencia,LAVADERO DE ORO MECANIZADO SANTA CECILIA UNO,LAVADERO,ORO METÁLICO O NATIVO,VALIDADO,-70.758957,-33.701232,7.584,3.545,sin_clasificar
POL_411,20.752903126961755,0.25,4.125,1.5193141471680223,0.75,7.425000000000001,36.61318929709228,0.0,0.0,0.0,1.0,12.0,0.0,1.0,17.0,14.226706210580472,0.5,6.55,429.9093173436366,0.0,0.0,0.564856419364443,1.0,7.0,1.8019749964194347,0.75,3.5250000000000004,9,57.62499999999999,58.333333333333336,411,483.0,EXTRACCION DE ARIDOS EL HUITE-BUIN,EL HUITE S.A./RELLENOS DEL MAIPO S.A.,REGIÓN METROPOLITANA DE SANTIAGO,BUIN,Áridos,Extracción de áridos,No informado,CATEGORIA D,No identificado,Posible,Revisar,Posible,LA VARA,EXPLOTACIÓN PROPIEDADES MINERAS ELIZA BEATRIZ,ORO - COBRE,VALIDADO,-70.745802,-33.699105,0.216,0.672,sin_clasificar
POL_412,20.921830473885613,0.25,4.125,1.1494993652721681,0.75,7.425000000000001,41.78933620660607,0.0,0.0,0.0,1.0,12.0,0.0,1.0,17.0,19.45766546795934,0.5,6.55,426.99031341068275,0.0,0.0,2.777969686289693,0.75,5.25,0.6985540460586533,0.75,3.5250000000000004,9,55.87499999999999,55.55555555555556,412,154.0,EXTRACCION DE ARIDOS PARA HORMIGON-BUIN,COMPAÑIA MINERA EL TEMPLE LIMITADA,REGIÓN METROPOLITANA DE SANTIAGO,BUIN,Áridos,Extracción de áridos,Pequeña,CATEGORIA D,No identificado,Posible,Coincide,Sin coincidencia,PLACERES DEL MAIPO,"EXPLORACIÓN PROPIEDADES MINERAS SANTA CECILIA, PROYECTO PLACERES DEL MAIPO - SC4",ORO METÁLICO O NATIVO,VALIDADO,-70.780877,-33.724196,0.045,7.956,sin_clasificar
POL_413,19.916886560127562,0.25,4.125,0.44645418530272213,1.0,9.9,42.18116057695995,0.0,0.0,0.0,1.0,12.0,0.0,1.0,17.0,19.911536680118292,0.5,6.55,426.7060948864215,0.0,0.0,3.5287065025629665,0.75,5.25,1.2781441937432265,0.75,3.5250000000000004,9,58.349999999999994,58.333333333333336,413,228.0,EXTRACCION DE ARIDOS TEMPLE- SAN BERNARDO,ECOLOGICAL SYSTEMS S.A.,REGIÓN METROPOLITANA DE SANTIAGO,SAN BERNARDO,Áridos,Extracción de áridos,Micro,CATEGORIA D,No identificado,Revisar,Revisar,Sin coincidencia,LA VARA,EXPLOTACIÓN PROPIEDADES MINERAS ELIZA BEATRIZ,ORO - COBRE,VALIDADO,-70.78578083,-33.71895149,0.409,4.12,sin_clasificar
POL_414,22.18338086704154,0.25,4.125,0.7112088214000726,1.0,9.9,40.28333621043232,0.0,0.0,0.0,1.0,12.0,0.0,1.0,17.0,18.051638105865372,0.5,6.55,428.6040338134803,0.0,0.0,2.577620629810422,0.75,5.25,2.2576977633012807,0.5,2.35,9,57.175,55.55555555555556,414,318.0,PROCESAMIENTO DE ARIDOS MINERA ROSARIO- SAN BERNARDO,SOCIEDAD MINERA ROSARIO LIMITADA,REGIÓN METROPOLITANA DE SANTIAGO,SAN BERNARDO,Áridos,Extracción de áridos,Grande,CATEGORIA D,No identificado,Revisar,Revisar,Sin coincidencia,LA VARA,EXPLOTACIÓN PROPIEDADES MINERAS ELIZA BEATRIZ,ORO - COBRE,VALIDADO,-70.7736,-33.7072,0.272,2.232,sin_clasificar
POL_415,22.196279706057997,0.25,4.125,0.8904256828797656,1.0,9.9,40.386967276829985,0.0,0.0,0.0,1.0,12.0,0.0,1.0,17.0,18.132215532399734,0.5,6.55,428.5066136355416,0.0,0.0,2.5739434152385425,0.75,5.25,2.170046562736861,0.5,2.35,9,57.175,55.55555555555556,415,415.0,EXTRACCION DE ARIDOS KM 45-65 SECTOR PUENTE MAIPO (HORMIGONES TRANSEX)-SAN BERNARDO,HORMIGONES TRANSEX LIMITADA,REGIÓN METROPOLITANA DE SANTIAGO,SAN BERNARDO,Áridos,Extracción de áridos,Grande,CATEGORIA D,No identificado,Revisar,Revisar,Sin coincidencia,LA VARA,EXPLOTACIÓN PROPIEDADES MINERAS ELIZA BEATRIZ,ORO - COBRE,VALIDADO,-70.7726,-33.7143,0.307,2.329,sin_clasificar
POL_416,13.85367870362259,0.25,4.125,3.5195632388063802,0.75,7.425000000000001,27.20741394686946,0.0,0.0,1.1653427640643936,0.75,9.0,0.0,1.0,17.0,5.838764336479497,0.75,9.825,448.4168278195284,0.0,0.0,0.04107752230373503,1.0,7.0,3.612118663475213,0.5,2.35,9,56.725,55.55555555555556,416,326.0,PLANTA DE PROCESAMIENTO Y EXTRACCION DE ARIDOS (MEGARIDOS)-SAN BERNARDO,MELON ARIDOS LIMITADA,REGIÓN METROPOLITANA DE SANTIAGO,SAN BERNARDO,Áridos,Planta / procesamiento,Grande,CATEGORIA D,No identificado,Posible,Coincide,Sin coincidencia,MINA AURORA 1 AL 14,PLANTA AURORA 1 AL 14,ORO - COBRE,VALIDADO,-70.731748,-33.534393,0.0,7.843,sin_clasificar
POL_417,13.867687657080058,0.25,4.125,3.543602111075218,0.75,7.425000000000001,27.01231899073253,0.0,0.0,1.06476177305379,0.75,9.0,0.0,1.0,17.0,5.693131365636822,0.75,9.825,448.4409462089578,0.0,0.0,0.0,1.0,7.0,3.6361034994599497,0.5,2.35,9,56.725,55.55555555555556,417,413.0,EXTRACCION DE ARIDOS MINERA SANTA LAURA-SAN BERNARDO,MINERA SANTA LAURA LIMITADA,REGIÓN METROPOLITANA DE SANTIAGO,SAN BERNARDO,Áridos,Extracción de áridos,Grande,CATEGORIA D,No identificado,Revisar,Revisar,Sin coincidencia,MINA AURORA 1 AL 14,BOTADERO AURORA 1 AL 14,ORO - COBRE,VALIDADO,-70.799572,-33.734692,23.344,8.111,sin_clasificar
POL_418,16.70880312910802,0.25,4.125,2.460616489500653,0.75,7.425000000000001,26.47091121877415,0.0,0.0,0.37103160994733414,1.0,12.0,0.0,1.0,17.0,5.078201704645563,0.75,9.825,438.3109205769258,0.0,0.0,0.11826786044363569,1.0,7.0,2.7425578888610174,0.5,2.35,9,59.725,58.333333333333336,418,479.0,MINERA LOS ESTEROS DE MARGA MARGA S.A. (RECUPERACION DE POZO DE EXTRACCION DE ARIDOS EN ABANDONO),INDUSTRIAL Y MINERA LOS ESTEROS DE MARGA MARGA SA,REGIÓN METROPOLITANA DE SANTIAGO,SAN BERNARDO,Áridos,Extracción de áridos,Grande,CATEGORIA D,No identificado,Posible,Coincide,Sin coincidencia,LAVADERO DE ORO MECANIZADO SANTA CECILIA UNO,LAVADERO,ORO METÁLICO O NATIVO,VALIDADO,-70.664737,-33.630362,0.0,6.88,sin_clasificar
POL_419,17.06391135446721,0.25,4.125,0.0,1.0,9.9,31.745764920632908,0.0,0.0,0.0,1.0,12.0,0.0,1.0,17.0,11.232778077188442,0.5,6.55,440.3486853395953,0.0,0.0,2.3220812343861184,0.75,5.25,1.0718263774029744,0.75,3.5250000000000004,9,58.349999999999994,58.333333333333336,419,273.0,EXPLORACION DE MINERA AURORA-SAN BERNARDO,MINERA ENTRE TIERRAS LIMITADA,REGIÓN METROPOLITANA DE SANTIAGO,SAN BERNARDO,Oro,Proyecto / exploración,No informado,CATEGORIA D,No identificado,Confirmado,Coincide,Confirmado,MINA AURORA 1 AL 14,PLANTA AURORA 1 AL 14,ORO - COBRE,VALIDADO,-70.745641,-33.607859,0.0,0.0,sin_clasificar
POL_420,16.55227973463652,0.25,4.125,1.3869871409209305,0.75,7.425000000000001,29.18255081950766,0.0,0.0,0.0,1.0,12.0,0.0,1.0,17.0,6.880671190772142,0.75,9.825,435.6070572394364,0.0,0.0,0.9795419828244724,1.0,7.0,3.1191236468763535,0.5,2.35,9,59.725,58.333333333333336,420,410.0,EXTRACCION DE ARIDOS SECTOR PUENTE LOS MORROS (ARENAS Y RIPIOS SANTIAGO LTDA.)-SAN BERNARDO,MORTEROS Y ARIDOS DRY MIX LTDA.,REGIÓN METROPOLITANA DE SANTIAGO,SAN BERNARDO,Áridos,Extracción de áridos,Grande,CATEGORIA D,No identificado,Revisar,Revisar,Sin coincidencia,LAVADERO DE ORO MECANIZADO SANTA CECILIA UNO,LAVADERO,ORO METÁLICO O NATIVO,VALIDADO,-70.717079,-33.673979,3.88,4.643,sin_clasificar
POL_421,12.521527746160803,0.25,4.125,5.670491099022611,0.5,4.95,33.76444649310456,0.0,0.0,0.4874852308086325,1.0,12.0,0.0,1.0,17.0,19.867842313835567,0.5,6.55,420.85166745623644,0.0,0.0,1.0679643689038614,1.0,7.0,3.066656827195814,0.5,2.35,9,53.975,52.77777777777778,421,34.0,EXTRACCION DE ARIDOS POZO LA SANCHINA-BUIN,ILUSTRE MUNICIPALIDAD DE BUIN,REGIÓN METROPOLITANA DE SANTIAGO,BUIN,Áridos,Extracción de áridos,Micro,CATEGORIA D,No identificado,Posible,Coincide,Sin coincidencia,PLACERES DEL MAIPO,"EXPLORACIÓN PROPIEDADES MINERAS SANTA CECILIA, PROYECTO PLACERES DEL MAIPO - SC4",ORO METÁLICO O NATIVO,VALIDADO,-70.710348,-33.786514,0.0,11.374,sin_clasificar
POL_422,13.076163244799623,0.25,4.125,2.8716153788954393,0.75,7.425000000000001,45.70760142553343,0.0,0.0,0.0,1.0,12.0,0.0,1.0,17.0,26.555502205638568,0.25,3.275,420.915061372336,0.0,0.0,2.8799945086679637,0.75,5.25,3.161523220039773,0.5,2.35,9,51.425,50.0,422,413.0,EXPLOTACION DE ARIDOS MINERA SANTA LAURA-BUIN (RIO MAIPO KM 1650),MINERA SANTA LAURA LIMITADA,REGIÓN METROPOLITANA DE SANTIAGO,ISLA DE MAIPO,Áridos,Extracción de áridos,Grande,CATEGORIA D,No identificado,Revisar,Revisar,Sin coincidencia,CONCESIÓN RIO MAIPO II 1/2,CONCESION RIO MAIPO II 1/12,SULFURO AURÍFERO,VALIDADO,-70.83073966,-33.752863,1.866,13.182,sin_clasificar
POL_423,14.057865666578072,0.25,4.125,2.9118227033975934,0.75,7.425000000000001,32.56022408325965,0.0,0.0,2.083127731893671,0.75,9.0,0.0,1.0,17.0,5.005571496225412,0.75,9.825,466.26200422796046,0.0,0.0,0.0,1.0,7.0,4.865659644536456,0.5,2.35,9,56.725,55.55555555555556,423,522.0,MINERALES HARBOLITE CHILE LTDA. - QUILICURA,IMERYS MINERALES CHILE SPA/IMERYS MINERALES SANTIAGO LIMITADA,REGIÓN METROPOLITANA DE SANTIAGO,QUILICURA,No informado,Instalación minera,Grande,CATEGORIA D,No identificado,Revisar,Revisar,Sin coincidencia,PLANTA DE CATODOS LA CAMPANA,PLANTA DE CATODOS LA CAMPANA,ESFALERITA,VALIDADO,-70.808769,-35.806488,269.134,3.823,sin_clasificar
POL_424,7.747660598534684,0.5,8.25,5.578780916043838,0.5,4.95,36.64937481927683,0.0,0.0,0.773548069570307,1.0,12.0,0.0,1.0,17.0,10.371001138624898,0.5,6.55,459.96584986059946,0.0,0.0,2.478059408027419,0.75,5.25,2.4166934832947202,0.5,2.35,9,56.35,52.77777777777778,424,361.0,EXTRACCION DE POMACITA CANTERA FUNDO LA BOTELLA (ARIDOS SANTA GLORIA)-PUDAHUEL,ARENEX S.A./EMPRESA DE ARIDOS Y MOVIMIENTO DE TIERRA INTERTIERRA LTDA.,REGIÓN METROPOLITANA DE SANTIAGO,PUDAHUEL,Áridos,Cantera,Grande,CATEGORIA D,No identificado,Posible,Coincide,Posible,POZO POMACITA,CANTERA POZO PUDAHUEL,PUMICITA,VALIDADO,-70.822493,-33.422619,0.0,2.455,sin_clasificar
POL_425,9.012844169347744,0.5,8.25,6.250247357118102,0.5,4.95,35.2093765197786,0.0,0.0,0.29504350858867245,1.0,12.0,0.0,1.0,17.0,8.707499259661247,0.75,9.825,460.56673262165214,0.0,0.0,1.9528097448317,1.0,7.0,3.8156079944774404,0.5,2.35,9,61.37500000000001,58.333333333333336,425,481.0,EXTRACCION DE ARIDOS HACIENDA LAS CASAS (BESALCO)-PUDAHUEL,BESALCO CONSTRUCCIONES S.A.,REGIÓN METROPOLITANA DE SANTIAGO,PUDAHUEL,Áridos,Extracción de áridos,Grande,CATEGORIA C,No identificado,Posible,Coincide,Posible,CANTERA LAS CASAS,PLATAFORMA DE REFORESTACIÓN,PUMICITA,VALIDADO,-70.80568,-33.41669,0.0,0.22,sin_clasificar
POL_426,10.236312662407526,0.25,4.125,4.182741847531973,0.75,7.425000000000001,35.68631981354333,0.0,0.0,0.46989116699653494,1.0,12.0,0.0,1.0,17.0,8.640674687849023,0.75,9.825,462.36182892602494,0.0,0.0,2.4317562682936056,0.75,5.25,4.622083844303615,0.5,2.35,9,57.975,55.55555555555556,426,467.0,PROCESAMIENTO DE POMACITA-RIO CAUTIN S.A.,RIO CAUTIN SA,REGIÓN METROPOLITANA DE SANTIAGO,PUDAHUEL,Áridos,Instalación minera,Mediana,CATEGORIA D,No identificado,Posible,Coincide,Posible,POZO POMACITA,CANTERA POZO PUDAHUEL,PUMICITA,VALIDADO,-70.808773,-33.3981055,0.017,0.0,sin_clasificar
POL_427,5.826391394678944,0.5,8.25,5.7989140037394264,0.5,4.95,35.23281497426567,0.0,0.0,0.0,1.0,12.0,0.0,1.0,17.0,10.211482851147686,0.5,6.55,455.77647199224685,0.0,0.0,0.06226484845831462,1.0,7.0,4.108390327776466,0.5,2.35,9,58.1,55.55555555555556,427,536.0,RELAVES LA AFRICANA-PUDAHUEL,NUEVA PUDAHUEL S.A.,REGIÓN METROPOLITANA DE SANTIAGO,PUDAHUEL,No informado,Relaves,Mediana,CATEGORIA D,No identificado,Confirmado,Coincide,Confirmado,MINA LA AFRICANA,MINA LA AFRICANA,SULFUROS DE COBRE,VALIDADO,-70.813819,-33.459929,0.0,0.111,sin_clasificar
POL_428,14.035922946309116,0.25,4.125,5.283299826887991,0.5,4.95,27.32505832296879,0.0,0.0,2.180869677914516,0.75,9.0,0.0,1.0,17.0,6.405401662704117,0.75,9.825,450.19267715549034,0.0,0.0,0.0,1.0,7.0,3.4264785693409685,0.5,2.35,9,54.25000000000001,52.77777777777778,428,508.0,ARIDOS MAIPU S.A.,PROYECTOS E INGENIERIA RINCONADA S.A.,REGIÓN METROPOLITANA DE SANTIAGO,MAIPU,Áridos,Extracción de áridos,Pequeña,CATEGORIA D,No identificado,Posible,Coincide,Sin coincidencia,MINA LA PLATA  CUATRO PRIMERA DE MAIPU,MINA LA PLATA CUATRO 1-60,OXIDOS DE COBRE,VALIDADO,-70.72556,-33.520217,0.0,18.68,sin_clasificar
POL_429,0.0,1.0,16.5,0.0,1.0,9.9,44.26373776396852,0.0,0.0,4.213049882319515,0.75,9.0,0.0,1.0,17.0,19.943032382624747,0.5,6.55,450.6279099051264,0.0,0.0,5.407381913647559,0.5,3.5,0.6258640468745075,0.75,3.5250000000000004,9,65.975,61.111111111111114,429,124.0,MINERA ESPAÑOLA,MINERA ESPAÑOLA CHILE LIMITADA,REGIÓN METROPOLITANA DE SANTIAGO,MAIPU,No informado,Instalación minera,No informado,CATEGORIA D,No identificado,Posible,Coincide,Posible,MINA PANALES 1-54,MINA PANALES 1-54,SULFUROS DE COBRE,VALIDADO,-70.9105,-33.4989,0.0,0.134,sin_clasificar
POL_430,5.615848896363917,0.5,8.25,4.725812248520929,0.75,7.425000000000001,35.13078272505225,0.0,0.0,0.0,1.0,12.0,0.0,1.0,17.0,11.177649129431316,0.5,6.55,452.0615557392464,0.0,0.0,1.4094099020350355,1.0,7.0,4.562537074497816,0.5,2.35,9,60.574999999999996,58.333333333333336,430,188.0,EXTRACCION Y COMERCIALIZACION DE MINERALES INVERPAC,INVERSIONES PACIFICO SPA,REGIÓN METROPOLITANA DE SANTIAGO,MAIPU,Áridos,Instalación minera,No informado,CATEGORIA D,No identificado,Posible,Coincide,Posible,EXPLOTACIÓN MINA LAS PIEDRAS DEL 1 AL 20,LAS PIEDRAS DEL 1 AL 20,ARENA SILICEA,VALIDADO,-70.813625,-33.494507,0.0,0.73,sin_clasificar
POL_432,7.237255304741404,0.5,8.25,2.4327863761195467,0.75,7.425000000000001,35.29272950288513,0.0,0.0,0.0,1.0,12.0,0.0,1.0,17.0,13.471988760947506,0.5,6.55,447.53928067266537,0.0,0.0,0.6626914200804808,1.0,7.0,3.3948572103520203,0.5,2.35,9,60.574999999999996,58.333333333333336,432,443.0,PLANTA DE PROCESAMIENTO Y EXTRACCION DE ARIDOS PROYECTO AL VIÑA (PETREOS S.A.),SOCIEDAD PETREOS S.A.,REGIÓN METROPOLITANA DE SANTIAGO,PADRE HURTADO,Áridos,Planta / procesamiento,Grande,CATEGORIA D,No identificado,Posible,Coincide,Sin coincidencia,SANDOVAL,PROYECTO SANDOVAL,COBRE - ORO - HIERRO,VALIDADO,-70.810467,-33.534574,0.078,8.703,sin_clasificar
POL_433,7.155443784659395,0.5,8.25,2.560039621476937,0.75,7.425000000000001,35.61515959542561,0.0,0.0,0.3128266358881443,1.0,12.0,0.0,1.0,17.0,13.566332912014438,0.5,6.55,447.91139934444055,0.0,0.0,1.0071310666273396,1.0,7.0,3.766077245171163,0.5,2.35,9,60.574999999999996,58.333333333333336,433,93.0,EXTRACCION DE ARIDOS CANTERA LA VIÑA,MELON S.A.,REGIÓN METROPOLITANA DE SANTIAGO,PADRE HURTADO,Áridos,Cantera,Grande,CATEGORIA C,No identificado,Revisar,Revisar,Sin coincidencia,CANTERA LAS CASAS,PLATAFORMA DE REFORESTACIÓN,PUMICITA,VALIDADO,-70.8206335,-33.56466275,3.456,13.302,sin_clasificar
POL_434,7.596039718632215,0.5,8.25,2.048900984394803,0.75,7.425000000000001,37.013500046602665,0.0,0.0,0.0,1.0,12.0,0.0,1.0,17.0,15.60449215540987,0.5,6.55,446.0271281591078,0.0,0.0,0.7389079429994513,1.0,7.0,2.197334847939729,0.5,2.35,9,60.574999999999996,58.333333333333336,434,603.0,EXTRACCION DE ARIDOS RIO MAPOCHO SECTOR EL TREBAL-PADRE HURTADO,FRANCISCO MARIN,REGIÓN METROPOLITANA DE SANTIAGO,PADRE HURTADO,Áridos,Extracción de áridos,No informado,CATEGORIA D,No identificado,Revisar,Revisar,Sin coincidencia,EXPLOTACIÓN MINA LAS PIEDRAS DEL 1 AL 20,LAS PIEDRAS DEL 1 AL 20,ARENA SILICEA,VALIDADO,-70.829805,-33.545145,0.622,5.813,sin_clasificar
POL_436,11.134594865064004,0.25,4.125,0.0,1.0,9.9,62.96359595566871,0.0,0.0,0.0,1.0,12.0,0.0,1.0,17.0,41.913150359974885,0.25,3.275,426.0260047966216,0.0,0.0,3.435555748441266,0.75,5.25,6.0513728254606045,0.25,1.175,9,52.724999999999994,50.0,436,604.0,ARIDOS AGUSTIN MOZO VÍO,S/I,REGIÓN METROPOLITANA DE SANTIAGO,EL MONTE,Áridos,Extracción de áridos,No informado,CATEGORIA D,No identificado,Posible,Coincide,Sin coincidencia,CONCESIÓN RIO MAIPO II 1/2,CONCESION RIO MAIPO II 1/12,SULFURO AURÍFERO,VALIDADO,-71.054899,-33.714824,0.0,6.881,sin_clasificar
POL_438,14.46229881731558,0.25,4.125,2.8308089491608297,0.75,7.425000000000001,53.80910962278576,0.0,0.0,0.0,1.0,12.0,0.0,1.0,17.0,32.73280300958269,0.25,3.275,430.5658648210183,0.0,0.0,0.4432555330216015,1.0,7.0,0.47737962071019036,1.0,4.7,9,55.525,58.333333333333336,438,605.0,"PLANTA DE PROCESAMIENTO DE ARIDOS TAMAYO LTM, SECTOR LA PALMA",ARIDOS TAMAYO LTM,REGIÓN METROPOLITANA DE SANTIAGO,TALAGANTE,Áridos,Planta / procesamiento,No informado,CATEGORIA D,No identificado,Posible,Coincide,Sin coincidencia,CONCESIÓN RIO MAIPO II 1/2,CONCESION RIO MAIPO II 1/12,SULFURO AURÍFERO,VALIDADO,-70.966304,-33.678542,0.0,4.486,sin_clasificar
POL_439,20.090323805602843,0.25,4.125,0.0,1.0,9.9,42.444897085294706,0.0,0.0,3.08148782245654,0.75,9.0,0.0,1.0,17.0,20.88073243722059,0.5,6.55,430.1622389737552,0.0,0.0,5.429639310043775,0.5,3.5,1.125280270678911,0.75,3.5250000000000004,9,53.599999999999994,52.77777777777778,439,606.0,EXTRACCION EN CANTERA PAPAGALLO-TALAGANTE,S/I,REGIÓN METROPOLITANA DE SANTIAGO,TALAGANTE,Áridos,Cantera,No informado,CATEGORIA C,No identificado,Posible,Coincide,Posible,MINA PAPAGAYO,RAJO,GRANITO,VALIDADO,-70.82224843,-33.69208231,0.0,0.374,sin_clasificar
POL_440,19.446962485698045,0.25,4.125,0.0,1.0,9.9,40.20363951389826,0.0,0.0,3.0404468829333986,0.75,9.0,0.0,1.0,17.0,19.170463137979667,0.5,6.55,431.8990684609896,0.0,0.0,4.7253727871465365,0.75,5.25,2.9289260401953765,0.5,2.35,9,54.175,52.77777777777778,440,607.0,MINERA TANGO,MINERA TANGO S.A.,REGIÓN METROPOLITANA DE SANTIAGO,TALAGANTE,Carbonato de Calcio,Instalación minera,No informado,CATEGORIA C,No identificado,Posible,Coincide,Posible,MINA PAPAGAYO,RAJO,GRANITO,VALIDADO,-70.812229,-33.678056,0.004,1.196,sin_clasificar
POL_441,0.5938204373142199,1.0,16.5,0.0,1.0,9.9,2.4717282022622054,0.5,6.65,0.0,1.0,12.0,0.0,1.0,17.0,53.22039997679038,0.0,0.0,428.465732298492,0.0,0.0,25.48064728828923,0.25,1.75,0.7279589282274636,0.75,3.5250000000000004,9,67.325,61.111111111111114,441,395.0,PLANTA LO VALDÉS (CHANCADO Y ACOPIO),COMPAÑIA MINERA LO VALDES LIMITADA,REGIÓN METROPOLITANA DE SANTIAGO,SAN JOSE DE MAIPO,Áridos,Planta / procesamiento,Grande,CATEGORIA C,No identificado,Confirmado,Coincide,Confirmado,PLANTA LO VALDES,BODEGA,YESO,VALIDADO,-70.052202,-33.828074,0.0,0.0,sin_clasificar
POL_442,5.388262521031233,0.5,8.25,0.0,1.0,9.9,1.8934716847028525,0.75,9.975000000000001,0.08361493665877631,1.0,12.0,0.0,1.0,17.0,58.02990151820964,0.0,0.0,429.8927207576966,0.0,0.0,30.62147798702044,0.0,0.0,4.1508972292516635,0.5,2.35,9,59.475,52.77777777777778,442,395.0,MINA YESERAS,COMPAÑIA MINERA LO VALDES LIMITADA,REGIÓN METROPOLITANA DE SANTIAGO,SAN JOSE DE MAIPO,Áridos,Mina / faena,Grande,CATEGORIA C,No identificado,Confirmado,Coincide,Confirmado,MINA YESERAS,RAJO NORTE,YESO,VALIDADO,-69.990185,-33.823409,0.0,0.0,sin_clasificar
POL_443,0.8717218469098116,1.0,16.5,0.0,1.0,9.9,3.3820222115638168,0.5,6.65,0.00723468957194775,1.0,12.0,0.0,1.0,17.0,50.52670598697434,0.0,0.0,427.41357446461143,0.0,0.0,22.678479721977183,0.25,1.75,2.4417431449106353,0.5,2.35,9,66.14999999999999,58.333333333333336,443,608.0,CHANCADO Y TRANSPORTE DE CALIZA MINERA JAVIERA,S/I,REGIÓN METROPOLITANA DE SANTIAGO,SAN JOSE DE MAIPO,Carbonato de Calcio,Instalación minera,No informado,CATEGORIA C,No identificado,Confirmado,Coincide,Confirmado,PLANTA DE CHANCADO JAVIERA UNO,PLANTA DE CHANCADO,CALIZA,VALIDADO,-70.087368,-33.830879,0.0,0.035,sin_clasificar
POL_444,9.657644170524485,0.5,8.25,0.0,1.0,9.9,6.095816989817197,0.5,6.65,0.2447142758912355,1.0,12.0,0.0,1.0,17.0,40.61196562846749,0.25,3.275,427.3166763986845,0.0,0.0,12.815803830294952,0.5,3.5,10.73475857325161,0.0,0.0,9,60.574999999999996,52.77777777777778,444,609.0,CANTERA PIEDRAS COLORADAS,CARLOS ALBERTO OLIVARES QUINTANA,REGIÓN METROPOLITANA DE SANTIAGO,SAN JOSE DE MAIPO,Áridos,Cantera,No informado,CATEGORIA D,No identificado,Posible,Revisar,Confirmado,MINA LAS COLORADAS,MINA LAS COLORADAS,OXIDOS DE COBRE,VALIDADO,-70.18767197,-33.80833688,0.57,0.913,sin_clasificar
POL_445,7.552462079081657,0.5,8.25,0.0,1.0,9.9,8.832773314225264,0.5,6.65,0.0,1.0,12.0,0.0,1.0,17.0,37.887635257816015,0.25,3.275,428.31541007264747,0.0,0.0,10.122282224258083,0.5,3.5,8.057508257978501,0.25,1.175,9,61.74999999999999,55.55555555555556,445,610.0,EXTRACCION Y EXPLOTACION DE ARENAS DE RODADOS RIO MAIPO- SAN JOSE DE MAIPO,S/I,REGIÓN METROPOLITANA DE SANTIAGO,SAN JOSE DE MAIPO,Áridos,Instalación minera,No informado,CATEGORIA C,No identificado,Posible,Coincide,Posible,PLANTA SAN GABRIEL,PLANTA EL ROMERAL,YESO,VALIDADO,-70.221472,-33.794127,0.0,0.014,sin_clasificar
POL_446,6.063782777914569,0.5,8.25,0.0,1.0,9.9,2.8287300419439028,0.5,6.65,0.0,1.0,12.0,0.0,1.0,17.0,44.076918246247615,0.25,3.275,443.205286153239,0.0,0.0,20.311905645340662,0.25,1.75,4.401592936472667,0.5,2.35,9,61.175,55.55555555555556,446,7.0,EXPLORACION MINERA LOS PICHES DE MINERA LOS PICHES-SAN JOSE DE MAIPO,SOCIEDAD LEGAL MINERA LOS PICHES 1 AL 6,REGIÓN METROPOLITANA DE SANTIAGO,SAN JOSE DE MAIPO,No informado,Proyecto / exploración,No informado,CATEGORIA C,No identificado,Revisar,Revisar,Sin coincidencia,MINA YESO ROMERAL,ACOPIO LLANO LARGO ROMERAL,YESO,VALIDADO,-70.083996,-33.672072,1.109,3.808,sin_clasificar
POL_447,0.5436904797639007,1.0,16.5,0.0,1.0,9.9,13.326524455048268,0.25,3.325,0.0,1.0,12.0,0.0,1.0,17.0,19.235337163784646,0.5,6.55,445.75317245795145,0.0,0.0,1.4342741023473757,1.0,7.0,2.6560560806075317,0.5,2.35,9,74.62499999999999,69.44444444444444,447,345.0,ARIDOS FUNDO EL TOYO- SAN JOSE DE MAIPO,EL TOYO MINERALES LTDA,REGIÓN METROPOLITANA DE SANTIAGO,SAN JOSE DE MAIPO,Áridos,Extracción de áridos,Micro,CATEGORIA C,No identificado,Revisar,Revisar,Sin coincidencia,PLANTA SAN GABRIEL,BODEGA-TALLER,CARBONATO DE CALCIO BLANCO,VALIDADO,-70.35274164,-33.61282993,0.181,3.51,sin_clasificar
POL_448,8.462594454729906,0.5,8.25,0.0,1.0,9.9,12.675195487101426,0.25,3.325,0.0,1.0,12.0,0.0,1.0,17.0,6.968789262947295,0.75,9.825,445.4004745767109,0.0,0.0,0.6797981689241949,1.0,7.0,1.27319399866414,0.75,3.5250000000000004,9,70.825,69.44444444444444,448,611.0,EXTRACCION DE ARIDOS RIO MAIPO,SOCIEDAD PETREOS S.A.,REGIÓN METROPOLITANA DE SANTIAGO,SAN JOSE DE MAIPO,Áridos,Extracción de áridos,No informado,CATEGORIA C,No identificado,Revisar,Revisar,Sin coincidencia,PLANTA SAN GABRIEL,BODEGA-TALLER,CARBONATO DE CALCIO BLANCO,VALIDADO,-70.3523006,-33.6412379,12.995,9.034,sin_clasificar
POL_449,8.786371153498076,0.5,8.25,0.0,1.0,9.9,12.128918159736456,0.25,3.325,0.0,1.0,12.0,0.0,1.0,17.0,7.34586886673766,0.75,9.825,445.80418330081244,0.0,0.0,0.21765277890903528,1.0,7.0,1.7102576451692544,0.75,3.5250000000000004,9,70.825,69.44444444444444,449,1.0,ARIDOS CATALAN,CATALAN HERRENA HNOS,REGIÓN METROPOLITANA DE SANTIAGO,SAN JOSE DE MAIPO,Áridos,Extracción de áridos,No informado,CATEGORIA C,No identificado,Posible,Coincide,Sin coincidencia,PLANTA SAN GABRIEL,BODEGA-TALLER,CARBONATO DE CALCIO BLANCO,VALIDADO,-70.478477,-33.58909,0.0,8.604,sin_clasificar
POL_450,8.194509608915595,0.5,8.25,0.0,1.0,9.9,13.433878345553445,0.25,3.325,0.0,1.0,12.0,0.0,1.0,17.0,5.359965313841945,0.75,9.825,444.34770407623273,0.0,0.0,0.5120729785480294,1.0,7.0,0.12589233950027234,1.0,4.7,9,72.0,72.22222222222221,450,77.0,EXTRACCION ARIDOS BALMACEDA- SAN JOSE DE MAIPO,ARIDOS BALMACEDA LTDA,REGIÓN METROPOLITANA DE SANTIAGO,SAN JOSE DE MAIPO,Áridos,Extracción de áridos,No informado,CATEGORIA C,No identificado,Posible,Coincide,Sin coincidencia,PLANTA SAN GABRIEL,BODEGA-TALLER,CARBONATO DE CALCIO BLANCO,VALIDADO,-70.491524,-33.597801,0.0,9.995,sin_clasificar
POL_451,7.684686051814213,0.5,8.25,0.1464325718030433,1.0,9.9,14.618492350279935,0.25,3.325,0.0,1.0,12.0,0.0,1.0,17.0,5.462886550412988,0.75,9.825,443.8617622515673,0.0,0.0,0.72543203059644,1.0,7.0,0.7938057686236959,0.75,3.5250000000000004,9,70.825,69.44444444444444,451,612.0,EXTRACCION ARIDOS INEL-PUENTE ALTO,S/I,REGIÓN METROPOLITANA DE SANTIAGO,PUENTE ALTO,Áridos,Extracción de áridos,No informado,CATEGORIA C,No identificado,Revisar,Revisar,Sin coincidencia,PLANTA SAN GABRIEL,BODEGA-TALLER,CARBONATO DE CALCIO BLANCO,VALIDADO,-70.577365,-33.602321,7.122,10.871,sin_clasificar
POL_452,1.7872400531429466,0.75,12.375,0.0,1.0,9.9,1.6580156470394671,0.75,9.975000000000001,0.0,1.0,12.0,0.0,1.0,17.0,53.3370764749345,0.0,0.0,476.7026057040928,0.0,0.0,39.94163603966379,0.0,0.0,17.98352959117246,0.0,0.0,9,61.25,50.0,452,495.0,MINERA LA PERLA-SAN JOSE DE MAIPO,MINERA RIO COLORADO S.A.,REGIÓN METROPOLITANA DE SANTIAGO,SAN JOSE DE MAIPO,Carbonato de Calcio,Instalación minera,Pequeña,SIN CATEGORIA,No identificado,Posible,Coincide,Posible,MINA LA PERLA,BOTADERO LA PERLA,CARBONATO DE CALCIO BLANCO,VALIDADO,-70.02326,-33.385324,0.052,6.327,sin_clasificar
POL_453,0.0,1.0,16.5,0.0,1.0,9.9,0.8210350447758726,0.75,9.975000000000001,0.7129592740690324,1.0,12.0,0.0,1.0,17.0,78.5717604626044,0.0,0.0,399.18509407931913,0.0,0.0,50.05669564514493,0.0,0.0,13.143525443542734,0.0,0.0,9,65.375,52.77777777777778,453,336.0,EXPLORACIÓN MINERA ESCALONES,TRIMETALS MINING CHILE SCM,REGIÓN METROPOLITANA DE SANTIAGO,SAN JOSE DE MAIPO,No informado,Proyecto / exploración,Pequeña,CATEGORIA D,No identificado,Posible,Revisar,Confirmado,EXPLORACION MINERA ESCALONES II,EXPLORACION MINERA ESCALONES II,COBRE - ORO,VALIDADO,-69.96123322,-34.12384261,0.393,0.548,sin_clasificar
POL_454,11.428775566960024,0.25,4.125,2.031021680231417,0.75,7.425000000000001,22.443431420367855,0.25,3.325,0.0,1.0,12.0,0.0,1.0,17.0,0.5530356801223523,1.0,13.1,438.8329370236684,0.0,0.0,0.23750360537775644,1.0,7.0,2.2359010872110905,0.5,2.35,9,66.325,63.888888888888886,454,415.0,PLANTA DE ARIDOS MINERA ROSARIO-PUENTE ALTO,HORMIGONES TRANSEX LIMITADA,REGIÓN METROPOLITANA DE SANTIAGO,PUENTE ALTO,Áridos,Planta / procesamiento,Grande,CATEGORIA D,No identificado,Revisar,Revisar,Sin coincidencia,MINA AURORA 1 AL 14,PLANTA AURORA 1 AL 14,ORO - COBRE,VALIDADO,-70.577365,-33.602321,3.823,13.269,sin_clasificar
POL_455,10.214185129575272,0.25,4.125,3.223041611097847,0.75,7.425000000000001,21.541486481223444,0.25,3.325,0.0,1.0,12.0,0.0,1.0,17.0,1.736664577605888,1.0,13.1,439.04150100014476,0.0,0.0,0.13838815075503982,1.0,7.0,0.6073275562790375,0.75,3.5250000000000004,9,67.5,66.66666666666666,455,174.0,EXTRACCION DE ARIDOS TRAMO 43-34 Y BANCO DECANTADOR 40-37,SOCIEDAD EXPLOTADORA DE ARIDOS CAVILU SPA,REGIÓN METROPOLITANA DE SANTIAGO,PUENTE ALTO,Áridos,Extracción de áridos,No informado,CATEGORIA D,No identificado,Posible,Coincide,Sin coincidencia,LAVADERO DE ORO MECANIZADO SANTA CECILIA TRES,LAVADERO,ORO METÁLICO O NATIVO,VALIDADO,-70.58762727,-33.63429348,0.0,10.182,sin_clasificar
POL_456,11.11162325189966,0.25,4.125,6.596298859366236,0.5,4.95,18.031133478922595,0.25,3.325,0.7189623999198455,1.0,12.0,0.0,1.0,17.0,4.760127487020013,0.75,9.825,446.0014857852767,0.0,0.0,0.0,1.0,7.0,2.1840788322073585,0.5,2.35,9,60.574999999999996,58.333333333333336,456,414.0,PLANTA DE EXTRACCION DE ARIDOS BALTIERRA,INMOBILIARIA AGRICOLA Y COMERCIAL BALTIERRA,REGIÓN METROPOLITANA DE SANTIAGO,PUENTE ALTO,Áridos,Planta / procesamiento,Grande,CATEGORIA D,No identificado,Posible,Coincide,Sin coincidencia,MINA AURORA 1 AL 14,BOTADERO AURORA 1 AL 14,ORO - COBRE,VALIDADO,-70.60309097,-33.56987299,0.0,12.852,sin_clasificar
POL_457,10.798643724631626,0.25,4.125,6.016960269309178,0.5,4.95,17.54082838249692,0.25,3.325,1.2816029043848083,0.75,9.0,0.0,1.0,17.0,4.003610577203261,0.75,9.825,445.9025827701735,0.0,0.0,0.0,1.0,7.0,3.035380825213561,0.5,2.35,9,57.574999999999996,55.55555555555556,457,613.0,PLANTA DE EXTRACCION DE ARIDOS SEMOT,S/I,REGIÓN METROPOLITANA DE SANTIAGO,PUENTE ALTO,Áridos,Planta / procesamiento,No informado,CATEGORIA D,No identificado,Posible,Coincide,Sin coincidencia,LACMO 2,LACMO 2,PUMICITA,VALIDADO,-70.59245053,-33.57033033,0.011,11.526,sin_clasificar
POL_458,11.22462343908139,0.25,4.125,6.873766076307223,0.5,4.95,18.236507040010657,0.25,3.325,1.0227950085284614,0.75,9.0,0.0,1.0,17.0,5.360747430880503,0.75,9.825,446.3638817538335,0.0,0.0,0.0,1.0,7.0,2.034417259292481,0.5,2.35,9,57.574999999999996,55.55555555555556,458,614.0,PLANTA DE EXTRACCION DE ARIDOS REGEMAC,S/I,REGIÓN METROPOLITANA DE SANTIAGO,LA FLORIDA,Áridos,Planta / procesamiento,No informado,CATEGORIA D,No identificado,Posible,Coincide,Sin coincidencia,MINA AURORA 1 AL 14,PLANTA AURORA 1 AL 14,ORO - COBRE,VALIDADO,-70.60876999,-33.56939083,0.027,13.429,sin_clasificar
POL_459,21.31798598175668,0.25,4.125,0.1303876999520353,1.0,9.9,74.81339265953302,0.0,0.0,0.10271574085372831,1.0,12.0,0.0,1.0,17.0,39.41584709599673,0.25,3.275,426.9529243018106,0.0,0.0,1.005666510207905,1.0,7.0,1.7508934423951747,0.75,3.5250000000000004,9,56.824999999999996,58.333333333333336,459,615.0,ARIDOS CAMARENA-MELIPILLA,S/I,REGIÓN METROPOLITANA DE SANTIAGO,MELIPILLA,Áridos,Extracción de áridos,No informado,CATEGORIA D,No identificado,Posible,Coincide,Sin coincidencia,MELIPILLA,PROYECTO DE PERFORACIÓN SONDAJES DIAMANTINOS HQ3,ARENA SILICEA,VALIDADO,-71.200996,-33.700172,0.003,16.815,sin_clasificar
POL_460,20.764099982163213,0.25,4.125,0.0900013388345335,1.0,9.9,74.04865540395808,0.0,0.0,0.0,1.0,12.0,0.0,1.0,17.0,40.07901986089593,0.25,3.275,427.2043576134109,0.0,0.0,1.0638896496323769,1.0,7.0,1.9975399990414706,0.75,3.5250000000000004,9,56.824999999999996,58.333333333333336,460,616.0,ARIDOS TAMARENA-MELIPILLA,S/I,REGIÓN METROPOLITANA DE SANTIAGO,MELIPILLA,Áridos,Extracción de áridos,No informado,CATEGORIA D,No identificado,Posible,Coincide,Sin coincidencia,MELIPILLA,PROYECTO DE PERFORACIÓN SONDAJES DIAMANTINOS HQ3,ARENA SILICEA,VALIDADO,-71.192613,-33.696714,0.006,17.557,sin_clasificar
POL_461,21.02221116363993,0.25,4.125,0.0,1.0,9.9,75.46065299323227,0.0,0.0,0.0,1.0,12.0,0.0,1.0,17.0,39.36327473657627,0.25,3.275,425.70044084166415,0.0,0.0,1.1286278131576664,1.0,7.0,2.700883935183431,0.5,2.35,9,55.65,55.55555555555556,461,481.0,EXTRACCION DE ARIDOS EN SECTOR PUENTE INGENIERO MARAMBIO-MELIPILLA,BESALCO CONSTRUCCIONES S.A.,REGIÓN METROPOLITANA DE SANTIAGO,MELIPILLA,Áridos,Extracción de áridos,Grande,CATEGORIA D,No identificado,Posible,Coincide,Sin coincidencia,MELIPILLA,PROYECTO DE PERFORACIÓN SONDAJES DIAMANTINOS HQ3,ARENA SILICEA,VALIDADO,-71.203347,-33.711347,0.0,15.683,sin_clasificar
POL_462,22.086536449107857,0.25,4.125,0.6105303098374046,1.0,9.9,89.82921342679269,0.0,0.0,0.0,1.0,12.0,0.0,1.0,17.0,27.39545448897462,0.25,3.275,422.50898208036625,0.0,0.0,12.218634298108315,0.5,3.5,6.141032127502114,0.25,1.175,9,50.974999999999994,47.22222222222222,462,519.0,PLANTA DE PROCESAMIENTO Y EXTRACCION DE ARIDOS RIO MAIPO SECTOR CONFLUENCIA CON ESTERO PUANGUE,SOCIEDAD CONCESIONARIA LITORAL CENTRAL S.A.,REGIÓN METROPOLITANA DE SANTIAGO,MELIPILLA,Áridos,Planta / procesamiento,Grande,CATEGORIA C,No identificado,Posible,Coincide,Sin coincidencia,CANTERA PUZOLANAS PUANGUE,PUZOLANAS PUANGUE,PUMICITA,VALIDADO,-71.353125,-33.739383,0.005,9.92,sin_clasificar
POL_463,19.04394459714835,0.25,4.125,0.0,1.0,9.9,78.59516263724909,0.0,0.0,0.0,1.0,12.0,0.0,1.0,17.0,38.20266764017692,0.25,3.275,422.4994101873141,0.0,0.0,3.377335324806216,0.75,5.25,1.5334772915191703,0.75,3.5250000000000004,9,55.074999999999996,55.55555555555556,463,617.0,ARIDOS TRANSVEG-MELIPILLA,S/I,REGIÓN METROPOLITANA DE SANTIAGO,MELIPILLA,Áridos,Extracción de áridos,No informado,CATEGORIA D,No identificado,Posible,Coincide,Posible,MELIPILLA,PROYECTO DE PERFORACIÓN SONDAJES DIAMANTINOS HQ3,ARENA SILICEA,VALIDADO,-71.226044,-33.74081,0.014,11.983,sin_clasificar
POL_464,22.478350514275743,0.25,4.125,0.7609127753433257,1.0,9.9,76.90463035768596,0.0,0.0,0.6151570298178467,1.0,12.0,0.0,1.0,17.0,38.03941362594041,0.25,3.275,426.17636459915656,0.0,0.0,0.01081564880189293,1.0,7.0,2.462163467102384,0.5,2.35,9,55.65,55.55555555555556,464,618.0,ARIDOS HUILCO BAJO,S/I,REGIÓN METROPOLITANA DE SANTIAGO,MELIPILLA,Áridos,Extracción de áridos,No informado,CATEGORIA C,No identificado,Posible,Coincide,Sin coincidencia,CANTERA PUZOLANAS PUANGUE,PLANTA SELECCIONADORA,PUMICITA,VALIDADO,-71.2183924,-33.7077726,0.043,10.624,sin_clasificar
POL_465,13.013534820398108,0.25,4.125,0.0,1.0,9.9,87.30859855572989,0.0,0.0,1.165397773570352,0.75,9.0,0.0,1.0,17.0,35.25731976485528,0.25,3.275,414.4733676805554,0.0,0.0,14.113646908658389,0.5,3.5,5.770322709199848,0.25,1.175,9,47.974999999999994,44.44444444444444,465,535.0,EXTRACCION PUZOLANA MINERA RIO TENO-MELIPILLA,UNACEM CHILE S.A.,REGIÓN METROPOLITANA DE SANTIAGO,MELIPILLA,Áridos,Instalación minera,Grande,CATEGORIA D,No identificado,Confirmado,Coincide,Confirmado,MELIPILLA,PROYECTO DE PERFORACIÓN SONDAJES DIAMANTINOS HQ3,ARENA SILICEA,VALIDADO,-71.309622,-33.812607,0.022,2.433,sin_clasificar
POL_466,18.4539984629214,0.25,4.125,0.13966604664114232,1.0,9.9,100.79096114099939,0.0,0.0,0.0,1.0,12.0,0.0,1.0,17.0,23.727459633918603,0.5,6.55,417.49792674481006,0.0,0.0,11.637040875162295,0.5,3.5,6.513778040791831,0.25,1.175,9,54.24999999999999,50.0,466,619.0,PLANTA EXTRACCION DE ARIDOS NELSON CONTRERAS GONGORA,CONTRERAS GONGORA NELSON GERARDO,REGIÓN METROPOLITANA DE SANTIAGO,SAN PEDRO,Áridos,Planta / procesamiento,Mediana,CATEGORIA D,No identificado,Posible,Coincide,Sin coincidencia,MELIPILLA,PROYECTO DE PERFORACIÓN SONDAJES DIAMANTINOS HQ3,ARENA SILICEA,VALIDADO,-71.45820737,-33.78737794,0.0,11.18,sin_clasificar
POL_467,9.40982867405357,0.5,8.25,0.0,1.0,9.9,36.127323659280975,0.0,0.0,0.8728552648353783,1.0,12.0,0.0,1.0,17.0,31.83599803561118,0.25,3.275,409.65777326955185,0.0,0.0,1.8532277372611201,1.0,7.0,2.3523847507201947,0.5,2.35,9,59.775,58.333333333333336,467,118.0,CANTERA CERRO LO AGUILA,CONSTRUCCIONES SEGUROLA SPA,REGIÓN METROPOLITANA DE SANTIAGO,PAINE,Áridos,Cantera,No informado,CATEGORIA D,No identificado,Posible,Coincide,Sin coincidencia,LA ESPERANZA 2 DEL 1 AL 10,LA ESPERANZA 2 DEL 1 AL 10,SULFUROS DE COBRE,VALIDADO,-70.762603,-33.883113,0.0,12.718,sin_clasificar
POL_468,11.39093687940857,0.25,4.125,0.0,1.0,9.9,35.03782531392321,0.0,0.0,0.0,1.0,12.0,0.0,1.0,17.0,29.950076197240914,0.25,3.275,411.3257313465616,0.0,0.0,0.1223680223190102,1.0,7.0,3.5910188263708767,0.5,2.35,9,55.65,55.55555555555556,468,496.0,EXTRACCION DE ARIDOS RIO ANGOSTURA SECTOR PUENTE AGUILA NORTE (FERROVIAL AGROMAN CHILE S.A.)-PAINE,FERROVIAL CONSTRUCCION CHILE S.A.,REGIÓN METROPOLITANA DE SANTIAGO,PAINE,Áridos,Extracción de áridos,Grande,CATEGORIA D,No identificado,Revisar,Revisar,Sin coincidencia,PROSPECTO MINERO LAS BRUJAS DE PAINE,LAS BRUJAS DE PAINE,OXIDOS DE COBRE,VALIDADO,-70.754375,-33.865413,0.584,14.787,sin_clasificar
POL_469,8.061701330117925,0.5,8.25,0.0,1.0,9.9,54.1122734462373,0.0,0.0,0.0,1.0,12.0,0.0,1.0,17.0,33.021556016773445,0.25,3.275,422.1997618811386,0.0,0.0,1.2939969918841767,1.0,7.0,2.0606645490205215,0.5,2.35,9,59.775,58.333333333333336,469,79.0,EXTRACCION MECANIZADA DE ARIDOS ISLA DE MAIPO,ARIMAIPO LIMITADA,REGIÓN METROPOLITANA DE SANTIAGO,ISLA DE MAIPO,Áridos,Extracción de áridos,Mediana,CATEGORIA D,No identificado,Revisar,Revisar,Sin coincidencia,MINA LA SUERTE,AREA DE MANEJO DE RESIDUOS,SULFUROS DE COBRE,VALIDADO,-70.9,-33.7464562,2.739,6.016,sin_clasificar
POL_470,10.931022573824329,0.25,4.125,1.8290911080224341,0.75,7.425000000000001,47.10327243419274,0.0,0.0,0.0,1.0,12.0,0.0,1.0,17.0,29.576104944858447,0.25,3.275,418.98445032357716,0.0,0.0,1.1585721148470318,1.0,7.0,3.3938179204103034,0.5,2.35,9,53.175,52.77777777777778,470,443.0,EXTRACCION DE ARIDOS PETREOS - BUIN,SOCIEDAD PETREOS S.A.,REGIÓN METROPOLITANA DE SANTIAGO,ISLA DE MAIPO,Áridos,Extracción de áridos,Grande,CATEGORIA D,No identificado,Revisar,Revisar,Sin coincidencia,LA PERSEVERANCIA 1/9,LA PERSEVERANCIA 1/9,SULFUROS DE COBRE,VALIDADO,-70.871404,-33.797981,1.032,3.0,sin_clasificar
POL_471,8.751969189967523,0.5,8.25,1.7250312469404452,0.75,7.425000000000001,45.5736711703349,0.0,0.0,0.9143220861423634,1.0,12.0,0.0,1.0,17.0,18.466696778359076,0.5,6.55,474.0576441951644,0.0,0.0,0.0,1.0,7.0,1.305082023344336,0.75,3.5250000000000004,9,61.74999999999999,61.111111111111114,471,620.0,ARIDOS ARITERRA,ARIDOS Y MOVIMIENTOS DE TIERRA ARITIERRA LTDA.,REGIÓN METROPOLITANA DE SANTIAGO,LAMPA,Áridos,Extracción de áridos,No informado,CATEGORIA D,No identificado,Posible,Coincide,Sin coincidencia,CARMELITA,EXPLOTACION MINA CARMELITA,ORO - COBRE - PLATA,VALIDADO,-70.866301,-33.292931,0.0,4.446,sin_clasificar
POL_472,10.118368732539569,0.25,4.125,0.0,1.0,9.9,54.88989937433027,0.0,0.0,0.0,1.0,12.0,0.0,1.0,17.0,33.90734939332069,0.25,3.275,426.19456706562295,0.0,0.0,3.1718075483797024,0.75,5.25,4.127339854373797,0.5,2.35,9,53.9,52.77777777777778,472,621.0,EXTRACCION DE ÁRIDOS Y EXPLOTACIÓN MINERA RIO MAIPO-ISLA DE MAIPO,S/I,REGIÓN METROPOLITANA DE SANTIAGO,ISLA DE MAIPO,Áridos,Extracción de áridos,No informado,CATEGORIA D,No identificado,Posible,Coincide,Posible,CONCESIÓN RIO MAIPO II 1/2,CONCESION RIO MAIPO II 1/12,SULFURO AURÍFERO,VALIDADO,-70.967326,-33.718119,0.0,0.525,sin_clasificar
POL_473,13.206583934849137,0.25,4.125,0.13189154017794455,1.0,9.9,33.49801873606243,0.0,0.0,0.9985723338391456,1.0,12.0,0.0,1.0,17.0,9.749347799574387,0.75,9.825,473.34890219611447,0.0,0.0,0.0,1.0,7.0,3.61888316959419,0.5,2.35,9,62.199999999999996,61.111111111111114,473,622.0,PLANTA DE ARIDOS ECAVAL,SOCIEDAD COMERCIALIZADORA DE ARIDOS ECAVAL LIMITADA,REGIÓN METROPOLITANA DE SANTIAGO,LAMPA,Áridos,Planta / procesamiento,No informado,CATEGORIA D,No identificado,Revisar,Revisar,Sin coincidencia,PLANTA DE CATODOS LA CAMPANA,PLANTA DE CATODOS LA CAMPANA,ESFALERITA,VALIDADO,-70.879328,-33.2827093,14.052,5.117,sin_clasificar
POL_474,13.927052848296976,0.25,4.125,2.8241684576371027,0.75,7.425000000000001,39.88727868898543,0.0,0.0,0.6918080316144732,1.0,12.0,0.0,1.0,17.0,12.218331862509842,0.5,6.55,467.1439189961175,0.0,0.0,5.220254036541666,0.5,3.5,4.986926696061218,0.5,2.35,9,52.949999999999996,50.0,474,232.0,SIBELCO CHILE-LAMPA,CALIDRA CHILE IMPORTACIONES MINERALES SPA,REGIÓN METROPOLITANA DE SANTIAGO,LAMPA,Cal y Yeso,Instalación minera,Grande,CATEGORIA D,No identificado,Posible,Coincide,Sin coincidencia,TUCA 1 AL 19,CAMPAMENTO,COBRE - ORO - PLATA,VALIDADO,-70.83377978,-33.35542324,0.0,9.54,sin_clasificar
POL_475,1.8808052091849705,0.75,12.375,0.44421169512277614,1.0,9.9,37.28095034412688,0.0,0.0,0.0,1.0,12.0,0.0,1.0,17.0,26.549961706699833,0.25,3.275,486.73765533264134,0.0,0.0,0.6179462187023718,1.0,7.0,3.7129746022011,0.5,2.35,9,63.9,61.111111111111114,475,623.0,CANTERA CERRO BLANCO,CEMENTOS POLPAICO S.A.,REGIÓN METROPOLITANA DE SANTIAGO,TILTIL,Carbonato de Calcio,Instalación minera,Grande,CATEGORIA C,No identificado,Posible,Revisar,Confirmado,CANTERA CERRO BLANCO,MINA CERRO BLANCO,CALIZA,VALIDADO,-70.80949217,-33.13242502,0.985,0.0,sin_clasificar
POL_476,10.689867333230655,0.25,4.125,0.26228436098101754,1.0,9.9,31.16196664890633,0.0,0.0,1.1503115797449812,0.75,9.0,0.0,1.0,17.0,29.138348530644297,0.25,3.275,411.2954420428361,0.0,0.0,3.137358295167728,0.75,5.25,3.3678047998778977,0.5,2.35,9,50.9,50.0,476,624.0,PLANTA EXTRACCION DE ARIDOS CERRO CHALLAY,COOPERATIVA COLONIA KENNEDY,REGIÓN METROPOLITANA DE SANTIAGO,PAINE,Áridos,Planta / procesamiento,No informado,CATEGORIA D,No identificado,Revisar,Revisar,Sin coincidencia,PROSPECTO MINERO LAS BRUJAS DE PAINE,LAS BRUJAS DE PAINE,OXIDOS DE COBRE,VALIDADO,-70.7364923,-33.82224206,6.485,11.22,sin_clasificar
POL_477,1.2345058269085476,0.75,12.375,0.06419308562908001,1.0,9.9,39.66084682030781,0.0,0.0,1.1109157369592346,0.75,9.0,0.0,1.0,17.0,25.901139582200823,0.25,3.275,486.25627265500214,0.0,0.0,3.86453351893437,0.75,5.25,6.615624834894219,0.25,1.175,9,57.974999999999994,52.77777777777778,477,279.0,MINERA MIRADOR DE BATUCO-LAMPA,A. ASESORIAS Y PROYECTOS LTDA.,REGIÓN METROPOLITANA DE SANTIAGO,LAMPA,Carbonato de Calcio,Instalación minera,No informado,CATEGORIA C,No identificado,Posible,Coincide,Posible,PLANTA BATUCO,PLANTA BATUCO,SULFUROS Y ÓXIDOS DE COBRE,VALIDADO,-70.828596,-33.184718,0.0,7.668,sin_clasificar
POL_478,6.787643856365561,0.5,8.25,0.0,1.0,9.9,67.82785303748064,0.0,0.0,0.0,1.0,12.0,0.0,1.0,17.0,41.323273541285054,0.25,3.275,460.0620602686015,0.0,0.0,0.49911356612559876,1.0,7.0,3.572450993364711,0.5,2.35,9,59.775,58.333333333333336,478,509.0,EXTRACCION DE ARIDOS ESTERO PUANGUE (RUTAS DEL PACIFICO)- CUARACAVI,SOCIEDAD CONCESIONARIA RUTAS DEL PACIFICO S.A.,REGIÓN METROPOLITANA DE SANTIAGO,CURACAVI,Áridos,Extracción de áridos,Grande,CATEGORIA D,No identificado,Posible,Revisar,Confirmado,ESTERO PUANGUE,EXPLORACION SAN LUIS,ORO METÁLICO O NATIVO,VALIDADO,-71.160541,-33.401026,0.238,0.271,sin_clasificar
POL_479,9.378517827030642,0.5,8.25,0.0,1.0,9.9,25.143070110647454,0.0,0.0,1.1467891731385969,0.75,9.0,0.0,1.0,17.0,35.965944410415695,0.25,3.275,402.8595748577384,0.0,0.0,4.320731158453225,0.75,5.25,0.47253630674068303,1.0,4.7,9,57.375,58.333333333333336,479,500.0,ARIDOS FERROVIAL-SAN FRANCISCO,FERROVIAL CONSTRUCCION CHILE S.A.,REGIÓN DEL LIBERTADOR BERNARDO OHIGGINS,SAN FRANCISCO DE MOSTAZAL,Áridos,Extracción de áridos,Grande,CATEGORIA D,No identificado,Revisar,Revisar,Sin coincidencia,MINA SAN FRANCISCO,MINA SAN FRANCISCO,CUARZO AURÍFERO,VALIDADO,-70.701706,-33.97749,4.446,20.308,sin_clasificar
POL_480,2.135756290808115,0.75,12.375,0.0,1.0,9.9,45.84850887773251,0.0,0.0,6.460896334905741,0.5,6.0,0.0,1.0,17.0,54.539312798161795,0.0,0.0,387.7550264471144,0.0,0.0,10.297703843913741,0.5,3.5,5.686515403597804,0.25,1.175,9,49.949999999999996,44.44444444444444,480,422.0,PLANTA EL INGLES,COMPAÑIA MINERA EL INGLES,REGIÓN DEL LIBERTADOR BERNARDO OHIGGINS,RANCAGUA,Oro,Instalación minera,Pequeña,CATEGORIA D,No identificado,Posible,Revisar,Confirmado,PLANTA EL INGLES,EMBALSE DE RELAVES,CUARZO AURÍFERO,VALIDADO,-70.856046,-34.078264,0.725,0.0,sin_clasificar
POL_481,12.168393981342057,0.25,4.125,4.239614698055035,0.75,7.425000000000001,36.96086103745008,0.0,0.0,15.9494758665408,0.25,3.0,0.0,1.0,17.0,64.16935860660719,0.0,0.0,375.9278807843943,0.0,0.0,1.1923671506858942,1.0,7.0,0.9477577010832681,0.75,3.5250000000000004,9,42.074999999999996,44.44444444444444,481,625.0,ARIDOS SAN VICENTE-RANCAGUA,S/I,REGIÓN DEL LIBERTADOR BERNARDO OHIGGINS,RANCAGUA,Áridos,Extracción de áridos,No informado,CATEGORIA C,No identificado,Posible,Revisar,Posible,PLANTA RANCAGUA,EMBALSE FILTRADO RANCAGUA,SULFURO AURÍFERO,VALIDADO,-70.786613,-34.18461,0.238,8.779,sin_clasificar
POL_482,16.533819268708807,0.25,4.125,1.803242996880446,0.75,7.425000000000001,32.82032067269656,0.0,0.0,19.966127187241128,0.25,3.0,0.0,1.0,17.0,65.02597771269419,0.0,0.0,374.71843249708303,0.0,0.0,0.021563386682908414,1.0,7.0,1.8314008739040433,0.75,3.5250000000000004,9,42.074999999999996,44.44444444444444,482,392.0,"MINERA NO METÁLICA EXTRACCIÓN DE ÁRIDOS DEL RÍO CACHAPOAL, KM -1,5 AL -2,5, SECTOR GULTRO",CONSTRUCTORA DE PAVIMENTOS ASFALTICOS BITUMIX S.A.,REGIÓN DEL LIBERTADOR BERNARDO OHIGGINS,OLIVAR,Áridos,Extracción de áridos,Grande,CATEGORIA A,No identificado,Posible,Coincide,Sin coincidencia,MINERA VALLE CENTRAL S.A.,04 PLANTA DE SECADO y FILTRADO,SULFURO AURÍFERO,VALIDADO,-70.7456501,-34.20234099,0.034,6.39,sin_clasificar
POL_483,13.833835185934806,0.25,4.125,3.822461063055694,0.75,7.425000000000001,34.77523332187198,0.0,0.0,17.570937669898818,0.25,3.0,0.0,1.0,17.0,64.50809327640142,0.0,0.0,375.3243233572594,0.0,0.0,0.0027191456289892405,1.0,7.0,2.570186387466622,0.5,2.35,9,40.9,41.66666666666667,483,382.0,ARIDOS CACHAPOAL-OLIVAR,ARIDOS CACHAPOAL LIMITADA,REGIÓN DEL LIBERTADOR BERNARDO OHIGGINS,OLIVAR,Áridos,Extracción de áridos,Mediana,CATEGORIA A,No identificado,Posible,Coincide,Sin coincidencia,CODELCO CHILE DIVISION EL TENIENTE,019 PATIO RANCAGUA,COBRE - MOLIBDENO,VALIDADO,-70.774467,-34.191842,0.069,2.41,sin_clasificar
POL_484,19.31065011485769,0.25,4.125,0.744545472551813,1.0,9.9,30.182340269436725,0.0,0.0,20.955848307136392,0.25,3.0,0.0,1.0,17.0,65.67579173798845,0.0,0.0,373.9705462059095,0.0,0.0,1.7386322528546085,1.0,7.0,2.393471439489848,0.5,2.35,9,43.375,44.44444444444444,484,70.0,ARIDOS GUERRICO,ARIDOS GUERRICO CHILE LIMITADA,REGIÓN DEL LIBERTADOR BERNARDO OHIGGINS,MACHALI,Áridos,Extracción de áridos,Mediana,CATEGORIA A,No identificado,Posible,Coincide,Sin coincidencia,MINERA VALLE CENTRAL S.A.,08 PLANTA DE RECUPERACIÓN DE AGUA INDUSTRIAL,SULFURO AURÍFERO,VALIDADO,-70.716328,-34.213143,0.0,3.817,sin_clasificar
POL_485,19.50393402002171,0.25,4.125,1.3636530230554884,0.75,7.425000000000001,27.21360985442306,0.0,0.0,21.698620737293858,0.25,3.0,0.0,1.0,17.0,65.71186396868028,0.0,0.0,373.918823713034,0.0,0.0,3.4694785503532386,0.75,5.25,1.372429727826276,0.75,3.5250000000000004,9,40.324999999999996,41.66666666666667,485,328.0,ARIDOS CACHAPOAL-MACHALI,MELON ARIDOS LIMITADA,REGIÓN DEL LIBERTADOR BERNARDO OHIGGINS,MACHALI,Áridos,Extracción de áridos,Grande,CATEGORIA A,No identificado,Revisar,Revisar,Sin coincidencia,MINERA VALLE CENTRAL S.A.,05 TALLERES,SULFURO AURÍFERO,VALIDADO,-70.685986,-34.216997,0.291,1.911,sin_clasificar
POL_486,12.536675370547314,0.25,4.125,4.298184943620438,0.75,7.425000000000001,7.975798558951893,0.5,6.65,9.703887058607295,0.5,6.0,0.0,1.0,17.0,51.757416914529635,0.0,0.0,389.34142257918523,0.0,0.0,10.580633758785108,0.5,3.5,1.085780151782138,0.75,3.5250000000000004,9,48.225,47.22222222222222,486,30.0,MINA EL TENIENTE Y FUNDICION CALETONES,CODELCO/VAPOR PROCESOS S.A.,REGIÓN DEL LIBERTADOR BERNARDO OHIGGINS,MACHALI,Cobre,Planta / procesamiento,Grande,CATEGORIA B,No identificado,Posible,Revisar,Posible,CLUSTER TENIENTE,TENIENTE NW,COBRE - MOLIBDENO,VALIDADO,-70.477744,-34.094426,0.131,8.17,sin_clasificar
POL_487,5.638697750175308,0.5,8.25,1.0578522150853853,0.75,7.425000000000001,0.0,1.0,13.3,0.6768347244296582,1.0,12.0,0.0,1.0,17.0,54.031362951791486,0.0,0.0,390.61789910843237,0.0,0.0,14.285548215109003,0.5,3.5,0.293164769001521,1.0,4.7,9,66.175,63.888888888888886,487,30.0,EL TENIENTE,CODELCO,REGIÓN DEL LIBERTADOR BERNARDO OHIGGINS,MACHALI,Cobre,Mina / faena,Grande,CATEGORIA B,No identificado,Posible,Revisar,Confirmado,CLUSTER TENIENTE,TENIENTE NW,COBRE - MOLIBDENO,VALIDADO,-70.65456515,-34.180065,27.289,0.852,sin_clasificar
POL_488,16.533701870294536,0.25,4.125,0.0,1.0,9.9,21.202567811029805,0.25,3.325,23.175329455906642,0.25,3.0,0.0,1.0,17.0,67.14226406346738,0.0,0.0,366.80476097650546,0.0,0.0,4.672112237073331,0.75,5.25,2.119687803953638,0.5,2.35,9,44.95,44.44444444444444,488,466.0,MINERA VALLE CENTRAL,MINERA VALLE CENTRAL S.A./COLIHUES ENERGIA S.A.,REGIÓN DEL LIBERTADOR BERNARDO OHIGGINS,REQUINOA,Cobre,Instalación minera,Grande,CATEGORIA A,No identificado,Posible,Revisar,Confirmado,MINERA VALLE CENTRAL S.A.,02 TRANQUE DE RELAVES CAUQUENES,COBRE - MOLIBDENO,VALIDADO,-70.6849114,-34.24296,0.213,0.0,sin_clasificar
POL_489,18.7133487219882,0.25,4.125,0.0,1.0,9.9,21.339630435556113,0.25,3.325,26.902229621032305,0.0,0.0,0.0,1.0,17.0,71.48508538485882,0.0,0.0,364.9262322040256,0.0,0.0,7.1112395584283465,0.5,3.5,5.612824910591941,0.25,1.175,9,39.025,36.11111111111111,489,466.0,TRANQUE DE RELAVES LAGUNA CAUQUENES MINA EL TENIENTE,MINERA VALLE CENTRAL S.A.,REGIÓN DEL LIBERTADOR BERNARDO OHIGGINS,REQUINOA,Cobre,Relaves,Grande,CATEGORIA A,No identificado,Posible,Revisar,Confirmado,MINERA VALLE CENTRAL S.A.,02 TRANQUE DE RELAVES CAUQUENES,COBRE - MOLIBDENO,VALIDADO,-70.7949215,-34.2846348,7.131,3.907,sin_clasificar
POL_490,8.266778894521792,0.5,8.25,1.2887649387097442,0.75,7.425000000000001,40.618375150750026,0.0,0.0,12.198377869821176,0.25,3.0,0.0,1.0,17.0,68.0716434789887,0.0,0.0,373.00391924408484,0.0,0.0,0.9950693423373309,1.0,7.0,3.1921981763173237,0.5,2.35,9,45.025,44.44444444444444,490,500.0,ARIDOS RIO CACHAPOAL-DOÑIHUE,FERROVIAL CONSTRUCCION CHILE S.A.,REGIÓN DEL LIBERTADOR BERNARDO OHIGGINS,DOÑIHUE,Áridos,Extracción de áridos,Grande,CATEGORIA D,No identificado,Revisar,Revisar,Sin coincidencia,MINA EL CHACO,MINA EL CHACO,ÓXIDO DE MANGANESO,VALIDADO,-70.89975552,-34.21836378,3.577,1.338,sin_clasificar
POL_491,26.8127941428621,0.0,0.0,5.641192864527218,0.5,4.95,29.422014806159318,0.0,0.0,29.256114241796613,0.0,0.0,0.0,1.0,17.0,86.5915348841485,0.0,0.0,353.7027887411394,0.0,0.0,1.31627573519022,1.0,7.0,1.4901179804490232,0.75,3.5250000000000004,9,32.475,36.11111111111111,491,500.0,ARIDOS RIO CLARO,FERROVIAL CONSTRUCCION CHILE S.A.,REGIÓN DEL LIBERTADOR BERNARDO OHIGGINS,RENGO,Áridos,Extracción de áridos,Grande,CATEGORIA D,No identificado,Revisar,Revisar,Sin coincidencia,PERTENENCIA ALTOS DE CHAÑAR 1 AL 20,PERTENENCIA ALTOS DE CHAÑAR 1 AL 20,SULFURO AURÍFERO,VALIDADO,-70.818749,-34.39443,0.775,17.533,sin_clasificar
POL_492,18.371893120145117,0.25,4.125,0.7109113969826829,1.0,9.9,54.97506857300733,0.0,0.0,31.05885595681324,0.0,0.0,0.0,1.0,17.0,98.87780065388641,0.0,0.0,348.3445469665886,0.0,0.0,3.0136677225415283,0.75,5.25,3.301954619324287,0.5,2.35,9,38.625,38.88888888888889,492,626.0,ARIDOS SAN VICENTE,SOC. ARIDOS SAN VICENTE LTDA,REGIÓN DEL LIBERTADOR BERNARDO OHIGGINS,SAN VICENTE,Áridos,Extracción de áridos,No informado,CATEGORIA D,No identificado,Posible,Coincide,Sin coincidencia,MINA MEDIANOCHE 2,MINA MEDIANOCHE 2,CUARZO AURÍFERO,VALIDADO,-71.132824,-34.412196,0.0,4.651,sin_clasificar
POL_493,17.730531978897577,0.25,4.125,0.41665965135581884,1.0,9.9,54.84118632870372,0.0,0.0,30.342841456604635,0.0,0.0,0.0,1.0,17.0,98.5332648844213,0.0,0.0,348.54997388642994,0.0,0.0,3.071101216783887,0.75,5.25,2.561585839195586,0.5,2.35,9,38.625,38.88888888888889,493,89.0,ARIDOS PUENTE PEUMO-RIO CACHAPOAL,SOCIEDAD CONCESIONARIA LA FRUTA S.A.,REGIÓN DEL LIBERTADOR BERNARDO OHIGGINS,SAN VICENTE,Áridos,Extracción de áridos,Grande,CATEGORIA C,No identificado,Revisar,Revisar,Sin coincidencia,PLANTA LA HIGUERA (EX PLANTA FLOR DE TE),PLANTA DE MOLIENDA/ FLOTACION,SULFURO AURÍFERO,VALIDADO,-71.13773,-34.415178,0.626,6.355,sin_clasificar
POL_494,44.13444208944827,0.0,0.0,4.279539021999556,0.75,7.425000000000001,88.80167758191766,0.0,0.0,45.04690611971894,0.0,0.0,24.776345599412466,0.5,8.5,92.33455343966665,0.0,0.0,343.73870244136646,0.0,0.0,0.5340920155961204,1.0,7.0,0.6625583621404645,0.75,3.5250000000000004,9,26.450000000000003,33.33333333333333,494,627.0,YACIMIENTO LA PATAGUA,MINERA RIO TENO S.A.,REGIÓN DEL LIBERTADOR BERNARDO OHIGGINS,PERALILLO,Áridos,Mina / faena,Mediana,CATEGORIA D,No identificado,Confirmado,Coincide,Confirmado,YACIMIENTO LA PATAGUA,YACIMIENTO LA PATAGUA,PUMICITA,VALIDADO,-71.53972167,-34.45375867,0.0,0.0,sin_clasificar
POL_495,14.180924490946015,0.25,4.125,15.186310690234624,0.25,2.475,52.911294015604064,0.0,0.0,98.73968527012863,0.0,0.0,25.054125189037098,0.25,4.25,158.8526960659612,0.0,0.0,280.68045637174714,0.0,0.0,1.2613980004627048,1.0,7.0,0.7337054243454015,0.75,3.5250000000000004,9,21.375,27.77777777777778,495,236.0,ARIDOS PETROMAX,TRANSPORTES PETROMAX S.A.,REGIÓN DEL MAULE,CURICO,Áridos,Extracción de áridos,Mediana,CATEGORIA D,No identificado,Revisar,Coincide,Sin coincidencia,PROYECTO VALLE HERMOSO,PROYECTO VALLE HERMOSO,COBRE - MOLIBDENO,VALIDADO,-71.255213,-35.017461,0.0,78.69,sin_clasificar
POL_496,15.373135772001472,0.25,4.125,16.432220781988825,0.25,2.475,52.19568821603151,0.0,0.0,99.55975497840393,0.0,0.0,25.566384899204007,0.25,4.25,159.9905750989568,0.0,0.0,279.9594687290012,0.0,0.0,1.9404083048679788,1.0,7.0,0.18440198982238026,1.0,4.7,9,22.55,30.555555555555557,496,476.0,ARIDOS RIO LONTUE,ARIDOS TENO LIMITADA,REGIÓN DEL MAULE,CURICO,Áridos,Extracción de áridos,No informado,CATEGORIA C,No identificado,Revisar,Revisar,Sin coincidencia,FAENA RIO 27,MINA RIO 27,SULFUROS DE COBRE,VALIDADO,-71.26661,-35.012392,2.051,393.138,sin_clasificar
POL_497,3.6218563562353143,0.75,12.375,11.617278768378434,0.25,2.475,122.77711567378884,0.0,0.0,162.40879950338868,0.0,0.0,39.803368521597555,0.25,4.25,179.0802281596387,0.0,0.0,255.83592025372198,0.0,0.0,7.171709068643001,0.5,3.5,4.550669269306209,0.5,2.35,9,24.950000000000003,25.0,497,628.0,MINERA NO METÁLICA ARIDOS RIO MAULE-SECTOR MELLICO Y PIEDRA DEL LOBO,PINOCHET NAVARRETE LISSETTE PAOLA,REGIÓN DEL MAULE,CONSTITUCION,Áridos,Extracción de áridos,No informado,CATEGORIA D,No identificado,Posible,Coincide,Sin coincidencia,PLANTA PROCESO Y MINA SANTA DORILA,PLANTA PROCESO SANTA DORILA,ARENA SILICEA,VALIDADO,-72.30991746,-35.38201167,0.0,10.091,sin_clasificar
POL_498,7.339822008317243,0.5,8.25,0.843336950175002,1.0,9.9,137.34841121593266,0.0,0.0,191.3121869751178,0.0,0.0,64.72245914088678,0.0,0.0,150.43931946405684,0.0,0.0,247.06377859844446,0.0,0.0,7.532427101104448,0.5,3.5,1.5181029485692255,0.75,3.5250000000000004,9,25.174999999999997,30.555555555555557,498,437.0,PLANTA Y MINAS DE ARENAS SILICEAS,MINERA FARO CARRANZA S.A.,REGIÓN DEL MAULE,CONSTITUCION,Áridos,Instalación minera,Grande,CATEGORIA C,No identificado,Posible,Revisar,Confirmado,PLANTA Y MINAS DE ARENAS SILICEAS,PLANTA FLORA,ARENA SILICEA,VALIDADO,-72.57450833,-35.55759933,1.257,0.0,sin_clasificar
POL_499,0.0,1.0,16.5,3.119710488347533,0.75,7.425000000000001,111.85515214226805,0.0,0.0,162.09172914619506,0.0,0.0,28.821721493990662,0.25,4.25,180.02583833405507,0.0,0.0,248.74039820290804,0.0,0.0,7.59248400911718,0.5,3.5,8.779245976731957,0.25,1.175,9,32.85,30.555555555555557,499,402.0,ARIDOS FOREL,FORESTAL ARAUCO S.A.,REGIÓN DEL MAULE,CONSTITUCION,Áridos,Extracción de áridos,Grande,CATEGORIA D,No identificado,Posible,Coincide,Sin coincidencia,MINA ORQUIDEA II,MINA ORQUIDEA II,CUARZO,VALIDADO,-72.198189,-35.415823,0.0,18.189,sin_clasificar
POL_500,6.4842687201486875,0.5,8.25,9.377762895278906,0.5,4.95,125.96139105933122,0.0,0.0,162.74669660307416,0.0,0.0,42.99789045371751,0.25,4.25,178.95889151110512,0.0,0.0,258.0468991231026,0.0,0.0,4.723226089371653,0.75,5.25,1.0079530782297985,0.75,3.5250000000000004,9,26.225,30.555555555555557,500,402.0,ARIDOS SANTA MARTA,FORESTAL ARAUCO S.A.,REGIÓN DEL MAULE,CONSTITUCION,Áridos,Extracción de áridos,Grande,CATEGORIA D,No identificado,Posible,Coincide,Sin coincidencia,PLANTA PROCESO Y MINA SANTA DORILA,PLANTA PROCESO SANTA DORILA,ARENA SILICEA,VALIDADO,-72.344745,-35.369539,0.017,6.949,sin_clasificar
POL_501,0.9104025284629441,1.0,16.5,2.6063991123280013,0.75,7.425000000000001,120.37713270829948,0.0,0.0,185.25331871063912,0.0,0.0,48.208717596385135,0.25,4.25,155.74266937840892,0.0,0.0,238.49419301190426,0.0,0.0,10.123748317237153,0.5,3.5,11.009380332534226,0.0,0.0,9,31.675,27.77777777777778,501,532.0,MINA LAS PIEDRAS,MIGRIN S.A.,REGIÓN DEL MAULE,EMPEDRADO,Áridos,Mina / faena,Grande,CATEGORIA C,No identificado,Confirmado,Coincide,Confirmado,MINA LAS PIEDRAS,DEPOSITO DE LODOS N°1 (antiguo),CUARZO,VALIDADO,-72.403907,-35.574839,0.0,0.0,sin_clasificar
POL_502,38.43199516976373,0.0,0.0,8.980328604976503,0.5,4.95,72.04631099724202,0.0,0.0,164.9951483837233,0.0,0.0,0.0,1.0,17.0,189.9416395264229,0.0,0.0,225.5872859605494,0.0,0.0,5.2649264175800266,0.5,3.5,5.7946111655705765,0.25,1.175,9,26.625,25.0,502,412.0,ARIDOS DRY MIX,ARENEX S.A./MORTEROS Y ARIDOS DRY MIX LTDA.,REGIÓN DEL MAULE,MAULE,Áridos,Extracción de áridos,Grande,CATEGORIA D,No identificado,Posible,Coincide,Sin coincidencia,MINA SANTA FE DEL 1 AL 7,MINA SANTA FE DEL 1 AL 7,COBRE - MOLIBDENO,VALIDADO,-71.779663,-35.540491,0.0,3.899,sin_clasificar
POL_503,28.87815350527155,0.0,0.0,17.131802628659134,0.25,2.475,90.51926150254941,0.0,0.0,149.70715633461063,0.0,0.0,8.802433649107993,0.5,8.5,196.26710965213704,0.0,0.0,245.46743816563884,0.0,0.0,3.645593577589244,0.75,5.25,4.574934216474127,0.5,2.35,9,18.575000000000003,22.22222222222222,503,224.0,Faena Chepica,SOCIEDAD CONTRACTUAL MINERA PAICAVI S.A.,REGIÓN DEL MAULE,PENCAHUE,Cobre / Oro / Plata,Instalación minera,No informado,CATEGORIA C,No identificado,Confirmado,Coincide,Confirmado,FAENA CHEPICA,BOTADERO CHEPICA,ORO - COBRE - PLATA,VALIDADO,-71.851362,-35.377013,0.007,0.0,sin_clasificar
POL_504,38.6497272990692,0.0,0.0,9.17128116791861,0.5,4.95,63.75854455116774,0.0,0.0,164.08839546412747,0.0,0.0,0.0,1.0,17.0,195.5678890973798,0.0,0.0,222.63787611302917,0.0,0.0,4.014143884674215,0.75,5.25,2.504813396717956,0.5,2.35,9,29.55,30.555555555555557,504,629.0,ARIDOS LA ESPERANZA,CONSTRUCTORA LA ESPERANZA LTDA,REGIÓN DEL MAULE,MAULE,Áridos,Extracción de áridos,No informado,CATEGORIA D,No identificado,Posible,Coincide,Posible,SANTA ALEJANDRA,PLANTA SANTA ALEJANDRA,ORO - PLATA,VALIDADO,-71.658232,-35.556363,0.0,0.827,sin_clasificar
POL_505,35.314004630968775,0.0,0.0,8.923956823041872,0.5,4.95,60.462292593529114,0.0,0.0,165.70991849221917,0.0,0.0,0.26503709466854564,1.0,17.0,195.85159188924513,0.0,0.0,220.46528996562307,0.0,0.0,6.564820008700416,0.5,3.5,5.669047747767884,0.25,1.175,9,26.625,25.0,505,630.0,ARIDOS BUENA VISTA,ARIDOS BUENA VISTA SPA,REGIÓN DEL MAULE,SAN JAVIER,Áridos,Extracción de áridos,No informado,CATEGORIA D,No identificado,Posible,Coincide,Sin coincidencia,SANTA ALEJANDRA,PLANTA SANTA ALEJANDRA,ORO - PLATA,VALIDADO,-71.634956,-35.573793,0.096,2.055,sin_clasificar
POL_506,44.92401668818489,0.0,0.0,12.123424920929224,0.25,2.475,74.13083128052166,0.0,0.0,145.76739288919404,0.0,0.0,0.0,1.0,17.0,196.76590101375865,0.0,0.0,240.76509470672545,0.0,0.0,1.0349266039603546,1.0,7.0,1.51782197223301,0.75,3.5250000000000004,9,30.0,33.33333333333333,506,631.0,ARIDOS RIVERMAQ,S/I,REGIÓN DEL MAULE,TALCA,Áridos,Extracción de áridos,No informado,CATEGORIA D,No identificado,Posible,Coincide,Sin coincidencia,MINA ESPERANZA,MINA ESPERANZA,CUARZO AURÍFERO,VALIDADO,-71.62519688,-35.39010801,0.0,7.832,sin_clasificar
POL_507,20.581418467358965,0.25,4.125,13.050836350834919,0.25,2.475,45.82941113025119,0.0,0.0,165.76274359430428,0.0,0.0,13.747584010728456,0.5,8.5,206.70472019119066,0.0,0.0,215.31722409453002,0.0,0.0,7.9187834517116125,0.5,3.5,2.609083129658395,0.5,2.35,9,20.950000000000003,22.22222222222222,507,632.0,ÁRIDOS LOS MAITENES,S/I,REGIÓN DEL MAULE,COLBUN,Áridos,Extracción de áridos,No informado,CATEGORIA D,No identificado,Revisar,Coincide,Sin coincidencia,PLANTA LOS MAITENES,ESPESAMIENTO/FILTRADO,CARBONATO DE CALCIO BLANCO,VALIDADO,-71.423671,-35.608704,0.0,251.362,sin_clasificar
POL_508,4.2660992436923095,0.75,12.375,4.235811952761865,0.75,7.425000000000001,37.910999598198636,0.0,0.0,200.22576796223697,0.0,0.0,35.06706171345198,0.25,4.25,175.65899593464496,0.0,0.0,183.56068931104457,0.0,0.0,3.9152545017769937,0.75,5.25,0.2836029595210842,1.0,4.7,9,34.0,38.88888888888889,508,633.0,ARIDOS BADILLA EN RIO ACHIBUENO,JORGE BADILLA,REGIÓN DEL MAULE,LINARES,Áridos,Extracción de áridos,No informado,CATEGORIA D,No identificado,Posible,Coincide,Sin coincidencia,MINA EL LINGUE,MINA EL LINGUE,SULFUROS Y ÓXIDOS DE COBRE,VALIDADO,-71.569869,-35.904575,0.0,16.98,sin_clasificar
POL_509,23.41250285172598,0.25,4.125,18.632933372067185,0.25,2.475,56.30692390539174,0.0,0.0,194.08498913666128,0.0,0.0,26.661453636202364,0.25,4.25,169.50757012678412,0.0,0.0,195.96617457907442,0.0,0.0,5.824605710678542,0.5,3.5,8.930040092038308,0.25,1.175,9,15.525,16.666666666666664,509,151.0,ARIDOS CONSTRUCTORA SAN ANDRES,CONSTRUCTORA SAN ANDRES SPA,REGIÓN DEL MAULE,LINARES,Áridos,Extracción de áridos,No informado,SIN CATEGORIA,No identificado,Posible,Coincide,Sin coincidencia,FAENA LLANCAHUE,PROSPECTO LLANCAHUE,COBRE - ORO,VALIDADO,-71.751049,-35.813999,0.0,14.376,sin_clasificar
POL_510,21.040436199959423,0.25,4.125,21.27593417285997,0.25,2.475,50.73843524080836,0.0,0.0,215.42204797172954,0.0,0.0,49.17984051135311,0.25,4.25,157.05179487184364,0.0,0.0,173.04217189426916,0.0,0.0,4.2146670621833415,0.75,5.25,6.570158449403052,0.25,1.175,9,17.275000000000002,19.444444444444446,510,339.0,ARIDOS TRANSMARA,TRANSPORTE MAQUINARIA Y ARIDOS TRANSMARA SPA,REGIÓN DEL MAULE,RETIRO,Áridos,Extracción de áridos,No informado,CATEGORIA D,No identificado,Revisar,Coincide,Sin coincidencia,PLANTA REMULCAO,PLANTA REMULCAO,ZEOLITAS,VALIDADO,-71.722207,-36.019944,0.0,25.353,sin_clasificar
POL_511,18.720865601932207,0.25,4.125,10.06476173449643,0.25,2.475,35.071618443102395,0.0,0.0,235.79654248131573,0.0,0.0,41.40451129566395,0.25,4.25,146.47154810132392,0.0,0.0,147.80195674605432,0.0,0.0,4.067295068417761,0.75,5.25,5.409730451284889,0.25,1.175,9,17.275000000000002,19.444444444444446,511,340.0,ÁRIDOS TRICAM SECTOR RIO LONGAVI,CONSTRUCTORA TRICAM LIMITADA,REGIÓN DEL MAULE,PARRAL,Áridos,Extracción de áridos,No informado,CATEGORIA D,No identificado,Posible,Coincide,Sin coincidencia,PLANTA REMULCAO,PLANTA REMULCAO,ZEOLITAS,VALIDADO,-71.561559,-36.230042,0.023,11.892,sin_clasificar
POL_512,6.048055339101039,0.5,8.25,2.382899692697237,0.75,7.425000000000001,136.44174808166508,0.0,0.0,192.77454922679937,0.0,0.0,64.6816988263674,0.0,0.0,149.72967754064973,0.0,0.0,245.6022233668259,0.0,0.0,8.700495278411726,0.5,3.5,3.091178409275125,0.5,2.35,9,21.525000000000002,25.0,512,51.0,MINERA FARO CARRANZA - PIRAZZOLI - LOANCO,MINERA FARO CARRANZA S.A.,REGIÓN DEL MAULE,CHANCO,Áridos,Instalación minera,Mediana,CATEGORIA C,Posible,Posible,Revisar,Confirmado,PLANTA Y MINAS DE ARENAS SILICEAS,MINA LOANCO 9,ARENA SILICEA,VALIDADO,-72.57322125,-35.58278425,1.377,0.0,sin_clasificar
POL_513,8.922894369552935,0.5,8.25,15.08409620918241,0.25,2.475,110.37219001929174,0.0,0.0,110.24045832762232,0.0,0.0,41.93732730812827,0.25,4.25,155.88963550502325,0.0,0.0,287.23935333438374,0.0,0.0,4.946540573805025,0.75,5.25,8.603496518771903,0.25,1.175,9,21.400000000000002,22.22222222222222,513,225.0,ARIDOS PLACILLA,ARIDOS PLACILLA SPA,REGIÓN DEL MAULE,LICANTEN,Áridos,Extracción de áridos,No informado,CATEGORIA D,No identificado,Posible,Revisar,Posible,PLACILLA 1 AL 6,PLACILLA 1 AL 6,CUARZO,VALIDADO,-72.042294,-34.976927,11.712,11.025,sin_clasificar
POL_514,35.70274409569165,0.0,0.0,35.34806259327511,0.0,0.0,64.43294313859613,0.0,0.0,277.59259541044054,0.0,0.0,0.0,1.0,17.0,103.91399070400391,0.0,0.0,129.15122995225767,0.0,0.0,2.044691823228344,0.75,5.25,7.424845532870631,0.25,1.175,9,23.425,22.22222222222222,514,139.0,PLANTA ARIDOS RINCONADA CHILLAN,ARIDOS RINCONADA LIMITADA,REGIÓN DE ÑUBLE,CHILLAN,Áridos,Planta / procesamiento,No informado,CATEGORIA D,No identificado,Revisar,Coincide,Sin coincidencia,FAENA RINCONADA 1/20,MINA RINCONADA 1/20,OXIDOS DE COBRE,VALIDADO,-72.049339,-36.529594,0.0,687.127,sin_clasificar
POL_515,37.561988268133234,0.0,0.0,34.55776878033336,0.0,0.0,65.33282406213925,0.0,0.0,281.1519896309333,0.0,0.0,0.0,1.0,17.0,100.66739205154798,0.0,0.0,127.98655418995213,0.0,0.0,0.9871647881281493,1.0,7.0,4.9952752672602045,0.5,2.35,9,26.35,27.77777777777778,515,267.0,PLANTA ARMIX LIMITADA,ARMIX LTDA,REGIÓN DE ÑUBLE,CHILLAN,Áridos,Planta / procesamiento,Pequeña,CATEGORIA C,No identificado,Revisar,Coincide,Sin coincidencia,MINA LOS PLACERES DE DIEGO,MINA MARIA ALESSANDRA,ORO - PLATA,VALIDADO,-72.077072,-36.553979,0.0,24.911,sin_clasificar
POL_516,42.61449112123376,0.0,0.0,12.264594007086854,0.25,2.475,86.33145813566092,0.0,0.0,293.47478539742656,0.0,0.0,0.0,1.0,17.0,74.18674140609237,0.0,0.0,136.90441580148263,0.0,0.0,3.948134700776428,0.75,5.25,4.92389041096783,0.5,2.35,9,27.075000000000003,27.77777777777778,516,246.0,ARIDOS LIVIO MAGGI CHILLAN,SOCIEDAD ARIDOS LIVIO MAGGI Y CIA LIMITADA,REGIÓN DE ÑUBLE,CHILLAN,Áridos,Extracción de áridos,Mediana,CATEGORIA A,No identificado,Revisar,Revisar,Sin coincidencia,Grupo de Yacimientos Zonas Arenal e Intracampos,POZO CHILLAN 11,PETRÓLEO,VALIDADO,-72.35536,-36.613818,0.415,1809.392,sin_clasificar
POL_517,26.219985306192374,0.0,0.0,26.94945282941641,0.0,0.0,56.399581351126734,0.0,0.0,273.7083563561383,0.0,0.0,0.3924740824421286,1.0,17.0,112.26911737186084,0.0,0.0,125.8623550482988,0.0,0.0,6.0212811047792885,0.5,3.5,9.405985084627407,0.25,1.175,9,21.675,19.444444444444446,517,237.0,ARIDOS FE BLANCA SAN CARLOS,INGENIERIA Y CONSTRUCCIONES FE BLANCA SPA,REGIÓN DE ÑUBLE,SAN CARLOS,Áridos,Extracción de áridos,No informado,CATEGORIA D,No identificado,Revisar,Coincide,Sin coincidencia,MINA BLANCA I 1 AL 20,MINA BLANCA I 1 AL 20,BARITINA,VALIDADO,-71.92826,-36.517912,0.0,695.599,sin_clasificar
POL_518,17.81915666213049,0.25,4.125,14.894374388499893,0.25,2.475,48.78512507108019,0.0,0.0,267.975772094338,0.0,0.0,6.8320707767891955,0.5,8.5,114.80050580996864,0.0,0.0,123.66441427998122,0.0,0.0,6.0362632902816,0.5,3.5,15.38346489945512,0.0,0.0,9,18.6,16.666666666666664,518,283.0,EXTRACCION Y PROCESAMIENTO ARIDOS NAHUELTORO,CONSTRUCTORA HUEQUECURA LIMITADA,REGIÓN DE ÑUBLE,COIHUECO,Áridos,Extracción de áridos,Grande,CATEGORIA D,No identificado,Revisar,Revisar,Sin coincidencia,PLANTA EL ARENAL,PLANTA DE PROCESAMIENTO,COBRE - ORO - PLATA,VALIDADO,-71.78781214,-36.49510108,0.114,435.01,sin_clasificar
POL_519,39.247100828822546,0.0,0.0,7.012217091125323,0.5,4.95,90.41932637559934,0.0,0.0,297.486304277728,0.0,0.0,0.0,1.0,17.0,68.76965442881142,0.0,0.0,136.74216034150922,0.0,0.0,0.857688998184637,1.0,7.0,1.549473231636995,0.75,3.5250000000000004,9,32.475,36.11111111111111,519,503.0,EXTRACCION ARIDOS READY MIX SUR RIO ÑUBLE- SECTOR QUINCHAMALI,READY MIX SUR S.A.,REGIÓN DE ÑUBLE,CHILLAN,Áridos,Extracción de áridos,Grande,CATEGORIA C,No identificado,Revisar,Coincide,Sin coincidencia,FAENA RIO 27,MINA RIO 27,SULFUROS DE COBRE,VALIDADO,-72.420595,-36.6387,0.071,586.424,sin_clasificar
POL_520,38.44730806837138,0.0,0.0,6.0609239088720654,0.5,4.95,91.25062361206477,0.0,0.0,298.1087111076507,0.0,0.0,0.0,1.0,17.0,67.6618753087936,0.0,0.0,136.05524162803428,0.0,0.0,1.510706676361719,1.0,7.0,2.199203525473596,0.5,2.35,9,31.3,33.33333333333333,520,275.0,EXTRACCION MECANIZADA DE ARIDOS SECTOR CHONCHORAL- CIA MINERA LA ISLA,COMPAÑIA MINERA LA ISLA LTDA,REGIÓN DE ÑUBLE,CHILLAN,Áridos,Extracción de áridos,Pequeña,CATEGORIA D,No identificado,Revisar,Revisar,Sin coincidencia,MINA ISLA,POLVORÍN MINA ISLA,CUARZO AURÍFERO,VALIDADO,-72.454821,-36.643488,2.095,312.162,sin_clasificar
POL_521,44.7578350929518,0.0,0.0,3.5453984564737637,0.75,7.425000000000001,88.19246160507363,0.0,0.0,312.45550774418194,0.0,0.0,7.7503018512895565,0.5,8.5,64.7627564162299,0.0,0.0,121.54159531404217,0.0,0.0,2.8980528408754322,0.75,5.25,1.8660978604375964,0.75,3.5250000000000004,9,24.700000000000003,30.555555555555557,521,634.0,POZO DE ARIDOS EL LUCERO,RICARDO ROMERO,REGIÓN DE ÑUBLE,BULNES,Áridos,Extracción de áridos,No informado,CATEGORIA D,No identificado,Revisar,Coincide,Sin coincidencia,LUCERO 1 AL 12,CAMPAMENTO,OXIDOS DE COBRE,VALIDADO,-72.415934,-36.776477,0.0,943.175,sin_clasificar
POL_522,44.57469533520352,0.0,0.0,2.9746943231291496,0.75,7.425000000000001,88.28653972222912,0.0,0.0,313.53825337655667,0.0,0.0,8.83315752686007,0.5,8.5,64.15993422783536,0.0,0.0,119.48796794579897,0.0,0.0,3.4362973920286475,0.75,5.25,2.526057440943858,0.5,2.35,9,23.525000000000002,27.77777777777778,522,455.0,EXTRACCION ARIDOS ABRATEC,ABRATEC S.A.,REGIÓN DE ÑUBLE,BULNES,Áridos,Extracción de áridos,Mediana,CATEGORIA D,No identificado,Revisar,Revisar,Sin coincidencia,LA PEPITA,CAMPAMENTO,ORO METÁLICO O NATIVO,VALIDADO,-72.40619674,-36.81991645,2.983,27.712,sin_clasificar
POL_523,47.28914724468512,0.0,0.0,2.4506631464895112,0.75,7.425000000000001,85.50976710353123,0.0,0.0,317.5453832468237,0.0,0.0,13.149921642091204,0.5,8.5,63.76682191034546,0.0,0.0,116.04214727319679,0.0,0.0,4.072486076603723,0.75,5.25,3.2913637735991252,0.5,2.35,9,23.525000000000002,27.77777777777778,523,455.0,EXTRACCION ARIDOS EN POZO LASTRERO- SECTOR RINCONADA PAL-PAL- ABRATEC,ABRATEC S.A.,REGIÓN DE ÑUBLE,BULNES,Áridos,Extracción de áridos,Mediana,CATEGORIA D,No identificado,Revisar,Coincide,Sin coincidencia,LA RINCONADA,MINA LA RINCONADA,SULFURO AURÍFERO,VALIDADO,-72.396193,-36.830963,0.02,941.386,sin_clasificar
POL_524,44.855428008870824,0.0,0.0,2.3539884286914727,0.75,7.425000000000001,87.901642904119,0.0,0.0,315.1222841207761,0.0,0.0,10.437616111469197,0.5,8.5,64.3437464880624,0.0,0.0,119.19976107857542,0.0,0.0,4.891772531044863,0.75,5.25,2.352021421274666,0.5,2.35,9,23.525000000000002,27.77777777777778,524,400.0,EXTRACCION ARIDOS LOS PINOS,FORESTAL ARAUCO S.A.,REGIÓN DE ÑUBLE,BULNES,Áridos,Extracción de áridos,Grande,CATEGORIA D,No identificado,Revisar,Coincide,Sin coincidencia,MINA LOS PINOS,MINA LOS PINOS,ORO - COBRE,VALIDADO,-72.423141,-36.802766,0.007,294.929,sin_clasificar
POL_525,49.60051345075599,0.0,0.0,5.387287189042851,0.5,4.95,84.74703167765884,0.0,0.0,320.56251851036234,0.0,0.0,16.602955785450728,0.5,8.5,62.951159396799646,0.0,0.0,114.14369760324647,0.0,0.0,4.317465182826352,0.75,5.25,5.211967906832867,0.25,1.175,9,19.875,22.22222222222222,525,635.0,ARIDOS SAN MARCOS,SOCIEDAD DE ARIDOS SAN MARCOS LTDA,REGIÓN DE ÑUBLE,QUILLON,Áridos,Extracción de áridos,No informado,CATEGORIA D,No identificado,Revisar,Coincide,Sin coincidencia,MINA SAN MARCOS,MINA SAN MARCOS,OXIDOS DE COBRE,VALIDADO,-72.383821,-36.859457,0.0,545.708,sin_clasificar
POL_526,42.37214307246945,0.0,0.0,17.405652686693795,0.25,2.475,68.77170136532088,0.0,0.0,319.65103258794545,0.0,0.0,19.77864345085215,0.5,8.5,74.62517370505978,0.0,0.0,103.60923915217359,0.0,0.0,8.911006351777687,0.5,3.5,10.766605580443056,0.0,0.0,9,14.475,13.88888888888889,526,240.0,EXTRACCION ARIDOS SOPRAMAT CAUCE DEL RIO DIGUILLIN-SECTOR LOS TILOS,SOCIEDAD PRODUCTORA DE ARIDOS SERVICIOS Y TRANSPORTE LIMITADA,REGIÓN DE ÑUBLE,BULNES,Áridos,Extracción de áridos,Micro,CATEGORIA D,No identificado,Revisar,Revisar,Sin coincidencia,RIO 27,EXPLORACION RIO 27,COBRE - ORO - PLATA,VALIDADO,-72.198455,-36.882157,0.407,608.744,sin_clasificar
POL_527,41.88645376181946,0.0,0.0,17.96450271511546,0.25,2.475,68.68656148902411,0.0,0.0,320.40714181353195,0.0,0.0,20.32649439762851,0.5,8.5,74.71581276586014,0.0,0.0,103.01016744764848,0.0,0.0,8.818576846634972,0.5,3.5,11.121653828961657,0.0,0.0,9,14.475,13.88888888888889,527,400.0,POZO ARIDOS RINCONADA DIGUILLIN,FORESTAL ARAUCO S.A.,REGIÓN DE ÑUBLE,EL CARMEN,Áridos,Extracción de áridos,Grande,CATEGORIA D,No identificado,Revisar,Revisar,Sin coincidencia,RINCONADA 1 AL 5,MINA RINCONADA,OXIDOS DE COBRE,VALIDADO,-72.20555933,-36.90072553,0.731,641.674,sin_clasificar
POL_528,46.691397996899966,0.0,0.0,22.90750452737207,0.25,2.475,72.22541230303878,0.0,0.0,293.4572415418855,0.0,0.0,0.7006931781853036,0.75,12.75,86.97599714613082,0.0,0.0,125.99936111790505,0.0,0.0,4.812620993645355,0.75,5.25,5.160768557696111,0.25,1.175,9,21.650000000000002,22.22222222222222,528,342.0,EXTRACCION MECANIZADA DE ARIDOS POZO NEBUCO,TRIBASA CONO SUR S.A.,REGIÓN DE ÑUBLE,CHILLAN VIEJO,Áridos,Extracción de áridos,No informado,CATEGORIA A,No identificado,Revisar,Coincide,Sin coincidencia,SIT  SA,PLANTA MECANIZADA,CALICHE (NITRATOS),VALIDADO,-72.20647238,-36.63929002,0.077,1621.026,sin_clasificar
POL_529,44.086434893668304,0.0,0.0,25.243618030988756,0.0,0.0,69.82305196326679,0.0,0.0,292.1754431968419,0.0,0.0,1.099499338235325,0.75,12.75,89.69581494278651,0.0,0.0,124.99392173616741,0.0,0.0,2.0510342640037673,0.75,5.25,2.415118011897552,0.5,2.35,9,20.35,22.22222222222222,529,636.0,PLANTA DE ARIDOS COVADONGA,S/I,REGIÓN DE ÑUBLE,CHILLAN VIEJO,Áridos,Planta / procesamiento,No informado,CATEGORIA C,No identificado,Revisar,Revisar,Sin coincidencia,MINA LOS PLACERES DE DIEGO,MINA MARIA ALESSANDRA,ORO - PLATA,VALIDADO,-72.15052935,-36.63702107,2.102,27.658,sin_clasificar
POL_530,43.16114801303147,0.0,0.0,12.622083045079291,0.25,2.475,85.64303433059118,0.0,0.0,293.4393984318932,0.0,0.0,0.0,1.0,17.0,74.74246138001132,0.0,0.0,136.09890809628428,0.0,0.0,4.241489462572846,0.75,5.25,5.2118193574698575,0.25,1.175,9,25.900000000000002,25.0,530,246.0,ARIDOS LIVIO MAGGIO CHILLAN,SOCIEDAD ARIDOS LIVIO MAGGI Y CIA LIMITADA,REGIÓN DE ÑUBLE,CHILLAN,Áridos,Extracción de áridos,Mediana,CATEGORIA A,No identificado,Revisar,Coincide,Sin coincidencia,Grupo de Yacimientos Zonas Arenal e Intracampos,POZO CHILLAN 11,PETRÓLEO,VALIDADO,-72.35536,-36.613818,0.0,1808.915,sin_clasificar
POL_531,9.1212130213445,0.5,8.25,12.3132943092328,0.25,2.475,120.54384480163421,0.0,0.0,284.21550300955107,0.0,0.0,29.23911501912007,0.25,4.25,60.781249687568184,0.0,0.0,154.14701550847005,0.0,0.0,1.4639597092382846,1.0,7.0,3.1174052488690336,0.5,2.35,9,24.325000000000003,27.77777777777778,531,289.0,PLANTA CHANCADORA CONSTRUCTORA LAMAS,EMPRESA CONSTRUCTORA PAOLA LAMAS Y CIA. LIMITADA,REGIÓN DE ÑUBLE,TREHUACO,Áridos,Planta / procesamiento,Mediana,CATEGORIA D,No identificado,Revisar,Revisar,Sin coincidencia,MINA CAOLIN QUIRIHUE,MINA CAOLIN QUIRIHUE,CAOLIN,VALIDADO,-72.70267609,-36.4858684,5.187,15.891,sin_clasificar
POL_532,46.22269328528911,0.0,0.0,2.314988735449368,0.75,7.425000000000001,86.98599504078763,0.0,0.0,317.064727713124,0.0,0.0,12.561037348012615,0.5,8.5,63.620958728397255,0.0,0.0,117.3095227612275,0.0,0.0,5.577676761015476,0.5,3.5,2.2281226505043015,0.5,2.35,9,21.775000000000002,25.0,532,637.0,PLANTA DE ARIDOS EL MAITEN,CHAVEZ SALAZAR NESTOR FABIAN,REGIÓN DE ÑUBLE,QUILLON,Áridos,Planta / procesamiento,No informado,CATEGORIA D,No identificado,Revisar,Coincide,Sin coincidencia,FAENA EL MAITEN,MINA EL MAITEN SUR,SULFUROS Y ÓXIDOS DE COBRE,VALIDADO,-72.41313,-36.822077,0.0,768.491,sin_clasificar
POL_533,16.906951474274464,0.25,4.125,9.206446827247003,0.5,4.95,116.05332439115799,0.0,0.0,248.4251544709159,0.0,0.0,48.631323648686944,0.25,4.25,96.69544494857239,0.0,0.0,182.4502456370134,0.0,0.0,12.963173781855147,0.5,3.5,14.158409483581055,0.0,0.0,9,16.825,16.666666666666664,533,400.0,CANTERA QUIRIHUE,FORESTAL ARAUCO S.A.,REGIÓN DE ÑUBLE,QUIRIHUE,Áridos,Cantera,Grande,CATEGORIA D,No identificado,Revisar,Revisar,Sin coincidencia,MINA LOS PENSAMIENTOS 1 AL 10,MINA LOS PENSAMIENTOS 1 AL 10,CUARZO AURÍFERO,VALIDADO,-72.461419,-36.170716,0.325,17.559,sin_clasificar
POL_534,45.01092339807046,0.0,0.0,15.273370840433524,0.25,2.475,83.76872685797143,0.0,0.0,291.79915104506284,0.0,0.0,0.0,1.0,17.0,77.34356691590071,0.0,0.0,135.62627514967178,0.0,0.0,6.892709808282881,0.5,3.5,7.861585013772541,0.25,1.175,9,24.150000000000002,22.22222222222222,534,533.0,EXTRACCION DE ARIDOS EL BOLDAL- RIO ÑUBLE EN CONFLUENCIA CON RIOS CHILLAN Y CHANGARAL,ARENEX S.A.,REGIÓN DE ÑUBLE,CHILLAN,Áridos,Extracción de áridos,Grande,CATEGORIA D,No identificado,Revisar,Revisar,Sin coincidencia,RIO 27,EXPLORACION RIO 27,COBRE - ORO - PLATA,VALIDADO,-72.3302,-36.5998,0.116,580.467,sin_clasificar
POL_535,36.3498420149372,0.0,0.0,34.70464994510839,0.0,0.0,65.06499650112326,0.0,0.0,277.56896765104483,0.0,0.0,0.1424844994204476,1.0,17.0,103.53265348947552,0.0,0.0,129.66320920765742,0.0,0.0,1.5143811526192072,1.0,7.0,6.909245097294547,0.25,1.175,9,25.175,25.0,535,638.0,EXTRACCION DE ARIDOS RIO ÑUBLE,S/I,REGIÓN DE ÑUBLE,SAN CARLOS,Áridos,Extracción de áridos,No informado,CATEGORIA D,No identificado,Revisar,Coincide,Sin coincidencia,RIO 27,EXPLORACION RIO 27,COBRE - ORO - PLATA,VALIDADO,-72.054543,-36.525731,0.0,567.013,sin_clasificar
POL_536,38.065250452538926,0.0,0.0,33.42019732817902,0.0,0.0,66.35965457409718,0.0,0.0,279.1510414348278,0.0,0.0,0.354707296450112,1.0,17.0,101.42588834769411,0.0,0.0,129.84160214904492,0.0,0.0,0.0,1.0,7.0,4.890392211172714,0.5,2.35,9,26.35,27.77777777777778,536,639.0,PLANTA CHANCADORA NUEVO CAMINO SAN CARLOS,S/I,REGIÓN DE ÑUBLE,SAN CARLOS,Áridos,Planta / procesamiento,No informado,CATEGORIA D,No identificado,Revisar,Coincide,Sin coincidencia,SAN CAMINO,MINA SAN CAMINO,OXIDOS DE COBRE,VALIDADO,-72.077867,-36.534362,0.0,853.884,sin_clasificar
POL_537,30.197462267600535,0.0,0.0,35.768173102858874,0.0,0.0,68.08584946699419,0.0,0.0,349.25860191883635,0.0,0.0,0.0,1.0,17.0,41.22425623093052,0.25,3.275,74.32157756957176,0.0,0.0,4.220186070738298,0.75,5.25,7.557369870918652,0.25,1.175,9,26.7,25.0,537,504.0,EXTRACCION MECANIZADA DE ARIDOS LAJA,ARIDOS DEL LAJA S.A.,REGIÓN DE ÑUBLE,YUNGAY,Áridos,Extracción de áridos,Mediana,CATEGORIA D,No identificado,Revisar,Coincide,Sin coincidencia,FAENA LA LAJA,MINA LAJA 36,SULFURO AURÍFERO,VALIDADO,-72.16294935,-37.18039931,0.0,774.27,sin_clasificar
POL_538,35.68090601607625,0.0,0.0,41.24813396083752,0.0,0.0,72.90349363898761,0.0,0.0,352.15761037812644,0.0,0.0,0.0,1.0,17.0,42.39058448079818,0.25,3.275,78.29207314775402,0.0,0.0,4.5844029445637515,0.75,5.25,2.6313748507738217,0.5,2.35,9,27.875,27.77777777777778,538,343.0,EXTRACCION ARIDOS RIO LAJA TRIBASA,TRIBASA CONO SUR S.A.,REGIÓN DEL BIOBÍO,LOS ANGELES,Áridos,Extracción de áridos,No informado,SIN CATEGORIA,No identificado,Revisar,Coincide,Sin coincidencia,LA LAJA,EXPLORACION Y PROSPECCION LA LAJA,COBRE - ORO - PLATA,VALIDADO,-72.222678,-37.185473,0.097,846.915,sin_clasificar
POL_539,23.00540969575603,0.25,4.125,23.00541181548128,0.25,2.475,48.60705475420896,0.0,0.0,311.4635569750947,0.0,0.0,12.169224567700198,0.5,8.5,74.9959405977582,0.0,0.0,94.43455802672626,0.0,0.0,4.572056017442267,0.75,5.25,12.150050940054992,0.0,0.0,9,20.35,19.444444444444446,539,640.0,EXTRACCION DE ARIDOS Y CHANCADORA- VISTA HERMOSA,JORGE SAN MARTIN SANHUEZA,REGIÓN DE ÑUBLE,SAN IGNACIO,Áridos,Extracción de áridos,No informado,CATEGORIA D,No identificado,Revisar,Revisar,Sin coincidencia,VISTA HERMOSA,EXPLORACIÓN VISTA HERMOSA,COBRE - ORO - PLATA,VALIDADO,-72.433333,-36.533333,54.295,783.166,sin_clasificar
POL_540,39.86624116781683,0.0,0.0,25.521270563603846,0.0,0.0,97.85757247799016,0.0,0.0,340.12706232070406,0.0,0.0,22.433810187196414,0.5,8.5,43.86889512506931,0.25,3.275,94.19806372881469,0.0,0.0,8.138603390280863,0.5,3.5,10.026521718512758,0.0,0.0,9,15.275,13.88888888888889,540,487.0,CANTERA LAS PATAGUAS,SACYR CHILE S.A.,REGIÓN DEL BIOBÍO,CABRERO,Áridos,Cantera,Grande,CATEGORIA A,No identificado,Revisar,Coincide,Sin coincidencia,CASERONES,CANTERA 4,SULFUROS Y ÓXIDOS DE COBRE,VALIDADO,-72.509346,-37.014305,0.007,1020.162,sin_clasificar
POL_541,42.64280347441918,0.0,0.0,24.445384140566127,0.25,2.475,95.41807403548358,0.0,0.0,339.52662743177603,0.0,0.0,21.980965746543312,0.5,8.5,46.23870535949682,0.25,3.275,94.85046485675356,0.0,0.0,5.753949788910858,0.5,3.5,11.300189306292864,0.0,0.0,9,17.75,16.666666666666664,541,258.0,EXTRACCION DE ARIDOS INVERSIONES DE LA ROCA SPA-CABRERO,INVERSIONES DE LA ROCA SPA,REGIÓN DEL BIOBÍO,CABRERO,Áridos,Extracción de áridos,No informado,CATEGORIA B,No identificado,Revisar,Coincide,Sin coincidencia,FAENA LAMBERT,MINA LA ROCA,SULFUROS Y ÓXIDOS DE COBRE,VALIDADO,-72.4838,-37.01696,0.0,796.329,sin_clasificar
POL_542,30.440414834684635,0.0,0.0,27.43061179532159,0.0,0.0,105.84141369557955,0.0,0.0,338.8736151773894,0.0,0.0,28.488800000974,0.25,4.25,38.22812126149855,0.25,3.275,95.06335852787893,0.0,0.0,11.641382550995946,0.5,3.5,12.958276139669639,0.0,0.0,9,11.025,11.11111111111111,542,487.0,CANTERA TOMECO,SACYR CHILE S.A.,REGIÓN DEL BIOBÍO,YUMBEL,Áridos,Cantera,Grande,CATEGORIA A,No identificado,Revisar,Coincide,Sin coincidencia,CASERONES,CANTERA 4,SULFUROS Y ÓXIDOS DE COBRE,VALIDADO,-72.607536,-36.982866,0.059,1019.316,sin_clasificar
POL_543,4.053121118369926,0.75,12.375,4.1598853904294,0.75,7.425000000000001,132.78346633798563,0.0,0.0,343.78313547524465,0.0,0.0,49.51747462995032,0.25,4.25,21.491067293499523,0.5,6.55,96.96905951495704,0.0,0.0,1.6406373560860281,1.0,7.0,3.7649902193043876,0.5,2.35,9,39.95,41.66666666666667,543,641.0,POZO LASTRERO LOS PERROS,S/I,REGIÓN DEL BIOBÍO,HUALQUI,Áridos,Extracción de áridos,No informado,SIN CATEGORIA,No identificado,Posible,Coincide,Sin coincidencia,YACIMIENTO MIRAMAR FASE I,YACIMIENTO MIRAMAR FASE I,ARENA SILICEA,VALIDADO,-72.917743,-36.944499,0.0,12.375,sin_clasificar
POL_544,3.189046169448837,0.75,12.375,3.7786915594652184,0.75,7.425000000000001,139.49097849036127,0.0,0.0,348.18567677827696,0.0,0.0,53.2158777460378,0.0,0.0,14.712525062645126,0.5,6.55,95.26407680468093,0.0,0.0,1.3570367831152297,1.0,7.0,4.072099051185901,0.5,2.35,9,35.7,38.88888888888889,544,259.0,EXTRACCION DE ARIDOS HUALQUI SECTOR OMER HUET,ARIDOS MANQUECURA SPA,REGIÓN DEL BIOBÍO,HUALQUI,Áridos,Extracción de áridos,No informado,SIN CATEGORIA,No identificado,Posible,Coincide,Sin coincidencia,YACIMIENTO MIRAMAR FASE I,YACIMIENTO MIRAMAR FASE I,ARENA SILICEA,VALIDADO,-72.992548,-36.964133,0.0,5.606,sin_clasificar
POL_545,0.034874263003827066,1.0,16.5,1.8865575986639045,0.75,7.425000000000001,144.7140706808552,0.0,0.0,338.32199233720144,0.0,0.0,56.77587247395317,0.0,0.0,7.862220914915125,0.75,9.825,108.90984181461076,0.0,0.0,0.0,1.0,7.0,0.8976115239917267,0.75,3.5250000000000004,9,44.275,47.22222222222222,545,514.0,ARENERA ARIDOS BIOBIO SA,ARIDOS BIO BIO S.A.,REGIÓN DEL BIOBÍO,CONCEPCION,Áridos,Extracción de áridos,Pequeña,CATEGORIA C,No identificado,Posible,Coincide,Sin coincidencia,PLANTA CENTRO DEMOSTRATIVO,MODULO PENCO,ITRIO,VALIDADO,-73.05584,-36.84548,0.0,7.984,sin_clasificar
POL_546,0.0,1.0,16.5,1.788221518657069,0.75,7.425000000000001,147.9669520269475,0.0,0.0,335.9649132917938,0.0,0.0,58.325878795306195,0.0,0.0,6.182489888477251,0.75,9.825,113.21531202181974,0.0,0.0,0.0,1.0,7.0,2.0461341500389065,0.5,2.35,9,43.1,44.44444444444444,546,319.0,EXTRACCION DE ARENAS RIBERA NORTE ARENAS COSTANERA BIOBIO,ELECTRA PRICE FABBRI Y COMPAÑIA LIMITADA,REGIÓN DEL BIOBÍO,HUALPEN,Áridos,Extracción de áridos,Mediana,CATEGORIA D,No identificado,Revisar,Revisar,Sin coincidencia,CANTERA SAN MIGUEL,CANTERA SAN MIGUEL,ARENA SILICEA,VALIDADO,-73.0515564,-36.8542589,5.966,4.095,sin_clasificar
POL_547,0.0,1.0,16.5,1.7822039169820847,0.75,7.425000000000001,147.80669134497734,0.0,0.0,335.993569005736,0.0,0.0,58.249122812866254,0.0,0.0,6.19063505152153,0.75,9.825,113.16546956166022,0.0,0.0,0.0,1.0,7.0,1.815011148693037,0.75,3.5250000000000004,9,44.275,47.22222222222222,547,39.0,COMPAÑIA MINERA TRIDENTE,COMPAÑIA MINERA TRIDENTE LIMITADA,REGIÓN DEL BIOBÍO,HUALPEN,Áridos,Instalación minera,No informado,CATEGORIA D,No identificado,Revisar,Revisar,Sin coincidencia,CANTERA SAN MIGUEL,CANTERA SAN MIGUEL,ARENA SILICEA,VALIDADO,-73.094121,-36.807789,0.328,4.216,sin_clasificar
POL_548,0.0035614798325883687,1.0,16.5,1.917672726274195,0.75,7.425000000000001,148.23506607005746,0.0,0.0,335.94050993342677,0.0,0.0,58.523299433538924,0.0,0.0,6.038117069121929,0.75,9.825,113.45196090306598,0.0,0.0,0.0,1.0,7.0,2.325832849598688,0.5,2.35,9,43.1,44.44444444444444,548,409.0,ARENERA PRICE,ARENERA PRICE LTDA.,REGIÓN DEL BIOBÍO,HUALPEN,Áridos,Instalación minera,Pequeña,CATEGORIA D,No identificado,Posible,Coincide,Sin coincidencia,CANTERA SAN MIGUEL,CANTERA SAN MIGUEL,ARENA SILICEA,VALIDADO,-73.093996,-36.808052,0.007,3.995,sin_clasificar
POL_549,0.0,1.0,16.5,2.23972644279435,0.75,7.425000000000001,148.68520077106984,0.0,0.0,335.91587536187234,0.0,0.0,58.880344816332745,0.0,0.0,5.882780492798121,0.75,9.825,113.64433292756881,0.0,0.0,0.0,1.0,7.0,2.784218067235982,0.5,2.35,9,43.1,44.44444444444444,549,161.0,ARENERA DEL PACIFICO LTDA,SOCIEDD ARENERA DEL PACIFICO LTDA.,REGIÓN DEL BIOBÍO,HUALPEN,Áridos,Instalación minera,Micro,CATEGORIA D,No identificado,Posible,Coincide,Sin coincidencia,CANTERA SAN MIGUEL,CANTERA SAN MIGUEL,ARENA SILICEA,VALIDADO,-73.099748,-36.80744,0.0,3.826,sin_clasificar
POL_550,0.008172472055679449,1.0,16.5,1.9760046534386506,0.75,7.425000000000001,148.93253108135121,0.0,0.0,335.866757692908,0.0,0.0,59.0595481691982,0.0,0.0,5.8034974132838215,0.75,9.825,113.7769719776097,0.0,0.0,0.0,1.0,7.0,3.048521247100648,0.5,2.35,9,43.1,44.44444444444444,550,534.0,ARENERA RIO BIOBIO EL BOLDAL,ARENEX S.A.,REGIÓN DEL BIOBÍO,HUALPEN,Áridos,Instalación minera,Grande,CATEGORIA D,No identificado,Posible,Coincide,Sin coincidencia,CANTERA SAN MIGUEL,CANTERA SAN MIGUEL,ARENA SILICEA,VALIDADO,-73.102108,-36.806388,0.0,3.676,sin_clasificar
POL_551,1.7556993586923701,0.75,12.375,1.761080526331623,0.75,7.425000000000001,141.5415322102984,0.0,0.0,339.3139977554018,0.0,0.0,54.94839222407208,0.0,0.0,10.032342966007175,0.5,6.55,105.53674535911657,0.0,0.0,0.0,1.0,7.0,3.253111628314647,0.5,2.35,9,35.7,38.88888888888889,551,445.0,CANTERAS LONCO,CANTERAS LONCO S.A.,REGIÓN DEL BIOBÍO,CHIGUAYANTE,Áridos,Cantera,Micro,CATEGORIA D,No identificado,Posible,Coincide,Sin coincidencia,CANTERA SAN MIGUEL,CANTERA SAN MIGUEL,ARENA SILICEA,VALIDADO,-73.031126,-36.867819,0.0,11.603,sin_clasificar
POL_552,1.99911101131186,0.75,12.375,2.0759734205275637,0.75,7.425000000000001,142.91251244001126,0.0,0.0,342.7054938248836,0.0,0.0,57.26180573149696,0.0,0.0,10.998339201502109,0.5,6.55,103.11661462885444,0.0,0.0,0.0,1.0,7.0,4.442332870745401,0.5,2.35,9,35.7,38.88888888888889,552,13.0,EXTRACCION DE ARIDOS RIO BIOBIO COSTANERA CONCEPCION-CHIGUAYANTE,DRAGADOS S.A. AGENCIA EN CHILE,REGIÓN DEL BIOBÍO,CHIGUAYANTE,Áridos,Extracción de áridos,Grande,CATEGORIA C,No identificado,Revisar,Revisar,Sin coincidencia,PLANTA CENTRO DEMOSTRATIVO,MODULO PENCO,ITRIO,VALIDADO,-73.040048,-36.88531,1.141,9.56,sin_clasificar
POL_553,7.123044177825764,0.5,8.25,3.6932261258833186,0.75,7.425000000000001,149.05939506322468,0.0,0.0,359.55181140202484,0.0,0.0,51.791669558929144,0.0,0.0,9.041140061252747,0.75,9.825,87.48372410986502,0.0,0.0,2.770247163031768,0.75,5.25,5.278331124505174,0.25,1.175,9,31.925,33.33333333333333,553,184.0,CANTERA JOSE MARIA,TIERRA GRANDE SPA,REGIÓN DEL BIOBÍO,CORONEL,Áridos,Cantera,Pequeña,CATEGORIA D,No identificado,Posible,Coincide,Sin coincidencia,MINA EL MORRO,MINA EL MORRO,CARBÓN,VALIDADO,-73.096727,-37.042546,0.0,6.494,sin_clasificar
POL_554,7.297746582563855,0.5,8.25,4.148870490766329,0.75,7.425000000000001,149.60207249670302,0.0,0.0,360.12183059946955,0.0,0.0,51.924101435115894,0.0,0.0,9.685967497995543,0.75,9.825,87.26607875484007,0.0,0.0,3.306602135115231,0.75,5.25,5.345766551457543,0.25,1.175,9,31.925,33.33333333333333,554,387.0,CANTERA EL BOLDO,FORESTAL CELCO S.A.,REGIÓN DEL BIOBÍO,CORONEL,Áridos,Cantera,No informado,CATEGORIA D,No identificado,Posible,Coincide,Sin coincidencia,MINA EL MORRO,MINA EL MORRO,CARBÓN,VALIDADO,-73.093272,-37.048961,0.049,6.726,sin_clasificar
POL_555,7.283662656778022,0.5,8.25,4.85710290744578,0.75,7.425000000000001,148.83052140153458,0.0,0.0,360.10971956013174,0.0,0.0,51.21691123353611,0.0,0.0,10.27283953503086,0.5,6.55,86.97679321738588,0.0,0.0,4.0067188817837955,0.75,5.25,5.860024149725591,0.25,1.175,9,28.650000000000002,30.555555555555557,555,5.0,CANTERA SANTA BARBARA,DITONER Y CIA LTDA.,REGIÓN DEL BIOBÍO,CORONEL,Áridos,Cantera,Mediana,CATEGORIA D,No identificado,Revisar,Revisar,Sin coincidencia,MINA SANTA ANGELICA,MINA SANTA ANGELICA,CAOLIN,VALIDADO,-73.098608,-37.048851,1.103,5.21,sin_clasificar
POL_556,7.462306388589086,0.5,8.25,5.018498973931491,0.5,4.95,147.688030264028,0.0,0.0,359.0003158954055,0.0,0.0,50.96489121289971,0.0,0.0,9.964982197754692,0.75,9.825,87.02060970077535,0.0,0.0,4.0671527576561095,0.75,5.25,6.397346798193211,0.25,1.175,9,29.45,30.555555555555557,556,642.0,EXTRACCION Y PROCESAMIENTO DE ARIDOS CANTERA SANTA ROSA,SOCIEDAD DE TRANSPORTES MAF SPA,REGIÓN DEL BIOBÍO,CORONEL,Áridos,Cantera,No informado,CATEGORIA D,No identificado,Posible,Coincide,Sin coincidencia,MINA SANTA ANGELICA,MINA SANTA ANGELICA,CAOLIN,VALIDADO,-73.07747841,-37.04299397,0.0,4.227,sin_clasificar
POL_557,6.8967548348051695,0.5,8.25,7.486245676572456,0.5,4.95,141.0295280358147,0.0,0.0,351.89304397151784,0.0,0.0,50.92800841223977,0.0,0.0,13.604178366017768,0.5,6.55,91.67151636686935,0.0,0.0,3.399212185938393,0.75,5.25,6.1621719550016625,0.25,1.175,9,26.175,27.77777777777778,557,141.0,CANTERA FUNDO PALCO CHUPONAL,TRANSPORTES JUAN ENOC LEIVA SANHUEZA EIRL,REGIÓN DEL BIOBÍO,CORONEL,Áridos,Cantera,Micro,SIN CATEGORIA,No identificado,Posible,Coincide,Sin coincidencia,YACIMIENTO MIRAMAR FASE I,YACIMIENTO MIRAMAR FASE I,ARENA SILICEA,VALIDADO,-73.00281523,-36.9968473,0.0,5.312,sin_clasificar
POL_558,1.8548865684288809,0.75,12.375,3.7429272699582468,0.75,7.425000000000001,155.14709000215467,0.0,0.0,354.0386117998561,0.0,0.0,63.4657531788051,0.0,0.0,1.8315292651103907,1.0,13.1,98.17311868075465,0.0,0.0,0.0,1.0,7.0,1.3139865022087338,0.75,3.5250000000000004,9,43.425,47.22222222222222,558,643.0,EXTRACCION DE ARIDOS EN EL KILOMETRO 21 DE LA RUTA 160 PARQUE INDUSTRIAL UNO ESCUADRON,S/I,REGIÓN DEL BIOBÍO,CORONEL,Áridos,Extracción de áridos,No informado,CATEGORIA C,No identificado,Revisar,Revisar,Sin coincidencia,CARBOMAT II,"OFICINAS, SALA DE OPERACION Y GALPON",CARBÓN,VALIDADO,-73.160687,-36.99157,3.393,3.932,sin_clasificar
POL_559,6.221495839844392,0.5,8.25,5.8543157844086045,0.5,4.95,146.84123097927372,0.0,0.0,357.1001495885295,0.0,0.0,51.78376952698828,0.0,0.0,9.76034755061864,0.75,9.825,88.90156356856149,0.0,0.0,4.99257631400015,0.75,5.25,7.917928229756079,0.25,1.175,9,29.45,30.555555555555557,559,5.0,CANTERA PATAGUAL DITONER,DITONER Y CIA LTDA,REGIÓN DEL BIOBÍO,CORONEL,Áridos,Cantera,Mediana,CATEGORIA C,No identificado,Posible,Coincide,Sin coincidencia,MINA DON PEDRO,PLANTA LAVADO DON PEDRO,CARBÓN,VALIDADO,-73.06562441,-37.02758565,0.0,11.194,sin_clasificar
POL_560,4.646391031766403,0.75,12.375,17.927533775557134,0.25,2.475,157.3885464081606,0.0,0.0,388.26182999906644,0.0,0.0,50.408896735276535,0.0,0.0,0.6907977337814059,1.0,13.1,66.77894838750485,0.0,0.0,1.6114745914180646,1.0,7.0,2.845648027953404,0.5,2.35,9,37.300000000000004,38.88888888888889,560,644.0,EXTRACCION ARIDOS NELSON BETANZO SAEZ,S/I,REGIÓN DEL BIOBÍO,ARAUCO,Áridos,Extracción de áridos,No informado,CATEGORIA D,No identificado,Posible,Coincide,Sin coincidencia,PLANTA DE SECADO DE ARENA SILICICA,COMEDOR-BAÑO,ARENA SILICEA,VALIDADO,-73.227566,-37.276967,0.0,1.499,sin_clasificar
POL_561,3.1858088204734156,0.75,12.375,18.63233450779017,0.25,2.475,156.65790334929002,0.0,0.0,389.19517448046213,0.0,0.0,49.561168086007704,0.25,4.25,1.771034618065316,1.0,13.1,64.88696428507609,0.0,0.0,3.0066711446040215,0.75,5.25,4.2373949568774485,0.5,2.35,9,39.800000000000004,38.88888888888889,561,57.0,CANTERA EMPRESTITO LOS DURAZNOS Y LOS CASTAÑOS,CONSTRUCTORA RUTA 160 S.A.,REGIÓN DEL BIOBÍO,ARAUCO,Áridos,Cantera,Grande,CATEGORIA D,No identificado,Posible,Coincide,Sin coincidencia,MINA MOLINO EL SOL,PLANTA MOLINO EL SOL,ARENA SILICEA,VALIDADO,-73.22176,-37.286476,0.072,1.936,sin_clasificar
POL_562,3.847787651429137,0.75,12.375,17.712611085427092,0.25,2.475,157.72674255949178,0.0,0.0,390.0646155447213,0.0,0.0,50.62726204486675,0.0,0.0,1.453883941010876,1.0,13.1,65.54065312228501,0.0,0.0,2.703363324369469,0.75,5.25,4.449996328556517,0.5,2.35,9,35.550000000000004,36.11111111111111,562,57.0,CANTERA EMPRESTITO MOLINO DEL SOL,CONSTRUCTORA RUTA 160 S.A.,REGIÓN DEL BIOBÍO,ARAUCO,Áridos,Cantera,Grande,CATEGORIA D,No identificado,Confirmado,Coincide,Confirmado,MINA MOLINO EL SOL,GRUPO ELECTROGENO,ARENA SILICEA,VALIDADO,-73.235645,-37.291334,0.009,2.735,sin_clasificar
POL_563,1.0598523921291592,0.75,12.375,19.39641527393153,0.25,2.475,155.571661217098,0.0,0.0,391.2649205766036,0.0,0.0,48.38358162852378,0.25,4.25,3.997882173109118,0.75,9.825,62.76467412093522,0.0,0.0,5.290213758064356,0.5,3.5,6.756221028834553,0.25,1.175,9,33.599999999999994,30.555555555555557,563,645.0,MOLINO DE SOL,MINERA RAMADILLAS,REGIÓN DEL BIOBÍO,ARAUCO,Siliceos,Instalación minera,No informado,CATEGORIA D,No identificado,Posible,Revisar,Posible,MINA MOLINO EL SOL,BOTADERO,ARENA SILICEA,VALIDADO,-73.215383,-37.306626,0.306,0.0,sin_clasificar
POL_564,0.0,1.0,16.5,27.235229945348514,0.0,0.0,147.76014051154687,0.0,0.0,385.4460945610236,0.0,0.0,40.87377547003944,0.25,4.25,10.343791095429431,0.5,6.55,62.468859071490066,0.0,0.0,9.73849819160585,0.5,3.5,10.812997873537364,0.0,0.0,9,30.8,25.0,564,401.0,CANTERA LAS CORRIENTES,FORESTAL ARAUCO S.A.,REGIÓN DEL BIOBÍO,ARAUCO,Áridos,Cantera,Grande,CATEGORIA D,No identificado,Posible,Coincide,Sin coincidencia,MINA MOLINO EL SOL,ADMINISTRACION (OFICINAS-BODEGAS),ARENA SILICEA,VALIDADO,-73.122117,-37.284513,0.067,8.422,sin_clasificar
POL_565,4.376300297240348,0.75,12.375,5.265690863219795,0.5,4.95,170.48118737691905,0.0,0.0,390.3725861165182,0.0,0.0,63.581478519383325,0.0,0.0,1.8823986735018423,1.0,13.1,75.83639090180601,0.0,0.0,2.4528702446078556,0.75,5.25,3.979171014872889,0.5,2.35,9,38.025,38.88888888888889,565,646.0,EXTRACCION ARIDOS CEFERINO SAEZ- ARAUCO,S/I,REGIÓN DEL BIOBÍO,ARAUCO,Áridos,Extracción de áridos,No informado,CATEGORIA D,No identificado,Revisar,Revisar,Sin coincidencia,LA CARAMBA,CANCHA DE ACOPIO,CARBÓN,VALIDADO,-73.372493,-37.250396,0.238,12.46,sin_clasificar
POL_566,1.2783209901836738,0.75,12.375,16.014522018354462,0.25,2.475,159.84414258649693,0.0,0.0,386.0106886292106,0.0,0.0,53.16387046792093,0.0,0.0,1.6896360822175616,1.0,13.1,70.66987612398624,0.0,0.0,0.24512816451557298,1.0,7.0,1.2897548247155852,0.75,3.5250000000000004,9,38.475,41.66666666666667,566,647.0,ARIDOS RIO TRONGOL- ARAUCO,S/I,REGIÓN DEL BIOBÍO,ARAUCO,Áridos,Extracción de áridos,No informado,CATEGORIA D,No identificado,Posible,Coincide,Sin coincidencia,PLANTA DE SECADO DE ARENA SILICICA,ACOPIO,ARENA SILICEA,VALIDADO,-73.249862,-37.246618,0.0,2.326,sin_clasificar
POL_567,8.863356689356646,0.5,8.25,16.17537822027897,0.25,2.475,163.49694108034365,0.0,0.0,414.6323596840018,0.0,0.0,55.79221575322677,0.0,0.0,11.905390964584218,0.5,6.55,49.285112558754896,0.25,1.625,1.5489029943187385,1.0,7.0,4.257695067380243,0.5,2.35,9,28.25,33.33333333333333,567,387.0,CANTERA EL DESCABEZADO,FORESTAL CELCO S.A./FORESTAL ARAUCO S.A.,REGIÓN DEL BIOBÍO,CURANILAHUE,Áridos,Cantera,No informado,CATEGORIA D,No identificado,Confirmado,Coincide,Confirmado,MINA EL DESCABEZADO 1 AL 10,MINA EL DESCABEZADO 1 AL 10,CARBÓN,VALIDADO,-73.312556,-37.508502,0.006,1.933,sin_clasificar
POL_568,8.901887195404901,0.5,8.25,18.708434213474565,0.25,2.475,158.4937896091929,0.0,0.0,403.9599386537089,0.0,0.0,50.61785080334611,0.0,0.0,15.471551122860763,0.5,6.55,53.891162865394016,0.0,0.0,8.406190621109065,0.5,3.5,9.592288150907043,0.25,1.175,9,21.95,22.22222222222222,568,424.0,CANTERA MINERA CLARA,VIDRIOS LIRQUEN S.A.,REGIÓN DEL BIOBÍO,CURANILAHUE,Áridos,Cantera,Grande,CATEGORIA D,No identificado,Posible,Revisar,Confirmado,MINA CLARA 1 AL 37,MINA CLARA 1 AL 37,ARENA SILICEA,VALIDADO,-73.256649,-37.425101,0.14,0.377,sin_clasificar
POL_569,0.3943047419086706,1.0,16.5,7.287528523755244,0.5,4.95,164.29177529452167,0.0,0.0,423.4421132315102,0.0,0.0,57.41956097625166,0.0,0.0,6.591113038969174,0.75,9.825,42.78189311766271,0.25,1.625,7.224253309941731,0.5,3.5,8.399079632765494,0.25,1.175,9,37.574999999999996,36.11111111111111,569,456.0,Emprésito,SERGIO CERVA S.A.,REGIÓN DEL BIOBÍO,LOS ALAMOS,Áridos,Planta / procesamiento,Grande,CATEGORIA D,No identificado,Posible,Coincide,Sin coincidencia,PIRQUEN LA ALDEA,PIRQUEN LA ALDEA,CARBÓN,VALIDADO,-73.31654442,-37.59435751,0.0,5.257,sin_clasificar
POL_570,0.6170249157937496,1.0,16.5,6.68592404608479,0.5,4.95,163.0964482114752,0.0,0.0,423.44327563824885,0.0,0.0,56.28519862458809,0.0,0.0,8.008668643131665,0.75,9.825,41.76850331839683,0.25,1.625,8.622645333152045,0.5,3.5,7.496324920949951,0.25,1.175,9,37.574999999999996,36.11111111111111,570,126.0,ARIDOS RIO TRONGOL,PIETRO RICARDO FRANCO MARI REYES E.I.R.L.,REGIÓN DEL BIOBÍO,LOS ALAMOS,Áridos,Extracción de áridos,No informado,CATEGORIA C,No identificado,Posible,Coincide,Sin coincidencia,MINA EL PARAISO (EX PIRQUEN PARAISO),MINA EL PARAISO (EX PIRQUEN PARAISO),CARBÓN,VALIDADO,-73.301389,-37.594563,0.0,7.004,sin_clasificar
POL_571,20.258487141059938,0.25,4.125,38.760380224521214,0.0,0.0,93.6748988031113,0.0,0.0,400.0990057061911,0.0,0.0,0.0,1.0,17.0,1.2721679851278382,1.0,13.1,38.01194093840826,0.25,1.625,0.8432107158586869,1.0,7.0,11.730443932335952,0.0,0.0,9,42.85,38.88888888888889,571,231.0,POZO LASTRERO MESAMAVIDA,EMPRESA DOS RIOS ALCIDES VIAL EIRL,REGIÓN DEL BIOBÍO,LOS ANGELES,Áridos,Extracción de áridos,Mediana,,No identificado,Revisar,Coincide,Sin coincidencia,,,,VALIDADO,-72.52669099,-37.5712286,0.0,,sin_clasificar
POL_572,21.858050032540316,0.25,4.125,40.331278905640865,0.0,0.0,93.26571518922383,0.0,0.0,399.77377545158186,0.0,0.0,0.0,1.0,17.0,2.3073437502295664,0.75,9.825,39.159659991868025,0.25,1.625,1.6637656993358725,1.0,7.0,12.865071459414754,0.0,0.0,9,39.575,36.11111111111111,572,456.0,EXTRACCION ARIDOS ABICE,SERGIO CERVA S.A.,REGIÓN DEL BIOBÍO,LOS ANGELES,Áridos,Extracción de áridos,Grande,,No identificado,Revisar,Coincide,Sin coincidencia,,,,VALIDADO,-72.511,-37.568576,0.0,,sin_clasificar
POL_573,19.440058240741592,0.25,4.125,39.20925734029374,0.0,0.0,96.95423675869799,0.0,0.0,396.33262120261287,0.0,0.0,0.0,1.0,17.0,6.324265235484051,0.75,9.825,40.211904823428085,0.25,1.625,3.9408482409686423,0.75,5.25,9.852657944122077,0.25,1.175,9,39.0,36.11111111111111,573,648.0,EXTRACCION DE ARIDOS SECTOR LA SUERTE,S/I,REGIÓN DEL BIOBÍO,LOS ANGELES,Áridos,Extracción de áridos,No informado,CATEGORIA D,No identificado,Revisar,Coincide,Sin coincidencia,MINA LA SUERTE,DEPOSITO DE ESTERILES,SULFUROS DE COBRE,VALIDADO,-72.55795513,-37.5269279,0.054,440.247,sin_clasificar
POL_574,16.913774276562496,0.25,4.125,37.1090327852762,0.0,0.0,99.69507324382785,0.0,0.0,396.90026470914967,0.0,0.0,0.0,1.0,17.0,7.989261652607504,0.75,9.825,38.77950852316834,0.25,1.625,2.340416850079859,0.75,5.25,6.544299801036065,0.25,1.175,9,39.0,36.11111111111111,574,428.0,EXTRACCION MECANIZADA DE ARIDOS FUNDO TRALPENES,FORESTAL MININCO SPA,REGIÓN DEL BIOBÍO,LOS ANGELES,Áridos,Extracción de áridos,Grande,CATEGORIA A,No identificado,Revisar,Revisar,Sin coincidencia,SIT  SA,PLANTA MECANIZADA,CALICHE (NITRATOS),VALIDADO,-72.602331,-37.521655,0.435,1723.461,sin_clasificar
POL_575,17.23738034657107,0.25,4.125,35.77656200234741,0.0,0.0,97.11151715589747,0.0,0.0,401.9625085115569,0.0,0.0,0.0,1.0,17.0,1.9491192118432266,1.0,13.1,35.39872566571333,0.25,1.625,1.3361248541292716,1.0,7.0,9.741156985495262,0.25,1.175,9,44.025,41.66666666666667,575,234.0,EXTRACCION DE ARIDOS POZO GALLEGOS,SOCIEDAD CONCESIONARIA RUTA NAHUELBUTA S.A.,REGIÓN DEL BIOBÍO,NEGRETE,Áridos,Extracción de áridos,Grande,CATEGORIA D,No identificado,Revisar,Coincide,Sin coincidencia,LA ENCONTRADA 1 AL 5,MINA LA ENCONTRADA 1 AL 5,SULFUROS Y ÓXIDOS DE COBRE,VALIDADO,-72.55221135,-37.58144535,0.0,786.607,sin_clasificar
POL_576,16.236013837556293,0.25,4.125,36.34394158710308,0.0,0.0,100.51394336495528,0.0,0.0,397.86641382464484,0.0,0.0,0.2474476943868204,1.0,17.0,8.179221517149175,0.75,9.825,38.11929683160581,0.25,1.625,1.8708429223940293,1.0,7.0,6.7726696665798745,0.25,1.175,9,40.75,38.88888888888889,576,428.0,EXTRACCION Y PLANTAS DE PROCESAMIENTO DE ARIDOS SECTOR EL SAUCE,FORESTAL MININCO SPA,REGIÓN DEL BIOBÍO,NEGRETE,Áridos,Planta / procesamiento,Grande,CATEGORIA D,No identificado,Revisar,Revisar,Sin coincidencia,PLANTA EL SAUCE,PLANTA DE LIXIVIACION,SULFUROS DE COBRE,VALIDADO,-72.599402,-37.535734,0.173,549.2,sin_clasificar
POL_577,40.281304462517305,0.0,0.0,51.198018452644824,0.0,0.0,75.22161426632896,0.0,0.0,398.0813575952677,0.0,0.0,0.13163022471550664,1.0,17.0,11.897953172976699,0.5,6.55,39.89291206029563,0.25,1.625,6.039810933823813,0.5,3.5,14.22697440511917,0.0,0.0,9,28.675,25.0,577,649.0,EXTRACCION DE ARIDOS EN EL RIO BIO-BIO SECTOR MIRADOR DEL BIO-BIO,S.A.F. ALTIKON LTDA.,REGIÓN DEL BIOBÍO,MULCHEN,Áridos,Extracción de áridos,No informado,CATEGORIA D,No identificado,Revisar,Coincide,Sin coincidencia,MIRADOR,MINA MIRADOR,ORO - COBRE,VALIDADO,-72.296474,-37.600728,0.0,915.769,sin_clasificar
POL_578,27.540279285029115,0.0,0.0,39.308926151910796,0.0,0.0,90.32846124771162,0.0,0.0,414.16932777204545,0.0,0.0,14.800377430950643,0.5,8.5,8.210699363981856,0.75,9.825,23.62675618568835,0.5,3.25,8.047533122013094,0.5,3.5,10.994526028793365,0.0,0.0,9,25.075,25.0,578,650.0,PLANTA ARIDOS POZO LASTRERO NPSH MULCHEN,S/I,REGIÓN DEL BIOBÍO,MULCHEN,Áridos,Planta / procesamiento,No informado,,No identificado,Revisar,Coincide,Sin coincidencia,,,,VALIDADO,-72.467498,-37.711374,0.0,,sin_clasificar
POL_579,42.193438299989715,0.0,0.0,50.47972600368163,0.0,0.0,73.4967456327938,0.0,0.0,397.68300915644943,0.0,0.0,0.0,1.0,17.0,10.203457404608816,0.5,6.55,40.82146342208012,0.25,1.625,6.1922092347539275,0.5,3.5,13.843844681344908,0.0,0.0,9,28.675,25.0,579,343.0,EXTRACCION MECANIZADA DE ARIDOS RIO BIO-BIO SECTOR SAN CARLOS DE PUREN,TRIBASA CONO SUR S.A.,REGIÓN DEL BIOBÍO,LOS ANGELES,Áridos,Extracción de áridos,No informado,CATEGORIA C,No identificado,Revisar,Coincide,Sin coincidencia,FAENA RIO 27,MINA RIO 27,SULFUROS DE COBRE,VALIDADO,-72.276645,-37.600287,0.015,687.923,sin_clasificar
POL_580,41.44294724361907,0.0,0.0,55.22537006220987,0.0,0.0,73.51820329615529,0.0,0.0,393.2088957326805,0.0,0.0,0.0,1.0,17.0,10.674303632279765,0.5,6.55,44.81419836883037,0.25,1.625,1.138269911813126,1.0,7.0,10.098641813117954,0.0,0.0,9,32.175,30.555555555555557,580,651.0,EXTRACCION MECANIZADA DE ARIDOS FUNDO RESERVA EL PROGRESO SECTOR DUQUECO,S/I,REGIÓN DEL BIOBÍO,LOS ANGELES,Áridos,Extracción de áridos,No informado,CATEGORIA D,No identificado,Revisar,Coincide,Sin coincidencia,"MINA RESERVA I, 1-20","MINA RESERVA I, 1-20",OXIDOS DE COBRE,VALIDADO,-72.287037,-37.555264,0.0,531.108,sin_clasificar
POL_581,35.571734125212856,0.0,0.0,52.97198854239502,0.0,0.0,77.85280701421766,0.0,0.0,394.87894472629597,0.0,0.0,0.0,1.0,17.0,10.287134156324319,0.5,6.55,41.491092160539715,0.25,1.625,3.6677544504468846,0.75,5.25,9.21755633909395,0.25,1.175,9,31.6,30.555555555555557,581,171.0,EXTRACCION ARIDOS SECTOR LA ISLA,SOCIEDAD ARIDOS Y ASFALTOS SERVITERRA LIMITADA,REGIÓN DEL BIOBÍO,LOS ANGELES,Áridos,Extracción de áridos,Grande,CATEGORIA D,No identificado,Revisar,Revisar,Sin coincidencia,MINA ISLA,POLVORÍN MINA ISLA,CUARZO AURÍFERO,VALIDADO,-72.374898,-37.552654,2.311,401.88,sin_clasificar
POL_582,36.8320691146543,0.0,0.0,54.34806209822998,0.0,0.0,77.14767987802298,0.0,0.0,393.8536216633615,0.0,0.0,0.0,1.0,17.0,11.712974838288172,0.5,6.55,42.70093945132531,0.25,1.625,2.624492233078518,0.75,5.25,8.359798526518233,0.25,1.175,9,31.6,30.555555555555557,582,652.0,EXTRACCION DE ARIDOS LA ISLA,S/I,REGIÓN DEL BIOBÍO,LOS ANGELES,Áridos,Extracción de áridos,No informado,CATEGORIA D,No identificado,Revisar,Revisar,Sin coincidencia,MINA ISLA,POLVORÍN MINA ISLA,CUARZO AURÍFERO,VALIDADO,-72.380581,-37.551501,3.241,400.777,sin_clasificar
POL_583,16.30479922861246,0.25,4.125,35.42370127904607,0.0,0.0,98.8981515848545,0.0,0.0,401.20967059198586,0.0,0.0,0.0,1.0,17.0,4.082614148060513,0.75,9.825,35.80702727931819,0.25,1.625,1.275081189615635,1.0,7.0,10.774349503330837,0.0,0.0,9,39.575,36.11111111111111,583,216.0,EXTRACCION ARIDOS RIO BIOBIO SECTOR LA SUERTE,ARIDOS SGA SPA,REGIÓN DEL BIOBÍO,LOS ANGELES,Áridos,Extracción de áridos,Pequeña,CATEGORIA D,No identificado,Revisar,Revisar,Sin coincidencia,SUERTE,SUERTE,COBRE - ORO,VALIDADO,-72.3544522,-37.4728723,22.114,1254.994,sin_clasificar
POL_584,37.000641794446295,0.0,0.0,57.43328015383003,0.0,0.0,86.74257640030515,0.0,0.0,378.8748292430829,0.0,0.0,0.0,1.0,17.0,23.16988729183963,0.5,6.55,59.17350931051587,0.0,0.0,8.563105610739917,0.5,3.5,11.72743827812217,0.0,0.0,9,27.05,22.22222222222222,584,653.0,PROYECTO EXTRACCION DE ARENA DE POZO LASTRERO FUNDO SANTA GREGORIA,S/I,REGIÓN DEL BIOBÍO,LOS ANGELES,Áridos,Extracción de áridos,No informado,CATEGORIA D,No identificado,Revisar,Coincide,Sin coincidencia,FAENA LA ARENA,MINA LA ARENA,OXIDOS DE COBRE,VALIDADO,-72.44157581,-37.38852604,0.0,765.116,sin_clasificar
POL_585,45.219207518442204,0.0,0.0,58.90778968812257,0.0,0.0,80.36804243337802,0.0,0.0,372.2355053265787,0.0,0.0,0.0,1.0,17.0,30.37819281166439,0.25,3.275,65.24593011380446,0.0,0.0,11.039828622416021,0.5,3.5,10.695190479708797,0.0,0.0,9,23.775,19.444444444444446,585,654.0,EXTRACCION DE ARIDOS HELENA ZAPATA E.I.R.L,S/I,REGIÓN DEL BIOBÍO,LOS ANGELES,Áridos,Extracción de áridos,No informado,CATEGORIA D,No identificado,Revisar,Coincide,Sin coincidencia,HELENA XV 1/50,CAMPAMENTO,OXIDOS DE COBRE,VALIDADO,-72.362503,-37.341956,0.0,1185.193,sin_clasificar
POL_586,47.6866292017583,0.0,0.0,55.6908459613383,0.0,0.0,75.54392142856085,0.0,0.0,373.37163085683716,0.0,0.0,0.0,1.0,17.0,25.727343212297907,0.25,3.275,63.87309809215526,0.0,0.0,8.092232207104779,0.5,3.5,11.812412112013632,0.0,0.0,9,23.775,19.444444444444446,586,655.0,EXTRACCION DE ARIDOS RODRIGO MEDINA,S/I,REGIÓN DEL BIOBÍO,LOS ANGELES,Áridos,Extracción de áridos,No informado,CATEGORIA D,No identificado,Revisar,Coincide,Sin coincidencia,RODRIGO 1 AL 10,MINA RODRIGO,ORO - COBRE,VALIDADO,-72.311141,-37.36592,0.0,1089.012,sin_clasificar
POL_587,11.174832704811806,0.25,4.125,31.102080364522127,0.0,0.0,104.91903566404648,0.0,0.0,402.3690041680592,0.0,0.0,4.770641339763528,0.75,12.75,10.200363746519306,0.5,6.55,33.115799294290845,0.25,1.625,3.539950073808195,0.75,5.25,7.27357022132695,0.25,1.175,9,31.475,30.555555555555557,587,234.0,EXTRACCION DE ARIDOS SECTOR AVARIA,SOCIEDAD CONCESIONARIA RUTA NAHUELBUTA S.A.,REGIÓN DEL BIOBÍO,NEGRETE,Áridos,Extracción de áridos,Grande,CATEGORIA D,No identificado,Revisar,Revisar,Sin coincidencia,MINA LA SALVADORA,POLVORIN LA SALVADORA,ORO - COBRE - PLATA,VALIDADO,-72.620432,-37.558614,2.108,419.802,sin_clasificar
POL_588,11.757622389286349,0.25,4.125,0.0,1.0,9.9,149.88615853357493,0.0,0.0,321.1461555857995,0.0,0.0,55.92539379373923,0.0,0.0,21.09983958383101,0.5,6.55,129.7352201760983,0.0,0.0,1.099437702236261,1.0,7.0,2.171972598232439,0.5,2.35,9,29.925,36.11111111111111,588,95.0,CANTERA FUNDO LO ALFARO,SOCIEDAD EXTRACTORA Y COMERCIALIZADORA DE ARIDOS SANTA FE LTDA,REGIÓN DEL BIOBÍO,TALCAHUANO,Áridos,Cantera,No informado,CATEGORIA D,No identificado,Posible,Coincide,Sin coincidencia,CANTERA SAN MIGUEL,CANTERA SAN MIGUEL,ARENA SILICEA,VALIDADO,-73.098166,-36.658792,0.038,12.193,sin_clasificar
POL_589,8.059734872557039,0.5,8.25,0.7467151833322583,1.0,9.9,152.89874962814952,0.0,0.0,325.39469183056167,0.0,0.0,59.507108745441016,0.0,0.0,17.81348606555081,0.5,6.55,127.38427015814828,0.0,0.0,1.537328338636684,1.0,7.0,2.9051267780874843,0.5,2.35,9,34.05,38.88888888888889,589,656.0,EXTRACCION ARIDOS SEGUNDA ZONA NAVAL THNO,S/I,REGIÓN DEL BIOBÍO,TALCAHUANO,Áridos,Extracción de áridos,No informado,CATEGORIA D,No identificado,Posible,Coincide,Sin coincidencia,CANTERA SAN MIGUEL,CANTERA SAN MIGUEL,ARENA SILICEA,VALIDADO,-73.136288,-36.687378,0.002,10.029,sin_clasificar
POL_590,3.3233878060119553,0.75,12.375,0.0,1.0,9.9,143.09474720717714,0.0,0.0,328.12677919637434,0.0,0.0,51.59391599835588,0.0,0.0,13.91344356331127,0.5,6.55,118.45390228244332,0.0,0.0,1.9085345395488966,1.0,7.0,3.2554790796361366,0.5,2.35,9,38.175000000000004,41.66666666666667,590,482.0,EXTRACCION DE ARIDOS RIO ANDALIEN-BESALCO,BESALCO CONSTRUCCIONES S.A.,REGIÓN DEL BIOBÍO,TALCAHUANO,Áridos,Extracción de áridos,Grande,CATEGORIA D,No identificado,Revisar,Revisar,Sin coincidencia,CANTERA SAN MIGUEL,CANTERA SAN MIGUEL,ARENA SILICEA,VALIDADO,-73.039461,-36.758626,0.262,5.15,sin_clasificar
POL_591,0.0,1.0,16.5,1.157914385937402,0.75,7.425000000000001,152.63865488173445,0.0,0.0,339.3454445553903,0.0,0.0,63.27344896513737,0.0,0.0,2.645077452400952,0.75,9.825,112.62288698943753,0.0,0.0,0.0,1.0,7.0,0.9766802620439413,0.75,3.5250000000000004,9,44.275,47.22222222222222,591,269.0,EXTRACCION ARIDOS SECTOR BOCA SUR INGEMAC-SPP,INGENIERIA MAQUINARIAS Y CONSTRUCCIONES INGEMAC LIMITADA,REGIÓN DEL BIOBÍO,SAN PEDRO DE LA PAZ,Áridos,Extracción de áridos,Mediana,CATEGORIA C,No identificado,Posible,Coincide,Sin coincidencia,PLANTA CENTRO DEMOSTRATIVO,MODULO PENCO,ITRIO,VALIDADO,-73.1457,-36.8228,0.071,5.326,sin_clasificar
POL_592,0.0,1.0,16.5,0.4016206788743952,1.0,9.9,148.80923433004153,0.0,0.0,337.3711649658448,0.0,0.0,59.58842494976844,0.0,0.0,3.5066719668870525,0.75,9.825,111.36136922921007,0.0,0.0,0.039227881732290915,1.0,7.0,2.1097605965634427,0.5,2.35,9,45.574999999999996,47.22222222222222,592,101.0,EXTRACCION DE ARENAS DEL RIO BIO BIO - INCHILE,EMPRESA DE INVERSIONES Y URBANIZACIONES CHILENAS LTDA,REGIÓN DEL BIOBÍO,SAN PEDRO DE LA PAZ,Áridos,Extracción de áridos,Pequeña,CATEGORIA C,No identificado,Revisar,Revisar,Sin coincidencia,PLANTA CENTRO DEMOSTRATIVO,MODULO PENCO,ITRIO,VALIDADO,-73.122408,-36.824241,0.294,5.069,sin_clasificar
POL_593,0.015269664857788868,1.0,16.5,5.814602637458212,0.5,4.95,134.0514518164477,0.0,0.0,318.47520952219605,0.0,0.0,40.95029791339337,0.25,4.25,25.402324060208475,0.25,3.275,124.28809164966673,0.0,0.0,3.2671737617789636,0.75,5.25,4.460210005584149,0.5,2.35,9,36.574999999999996,36.11111111111111,593,167.0,CANTERA FUNDO EL PELLÍN ÁRIDOS LEON ZAVALA,INVERSIONES LEON ZAVALA LIMITADA,REGIÓN DEL BIOBÍO,PENCO,Áridos,Cantera,Mediana,CATEGORIA D,No identificado,Revisar,Revisar,Sin coincidencia,EXPLORACIONES BIOLANTANIDOS,EXPLORACIONES BIOLANTANIDOS,ITRIO,VALIDADO,-73.095652,-36.85745145,23.005,2.583,sin_clasificar
POL_594,12.732118254664273,0.25,4.125,33.23853199247524,0.0,0.0,104.96394143324478,0.0,0.0,398.1680571432307,0.0,0.0,3.4803182238125365,0.75,12.75,12.147432260643184,0.5,6.55,36.36724845918372,0.25,1.625,0.2470260452149119,1.0,7.0,2.878561282797259,0.5,2.35,9,34.4,36.11111111111111,594,454.0,EXTRACCION ARIDOS FORESTAL CRECEX- SECTOR LAS NIEVES,CMPC PULP S.P.A.,REGIÓN DEL BIOBÍO,NACIMIENTO,Áridos,Extracción de áridos,Grande,CATEGORIA C,No identificado,Revisar,Revisar,Sin coincidencia,FORESTAL,RAJO,OXIDOS DE COBRE,VALIDADO,-72.642731,-37.531751,0.477,952.449,sin_clasificar
POL_595,0.0541830538129926,1.0,16.5,1.7296262424568154,0.75,7.425000000000001,139.3898742184144,0.0,0.0,327.27593319996834,0.0,0.0,48.28740097209485,0.25,4.25,15.59084913881147,0.5,6.55,116.78547998510818,0.0,0.0,0.18634173187286598,1.0,7.0,0.8645362196752266,0.75,3.5250000000000004,9,45.25,47.22222222222222,595,140.0,EXTRACCION DE ARIDOS FUNDO LANDA,ARIDOS MADESAL SPA,REGIÓN DEL BIOBÍO,PENCO,Áridos,Extracción de áridos,Grande,CATEGORIA C,No identificado,Revisar,Revisar,Sin coincidencia,EXPLORACION RIO LIA,EXPLORACION RIO LIA,ITRIO,VALIDADO,-73.0032,-36.7613,0.135,2.69,sin_clasificar
POL_596,26.816242948498953,0.0,0.0,44.943564771156325,0.0,0.0,87.37994278525176,0.0,0.0,397.84874003515273,0.0,0.0,0.16640436146406576,1.0,17.0,5.529225388345095,0.75,9.825,39.71844824977749,0.25,1.625,6.064164626460946,0.5,3.5,12.586386161573486,0.0,0.0,9,31.95,27.77777777777778,596,657.0,EXTRACCION Y PROCESAMIENTO DE ARIDOS DESDE POZO LASTRERO SECTOR MUNILQUE,ARIDOS PETREOS NPSH SPA,REGIÓN DEL BIOBÍO,MULCHEN,Áridos,Extracción de áridos,No informado,CATEGORIA D,No identificado,Revisar,Revisar,Sin coincidencia,LAVADERO DE ORO DANYKA 7,PLANTA DE PROCESAMIENTO,ORO METÁLICO O NATIVO,VALIDADO,-72.260918,-37.71129,22.558,1748.854,sin_clasificar
POL_597,29.81302032343088,0.0,0.0,29.813017930509055,0.0,0.0,58.50521844629562,0.0,0.0,409.0616066967299,0.0,0.0,10.813387781408982,0.5,8.5,11.198741379688148,0.5,6.55,37.410148152704984,0.25,1.625,8.958726831250145,0.5,3.5,12.245116622317006,0.0,0.0,9,20.175,19.444444444444446,597,428.0,EXTRACCION MECANIZADA DE ARIDOS FUNDO NIHUINCO,FORESTAL MININCO SPA,REGIÓN DEL BIOBÍO,MULCHEN,Áridos,Extracción de áridos,Grande,CATEGORIA A,No identificado,Revisar,Coincide,Sin coincidencia,SIT  SA,PLANTA MECANIZADA,CALICHE (NITRATOS),VALIDADO,-72.099793,-37.739776,0.084,1740.423,sin_clasificar
POL_598,22.781206933487745,0.25,4.125,22.781209803734054,0.25,2.475,65.39365427139468,0.0,0.0,427.52755867006437,0.0,0.0,25.210402966033833,0.25,4.25,0.10910187903926125,1.0,13.1,18.758902209176902,0.5,3.25,16.68212484247382,0.25,1.75,6.486517510932915,0.25,1.175,9,30.125,30.555555555555557,598,428.0,EXTRACCION ARIDOS FUNDO SAN JOSE ORIENTE,FORESTAL MININCO SPA,REGIÓN DEL BIOBÍO,MULCHEN,Áridos,Extracción de áridos,Grande,CATEGORIA D,No identificado,Revisar,Coincide,Sin coincidencia,ORIENTE,BOTADERO 2,COBRE - ORO - PLATA,VALIDADO,-72.224788,-37.88829,0.0,1082.777,sin_clasificar
POL_599,29.905034015548388,0.0,0.0,41.674508752189986,0.0,0.0,84.70553955527365,0.0,0.0,421.8468416736402,0.0,0.0,24.007212118513056,0.5,8.5,1.006788945043531,1.0,13.1,14.624297205077392,0.5,3.25,2.353705754426614,0.75,5.25,8.10431618441436,0.25,1.175,9,31.275000000000002,33.33333333333333,599,156.0,EXTRACCION DE ARIDOS FUNDO SANTA ROSA DE HIDROMAQ,HYDROMAQ RENTAL EIRL,REGIÓN DE LA ARAUCANÍA,COLLIPULLI,Áridos,Extracción de áridos,Mediana,CATEGORIA D,No identificado,Revisar,Revisar,Sin coincidencia,FAENA LA ROSA,MINA LA ROSA 1 AL 20 (RAJO),OXIDOS DE COBRE,VALIDADO,-72.437701,-37.77549,1.555,908.376,sin_clasificar
POL_600,21.690286158887638,0.25,4.125,24.48511923852686,0.25,2.475,49.30295792113014,0.0,0.0,356.45798086226284,0.0,0.0,8.662920564619501,0.5,8.5,29.799078794758973,0.25,3.275,56.61254891300853,0.0,0.0,2.0021772744004376,0.75,5.25,2.8104015870842036,0.5,2.35,9,25.975,27.77777777777778,600,288.0,PLANTA ARIDOS SERVITERRA SECTOR HUEPIL,SERVICIOS MECANIZADOS SERVITERRA LIMITADA /SOCIEDAD ARIDOS Y ASFALTOS SERVITERRA,REGIÓN DEL BIOBÍO,TUCAPEL,Áridos,Planta / procesamiento,Grande,,No identificado,Revisar,Coincide,Sin coincidencia,,,,VALIDADO,-71.978275,-37.275788,0.0,,sin_clasificar
POL_601,25.097733221478446,0.0,0.0,26.786422202193563,0.0,0.0,48.58386199435901,0.0,0.0,360.00790867597897,0.0,0.0,8.214194005101008,0.5,8.5,25.680710684283795,0.25,3.275,53.65991342085621,0.0,0.0,2.9948050467427434,0.75,5.25,3.8008176979811927,0.5,2.35,9,19.375,22.22222222222222,601,534.0,EXTRACCION MECANIZADA ARIDOS EL PEDREGAL,ARENEX S.A.,REGIÓN DEL BIOBÍO,QUILLECO,Áridos,Extracción de áridos,Grande,CATEGORIA A,No identificado,Revisar,Revisar,Sin coincidencia,SIT  SA,PLANTA MECANIZADA,CALICHE (NITRATOS),VALIDADO,-71.86183,-37.436087,16.919,1691.535,sin_clasificar
POL_602,21.34955453266156,0.25,4.125,25.74604979326142,0.0,0.0,53.280717536109464,0.0,0.0,353.5196953312063,0.0,0.0,4.25815710127017,0.75,12.75,34.056660946684424,0.25,3.275,61.05958207373772,0.0,0.0,4.021366162742888,0.75,5.25,7.196266270652492,0.25,1.175,9,26.575,25.0,602,487.0,CANTERA POZO CRUZ DE PIEDRA,SACYR CHILE S.A./CONSTRUCTORA RIVERA LIMITADA,REGIÓN DEL BIOBÍO,TUCAPEL,Áridos,Cantera,Grande,CATEGORIA D,No identificado,Revisar,Revisar,Sin coincidencia,MINA LA CRUZ,MINA LA CRUZ,CUARZO AURÍFERO,VALIDADO,-72.0181605,-37.230523,1.281,335.527,sin_clasificar
POL_603,13.980574368107112,0.25,4.125,25.936588605935786,0.0,0.0,104.07615514612114,0.0,0.0,414.9998490341724,0.0,0.0,12.538477283501768,0.5,8.5,3.732993418520476,0.75,9.825,22.544128382607347,0.5,3.25,2.463461638882483,0.75,5.25,3.2771593040980047,0.5,2.35,9,33.3,36.11111111111111,603,658.0,EXTRACCION DE ARIDOS SECTOR EL LABRADOR,SOC. CONSECIONARIA RUTA NAHUELBUTA S.A.,REGIÓN DE LA ARAUCANÍA,RENAICO,Áridos,Extracción de áridos,No informado,CATEGORIA D,No identificado,Revisar,Revisar,Sin coincidencia,LABRADOR II 1 AL 173,POLVORIN,OXIDOS DE COBRE,VALIDADO,-72.5892062,-37.6936603,2.784,1785.073,sin_clasificar
POL_604,26.976665875436534,0.0,0.0,38.59077043536658,0.0,0.0,90.87186804347989,0.0,0.0,414.10965773962624,0.0,0.0,14.467752294112168,0.5,8.5,8.088287051215884,0.75,9.825,23.29907332707797,0.5,3.25,7.81798362447512,0.5,3.5,10.43038261061251,0.0,0.0,9,25.075,25.0,604,659.0,EXTRACCION DE ARIDOS INVERSIONES PIEDRAS NEGRAS,INVERSIONES PIEDRAS NEGRAS LTDA,REGIÓN DE LA ARAUCANÍA,RENAICO,Áridos,Extracción de áridos,No informado,CATEGORIA D,No identificado,Revisar,Revisar,Sin coincidencia,EXPLOTACIÓN MINA LAS PIEDRAS DEL 1 AL 20,LAS PIEDRAS DEL 1 AL 20,ARENA SILICEA,VALIDADO,-72.47626916,-37.70693022,0.229,490.217,sin_clasificar
POL_605,8.50543733357871,0.5,8.25,20.662268112836838,0.25,2.475,104.30930522206104,0.0,0.0,432.08751108594697,0.0,0.0,29.842300221270573,0.25,4.25,2.980629588167022,0.75,9.825,7.797841423696621,0.75,4.875,1.3945819818224672,1.0,7.0,2.7021628854987885,0.5,2.35,9,39.025,44.44444444444444,605,133.0,POZO LASTRERO EL TRANQUE,TRANSPORTES MONACO LIMITADA,REGIÓN DE LA ARAUCANÍA,ANGOL,Áridos,Relaves,Mediana,CATEGORIA C,No identificado,Revisar,Coincide,Sin coincidencia,FAENA LA VENTOLERA,TRANQUE 3,ORO - PLATA,VALIDADO,-72.69655032,-37.83285491,0.0,772.442,sin_clasificar
POL_606,8.488244999452903,0.5,8.25,20.634647039738763,0.25,2.475,105.0704098183174,0.0,0.0,431.67069953928916,0.0,0.0,29.43683980639469,0.25,4.25,2.776843538894787,0.75,9.825,8.511932514439223,0.75,4.875,1.0260220828051485,1.0,7.0,2.8804910391828735,0.5,2.35,9,39.025,44.44444444444444,606,660.0,PLANTA DE ARIDOS SIERRA NEVADA DE ANGOL,S/I,REGIÓN DE LA ARAUCANÍA,ANGOL,Áridos,Planta / procesamiento,No informado,CATEGORIA D,No identificado,Revisar,Coincide,Sin coincidencia,NEVADA I 1 AL 6,NEVADA I 1 AL 6,COBRE - ORO,VALIDADO,-72.695376,-37.827702,0.0,1248.179,sin_clasificar
POL_607,9.653665932217827,0.5,8.25,21.78691670160835,0.25,2.475,103.99113014986854,0.0,0.0,431.4852456853129,0.0,0.0,29.111704658577775,0.25,4.25,3.7515174305565218,0.75,9.825,8.816356350582,0.75,4.875,0.7678243839665952,1.0,7.0,1.7112016674166481,0.75,3.5250000000000004,9,40.199999999999996,47.22222222222222,607,661.0,ARIDOS LOTEO VALLE DE SAN JUAN ANGOL,S/I,REGIÓN DE LA ARAUCANÍA,ANGOL,Áridos,Extracción de áridos,No informado,CATEGORIA D,No identificado,Revisar,Coincide,Sin coincidencia,VALLE 11,MINA VALLE 11,SULFUROS Y ÓXIDOS DE COBRE,VALIDADO,-72.682201,-37.82815,0.0,742.181,sin_clasificar
POL_608,11.770212811969794,0.25,4.125,23.628861801931784,0.25,2.475,101.84639516397442,0.0,0.0,436.1580110783074,0.0,0.0,33.69801196130878,0.25,4.25,0.7237484732676174,1.0,13.1,4.383071272675399,0.75,4.875,5.34824733031994,0.5,3.5,4.852681000400476,0.5,2.35,9,34.675000000000004,38.88888888888889,608,662.0,MINERA NO METÁLICA ÁRIDOS EN PARCELA PANGUECO SECTOR CHACAICO,HERNAN ROA POBLETE,REGIÓN DE LA ARAUCANÍA,ANGOL,Áridos,Extracción de áridos,Micro,CATEGORIA D,No identificado,Revisar,Revisar,Sin coincidencia,EXPLORACIÓN NO METÁLICA ORCOMA,II EXPLORACIÓN NO METÁLICA ORCOMA,CALICHE (NITRATOS),VALIDADO,-72.69636,-37.807901,6.976,2001.526,sin_clasificar
POL_609,14.507571804560634,0.25,4.125,26.665873963915438,0.0,0.0,98.6074481877296,0.0,0.0,433.60940115356544,0.0,0.0,31.13041248996622,0.25,4.25,3.7577999575470384,0.75,9.825,8.427854557197987,0.75,4.875,4.643411879496875,0.75,5.25,4.159315042946267,0.5,2.35,9,30.675,36.11111111111111,609,663.0,EXTRACCION Y PROCESAMIENTO DE ARIDOS SAN JOSE DE CANCURA,TRANSPORTES MONACO LIMITADA,REGIÓN DE LA ARAUCANÍA,ANGOL,Áridos,Extracción de áridos,No informado,CATEGORIA D,No identificado,Revisar,Revisar,Sin coincidencia,PLANTA EL ARENAL,PLANTA DE PROCESAMIENTO,COBRE - ORO - PLATA,VALIDADO,-72.6346626,-37.85473938,0.261,601.586,sin_clasificar
POL_610,19.31299165127223,0.25,4.125,31.472742088758046,0.0,0.0,93.98138001386388,0.0,0.0,434.4062783070321,0.0,0.0,32.521601812518995,0.25,4.25,7.264748974877225,0.75,9.825,7.414145903712179,0.75,4.875,9.109352365524655,0.5,3.5,8.531021866848649,0.25,1.175,9,27.75,30.555555555555557,610,664.0,POZO DE ARIDOS TROMEN,S/I,REGIÓN DE LA ARAUCANÍA,ANGOL,Áridos,Extracción de áridos,No informado,,No identificado,Revisar,Coincide,Sin coincidencia,,,,VALIDADO,-72.584431,-37.874859,0.0,,sin_clasificar
POL_611,19.884062888571535,0.25,4.125,32.03346072159481,0.0,0.0,93.64781170471426,0.0,0.0,435.29472272423646,0.0,0.0,33.49889955698845,0.25,4.25,6.945806283361773,0.75,9.825,6.914123557705774,0.75,4.875,9.835195888925107,0.5,3.5,9.275589144460044,0.25,1.175,9,27.75,30.555555555555557,611,665.0,POZO DE ARIDOS FERRETI,S/I,REGIÓN DE LA ARAUCANÍA,ANGOL,Áridos,Extracción de áridos,No informado,,No identificado,Revisar,Coincide,Sin coincidencia,,,,VALIDADO,-72.584532,-37.881854,0.0,,sin_clasificar
POL_612,15.652419987527049,0.25,4.125,3.1090055386782547,0.75,7.425000000000001,113.75556489404799,0.0,0.0,451.9714514188476,0.0,0.0,52.0336827112273,0.0,0.0,1.2231213095811968,1.0,13.1,0.0,1.0,6.5,3.2235745568927885,0.75,5.25,0.7999589494072965,0.75,3.5250000000000004,9,39.925,50.0,612,666.0,EXTRACCION ARIDOS POZO LOS SAUCES,VIVIAN ORIELA VASQUEZ NAVARRETE,REGIÓN DE LA ARAUCANÍA,LOS SAUCES,Áridos,Extracción de áridos,Micro,CATEGORIA D,No identificado,Posible,Coincide,Sin coincidencia,MINA LONCOYAN SEGUNDA 1/12,MINA LONCOYAN SEGUNDA 1/12,ARCILLA PLASTICA,VALIDADO,-72.89297554,-37.97703741,0.0,12.962,sin_clasificar
POL_613,15.138919492313976,0.25,4.125,3.3392103051222435,0.75,7.425000000000001,113.57322293812986,0.0,0.0,451.43485638853855,0.0,0.0,51.457585617591846,0.0,0.0,1.2711070111449485,1.0,13.1,0.0,1.0,6.5,2.8871920066016594,0.75,5.25,1.4730657693288898,0.75,3.5250000000000004,9,39.925,50.0,613,667.0,EXTRACCION Y PROCESAMIENTO DE ARIDOS POZO EL SAUCE,S/I,REGIÓN DE LA ARAUCANÍA,LOS SAUCES,Áridos,Extracción de áridos,No informado,CATEGORIA D,No identificado,Revisar,Revisar,Sin coincidencia,MINA LONCOYAN SEGUNDA 1/12,MINA LONCOYAN SEGUNDA 1/12,ARCILLA PLASTICA,VALIDADO,-72.88027221,-37.97263079,0.487,13.836,sin_clasificar
POL_614,20.819428409737892,0.25,4.125,17.369145752800687,0.25,2.475,90.92452749261163,0.0,0.0,485.13256683580073,0.0,0.0,25.22818852956087,0.25,4.25,4.413050455882459,0.75,9.825,0.0,1.0,6.5,7.115217950884544,0.5,3.5,8.3322134100196,0.25,1.175,9,31.849999999999998,36.11111111111111,614,142.0,EXTRACCION ARIDOS CHUFQUEN TRAIGUEN,ARIDOS PASO MALO LIMITADA,REGIÓN DE LA ARAUCANÍA,TRAIGUEN,Áridos,Extracción de áridos,No informado,,No identificado,Revisar,Coincide,Sin coincidencia,,,,VALIDADO,-72.70485482,-38.32448583,0.0,,sin_clasificar
POL_615,0.0,1.0,16.5,0.0,1.0,9.9,17.638335509549158,0.25,3.325,490.64454142474926,0.0,0.0,53.38460685120677,0.0,0.0,1.5774008272058606,1.0,13.1,56.59086565511154,0.0,0.0,9.041379926460587,0.5,3.5,0.0,1.0,4.7,9,51.025,52.77777777777778,615,668.0,ARIDOS FELIX MOLINA CURACAUTIN,FELIX HAROLD MOLINA BURGOS,REGIÓN DE LA ARAUCANÍA,CUARACAUTIN,Áridos,Extracción de áridos,No informado,CATEGORIA C,No identificado,Revisar,Coincide,Sin coincidencia,FELIX 1/10,CAMPAMENTO,SULFUROS DE COBRE,VALIDADO,-71.833141,-38.522885,0.0,1067.382,sin_clasificar
POL_616,0.0,1.0,16.5,0.0,1.0,9.9,10.586781757555661,0.25,3.325,491.5287617857034,0.0,0.0,58.730032740241235,0.0,0.0,5.3363321180147345,0.75,9.825,56.31261602552573,0.0,0.0,9.148475089078111,0.5,3.5,0.0,1.0,4.7,9,47.75,50.0,616,669.0,EXTRACCION DE ARIDOS CAÑON DEL BLANCO,S/I,REGIÓN DE LA ARAUCANÍA,CURACAUTIN,Áridos,Extracción de áridos,No informado,CATEGORIA D,No identificado,Revisar,Coincide,Sin coincidencia,PROYECTO BLANCO,EXPLOTACIÓN SUBTERRÁNEA BLANCO,COBRE - PLATA,VALIDADO,-71.753725,-38.54,0.0,660.388,sin_clasificar
POL_617,0.0,1.0,16.5,0.0,1.0,9.9,11.739390418620925,0.25,3.325,489.24044291039894,0.0,0.0,85.01049035985314,0.0,0.0,11.832615796325872,0.5,6.55,48.80429867729409,0.25,1.625,11.079616771096305,0.5,3.5,0.0,1.0,4.7,9,46.1,50.0,617,670.0,EXTRACCION DE ARIDOS SECTOR PUNTA NEGRA,S/I,REGIÓN DE LA ARAUCANÍA,LONQUIMAY,Áridos,Extracción de áridos,No informado,CATEGORIA D,No identificado,Revisar,Revisar,Sin coincidencia,MINA LA NEGRA,MINA LA NEGRA,SULFURO AURÍFERO,VALIDADO,-71.424234,-38.546255,0.808,497.859,sin_clasificar
POL_618,0.0,1.0,16.5,0.0,1.0,9.9,47.10012404662605,0.0,0.0,497.5789240321663,0.0,0.0,117.6708437962567,0.0,0.0,0.5192823071723679,1.0,13.1,58.768886533068226,0.0,0.0,27.218209805609447,0.25,1.75,0.0,1.0,4.7,9,45.95,47.22222222222222,618,671.0,EXTRACCION DE ARIDOS CUESTA PIEDRAS BLANCAS,ANTONIO CIUFFARDI CHIESA,REGIÓN DE LA ARAUCANÍA,LONQUIMAY,Áridos,Extracción de áridos,No informado,CATEGORIA C,No identificado,Revisar,Revisar,Sin coincidencia,LA CUESTA,BOTADERO 1,SULFUROS Y ÓXIDOS DE COBRE,VALIDADO,-71.023054,-38.646913,0.744,1077.721,sin_clasificar
POL_619,25.154894716367878,0.0,0.0,25.15489557315417,0.0,0.0,54.51300660822417,0.0,0.0,492.7057498731919,0.0,0.0,22.931120806852793,0.5,8.5,0.5425220775424904,1.0,13.1,20.799770825535166,0.5,3.25,6.551974224801377,0.5,3.5,7.331807379277855,0.25,1.175,9,29.525000000000002,30.555555555555557,619,672.0,ARIDOS LUIS RUBILAR,LUIS RUBILAR ALBORNOZ,REGIÓN DE LA ARAUCANÍA,PERQUENCO,Áridos,Extracción de áridos,No informado,CATEGORIA D,No identificado,Revisar,Coincide,Sin coincidencia,MINERA LA MARGARITA,BOTADERO DE ESTERIL,COBRE - ORO - PLATA,VALIDADO,-72.322237,-38.472324,0.0,780.386,sin_clasificar
POL_620,19.104353542458558,0.25,4.125,13.36251470379611,0.25,2.475,60.02314564423798,0.0,0.0,506.9432494744075,0.0,0.0,7.09886627396905,0.5,8.5,1.8120974791368825,1.0,13.1,17.321174287460032,0.5,3.25,3.182505253008912,0.75,5.25,3.857868210881319,0.5,2.35,9,39.050000000000004,41.66666666666667,620,498.0,POZO LA CANTERA RIO CAUTIN LAUTARO,FERROVIAL CONSTRUCCION CHILE S.A.,REGIÓN DE LA ARAUCANÍA,LAUTARO,Áridos,Cantera,Grande,CATEGORIA A,No identificado,Revisar,Revisar,Sin coincidencia,CASERONES,CANTERA 4,SULFUROS Y ÓXIDOS DE COBRE,VALIDADO,-72.445995,-38.579505,0.101,1186.056,sin_clasificar
POL_621,20.167524919706022,0.25,4.125,14.200839137817843,0.25,2.475,59.98172025957137,0.0,0.0,505.68893745684835,0.0,0.0,8.235114517783822,0.5,8.5,1.2039309917114318,1.0,13.1,17.319644326500576,0.5,3.25,1.9380301130386448,1.0,7.0,2.6036353219181314,0.5,2.35,9,40.800000000000004,44.44444444444444,621,673.0,EXTRACCION MECANIZADA DE ARIDOS GALLARDO,ARIDOS GALLARDO SPA,REGIÓN DE LA ARAUCANÍA,LAUTARO,Áridos,Extracción de áridos,No informado,CATEGORIA A,No identificado,Revisar,Revisar,Sin coincidencia,SIT  SA,PLANTA MECANIZADA,CALICHE (NITRATOS),VALIDADO,-72.44183721,-38.552597,1.837,1835.907,sin_clasificar
POL_622,20.786357283473734,0.25,4.125,14.73807159110788,0.25,2.475,60.044819750645516,0.0,0.0,504.3287930068525,0.0,0.0,8.93182054281,0.5,8.5,0.6852305421063665,1.0,13.1,16.885830364929937,0.5,3.25,0.5876314125904875,1.0,7.0,1.2511423299848845,0.75,3.5250000000000004,9,41.975,47.22222222222222,622,674.0,EXTRACCION DE ARIDOS MACOGA SECTOR SANTA INES KM 3,ARIDOS MACOGA SPA,REGIÓN DE LA ARAUCANÍA,LAUTARO,Áridos,Extracción de áridos,No informado,CATEGORIA D,No identificado,Revisar,Coincide,Sin coincidencia,INES 1 AL 3,POLVORIN,ORO - COBRE,VALIDADO,-72.4386707,-38.56187664,0.0,1067.698,sin_clasificar
POL_623,26.228300404745763,0.0,0.0,19.703477791761127,0.25,2.475,59.77526711943616,0.0,0.0,499.7013061323067,0.0,0.0,14.557493074831653,0.5,8.5,1.6656689108550156,1.0,13.1,17.19728571226214,0.5,3.25,0.4523534469662084,1.0,7.0,1.6416419940746485,0.75,3.5250000000000004,9,37.85,44.44444444444444,623,675.0,ARIDOS NUEVA ERA LAUTARO,S/I,REGIÓN DE LA ARAUCANÍA,LAUTARO,Áridos,Extracción de áridos,No informado,CATEGORIA D,No identificado,Revisar,Coincide,Sin coincidencia,MINA LA NUEVA DEL 1 AL 15,MINA LA NUEVA DEL 1 AL 15,COBRE - ORO - HIERRO,VALIDADO,-72.415533,-38.519449,0.0,646.388,sin_clasificar
POL_624,17.2781633317422,0.25,4.125,12.576030375338288,0.25,2.475,58.72914454409757,0.0,0.0,510.203871395877,0.0,0.0,4.697783977837844,0.75,12.75,2.883115612130711,0.75,9.825,18.958988827410572,0.5,3.25,2.1792540166510976,0.75,5.25,7.219620969921139,0.25,1.175,9,38.849999999999994,38.88888888888889,624,676.0,ARIDOS LLAIMA INGENIERIAS LAUTARO,S/I,REGIÓN DE LA ARAUCANÍA,LAUTARO,Áridos,Extracción de áridos,No informado,CATEGORIA D,No identificado,Revisar,Coincide,Sin coincidencia,LAUTARO 1 AL 5,MINA LAUTARO,OXIDOS DE COBRE,VALIDADO,-72.436753,-38.611823,0.0,962.286,sin_clasificar
POL_625,17.226329982086163,0.25,4.125,12.198217743606714,0.25,2.475,59.09305077171066,0.0,0.0,509.28037297787455,0.0,0.0,4.829993342122158,0.75,12.75,3.248701005413605,0.75,9.825,18.12327064982609,0.5,3.25,2.6784537674465114,0.75,5.25,6.273667100730505,0.25,1.175,9,38.849999999999994,38.88888888888889,625,46.0,EXTRACCION DE ARIDOS RIO CAUTIN-CANTERA LAUTARO,ARIDOS Y CONSTRUCTORA SAN VICENTE LIMITADA,REGIÓN DE LA ARAUCANÍA,LAUTARO,Áridos,Cantera,Mediana,CATEGORIA C,No identificado,Revisar,Revisar,Sin coincidencia,FAENA RIO 27,MINA RIO 27,SULFUROS DE COBRE,VALIDADO,-72.44011009,-38.58242407,2.245,799.907,sin_clasificar
POL_626,14.060199486510296,0.25,4.125,11.178308734963654,0.25,2.475,58.644830565163794,0.0,0.0,514.4086593930971,0.0,0.0,2.1546071726944334,0.75,12.75,1.8740161622648324,1.0,13.1,20.19172457046026,0.5,3.25,1.06507134741879,1.0,7.0,9.072832980605789,0.25,1.175,9,43.875,44.44444444444444,626,179.0,ARIDOS URBANOS SPA,ASESORIA Y CONSULTORA CONTROL URBANO SPA,REGIÓN DE LA ARAUCANÍA,LAUTARO,Áridos,Extracción de áridos,No informado,CATEGORIA D,No identificado,Revisar,Coincide,Sin coincidencia,FAENA CAIVICO,MINA CAIVICO,CALIZA,VALIDADO,-72.445489,-38.650957,0.022,25.702,sin_clasificar
POL_627,6.476583935503924,0.5,8.25,6.866466182371819,0.5,4.95,77.32697088206181,0.0,0.0,531.0851844359872,0.0,0.0,0.0,1.0,17.0,1.1093373633935137,1.0,13.1,13.356526304553103,0.5,3.25,0.3926172138718868,1.0,7.0,2.94150091898792,0.5,2.35,9,55.9,55.55555555555556,627,2.0,ARIDOS MAQUEHUE,SOCIEDAD DE TRANSPORTE Y ARIDOS MAQUEHUE LTDA.,REGIÓN DE LA ARAUCANÍA,PADRE DE LAS CASAS,Áridos,Extracción de áridos,Mediana,,No identificado,Revisar,Coincide,Sin coincidencia,,,,VALIDADO,-72.658869,-38.763904,0.0,,sin_clasificar
POL_628,16.093742288908878,0.25,4.125,16.400998560451082,0.25,2.475,87.43738782833472,0.0,0.0,535.0644402546153,0.0,0.0,0.0,1.0,17.0,0.4271177331670363,1.0,13.1,7.6306752544713286,0.75,4.875,0.32743324886811104,1.0,7.0,9.13149199351106,0.25,1.175,9,49.75,50.0,628,446.0,EXTRACCION DE ARIDOS RIO CAUTIN SECTOR RENGALIL,EMPRESA CONSTRUCTORA COSAL S.A.,REGIÓN DE LA ARAUCANÍA,TEMUCO,Áridos,Extracción de áridos,Grande,CATEGORIA C,No identificado,Revisar,Coincide,Sin coincidencia,FAENA RIO 27,MINA RIO 27,SULFUROS DE COBRE,VALIDADO,-72.773853,-38.776324,0.0,824.706,sin_clasificar
POL_629,11.019834783933577,0.25,4.125,11.348482005222785,0.25,2.475,82.28571380198004,0.0,0.0,532.9395248230678,0.0,0.0,0.0,1.0,17.0,0.7002883930611499,1.0,13.1,9.79845401870603,0.75,4.875,2.0369813167799466,0.75,5.25,4.756782950575599,0.5,2.35,9,49.175000000000004,50.0,629,498.0,ARIDOS RIO CAUTIN POZO NILQUILCO,FERROVIAL CONSTRUCCION CHILE S.A.,REGIÓN DE LA ARAUCANÍA,PADRE DE LAS CASAS,Áridos,Extracción de áridos,Grande,CATEGORIA D,No identificado,Revisar,Revisar,Sin coincidencia,RIO 27,EXPLORACION RIO 27,COBRE - ORO - PLATA,VALIDADO,-72.71847728,-38.77085946,0.121,822.411,sin_clasificar
POL_630,9.585289927380082,0.5,8.25,9.915680770249581,0.5,4.95,80.90276485542387,0.0,0.0,532.0648413720218,0.0,0.0,0.0,1.0,17.0,0.5342342217781066,1.0,13.1,10.462967200114932,0.5,3.25,2.0960590381088244,0.75,5.25,4.08284652865809,0.5,2.35,9,54.15,52.77777777777778,630,349.0,EXTRACCION DE ARIDOS LA FRONTERA,MAQUINARIAS LA FRONTERA SPA,REGIÓN DE LA ARAUCANÍA,TEMUCO,Áridos,Extracción de áridos,Mediana,CATEGORIA D,No identificado,Revisar,Revisar,Sin coincidencia,"MINA FRONTERA MINA ESCONDIDA 5 AL 10,PERTENENCIA 8",MINA SUBTERRANEA,OXIDOS DE COBRE,VALIDADO,-72.68546446,-38.7699483,1.256,1627.717,sin_clasificar
POL_631,6.545178193979681,0.5,8.25,6.9150954880506115,0.5,4.95,77.65318999848043,0.0,0.0,530.9260775063643,0.0,0.0,0.0,1.0,17.0,0.6184200458897134,1.0,13.1,12.905182287730115,0.5,3.25,0.16022262972536058,1.0,7.0,2.737575817302166,0.5,2.35,9,55.9,55.55555555555556,631,354.0,EXTRACCION DE ARIDOS OÑATE,CONSTRUCTORA EDGARDO ONATE VELOSO Y COMPANIA LIMITADA,REGIÓN DE LA ARAUCANÍA,PADRE DE LAS CASAS,Áridos,Extracción de áridos,Mediana,CATEGORIA D,No identificado,Revisar,Revisar,Sin coincidencia,LAVADERO DE ORO PUREO,LAVADERO DE ORO PUREO,ORO METÁLICO O NATIVO,VALIDADO,-72.638395,-39.277461,56.425,71.232,sin_clasificar
POL_632,31.94155185033887,0.0,0.0,3.689785604896674,0.75,7.425000000000001,70.34308399150483,0.0,0.0,557.3477801352019,0.0,0.0,16.124784743964224,0.5,8.5,0.9929477382847748,1.0,13.1,38.74567812560122,0.25,1.625,3.568775267144241,0.75,5.25,5.093429267490342,0.25,1.175,9,37.074999999999996,38.88888888888889,632,677.0,POZO DE ARIDOS MIRTA FUTALEF-PITRUFQUEN,S/I,REGIÓN DE LA ARAUCANÍA,PITRUFQUEN,Áridos,Extracción de áridos,No informado,CATEGORIA D,No identificado,Revisar,Coincide,Sin coincidencia,SUC. MIRTA ROJAS MUNIZAGA - PLANTA MIRAFLORES,MIRAFLORES 1,SULFUROS Y ÓXIDOS DE COBRE,VALIDADO,-72.593538,-39.019082,0.008,981.314,sin_clasificar
POL_633,29.08027038391536,0.0,0.0,5.735879776622524,0.5,4.95,77.61580695712254,0.0,0.0,555.41551543517,0.0,0.0,14.632688029753162,0.5,8.5,1.453795341075261,1.0,13.1,32.574607148736675,0.25,1.625,0.3932179186300585,1.0,7.0,2.663884373376951,0.5,2.35,9,37.525,41.66666666666667,633,178.0,EXTRACCION DE ARIDOS TERRANOVA LTDA.,TRANSPORTES TERRANOVA LIMITADA,REGIÓN DE LA ARAUCANÍA,PITRUFQUEN,Áridos,Extracción de áridos,Pequeña,CATEGORIA D,No identificado,Revisar,Revisar,Sin coincidencia,FENIX,FENIX,COBRE - ORO,VALIDADO,-72.64050119,-39.0197475,4.28,1005.937,sin_clasificar
POL_634,42.719027819199994,0.0,0.0,0.0,1.0,9.9,84.83678030934641,0.0,0.0,567.7656934813372,0.0,0.0,25.164786876812823,0.25,4.25,1.4873574544078643,1.0,13.1,33.35443404767135,0.25,1.625,11.114517978104907,0.5,3.5,14.218614856452884,0.0,0.0,9,32.375,33.33333333333333,634,678.0,POZO LASTRERO LOS GALPONES (POZO POLANCO) DE PITRUFQUEN,S/I,REGIÓN DE LA ARAUCANÍA,PITRUFQUEN,Áridos,Extracción de áridos,No informado,CATEGORIA D,No identificado,Posible,Coincide,Sin coincidencia,MINA DANIEL,MINA DANIEL,ORO METÁLICO O NATIVO,VALIDADO,-72.836503,-39.068374,0.0,15.146,sin_clasificar
POL_635,1.798017940311508,0.75,12.375,1.7980207927628147,0.75,7.425000000000001,33.25296470329691,0.0,0.0,575.6726735184752,0.0,0.0,44.72350751731364,0.25,4.25,1.2164951653998037,1.0,13.1,74.26244182632149,0.0,0.0,4.093899220692908,0.75,5.25,0.1663502847794693,1.0,4.7,9,47.1,50.0,635,350.0,POZO LASTRE ARIMIX,SOC. EXPLORADORA DE ARIDOS ARIMIX LTDA.,REGIÓN DE LA ARAUCANÍA,VILLARRICA,Áridos,Instalación minera,Mediana,CATEGORIA A,No identificado,Revisar,Coincide,Sin coincidencia,EL ABRA,BOTADERO LASTRE 2,OXIDOS DE COBRE,VALIDADO,-72.279167,-39.245247,0.0,1948.585,sin_clasificar
POL_636,1.2171762619355164,0.75,12.375,1.2171791589780891,0.75,7.425000000000001,32.74271777010165,0.0,0.0,575.6285358180347,0.0,0.0,44.82114570496173,0.25,4.25,1.206344785393987,1.0,13.1,74.49456717681507,0.0,0.0,3.6245964471944148,0.75,5.25,0.0,1.0,4.7,9,47.1,50.0,636,679.0,ARIDOS GLADYS LIEMPI,S/I,REGIÓN DE LA ARAUCANÍA,VILLARRICA,Áridos,Extracción de áridos,No informado,CATEGORIA D,No identificado,Revisar,Coincide,Sin coincidencia,MINA GLADYS,MINA GLADYS,OXIDOS DE COBRE,VALIDADO,-72.27156,-39.242736,0.0,797.098,sin_clasificar
POL_637,0.40197433514612796,1.0,16.5,0.40197289017756316,1.0,9.9,30.922101044479277,0.0,0.0,577.8623972675211,0.0,0.0,47.34690495520972,0.25,4.25,2.5224420692570932,0.75,9.825,76.85110565539054,0.0,0.0,1.7797209041172946,1.0,7.0,0.40200764331472344,1.0,4.7,9,52.175,55.55555555555556,637,350.0,EXTRACCION DE ARIDOS ARIMIX SECTOR PUTUE BAJO,SOC. EXPLORADORA DE ARIDOS ARIMIX LTDA.,REGIÓN DE LA ARAUCANÍA,VILLARRICA,Áridos,Extracción de áridos,Mediana,CATEGORIA D,No identificado,Revisar,Coincide,Sin coincidencia,MINA LOPHAN BAJO,MINA LOPHAN BAJO,SULFUROS DE COBRE,VALIDADO,-72.263409,-39.264652,0.0,688.815,sin_clasificar
POL_638,1.952170648705806,0.75,12.375,1.9521685283250858,0.75,7.425000000000001,32.49922184907944,0.0,0.0,578.7970145354262,0.0,0.0,47.4546467557504,0.25,4.25,1.8184758834816375,1.0,13.1,76.42446378619826,0.0,0.0,2.102363655511924,0.75,5.25,2.040352427697622,0.5,2.35,9,44.75,44.44444444444444,638,680.0,EXTRACCION DE ARIDOS POZO ÑANCUPAN,ERNA ÑANCUPAN PRANAO,REGIÓN DE LA ARAUCANÍA,VILLARRICA,Áridos,Extracción de áridos,No informado,,No identificado,Revisar,Coincide,Sin coincidencia,,,,VALIDADO,-72.285217,-39.268316,0.0,,sin_clasificar
POL_639,2.401560137682972,0.75,12.375,2.4015639898247394,0.75,7.425000000000001,33.28621656055818,0.0,0.0,577.9112154616424,0.0,0.0,46.27902536722843,0.25,4.25,0.6223259354801384,1.0,13.1,75.11600679685486,0.0,0.0,2.5332251668885606,0.75,5.25,2.3613078976938704,0.5,2.35,9,44.75,44.44444444444444,639,681.0,EXTRACCION DE ARIDOS POZO ISRAEL,GLORIA BRAVO PINEDA,REGIÓN DE LA ARAUCANÍA,VILLARRICA,Áridos,Extracción de áridos,No informado,CATEGORIA D,No identificado,Revisar,Coincide,Sin coincidencia,ISRAEL ANTONIO,MINA ISRAEL ANTONIO 2,SULFURO AURÍFERO,VALIDADO,-72.290427,-39.258519,0.0,942.022,sin_clasificar
POL_640,0.0,1.0,16.5,0.0,1.0,9.9,17.218093186460678,0.25,3.325,587.4073916376979,0.0,0.0,61.56686140387221,0.0,0.0,0.8659565293399509,1.0,13.1,91.8174068963265,0.0,0.0,7.451639887866185,0.5,3.5,0.0,1.0,4.7,9,51.025,52.77777777777778,640,682.0,POZO DE ARIDOS HUINCACARA,S/I,REGIÓN DE LA ARAUCANÍA,VILLARRICA,Áridos,Extracción de áridos,No informado,,No identificado,Revisar,Coincide,Sin coincidencia,,,,VALIDADO,-72.150511,-39.364569,0.0,,sin_clasificar
POL_641,0.7465437932082847,1.0,16.5,0.7465446782824096,1.0,9.9,31.047210671786775,0.0,0.0,578.971274905217,0.0,0.0,48.27667684787901,0.25,4.25,2.863526679344774,0.75,9.825,77.5542961927901,0.0,0.0,2.120139580791135,0.75,5.25,0.7465654774463277,0.75,3.5250000000000004,9,49.24999999999999,50.0,641,35.0,POZO PUTÚE MUNICIPALIDAD VILLARRICA,ILUSTRE MUNICIPALIDAD DE VILLARRICA,REGIÓN DE LA ARAUCANÍA,VILLARRICA,Áridos,Instalación minera,Pequeña,CATEGORIA D,No identificado,Revisar,Revisar,Sin coincidencia,VILLARRICA,EXPLORACION Y PROSPECCION VILLARRICA,COBRE - ORO - PLATA,VALIDADO,-72.2278976,-39.2856903,3.74,1067.602,sin_clasificar
POL_642,20.05276073156812,0.25,4.125,9.614295239409152,0.5,4.95,57.6448591148611,0.0,0.0,597.5290786954736,0.0,0.0,47.416492797628855,0.25,4.25,0.6404012983029503,1.0,13.1,67.03332138258233,0.0,0.0,0.16161997471206133,1.0,7.0,1.0368314871544921,0.75,3.5250000000000004,9,36.949999999999996,41.66666666666667,642,309.0,ARIDO LONCOCHE,AGRICOLA CRAN CHILE LIMITADA,REGIÓN DE LA ARAUCANÍA,LONCOCHE,Áridos,Instalación minera,Grande,CATEGORIA D,No identificado,Posible,Coincide,Sin coincidencia,PLACER AURIFERO HUEIMA,PROYECTO DE EXPLOTACIÓN HUEIMA,ORO METÁLICO O NATIVO,VALIDADO,-72.632408,-39.385252,0.0,14.783,sin_clasificar
POL_643,23.67266577986754,0.25,4.125,11.69163848793629,0.25,2.475,48.3257357887376,0.0,0.0,595.5461582805232,0.0,0.0,54.29930580164629,0.0,0.0,0.5791768041964416,1.0,13.1,74.3529186881427,0.0,0.0,7.259922343670795,0.5,3.5,8.670530748067849,0.25,1.175,9,24.375,25.0,643,683.0,EXTRACCION ARIDOS FUNDO TORREON LONCOCHE,MARIA ELENA BUSTOS DEL PRADO,REGIÓN DE LA ARAUCANÍA,LONCOCHE,Áridos,Extracción de áridos,No informado,CATEGORIA D,No identificado,Revisar,Revisar,Sin coincidencia,PLACER AURIFERO HUEIMA,PROYECTO DE EXPLOTACIÓN HUEIMA,ORO METÁLICO O NATIVO,VALIDADO,-72.52637,-39.38165,0.225,19.884,sin_clasificar
POL_644,22.936597228448314,0.25,4.125,10.160518906299012,0.25,2.475,54.518264277146145,0.0,0.0,597.5261538056351,0.0,0.0,49.51427715827606,0.25,4.25,0.2706012185049844,1.0,13.1,69.97957141976656,0.0,0.0,2.473662775801665,0.75,5.25,3.1816821467462635,0.5,2.35,9,31.55,33.33333333333333,644,684.0,AUMENTO DE EXTRACCION Y PROCESAMIENTO POZO EL VALLE,S/I,REGIÓN DE LA ARAUCANÍA,LONCOCHE,Áridos,Instalación minera,No informado,CATEGORIA D,No identificado,Revisar,Revisar,Sin coincidencia,PLACER AURIFERO HUEIMA,PROYECTO DE EXPLOTACIÓN HUEIMA,ORO METÁLICO O NATIVO,VALIDADO,-72.59616553,-39.38921178,0.109,15.824,sin_clasificar
POL_645,19.703634091869446,0.25,4.125,0.0,1.0,9.9,105.42042508206836,0.0,0.0,593.7733854906302,0.0,0.0,45.686451088223876,0.25,4.25,1.622750613972134,1.0,13.1,26.415633630845957,0.25,1.625,6.43471411829272,0.5,3.5,0.46943838936171917,1.0,4.7,9,41.2,47.22222222222222,645,431.0,EXTRACCION DE ARIDOS CERRO LA PIEDRA,BESALCO S.A.,REGIÓN DE LA ARAUCANÍA,TOLTÉN,Áridos,Extracción de áridos,Grande,CATEGORIA D,No identificado,Revisar,Revisar,Sin coincidencia,CERRO 32 DEL 1 AL 20,CERRO 32 1 AL 20,COBRE - ORO,VALIDADO,-73.156104,-39.235697,0.772,1470.762,sin_clasificar
POL_646,0.0,1.0,16.5,0.0,1.0,9.9,17.675851010084738,0.25,3.325,579.2646053860902,0.0,0.0,90.65603241313106,0.0,0.0,0.7424454098871643,1.0,13.1,125.33878525736088,0.0,0.0,1.229892267616611,1.0,7.0,0.0,1.0,4.7,9,54.525,58.333333333333336,646,195.0,POZO ARIDOS ARIMATUS (CURARREHUE),ARIDOS Y HORMIGONES ARIMATUS LTDA,REGIÓN DE LA ARAUCANÍA,CURARREHUE,Áridos,Extracción de áridos,No informado,,No identificado,Revisar,Coincide,Sin coincidencia,,,,VALIDADO,-71.608271,-39.349542,0.0,,sin_clasificar
POL_647,0.0,1.0,16.5,0.0,1.0,9.9,35.874089365812424,0.0,0.0,542.0332963577695,0.0,0.0,36.56428174529449,0.25,4.25,2.9313014978157854,0.75,9.825,69.33147084686269,0.0,0.0,1.9876879708873385,1.0,7.0,3.482138163059731,0.5,2.35,9,49.824999999999996,50.0,647,685.0,ARIDOS NAVARRO SECTOR BAJO ALLIPEN,JUAN EDGARDO NAVARRO VELASQUEZ,REGIÓN DE LA ARAUCANÍA,CUNCO,Áridos,Extracción de áridos,No informado,CATEGORIA D,No identificado,Revisar,Coincide,Sin coincidencia,NAVARRO,CAMPAMENTO,OXIDOS DE COBRE,VALIDADO,-72.041309,-38.96429,0.0,1601.892,sin_clasificar
POL_648,19.100990421823308,0.25,4.125,19.100990013320068,0.25,2.475,43.20671606627104,0.0,0.0,529.8302144697273,0.0,0.0,14.715685148925616,0.5,8.5,8.027889575982332,0.75,9.825,45.89769106317961,0.25,1.625,14.673811651387924,0.5,3.5,17.086697931013394,0.0,0.0,9,30.049999999999997,27.77777777777778,648,4.0,PROCESO DE SECADO DE MINERAL,EXPLOTACION Y COMPRAVENTA DE MINERALES,REGIÓN DE LA ARAUCANÍA,CUNCO,Carbonato de Calcio,Instalación minera,No informado,CATEGORIA D,No identificado,Posible,Coincide,Posible,FAENA CAIVICO,MINA CAIVICO,CALIZA,VALIDADO,-72.244703,-38.82544,0.0,0.09,sin_clasificar
POL_649,0.0,1.0,16.5,0.0,1.0,9.9,34.45472493931415,0.0,0.0,542.4545274303745,0.0,0.0,39.902087721510725,0.25,4.25,0.5352002581826933,1.0,13.1,72.50328444104454,0.0,0.0,3.5146476850245674,0.75,5.25,5.1155246577143965,0.25,1.175,9,50.175,47.22222222222222,649,686.0,ARIDOS CAIVICO,S/I,REGIÓN DE LA ARAUCANÍA,CUNCO,Áridos,Extracción de áridos,No informado,CATEGORIA D,No identificado,Revisar,Revisar,Sin coincidencia,FAENA CAIVICO,MINA CAIVICO,CALIZA,VALIDADO,-71.991711,-38.976914,0.825,26.426,sin_clasificar
POL_650,11.36727660535613,0.25,4.125,11.702887885754654,0.25,2.475,82.52100459876985,0.0,0.0,533.3785103278227,0.0,0.0,0.0,1.0,17.0,0.4783560589742762,1.0,13.1,10.133304307815363,0.5,3.25,2.3003134025678174,0.75,5.25,4.689164330643006,0.5,2.35,9,47.550000000000004,47.22222222222222,650,173.0,EXTRACCION DE ARIDOS RUCOL,CONSTRUCTORA RUCOL LIMITADA,REGIÓN DE LA ARAUCANÍA,PADRE DE LAS CASAS,Áridos,Extracción de áridos,Pequeña,,No identificado,Revisar,Revisar,Sin coincidencia,,,,VALIDADO,-72.7206647,-38.760029,1.297,,sin_clasificar
POL_651,2.3294798152817706,0.75,12.375,22.5291916428285,0.25,2.475,72.97286746331947,0.0,0.0,610.1301364687777,0.0,0.0,30.45351259669603,0.25,4.25,5.120725871262976,0.75,9.825,63.07542160314166,0.0,0.0,2.6088643360538963,0.75,5.25,3.294788930290213,0.5,2.35,9,36.525,36.11111111111111,651,497.0,ARIDOS READY MIX,FERROVIAL CONSTRUCCION CHILE S.A.,REGIÓN DE LOS RÍOS,LANCO,Áridos,Extracción de áridos,Grande,CATEGORIA D,No identificado,Posible,Coincide,Sin coincidencia,PLACER AURIFERO HUEIMA,PROYECTO DE EXPLOTACIÓN HUEIMA,ORO METÁLICO O NATIVO,VALIDADO,-72.808672,-39.469305,0.065,10.53,sin_clasificar
POL_652,2.355694546236367,0.75,12.375,23.139810759846203,0.25,2.475,72.73937169928027,0.0,0.0,610.6989483845226,0.0,0.0,29.952343775909675,0.25,4.25,5.612284025979426,0.75,9.825,63.734926708137124,0.0,0.0,2.9754085709635083,0.75,5.25,3.6011385173600963,0.5,2.35,9,36.525,36.11111111111111,652,687.0,ARIDOS IMULFUDI,S/I,REGIÓN DE LOS RÍOS,LANCO,Áridos,Extracción de áridos,No informado,CATEGORIA D,No identificado,Posible,Coincide,Sin coincidencia,PLACER AURIFERO HUEIMA,PROYECTO DE EXPLOTACIÓN HUEIMA,ORO METÁLICO O NATIVO,VALIDADO,-72.810795,-39.472615,0.0,9.945,sin_clasificar
POL_653,14.074295306462423,0.25,4.125,13.893551367835945,0.25,2.475,69.23717991765503,0.0,0.0,624.4938311311636,0.0,0.0,24.213653723034945,0.5,8.5,20.03117826116485,0.5,6.55,79.06365633578842,0.0,0.0,16.457374985664075,0.25,1.75,17.483199486558764,0.0,0.0,9,23.4,19.444444444444446,653,196.0,PUMILLAHUE,COMPAÑIA MINERA PUMILLAHUE,REGIÓN DE LOS RÍOS,SAN JOSE DE MARIQUINA,Oro,Instalación minera,No informado,CATEGORIA D,No identificado,Posible,Revisar,Confirmado,FAENAS DE PROSPECCION MINERA PUMILLAHUE S.A.,FAENAS DE PROSPECCION,ORO METÁLICO O NATIVO,VALIDADO,-72.762729,-39.612541,0.238,0.579,sin_clasificar
POL_654,6.446144222855093,0.5,8.25,17.778838707781148,0.25,2.475,77.49041616118184,0.0,0.0,618.427843626505,0.0,0.0,22.045516592430186,0.5,8.5,13.59664737627455,0.5,6.55,67.81562389435939,0.0,0.0,7.407358524140014,0.5,3.5,8.695487382930535,0.25,1.175,9,30.450000000000003,27.77777777777778,654,391.0,ARIDOS CIRUELOS,SOCIEDAD DE DESARROLLO URBANO VALDIVIA LTDA.,REGIÓN DE LOS RÍOS,SAN JOSE DE MARIQUINA,Áridos,Extracción de áridos,Mediana,CATEGORIA D,No identificado,Posible,Coincide,Sin coincidencia,POLO 1-6,ACOPIO,ORO METÁLICO O NATIVO,VALIDADO,-72.854794,-39.538195,0.0,7.686,sin_clasificar
POL_655,7.3912902151009385,0.5,8.25,14.857710072651653,0.25,2.475,80.88879293828592,0.0,0.0,619.6289674592767,0.0,0.0,19.48407354073977,0.5,8.5,15.76632177086212,0.5,6.55,66.42964052270666,0.0,0.0,3.943057948288709,0.75,5.25,5.1838896690430945,0.25,1.175,9,32.2,30.555555555555557,655,71.0,ARIDOS CIRUELOS 2,SOCIEDAD DE INVERSIONES PILOTRARO LTDA.,REGIÓN DE LOS RÍOS,SAN JOSE DE MARIQUINA,Áridos,Extracción de áridos,Pequeña,CATEGORIA D,No identificado,Posible,Coincide,Sin coincidencia,POLO 1-6,ACOPIO,ORO METÁLICO O NATIVO,VALIDADO,-72.894801,-39.538432,0.006,7.11,sin_clasificar
POL_656,4.750558635973514,0.75,12.375,13.641141634622942,0.25,2.475,83.19183379928631,0.0,0.0,619.9736554145292,0.0,0.0,18.594719827944477,0.5,8.5,17.169209203306604,0.5,6.55,65.02340994167807,0.0,0.0,1.2709023660211909,1.0,7.0,2.558496031123682,0.5,2.35,9,39.25000000000001,38.88888888888889,656,322.0,ARIDOS LAS CAMELIAS,AGRICOLA LOS ACACIOS LTDA,REGIÓN DE LOS RÍOS,SAN JOSE DE MARIQUINA,Áridos,Extracción de áridos,No informado,CATEGORIA D,No identificado,Posible,Coincide,Sin coincidencia,MINA PORVENIR,CAMPAMENTO,ORO METÁLICO O NATIVO,VALIDADO,-72.93157,-39.537633,0.019,5.811,sin_clasificar
POL_657,0.17147351942821415,1.0,16.5,0.0,1.0,9.9,57.78251199923577,0.0,0.0,640.3241439309243,0.0,0.0,23.41144642794131,0.5,8.5,36.96037693901947,0.25,3.275,96.74639809938571,0.0,0.0,13.002200451401235,0.5,3.5,10.199416899261529,0.0,0.0,9,41.675,36.11111111111111,657,461.0,ARIDOS EL PASTOR,FORESTAL ARAUCO S.A.,REGIÓN DE LOS RÍOS,LOS LAGOS,Áridos,Extracción de áridos,No informado,CATEGORIA D,No identificado,Revisar,Revisar,Sin coincidencia,LOS MAITENES,LOS MAITENES,ORO METÁLICO O NATIVO,VALIDADO,-72.704075,-39.767558,0.246,5.891,sin_clasificar
POL_658,0.47081352896157397,1.0,16.5,0.0,1.0,9.9,69.59818996793724,0.0,0.0,648.7902707839708,0.0,0.0,8.988975578778652,0.5,8.5,43.71802435626621,0.25,3.275,95.66957383724609,0.0,0.0,5.622503597989921,0.5,3.5,6.0326515147146385,0.25,1.175,9,42.849999999999994,38.88888888888889,658,688.0,ARIDOS PANCUL,ARIDOS MATERRA SPA,REGIÓN DE LOS RÍOS,LOS LAGOS,Áridos,Extracción de áridos,No informado,CATEGORIA D,No identificado,Revisar,Revisar,Sin coincidencia,LOS MAITENES,LOS MAITENES,ORO METÁLICO O NATIVO,VALIDADO,-72.85,-39.81,0.929,14.381,sin_clasificar
POL_659,16.589632167380092,0.25,4.125,18.994795875420674,0.25,2.475,68.13489511728233,0.0,0.0,678.2228090866791,0.0,0.0,18.755602872660553,0.5,8.5,74.15001983437463,0.0,0.0,125.30242502298853,0.0,0.0,2.9878703152733093,0.75,5.25,4.660430742966802,0.5,2.35,9,22.700000000000003,25.0,659,327.0,ARIDOS PAILLACO 2,MELON ARIDOS LIMITADA,REGIÓN DE LOS RÍOS,PAILLACO,Áridos,Extracción de áridos,Grande,,No identificado,Revisar,Coincide,Sin coincidencia,,,,VALIDADO,-72.82727,-40.096471,0.0,,sin_clasificar
POL_660,18.01486263304468,0.25,4.125,18.120249831940846,0.25,2.475,66.95488926777061,0.0,0.0,678.5441618358543,0.0,0.0,19.926139520229306,0.5,8.5,74.67861686744963,0.0,0.0,126.3601637532425,0.0,0.0,4.433067681632636,0.75,5.25,6.1023532716303635,0.25,1.175,9,21.525000000000002,22.22222222222222,660,490.0,EXPLOTACION DE ARIDOS,INMOBILIARIA SOCOVESA SUR S.A.,REGIÓN DE LOS RÍOS,PAILLACO,Áridos,Extracción de áridos,Grande,,No identificado,Revisar,Coincide,Sin coincidencia,,,,VALIDADO,-72.808899,-40.101268,0.087,,sin_clasificar
POL_661,9.585790778671925,0.5,8.25,23.550007773629712,0.25,2.475,72.73106739998464,0.0,0.0,675.7883657656083,0.0,0.0,12.720398553290623,0.5,8.5,70.88857932131883,0.0,0.0,119.83877240608,0.0,0.0,1.077495174825726,1.0,7.0,1.8024936838806331,0.75,3.5250000000000004,9,29.75,33.33333333333333,661,689.0,ARIDOS PAILLACO,EDGAR WALTER HADIDA SCHMID,REGIÓN DE LOS RÍOS,PAILLACO,Áridos,Extracción de áridos,Mediana,,No identificado,Revisar,Coincide,Sin coincidencia,,,,VALIDADO,-72.892796,-40.060701,0.038,,sin_clasificar
POL_662,7.764484398556259,0.5,8.25,22.678752278101854,0.25,2.475,73.36998332288071,0.0,0.0,675.8700521502323,0.0,0.0,11.00674809069996,0.5,8.5,70.78417561687921,0.0,0.0,118.76851431487509,0.0,0.0,1.4126741425368818,1.0,7.0,1.9813561217525275,0.75,3.5250000000000004,9,29.75,33.33333333333333,662,308.0,ARIDOS ESPERANZA,AGRICOLA CRAN CHILE LIMITADA,REGIÓN DE LOS RÍOS,PAILLACO,Áridos,Extracción de áridos,Grande,CATEGORIA D,No identificado,Revisar,Coincide,Sin coincidencia,LA ANTO 1 AL 50,CANCHA DE ACOPIO,ORO METÁLICO O NATIVO,VALIDADO,-72.910088,-40.066848,0.0,29.452,sin_clasificar
POL_663,31.24113152622712,0.0,0.0,0.0,1.0,9.9,69.31646798359641,0.0,0.0,706.0107632401688,0.0,0.0,16.271830849416176,0.5,8.5,100.88646577628475,0.0,0.0,145.730103461432,0.0,0.0,2.8991666716632354,0.75,5.25,3.8107115883901264,0.5,2.35,9,26.0,30.555555555555557,663,690.0,MACA SERVICIOS,PATRICIO CARRASCO SCHLEFF Y COMPAÑIA LTDA.,REGIÓN DE LOS RÍOS,LA UNION,Áridos,Instalación minera,No informado,CATEGORIA D,No identificado,Revisar,Coincide,Sin coincidencia,MINA VALENTINA,MINA VALENTINA,COBRE - PLATA,VALIDADO,-73.00533803,-40.32007161,0.0,902.944,sin_clasificar
POL_664,31.356894335415827,0.0,0.0,3.010534056486654,0.75,7.425000000000001,65.44390580664053,0.0,0.0,701.3325668728929,0.0,0.0,21.196462042526772,0.5,8.5,96.47505580412744,0.0,0.0,143.17788833905598,0.0,0.0,3.6568436843163155,0.75,5.25,3.969378469777018,0.5,2.35,9,23.525000000000002,27.77777777777778,664,691.0,ÁRIDOS ANCUD,S/I,REGIÓN DE LOS RÍOS,LA UNION,Áridos,Extracción de áridos,No informado,,No identificado,Revisar,Coincide,Sin coincidencia,,,,VALIDADO,-72.94766,-40.289972,0.0,,sin_clasificar
POL_665,24.647304889767902,0.25,4.125,7.157349456534944,0.5,4.95,73.2914125881807,0.0,0.0,698.8470372077591,0.0,0.0,23.150252541605465,0.5,8.5,93.62121370860497,0.0,0.0,137.96773079521665,0.0,0.0,4.504914644069417,0.75,5.25,5.0341417359637,0.25,1.175,9,24.0,25.0,665,692.0,AUMENTO DE EXTRACCION Y PROCESAMIENTO POZO VEGA TERCERA,FORESTAL ARAUCO S.A.,REGIÓN DE LOS RÍOS,LA UNION,Áridos,Instalación minera,No informado,CATEGORIA D,No identificado,Revisar,Coincide,Sin coincidencia,LA TERCERA,MINA LA TERCERA 1 AL 10 PUNTO DOS,SULFUROS Y ÓXIDOS DE COBRE,VALIDADO,-73.01981064,-40.25239928,0.0,960.583,sin_clasificar
POL_666,24.20308245676418,0.25,4.125,0.5794858480496271,1.0,9.9,52.65505257107124,0.0,0.0,694.9091393122429,0.0,0.0,31.674339129804057,0.25,4.25,91.98070217415695,0.0,0.0,144.68705479517774,0.0,0.0,6.752920518113781,0.5,3.5,10.999633059404516,0.0,0.0,9,21.775,22.22222222222222,666,148.0,ARIDOS POZO COLUMO,SERVICIOS DE TRANSPORTES Y ARIDOS VICAT LIMITADA,REGIÓN DE LOS RÍOS,LA UNION,Áridos,Extracción de áridos,Grande,,No identificado,Revisar,Coincide,Sin coincidencia,,,,VALIDADO,-72.756183,-40.263661,0.0,,sin_clasificar
POL_667,3.391338477242081,0.75,12.375,0.0,1.0,9.9,32.40487292632984,0.0,0.0,699.0439031339254,0.0,0.0,36.735488572334354,0.25,4.25,96.0025911278085,0.0,0.0,159.34580863514606,0.0,0.0,3.104450235557033,0.75,5.25,0.0,1.0,4.7,9,36.475,41.66666666666667,667,693.0,ARIDOS ARTURO PRAT,LIBORIO GUENTREPAN AVILA,REGIÓN DE LOS RÍOS,LAGO RANCO,Áridos,Extracción de áridos,No informado,CATEGORIA D,No identificado,Revisar,Coincide,Sin coincidencia,ARTURO,MINA ARTURO,ORO - COBRE,VALIDADO,-72.53076732,-40.33435666,0.044,1121.295,sin_clasificar
POL_668,24.584332065543784,0.25,4.125,6.6485478679092465,0.5,4.95,50.46179408707582,0.0,0.0,704.0287350392546,0.0,0.0,22.926326735968377,0.5,8.5,100.9908877838802,0.0,0.0,152.58541526254612,0.0,0.0,8.00101146360244,0.5,3.5,12.361430972515038,0.0,0.0,9,21.075,19.444444444444446,668,172.0,ARIDOS VICAT POZO CACHILLAHUE,INVERSIONES CONSTRUCTORA Y GESTION INMOBILIARIA RIO BUENO SPA,REGIÓN DE LOS RÍOS,RIO BUENO,Áridos,Extracción de áridos,Pequeña,,No identificado,Revisar,Coincide,Sin coincidencia,,,,VALIDADO,-72.77968,-40.342278,0.034,,sin_clasificar
POL_669,4.20910792198683,0.75,12.375,4.209105800919179,0.75,7.425000000000001,23.03951435547355,0.25,3.325,729.5707283028663,0.0,0.0,28.546702491942035,0.25,4.25,126.44530259859884,0.0,0.0,190.90345745695097,0.0,0.0,11.99969540151568,0.5,3.5,6.16631622016897,0.25,1.175,9,32.05,30.555555555555557,669,694.0,ARIDOS MANTILHUE,ANTONIO HORACIO SWART SILVA,REGIÓN DE LOS RÍOS,RIO BUENO,Áridos,Extracción de áridos,Pequeña,,No identificado,Revisar,Coincide,Sin coincidencia,,,,VALIDADO,-72.4668907,-40.6215099,0.026,,sin_clasificar
POL_670,29.46945111362021,0.0,0.0,0.3091803624379598,1.0,9.9,56.33873969561437,0.0,0.0,700.3461318122146,0.0,0.0,25.52137410206964,0.25,4.25,96.69038717697372,0.0,0.0,146.6428037876646,0.0,0.0,9.32087142003296,0.5,3.5,8.589481120445154,0.25,1.175,9,18.825,22.22222222222222,670,172.0,ARIDOS VICAT POZO NALCAHUE,INVERSIONES CONSTRUCTORA Y GESTION INMOBILIARIA RIO BUENO SPA,REGIÓN DE LOS RÍOS,RIO BUENO,Áridos,Extracción de áridos,Pequeña,,No identificado,Revisar,Coincide,Sin coincidencia,,,,VALIDADO,-72.833236,-40.300221,0.0,,sin_clasificar
POL_671,35.94130565533076,0.0,0.0,1.3787069165025603,0.75,7.425000000000001,64.61160341843008,0.0,0.0,707.0603013469358,0.0,0.0,16.62614405333256,0.5,8.5,102.24636284183607,0.0,0.0,148.66690313629522,0.0,0.0,0.0,1.0,7.0,0.30085387956444376,1.0,4.7,9,27.625,36.11111111111111,671,148.0,ARIDOS VICAT,SERVICIOS DE TRANSPORTES Y ARIDOS VICAT LIMITADA,REGIÓN DE LOS RÍOS,RIO BUENO,Áridos,Extracción de áridos,Grande,,No identificado,Revisar,Coincide,Sin coincidencia,,,,VALIDADO,-72.953091,-40.3387387,0.03,,sin_clasificar
POL_672,18.695716002770272,0.25,4.125,18.695713552921458,0.25,2.475,35.76950369506185,0.0,0.0,730.5391778925537,0.0,0.0,18.29587789263866,0.5,8.5,127.43886361172906,0.0,0.0,184.41636687117185,0.0,0.0,8.370325151263781,0.5,3.5,5.566518943648944,0.25,1.175,9,19.775000000000002,19.444444444444446,672,695.0,ARIDOS FREDY CARCAMO,CARCAMO PINOL FREDY MODESTO,REGIÓN DE LOS RÍOS,RIO BUENO,Áridos,Extracción de áridos,Micro,CATEGORIA D,No identificado,Revisar,Coincide,Sin coincidencia,CARCAMO,PLANTA CARCAMO,OXIDOS DE COBRE,VALIDADO,-72.635223,-40.607993,0.0,1005.899,sin_clasificar
POL_673,6.033485515272354,0.5,8.25,0.3648660229337625,1.0,9.9,82.61445776011969,0.0,0.0,648.5559216722252,0.0,0.0,0.0,1.0,17.0,44.158826315727104,0.25,3.275,88.02388030206548,0.0,0.0,3.963735185618494,0.75,5.25,0.36828645646951275,1.0,4.7,9,48.375,50.0,673,11.0,ARIDOS RUTA T-35,OBRASCON HUARTE LAIN S.A. (OHL S.A.),REGIÓN DE LOS RÍOS,VALDIVIA,Áridos,Extracción de áridos,Grande,CATEGORIA D,No identificado,Revisar,Revisar,Sin coincidencia,PLANTA DE GASIFICACION SUBT.  DE CARBON,PLANTA DE GASIFICACION SUBT. DE CARBON,CARBÓN,VALIDADO,-73.0068,-39.7922,0.49,6.826,sin_clasificar
POL_674,5.976354808084726,0.5,8.25,0.6539149244300244,1.0,9.9,82.60741571427374,0.0,0.0,648.9003122282704,0.0,0.0,0.0,1.0,17.0,44.50341761367611,0.25,3.275,88.32171131678922,0.0,0.0,3.825473904065409,0.75,5.25,0.6510002533234331,0.75,3.5250000000000004,9,47.199999999999996,47.22222222222222,674,696.0,ARIDOS TRICAM ANTILHUE,S/I,REGIÓN DE LOS RÍOS,VALDIVIA,Áridos,Extracción de áridos,No informado,CATEGORIA D,No identificado,Revisar,Revisar,Sin coincidencia,PLANTA DE GASIFICACION SUBT.  DE CARBON,PLANTA DE GASIFICACION SUBT. DE CARBON,CARBÓN,VALIDADO,-73.2401845,-39.81752335,20.324,7.15,sin_clasificar
POL_675,0.18123438180578091,1.0,16.5,0.0,1.0,9.9,76.20033332144074,0.0,0.0,649.9061406837359,0.0,0.0,3.092584553204602,0.75,12.75,44.72419118410917,0.25,3.275,92.68307271493373,0.0,0.0,1.635996995150708,1.0,7.0,2.081057796367385,0.5,2.35,9,51.775,50.0,675,697.0,ARIDOS GUAL,ARIDOS GUAL LTDA.,REGIÓN DE LOS RÍOS,MÁFIL,Áridos,Extracción de áridos,No informado,CATEGORIA D,No identificado,Revisar,Revisar,Sin coincidencia,PLANTA DE GASIFICACION SUBT.  DE CARBON,PLANTA DE GASIFICACION SUBT. DE CARBON,CARBÓN,VALIDADO,-72.94,-39.81,0.479,9.55,sin_clasificar
POL_676,6.828080353908496,0.5,8.25,4.1433422120337156,0.75,7.425000000000001,81.08509384933821,0.0,0.0,642.2537175413484,0.0,0.0,3.035725870933831,0.75,12.75,37.73446129401899,0.25,3.275,83.47086284148367,0.0,0.0,7.1452441076030935,0.5,3.5,5.9597612113367395,0.25,1.175,9,36.375,33.33333333333333,676,698.0,MULPUN,MINERA MULPUN LIMITADA,REGIÓN DE LOS RÍOS,MÁFIL,Áridos,Instalación minera,No informado,CATEGORIA D,No identificado,Posible,Coincide,Sin coincidencia,PLANTA DE GASIFICACION SUBT.  DE CARBON,PLANTA DE GASIFICACION SUBT. DE CARBON,CARBÓN,VALIDADO,-72.970942,-39.733486,0.041,0.411,sin_clasificar
POL_677,2.7571345760270902,0.75,12.375,0.0,1.0,9.9,99.45730167803566,0.0,0.0,654.4510556379939,0.0,0.0,0.0,1.0,17.0,43.91694654119646,0.25,3.275,85.76570535401186,0.0,0.0,0.0,1.0,7.0,0.0,1.0,4.7,9,54.25,55.55555555555556,677,391.0,ARIDOS VALDICOR,SOCIEDAD DE DESARROLLO URBANO VALDIVIA LTDA.,REGIÓN DE LOS RÍOS,VALDIVIA,Áridos,Extracción de áridos,Mediana,CATEGORIA D,Sí,Revisar,Revisar,Sin coincidencia,LA ANTO 1 AL 50,CANCHA DE ACOPIO,ORO METÁLICO O NATIVO,VALIDADO,-72.593974,-39.950417,54.779,23.032,sin_clasificar
POL_678,37.15357149321662,0.0,0.0,11.743234472326842,0.25,2.475,58.1364911942778,0.0,0.0,717.1573555553534,0.0,0.0,8.618769550780273,0.5,8.5,112.95822398522472,0.0,0.0,160.465857256827,0.0,0.0,7.960737075286973,0.5,3.5,8.762617152250732,0.25,1.175,9,15.65,16.666666666666664,678,699.0,POZO FROHLICH,S/I,REGIÓN DE LOS LAGOS,SAN PABLO,Áridos,Instalación minera,No informado,,No identificado,Revisar,Revisar,Sin coincidencia,,,,VALIDADO,-72.912029,-40.439415,0.171,,sin_clasificar
POL_679,19.794230197233606,0.25,4.125,18.188546149465246,0.25,2.475,80.46167541306423,0.0,0.0,731.4984719680226,0.0,0.0,0.0,1.0,17.0,124.54613283112994,0.0,0.0,166.3098758045185,0.0,0.0,2.579133200517263,0.75,5.25,5.793932618681662,0.25,1.175,9,30.025000000000002,27.77777777777778,679,700.0,ARIDOS TRES FIORDOS,S/I,REGIÓN DE LOS LAGOS,SAN PABLO,Áridos,Extracción de áridos,No informado,CATEGORIA D,No identificado,Revisar,Coincide,Sin coincidencia,ROBLE 2B 1 AL 3,MM-TRES,OXIDOS DE COBRE,VALIDADO,-73.184065,-40.524759,0.0,1514.105,sin_clasificar
POL_680,18.567887030451704,0.25,4.125,18.244374018583798,0.25,2.475,81.76585748329317,0.0,0.0,731.6162116482976,0.0,0.0,0.3827253896635244,1.0,17.0,124.40758236352359,0.0,0.0,166.13673331234529,0.0,0.0,3.8567289474121123,0.75,5.25,7.058279991761721,0.25,1.175,9,30.025000000000002,27.77777777777778,680,701.0,POZO DE ARIDOS LOS CIERVOS,S/I,REGIÓN DE LOS LAGOS,SAN PABLO,Áridos,Extracción de áridos,No informado,,No identificado,Revisar,Coincide,Sin coincidencia,,,,VALIDADO,-73.196751,-40.52164,0.0,,sin_clasificar
POL_681,28.47679366541302,0.0,0.0,28.07688280258163,0.0,0.0,72.0042441306621,0.0,0.0,738.5046830624739,0.0,0.0,0.0,1.0,17.0,133.43770982469576,0.0,0.0,176.55320464799698,0.0,0.0,1.3983015825435046,1.0,7.0,2.4390794380511416,0.5,2.35,9,26.35,27.77777777777778,681,702.0,ARIDOS HADIDA,SOCIEDAD CONCESIONARIA DE LOS LAGOS S.A.,REGIÓN DE LOS LAGOS,OSORNO,Áridos,Extracción de áridos,Mediana,CATEGORIA D,No identificado,Revisar,Revisar,Sin coincidencia,CANTERA PUZOLANA RIO NEGRO I,CANTERA PUZOLANA RIO NEGRO I,ARENA SILICEA,VALIDADO,-73.086423,-40.611486,0.609,22.296,sin_clasificar
POL_682,37.08389503845634,0.0,0.0,29.38823240021414,0.0,0.0,61.7786886480575,0.0,0.0,735.0322888184683,0.0,0.0,0.0,1.0,17.0,130.7117189147648,0.0,0.0,176.8663812122451,0.0,0.0,10.591269398686771,0.5,3.5,10.989250570997209,0.0,0.0,9,20.5,16.666666666666664,682,12.0,EMPRESTITO LOS MELIES,DRAGADOS S.A. AGENCIA EN CHILE,REGIÓN DE LOS LAGOS,OSORNO,Áridos,Extracción de áridos,Grande,CATEGORIA C,No identificado,Revisar,Coincide,Sin coincidencia,LLANOS DE ARQUEROS,EMPRESTITO,SULFUROS Y ÓXIDOS DE COBRE,VALIDADO,-72.94982239,-40.60037856,0.0,1209.681,sin_clasificar
POL_683,22.528898101141664,0.25,4.125,35.973389741221894,0.0,0.0,65.0546966824425,0.0,0.0,748.3471823697188,0.0,0.0,0.015959106985078263,1.0,17.0,143.35446253997603,0.0,0.0,186.50168816898662,0.0,0.0,10.350976446797759,0.5,3.5,12.216397143970573,0.0,0.0,9,24.625,19.444444444444446,683,491.0,CONSTRUCTORA SOCOVESA,INMOBILIARIA SOCOVESA SUR S.A.,REGIÓN DE LOS LAGOS,RIO NEGRO,Áridos,Instalación minera,Grande,CATEGORIA D,No identificado,Posible,Coincide,Sin coincidencia,CANTERA PUZOLANA RIO NEGRO I,OFICINA,ARENA SILICEA,VALIDADO,-73.08,-40.70006,0.0,13.717,sin_clasificar
POL_684,21.586353295346747,0.25,4.125,34.44296211501853,0.0,0.0,68.07567284487777,0.0,0.0,747.0746227309235,0.0,0.0,0.0,1.0,17.0,141.96242431620863,0.0,0.0,184.4287893644597,0.0,0.0,8.377846433588848,0.5,3.5,10.431157154000001,0.0,0.0,9,24.625,19.444444444444446,684,97.0,ARIDOS DOWLING & SCHILLING SECTOR EL ALMUD,ARIDOS DOWLING & SCHILLING S.A.,REGIÓN DE LOS LAGOS,RIO NEGRO,Áridos,Extracción de áridos,Mediana,CATEGORIA D,No identificado,Posible,Coincide,Sin coincidencia,CANTERA PUZOLANA RIO NEGRO I,OFICINA,ARENA SILICEA,VALIDADO,-73.107725,-40.682039,0.0,14.165,sin_clasificar
POL_685,23.185172168392427,0.25,4.125,35.72069810213906,0.0,0.0,64.83929896274157,0.0,0.0,748.0282057921938,0.0,0.0,0.0,1.0,17.0,143.06346590475258,0.0,0.0,186.3636841167291,0.0,0.0,10.239990499567973,0.5,3.5,12.072144105816436,0.0,0.0,9,24.625,19.444444444444446,685,97.0,AMPLIACION DE EXTRACCION DE ARIDOS EN EL RIO RAHUE SECTOR FUNDO EL ALMUD - SAN FLORENTINO,ARIDOS DOWLING & SCHILLING S.A.,REGIÓN DE LOS LAGOS,OSORNO,Áridos,Extracción de áridos,Mediana,CATEGORIA D,No identificado,Revisar,Revisar,Sin coincidencia,CANTERA PUZOLANA RIO NEGRO I,OFICINA,ARENA SILICEA,VALIDADO,-73.065275,-40.705557,1.038,14.307,sin_clasificar
POL_686,19.809193774273677,0.25,4.125,30.062049562783134,0.0,0.0,73.58205958623984,0.0,0.0,744.8774229700545,0.0,0.0,0.05940741678213316,1.0,17.0,138.87536994562055,0.0,0.0,180.66590474556725,0.0,0.0,6.109818108604887,0.5,3.5,8.44726146141176,0.25,1.175,9,25.8,22.22222222222222,686,703.0,ARIDOS CAIPULLI,S/I,REGIÓN DE LOS LAGOS,RIO NEGRO,Áridos,Extracción de áridos,No informado,CATEGORIA D,No identificado,Posible,Coincide,Sin coincidencia,CANTERA PUZOLANA RIO NEGRO I,OFICINA,ARENA SILICEA,VALIDADO,-73.163855,-40.651986,0.0,15.653,sin_clasificar
POL_687,24.80510827165906,0.25,4.125,24.805109949467898,0.25,2.475,54.00018523432166,0.0,0.0,752.0470561038071,0.0,0.0,0.0,1.0,17.0,147.86316010638078,0.0,0.0,193.46896230513448,0.0,0.0,19.113527156503558,0.25,1.75,16.272431178482538,0.0,0.0,9,25.35,19.444444444444446,687,97.0,ARIDOS DOWLING & SCHILLING SECTOR CANCURA,ARIDOS DOWLING & SCHILLING S.A.,REGIÓN DE LOS LAGOS,OSORNO,Áridos,Extracción de áridos,Mediana,CATEGORIA D,No identificado,Posible,Coincide,Sin coincidencia,CANTERA PUZOLANA RIO NEGRO I,OFICINA,ARENA SILICEA,VALIDADO,-72.971834,-40.753033,0.0,18.158,sin_clasificar
POL_688,4.640239312204293,0.75,12.375,20.82000779586451,0.25,2.475,65.91357096426644,0.0,0.0,777.630618522954,0.0,0.0,29.223657809870613,0.25,4.25,170.32547638716318,0.0,0.0,211.78044414923176,0.0,0.0,7.989487421819676,0.5,3.5,9.651141948165412,0.25,1.175,9,23.775000000000002,22.22222222222222,688,704.0,MINERA NO METÁLICA PROYECTO EXTRACCIÓN Y PROCESAMIENTO DE ÁRIDOS EMPRÉSTITO SCHILLING,SCHILLING VON FREEDEN ANDREA ROSEMAR,REGIÓN DE LOS LAGOS,PURRANQUE,Áridos,Extracción de áridos,Pequeña,CATEGORIA D,No identificado,Posible,Coincide,Sin coincidencia,CANTERA PUZOLANA RIO NEGRO I,OFICINA,ARENA SILICEA,VALIDADO,-73.27359381,-40.93459125,0.0,16.883,sin_clasificar
POL_689,24.4997046757745,0.25,4.125,24.499706320913774,0.25,2.475,53.65762107913101,0.0,0.0,753.1723132722049,0.0,0.0,0.0,1.0,17.0,149.05011645745256,0.0,0.0,194.75118184991265,0.0,0.0,19.726716740958746,0.25,1.75,16.364260615910354,0.0,0.0,9,25.35,19.444444444444446,689,705.0,AGRICOLA Y ARIDOS CANCURA,AGRICOLA Y ARIDOS CANCURA SPA,REGIÓN DE LOS LAGOS,PUERTO OCTAY,Áridos,Extracción de áridos,No informado,CATEGORIA D,No identificado,Revisar,Revisar,Sin coincidencia,CANTERA PUZOLANA RIO NEGRO I,OFICINA,ARENA SILICEA,VALIDADO,-72.750644,-40.949739,27.715,17.713,sin_clasificar
POL_690,31.292306711401256,0.0,0.0,31.29230560109511,0.0,0.0,49.38657010197744,0.0,0.0,734.2485765318734,0.0,0.0,5.741188229880475,0.5,8.5,131.5109020389763,0.0,0.0,181.44782897795383,0.0,0.0,17.3265501328762,0.25,1.75,1.390572828701537,0.75,3.5250000000000004,9,13.775,16.666666666666664,690,706.0,ARIDOS MOVITEX PICHIDAMAS,S/I,REGIÓN DE LOS LAGOS,PUYEHUE,Áridos,Extracción de áridos,No informado,,No identificado,Revisar,Coincide,Sin coincidencia,,,,VALIDADO,-72.80155,-40.61729,0.0,,sin_clasificar
POL_691,27.903451210673822,0.0,0.0,27.90345009963408,0.0,0.0,46.70122335581685,0.0,0.0,734.8825188213979,0.0,0.0,9.351391614488747,0.5,8.5,132.08791842322637,0.0,0.0,183.5828622358616,0.0,0.0,13.938171936836266,0.5,3.5,5.15819019099031,0.25,1.175,9,13.175,13.88888888888889,691,421.0,AMPLIACION PLANTA EXTRACCION DE ARIDOS BROTEC,BROTEC CONSTRUCCION LIMITADA,REGIÓN DE LOS LAGOS,PUYEHUE,Áridos,Planta / procesamiento,Mediana,CATEGORIA D,No identificado,Revisar,Coincide,Sin coincidencia,MINA SOL NACIENTE,PROYECTO DE AMPLIACION DE BOTADERO N°1,SULFUROS DE COBRE,VALIDADO,-72.76234213,-40.6296001,0.0,1487.837,sin_clasificar
POL_692,24.559156469484048,0.25,4.125,24.559155391085746,0.25,2.475,45.56541758426106,0.0,0.0,737.9243209951567,0.0,0.0,8.610223356857642,0.5,8.5,134.97250713752123,0.0,0.0,187.64819248015618,0.0,0.0,10.678446367720518,0.5,3.5,9.143262548950226,0.25,1.175,9,19.775000000000002,19.444444444444446,692,707.0,ARIDOS MOVITEX CORRAL DEL SUR,CONSTRUCTORA MOVITEX CONSTRUCCION SPA,REGIÓN DE LOS LAGOS,PUYEHUE,Áridos,Extracción de áridos,No informado,CATEGORIA D,No identificado,Revisar,Coincide,Sin coincidencia,MINA EL CORRAL,MINA EL CORRAL,SULFUROS Y ÓXIDOS DE COBRE,VALIDADO,-72.734176,-40.660127,0.0,932.344,sin_clasificar
POL_693,8.652756832626467,0.5,8.25,8.65275983135312,0.5,4.95,16.182362115045926,0.25,3.325,805.3696830003917,0.0,0.0,53.490009271204755,0.0,0.0,202.2693254633174,0.0,0.0,252.5928834356536,0.0,0.0,14.525749544329875,0.5,3.5,4.600127644332052,0.5,2.35,9,22.375,25.0,693,708.0,EMPRESTITO FUNDO CHACAYAL,FERNANDO ALBERTO HORN SCHMIDT,REGIÓN DE LOS LAGOS,PUERTO VARAS,Áridos,Extracción de áridos,Pequeña,CATEGORIA C,No identificado,Revisar,Coincide,Sin coincidencia,LLANOS DE ARQUEROS,EMPRESTITO,SULFUROS Y ÓXIDOS DE COBRE,VALIDADO,-72.79898051,-41.26880522,0.01,1280.712,sin_clasificar
POL_694,3.089575312135188,0.75,12.375,0.12152443187330435,1.0,9.9,30.151937963665983,0.0,0.0,817.3237423385384,0.0,0.0,63.204595833975894,0.0,0.0,214.16376676807403,0.0,0.0,259.27251231405154,0.0,0.0,1.9513068450055273,1.0,7.0,2.929985529030821,0.5,2.35,9,31.625,36.11111111111111,694,227.0,ARIDOS KÓBERL,INVERSIONES STYRIA SPA,REGIÓN DE LOS LAGOS,PUERTO VARAS,Áridos,Extracción de áridos,No informado,,No identificado,Revisar,Coincide,Sin coincidencia,,,,VALIDADO,-72.989655,-41.350772,0.0,,sin_clasificar
POL_695,2.1282909587500436,0.75,12.375,0.6536221078983657,1.0,9.9,30.560206516077177,0.0,0.0,819.3200610664734,0.0,0.0,65.21524600377407,0.0,0.0,216.18967890854475,0.0,0.0,261.19370568915804,0.0,0.0,3.794639626354146,0.75,5.25,4.4956284699339815,0.5,2.35,9,29.875,33.33333333333333,695,511.0,ARIDOS PETROMINN (PLANTA LAJA),ARIDOS PETROMIN S.A.,REGIÓN DE LOS LAGOS,PUERTO VARAS,Áridos,Planta / procesamiento,Pequeña,CATEGORIA D,Posible,Revisar,Coincide,Sin coincidencia,LA LAJA PUNTO 9,MINA LA LAJA 1 AL 9,CUARZO AURÍFERO,VALIDADO,-72.991214,-41.369273,0.011,1244.113,sin_clasificar
POL_696,1.9851085499513341,0.75,12.375,0.037116725733994035,1.0,9.9,39.779573648012615,0.0,0.0,826.2021491211492,0.0,0.0,72.10943074866753,0.0,0.0,222.27295521024314,0.0,0.0,265.797984336288,0.0,0.0,7.16773614264941,0.5,3.5,4.725776572199561,0.5,2.35,9,28.125,30.555555555555557,696,175.0,ARIDOS TEPUAL PUERTO MONTT,ARIDOS TEPUAL LIMITADA,REGIÓN DE LOS LAGOS,PUERTO MONTT,Áridos,Extracción de áridos,No informado,CATEGORIA A,No identificado,Revisar,Coincide,Sin coincidencia,PLANTA - (CALETA PATILLOS),PLANTA PUERTO 2,SALMUERA (SODIO),VALIDADO,-73.092177,-41.416616,0.0,2304.984,sin_clasificar
POL_697,2.763398007704837,0.75,12.375,2.7633960760572696,0.75,7.425000000000001,20.997500815130746,0.25,3.325,823.0216246544754,0.0,0.0,70.50983778039806,0.0,0.0,219.9229700396162,0.0,0.0,268.76891928061553,0.0,0.0,3.54484770887162,0.75,5.25,7.078607606304019,0.25,1.175,9,29.55,30.555555555555557,697,266.0,EXTRACCION DE ARIDOS POZO MALDONADO,CONSTRUCTORA LA ESPERANZA LTDA.,REGIÓN DE LOS LAGOS,PUERTO MONTT,Áridos,Extracción de áridos,Grande,CATEGORIA D,No identificado,Revisar,Coincide,Sin coincidencia,CECILIA 1 AL 10 (EX ARRIENDO DE JUAN JARA MALDONADO),MINA CECILIA 1 AL 10,COBRE - ORO - PLATA,VALIDADO,-72.85336,-41.43007,0.0,1196.544,sin_clasificar
POL_698,2.186408540524475,0.75,12.375,2.18640878022862,0.75,7.425000000000001,22.155962131986406,0.25,3.325,825.2227749189751,0.0,0.0,72.74686303931207,0.0,0.0,222.12294092153468,0.0,0.0,270.9654351962656,0.0,0.0,3.694159696422277,0.75,5.25,6.1099634803046134,0.25,1.175,9,29.55,30.555555555555557,698,709.0,ARIDOS CONSTRUCTORA RIO NEGRO,S/I,REGIÓN DE LOS LAGOS,PUERTO MONTT,Áridos,Extracción de áridos,No informado,CATEGORIA D,No identificado,Revisar,Coincide,Sin coincidencia,RIO 27,EXPLORACION RIO 27,COBRE - ORO - PLATA,VALIDADO,-72.852845,-41.444034,0.0,1115.829,sin_clasificar
POL_699,4.089527520481095,0.75,12.375,4.089526288528752,0.75,7.425000000000001,22.240150937647194,0.25,3.325,823.1755513863394,0.0,0.0,70.3984695431905,0.0,0.0,220.0844262381342,0.0,0.0,268.4831177689216,0.0,0.0,1.6243292968000584,1.0,7.0,6.091173583343604,0.25,1.175,9,31.3,33.33333333333333,699,491.0,PROYECTO PLANTA Y EXPLOTACION DE ARIDOS LA VARA-SENDA SUR,INMOBILIARIA SOCOVESA SUR S.A./MELON ARIDOS LIMITADA,REGIÓN DE LOS LAGOS,PUERTO MONTT,Áridos,Planta / procesamiento,Grande,CATEGORIA D,No identificado,Revisar,Coincide,Sin coincidencia,LA VARA,EXPLOTACIÓN PROPIEDADES MINERAS ELIZA BEATRIZ,ORO - COBRE,VALIDADO,-72.872763,-41.429002,0.0,876.139,sin_clasificar
POL_700,4.218990635436337,0.75,12.375,4.218993588742505,0.75,7.425000000000001,22.117124062609733,0.25,3.325,821.4876756188077,0.0,0.0,68.5690370748171,0.0,0.0,218.40531805114472,0.0,0.0,266.5910416441066,0.0,0.0,1.851700024462339,1.0,7.0,8.108213798976763,0.25,1.175,9,31.3,33.33333333333333,700,219.0,ARIDOS LUIS NAVARRO,MAQUINARIAS LN SPA,REGIÓN DE LOS LAGOS,PUERTO MONTT,Áridos,Extracción de áridos,Mediana,CATEGORIA D,No identificado,Revisar,Revisar,Sin coincidencia,NAVARRO,POLVORIN,OXIDOS DE COBRE,VALIDADO,-72.869987,-41.409962,0.27,1881.002,sin_clasificar
POL_701,5.917111368341701,0.5,8.25,5.917109922433122,0.5,4.95,24.723370995262997,0.25,3.325,824.2525154561828,0.0,0.0,71.0596650290636,0.0,0.0,221.18803052058854,0.0,0.0,268.77168266288027,0.0,0.0,0.0,1.0,7.0,5.100857103799394,0.25,1.175,9,24.7,27.77777777777778,701,266.0,EMPRESTITO SENDA SUR LA VARA,CONSTRUCTORA SENDA SUR LA VARA,REGIÓN DE LOS LAGOS,PUERTO MONTT,Áridos,Extracción de áridos,Grande,CATEGORIA C,No identificado,Revisar,Revisar,Sin coincidencia,LLANOS DE ARQUEROS,EMPRESTITO,SULFUROS Y ÓXIDOS DE COBRE,VALIDADO,-72.898354,-41.412906,1.61,1299.482,sin_clasificar
POL_702,4.8139174075285425,0.75,12.375,4.813916087870656,0.75,7.425000000000001,24.209384317831855,0.25,3.325,824.757713576839,0.0,0.0,71.72537328821278,0.0,0.0,221.6792090818493,0.0,0.0,269.5741698515762,0.0,0.0,1.0871148247262408,1.0,7.0,4.71347806242027,0.5,2.35,9,32.475,36.11111111111111,702,266.0,EXTRACCION DE ARIDOS POZO MARQUEZ,CONSTRUCTORA LA ESPERANZA LTDA.,REGIÓN DE LOS LAGOS,PUERTO MONTT,Áridos,Extracción de áridos,Grande,CATEGORIA C,No identificado,Revisar,Coincide,Sin coincidencia,EXPLORACION CERRO MARQUEZ,EXPLORACION,ORO - COBRE,VALIDADO,-72.88637,-41.43657,0.018,2538.425,sin_clasificar
POL_703,5.915327383401085,0.5,8.25,9.056071040682413,0.5,4.95,31.68229343634369,0.0,0.0,828.0375381676668,0.0,0.0,74.1213084369877,0.0,0.0,225.11663386584806,0.0,0.0,270.569383079508,0.0,0.0,0.2844671684707495,1.0,7.0,2.083955820886526,0.5,2.35,9,22.55,27.77777777777778,703,710.0,PLANTA DE ARIDOS Y ASFALTO-RECONDO,S/I,REGIÓN DE LOS LAGOS,PUERTO MONTT,Áridos,Planta / procesamiento,No informado,,Posible,Revisar,Coincide,Sin coincidencia,,,,VALIDADO,-72.975212,-41.455355,0.061,,sin_clasificar
POL_704,8.759712434047136,0.5,8.25,10.870934568295178,0.25,2.475,36.580707939423924,0.0,0.0,833.3572728926579,0.0,0.0,79.28953098465544,0.0,0.0,230.25895981039324,0.0,0.0,275.01496555257484,0.0,0.0,0.811521256548199,1.0,7.0,2.6395676485883386,0.5,2.35,9,20.075000000000003,25.0,704,711.0,POZO DE ARIDOS MONRROY,S/I,REGIÓN DE LOS LAGOS,PUERTO MONTT,Áridos,Extracción de áridos,No informado,,No identificado,Revisar,Coincide,Sin coincidencia,,,,VALIDADO,-73.010864,-41.497033,0.0,,sin_clasificar
POL_705,8.24463428532939,0.5,8.25,9.034558549033218,0.5,4.95,38.68648286226472,0.0,0.0,833.4007751594818,0.0,0.0,79.23882692712176,0.0,0.0,230.00726547097696,0.0,0.0,274.3051109053268,0.0,0.0,2.699170351954555,0.75,5.25,2.930032234717979,0.5,2.35,9,20.8,25.0,705,88.0,EMPRESTITO 1029.000,DRAGADOS CVV CONSTRUCTORA S.A.,REGIÓN DE LOS LAGOS,PUERTO MONTT,Áridos,Extracción de áridos,Pequeña,CATEGORIA C,No identificado,Revisar,Coincide,Sin coincidencia,LLANOS DE ARQUEROS,EMPRESTITO,SULFUROS Y ÓXIDOS DE COBRE,VALIDADO,-73.043718,-41.490699,0.0,1308.401,sin_clasificar
POL_706,11.931393301465983,0.25,4.125,11.268608003997372,0.25,2.475,42.430227423911056,0.0,0.0,837.0304359019143,0.0,0.0,82.84949894615605,0.0,0.0,233.42268710922278,0.0,0.0,277.2662487433057,0.0,0.0,6.536736578529095,0.5,3.5,3.5412931137047243,0.5,2.35,9,12.45,16.666666666666664,706,88.0,EMPRESTITO URIBE,DRAGADOS CVV CONSTRUCTORA S.A,REGIÓN DE LOS LAGOS,PUERTO MONTT,Áridos,Extracción de áridos,Pequeña,CATEGORIA C,No identificado,Revisar,Coincide,Sin coincidencia,LLANOS DE ARQUEROS,EMPRESTITO,SULFUROS Y ÓXIDOS DE COBRE,VALIDADO,-73.075288,-41.519612,0.0,1311.987,sin_clasificar
POL_707,8.63542796050836,0.5,8.25,21.08619520535839,0.25,2.475,56.74541567760953,0.0,0.0,856.0011925298426,0.0,0.0,101.82089003150955,0.0,0.0,252.27159571106358,0.0,0.0,295.4506096598205,0.0,0.0,7.68017530423256,0.5,3.5,9.372892554087638,0.25,1.175,9,15.4,16.666666666666664,707,294.0,ARIDOS INVERSIONES DOÑA ERMELINDA SPA,INVERSIONES DOÑA ERMELINDA SPA,REGIÓN DE LOS LAGOS,CALBUCO,Áridos,Extracción de áridos,No informado,CATEGORIA D,No identificado,Revisar,Coincide,Sin coincidencia,LA DOÑA 1 AL 10,EXPLORACION,OXIDOS DE COBRE,VALIDADO,-73.126275,-41.684021,0.007,2516.367,sin_clasificar
POL_708,11.063205476893494,0.25,4.125,8.997011795765438,0.5,4.95,48.98374755829038,0.0,0.0,839.9514563432581,0.0,0.0,85.96708217011043,0.0,0.0,235.7782080181443,0.0,0.0,278.44302166122327,0.0,0.0,12.655307844844316,0.5,3.5,10.254589682516542,0.0,0.0,9,12.575,13.88888888888889,708,88.0,EMPRESTITO 1039.200,DRAGADOS CVV CONSTRUCTORA S.A.,REGIÓN DE LOS LAGOS,PUERTO MONTT,Áridos,Extracción de áridos,Pequeña,CATEGORIA C,No identificado,Revisar,Revisar,Sin coincidencia,LLANOS DE ARQUEROS,EMPRESTITO,SULFUROS Y ÓXIDOS DE COBRE,VALIDADO,-73.148074,-41.535813,0.466,1314.763,sin_clasificar
POL_709,8.50336279054613,0.5,8.25,10.18586664790625,0.25,2.475,37.23472195149855,0.0,0.0,833.3873504121972,0.0,0.0,79.27658390726651,0.0,0.0,230.1801861066185,0.0,0.0,274.7726900328355,0.0,0.0,1.340806673874848,1.0,7.0,2.09479938914894,0.5,2.35,9,20.075000000000003,25.0,709,712.0,PLANTA DE EXTRACCION DE ARIDOS SECTOR DE ALTO BONITO,S/I,REGIÓN DE LOS LAGOS,PUERTO MONTT,Áridos,Planta / procesamiento,No informado,CATEGORIA D,Posible,Revisar,Coincide,Sin coincidencia,MONTE ALTO,PLANTA MONTE ALTO,COBRE - ORO,VALIDADO,-73.02294,-41.49276,0.0,1184.963,sin_clasificar
POL_710,5.198183131280971,0.5,8.25,8.549952297765637,0.5,4.95,32.93954998446688,0.0,0.0,828.4531360682206,0.0,0.0,74.4473350437288,0.0,0.0,225.49956153049305,0.0,0.0,270.60358135335656,0.0,0.0,0.0,1.0,7.0,3.084920259079154,0.5,2.35,9,22.55,27.77777777777778,710,713.0,EXTRACCION DE ARIDOS PREDIO CARDONAL BAJO,PAUL NEIL BEYER HORNIG,REGIÓN DE LOS LAGOS,PUERTO MONTT,Áridos,Extracción de áridos,Micro,CATEGORIA D,No identificado,Revisar,Coincide,Sin coincidencia,MINA CARDONAL,MINA CARDONAL,SULFUROS Y ÓXIDOS DE COBRE,VALIDADO,-72.990911,-41.45287,0.015,995.461,sin_clasificar
POL_711,11.413217781719743,0.25,4.125,9.185187543439746,0.5,4.95,51.11396673787502,0.0,0.0,842.2648583992751,0.0,0.0,88.3428271760549,0.0,0.0,238.00569989897144,0.0,0.0,280.4208574226582,0.0,0.0,14.985846494727886,0.5,3.5,12.052154120078091,0.0,0.0,9,12.575,13.88888888888889,711,88.0,EMPRESTITO MELLA,DRAGADOS CVV CONSTRUCTORA S.A.,REGIÓN DE LOS LAGOS,PUERTO MONTT,Áridos,Extracción de áridos,Pequeña,CATEGORIA C,No identificado,Revisar,Revisar,Sin coincidencia,LLANOS DE ARQUEROS,EMPRESTITO,SULFUROS Y ÓXIDOS DE COBRE,VALIDADO,-73.166172,-41.551882,0.14,1317.053,sin_clasificar
POL_712,0.0,1.0,16.5,0.0,1.0,9.9,7.986567979972816,0.5,6.65,817.1519098001265,0.0,0.0,72.14183119491604,0.0,0.0,214.14534649303593,0.0,0.0,271.51200117201387,0.0,0.0,23.41253238949615,0.25,1.75,3.762884747755716,0.5,2.35,9,37.15,36.11111111111111,712,407.0,EMPRESTITO LAGO CHAPO-RECONDO,CONSTRUCTORA RECONDO S.A.,REGIÓN DE LOS LAGOS,PUERTO MONTT,Áridos,Extracción de áridos,No informado,CATEGORIA C,No identificado,Revisar,Coincide,Sin coincidencia,LLANOS DE ARQUEROS,EMPRESTITO,SULFUROS Y ÓXIDOS DE COBRE,VALIDADO,-72.573625,-41.406933,0.08,1292.999,sin_clasificar
POL_713,5.246955173031797,0.5,8.25,7.548259600661603,0.5,4.95,29.83040414944076,0.0,0.0,824.9884567595843,0.0,0.0,71.10690523029659,0.0,0.0,222.05968430525894,0.0,0.0,267.74913324327815,0.0,0.0,1.9959888756215933,1.0,7.0,4.6101611217579626,0.5,2.35,9,22.55,27.77777777777778,713,266.0,PLANTA DE ARIDOS CHIN-CHIN,CONSTRUCTORA LA ESPERANZA LTDA.,REGIÓN DE LOS LAGOS,PUERTO MONTT,Áridos,Planta / procesamiento,Grande,,Posible,Revisar,Revisar,Sin coincidencia,,,,VALIDADO,-72.9411364,-41.468917,5.011,,sin_clasificar
POL_714,9.74859380209425,0.5,8.25,5.9935690221825055,0.5,4.95,58.35967459848442,0.0,0.0,846.9794186048863,0.0,0.0,93.32041667233572,0.0,0.0,242.1033493366277,0.0,0.0,283.6228275104859,0.0,0.0,19.356332116609437,0.25,1.75,19.195912582131605,0.0,0.0,9,14.95,13.88888888888889,714,88.0,EMPRESTITO CABRERO,DRAGADOS CVV CONSTRUCTORA S.A.,REGIÓN DE LOS LAGOS,CALBUCO,Áridos,Extracción de áridos,Pequeña,CATEGORIA D,No identificado,Revisar,Revisar,Sin coincidencia,EXPLORACION MAULLIN,EXPLORACION MAULLIN,CARBÓN,VALIDADO,-73.53092687,-41.77200859,31.182,31.523,sin_clasificar
POL_715,15.94890051054325,0.25,4.125,12.244818651047005,0.25,2.475,58.25149270144023,0.0,0.0,851.490891663173,0.0,0.0,97.6133086641718,0.0,0.0,247.13562238086865,0.0,0.0,289.09261793879307,0.0,0.0,13.368406343191415,0.5,3.5,16.10393437158824,0.0,0.0,9,10.1,11.11111111111111,715,714.0,EXTRACCION Y PROCESAMIENTO DE ARIDOS SECTOR LA CAMPANA,ARIDOS ALMUD SPA,REGIÓN DE LOS LAGOS,CALBUCO,Áridos,Extracción de áridos,No informado,CATEGORIA D,No identificado,Revisar,Coincide,Sin coincidencia,PLANTA PROCESAMIENTO,PLANTA PROCESAMIENTO,CARBONATO DE CALCIO BLANCO,VALIDADO,-73.20933111,-41.63078764,0.0,1629.792,sin_clasificar
POL_716,11.86739851899549,0.25,4.125,7.7063384370807055,0.5,4.95,62.01967361275629,0.0,0.0,851.4285877697487,0.0,0.0,97.80712194597389,0.0,0.0,246.25928673750497,0.0,0.0,287.72773144517674,0.0,0.0,17.015957328871934,0.25,1.75,20.09395048110324,0.0,0.0,9,10.825,11.11111111111111,716,88.0,EMPRESTITO SOTO DRAGADOS CVV CONSTRUCTORA S.A.,DRAGADOS CVV CONSTRUCTORA S.A.,REGIÓN DE LOS LAGOS,CALBUCO,Áridos,Extracción de áridos,Pequeña,CATEGORIA C,No identificado,Revisar,Coincide,Sin coincidencia,LLANOS DE ARQUEROS,EMPRESTITO,SULFUROS Y ÓXIDOS DE COBRE,VALIDADO,-73.269069,-41.620859,0.0,1326.056,sin_clasificar
POL_717,8.038173892716362,0.5,8.25,1.5991801864326156,0.75,7.425000000000001,87.63818361786652,0.0,0.0,873.2731652018477,0.0,0.0,120.78319401736496,0.0,0.0,265.1708238259362,0.0,0.0,306.067451477706,0.0,0.0,16.822024257898285,0.25,1.75,3.2064161403497624,0.5,2.35,9,19.775000000000002,22.22222222222222,717,511.0,MINERA NO METÁLICA EXTRACCIÓN Y PROCESAMIENTO DE ÁRIDOS DESDE POZO LASTRERO SECTOR PARGUA,ARIDOS PETROMIN S.A.,REGIÓN DE LOS LAGOS,CALBUCO,Áridos,Extracción de áridos,Pequeña,CATEGORIA D,No identificado,Posible,Coincide,Sin coincidencia,EXPLORACION MAULLIN,EXPLORACION MAULLIN,CARBÓN,VALIDADO,-73.49834064,-41.78151256,0.0,18.696,sin_clasificar
POL_718,8.427002811184074,0.5,8.25,2.503567887009416,0.75,7.425000000000001,89.47446394239552,0.0,0.0,873.1981054621423,0.0,0.0,121.07891629162019,0.0,0.0,264.6728429937771,0.0,0.0,305.4713881461001,0.0,0.0,13.974177743357286,0.5,3.5,2.6697714584954295,0.5,2.35,9,21.525000000000002,25.0,718,88.0,EMPRESTITO GUNDERT,DRAGADOS CVV CONSTRUCTORA S.A.,REGIÓN DE LOS LAGOS,CALBUCO,Áridos,Extracción de áridos,Pequeña,CATEGORIA D,No identificado,Posible,Coincide,Sin coincidencia,EXPLORACION MAULLIN,EXPLORACION MAULLIN,CARBÓN,VALIDADO,-73.53092687,-41.77200859,0.0,16.672,sin_clasificar
POL_719,11.602912773122139,0.25,4.125,3.024491157449898,0.75,7.425000000000001,83.47446610181932,0.0,0.0,870.9953528679634,0.0,0.0,118.1080088721874,0.0,0.0,263.5180274015691,0.0,0.0,304.5530478377836,0.0,0.0,18.6464120072844,0.25,1.75,2.457431722478863,0.5,2.35,9,15.65,19.444444444444446,719,88.0,EMPRESTITO MILLAQUEN,DRAGADOS CVV CONSTRUCTORA S.A.,REGIÓN DE LOS LAGOS,CALBUCO,Áridos,Extracción de áridos,Pequeña,CATEGORIA C,No identificado,Revisar,Coincide,Sin coincidencia,LLANOS DE ARQUEROS,EMPRESTITO,SULFUROS Y ÓXIDOS DE COBRE,VALIDADO,-73.44956091,-41.76991239,0.0,1345.355,sin_clasificar
POL_720,10.568077046323433,0.25,4.125,2.9395608088152336,0.75,7.425000000000001,68.23629202398713,0.0,0.0,854.5410376375437,0.0,0.0,101.28673698312875,0.0,0.0,248.21170827519728,0.0,0.0,289.5048062697456,0.0,0.0,19.586996192261438,0.25,1.75,19.813669722170122,0.0,0.0,9,13.3,13.88888888888889,720,88.0,EMPRESTITO LOS LINGUES,DRAGADOS CVV CONSTRUCTORA S.A.,REGIÓN DE LOS LAGOS,MAULLIN,Áridos,Extracción de áridos,Pequeña,CATEGORIA C,No identificado,Revisar,Coincide,Sin coincidencia,LLANOS DE ARQUEROS,EMPRESTITO,SULFUROS Y ÓXIDOS DE COBRE,VALIDADO,-73.343644,-41.634,0.0,1329.022,sin_clasificar
POL_721,11.947455022741133,0.25,4.125,4.358850630130608,0.75,7.425000000000001,79.08541207368248,0.0,0.0,867.7532335815121,0.0,0.0,114.61449409616553,0.0,0.0,260.8297669131107,0.0,0.0,301.97842033063785,0.0,0.0,19.54936697869189,0.25,1.75,6.7673530554722126,0.25,1.175,9,14.475000000000001,16.666666666666664,721,88.0,EMPRESTITO AVELLANAL,DRAGADOS CVV CONSTRUCTORA S.A.,REGIÓN DE LOS LAGOS,MAULLIN,Áridos,Extracción de áridos,Pequeña,CATEGORIA C,No identificado,Revisar,Coincide,Sin coincidencia,LLANOS DE ARQUEROS,EMPRESTITO,SULFUROS Y ÓXIDOS DE COBRE,VALIDADO,-73.40381,-41.746976,0.005,1342.191,sin_clasificar
POL_722,12.544259608464667,0.25,4.125,4.730710265577158,0.75,7.425000000000001,73.13049461010516,0.0,0.0,862.4881534608658,0.0,0.0,109.13790340699504,0.0,0.0,256.2102945092707,0.0,0.0,297.4847312708172,0.0,0.0,16.419029915304627,0.25,1.75,12.60132217309285,0.0,0.0,9,13.3,13.88888888888889,722,88.0,EMPRESTITO SOTOMAYOR,DRAGADOS CVV CONSTRUCTORA S.A.,REGIÓN DE LOS LAGOS,CALBUCO,Áridos,Extracción de áridos,Pequeña,CATEGORIA C,No identificado,Revisar,Coincide,Sin coincidencia,LLANOS DE ARQUEROS,EMPRESTITO,SULFUROS Y ÓXIDOS DE COBRE,VALIDADO,-73.353725,-41.706244,0.0,1337.004,sin_clasificar
POL_723,4.634668649501324,0.75,12.375,6.169001506418182,0.5,4.95,106.64766496019105,0.0,0.0,884.6426813307685,0.0,0.0,133.04667818949784,0.0,0.0,274.3327710542927,0.0,0.0,314.5518696947778,0.0,0.0,6.909325436053122,0.5,3.5,0.0,1.0,4.7,9,25.525,30.555555555555557,723,244.0,EXTRACCION DE ARIDOS MOVITEX- RUTA W160 ANCUD,CONSTRUCTORA MOVITEX CONSTRUCCION SPA,REGIÓN DE LOS LAGOS,ANCUD,Áridos,Extracción de áridos,No informado,CATEGORIA D,No identificado,Revisar,Revisar,Sin coincidencia,TURBAS DEL SUR,PLANTA PROCESADORA,TURBA,VALIDADO,-73.709587,-41.834463,0.931,15.097,sin_clasificar
POL_724,9.290870521399958,0.5,8.25,16.80466179972784,0.25,2.475,108.46866017766985,0.0,0.0,927.3591966228879,0.0,0.0,174.78758425908478,0.0,0.0,318.4226731106942,0.0,0.0,358.9523231305101,0.0,0.0,13.032805016721507,0.5,3.5,0.37382283815347195,1.0,4.7,9,18.925,25.0,724,715.0,ARIDOS BITUMIX DALCAHUE,S/I,REGIÓN DE LOS LAGOS,DALCAHUE,Áridos,Extracción de áridos,No informado,CATEGORIA D,No identificado,Revisar,Coincide,Sin coincidencia,TURBAS DEL SUR,BODEGA-TALLER,TURBA,VALIDADO,-73.690327,-42.24725,0.0,29.38,sin_clasificar
POL_725,3.1403132097960804,0.75,12.375,10.536269972754306,0.25,2.475,111.16520228357756,0.0,0.0,899.1798877911725,0.0,0.0,147.66979065627166,0.0,0.0,288.98200223578624,0.0,0.0,329.19765693784444,0.0,0.0,10.292180602905702,0.5,3.5,0.0,1.0,4.7,9,23.05,27.77777777777778,725,716.0,EXTRACCION DE TURBA DEL SUR,WALDEMAR ERNESTO BORQUEZ MANSILLA,REGIÓN DE LOS LAGOS,ANCUD,Turba,Instalación minera,Pequeña,CATEGORIA D,No identificado,Confirmado,Coincide,Confirmado,TURBAS DEL SUR,TURBAS,TURBA,VALIDADO,-73.73775151,-41.9745316,0.0,0.011,sin_clasificar
POL_726,8.367655050886954,0.5,8.25,15.998089863256066,0.25,2.475,109.52514281031117,0.0,0.0,925.800251084288,0.0,0.0,173.37938890445045,0.0,0.0,316.69779508791567,0.0,0.0,357.18643925172046,0.0,0.0,14.887976755033078,0.5,3.5,0.0,1.0,4.7,9,18.925,25.0,726,717.0,ARIDOS HORMIGONES DEL SUR,S/I,REGIÓN DE LOS LAGOS,DALCAHUE,Áridos,Extracción de áridos,No informado,CATEGORIA D,No identificado,Revisar,Coincide,Sin coincidencia,TURBAS DEL SUR,BODEGA-TALLER,TURBA,VALIDADO,-73.6949,-42.230659,0.0,27.395,sin_clasificar
POL_727,9.448088349368806,0.5,8.25,8.325598203257325,0.5,4.95,40.52881657513254,0.0,0.0,801.4937452059028,0.0,0.0,47.73830278490389,0.25,4.25,197.33910133877728,0.0,0.0,241.10028889633713,0.0,0.0,0.03684151004113953,1.0,7.0,5.909126744471327,0.25,1.175,9,25.625,27.77777777777778,727,507.0,EMPRESTITO PELLINES,SOCIEDAD CONCESIONARIA DE LOS LAGOS S.A.,REGIÓN DE LOS LAGOS,LLANQUIHUE,Áridos,Extracción de áridos,Grande,CATEGORIA C,No identificado,Revisar,Revisar,Sin coincidencia,LLANOS DE ARQUEROS,EMPRESTITO,SULFUROS Y ÓXIDOS DE COBRE,VALIDADO,-73.05401,-41.19018,1.324,1276.27,sin_clasificar
POL_728,0.0,1.0,16.5,0.0,1.0,9.9,24.75754470468235,0.25,3.325,881.5321781228937,0.0,0.0,133.30278307890939,0.0,0.0,278.57810639335094,0.0,0.0,332.4328845767758,0.0,0.0,4.231795740048596,0.75,5.25,3.85393676306373,0.5,2.35,9,37.324999999999996,38.88888888888889,728,718.0,EMPRÉSTITO EL VARAL Y PLANTA CHANCADORA EL CISNE,CONSTRUCTORA PUERTO OCTAY LTDA,REGIÓN DE LOS LAGOS,HUALAIHUÉ,Áridos,Planta / procesamiento,No informado,CATEGORIA C,No identificado,Revisar,Revisar,Sin coincidencia,LLANOS DE ARQUEROS,EMPRESTITO,SULFUROS Y ÓXIDOS DE COBRE,VALIDADO,-72.668199,-41.980429,0.771,1357.328,sin_clasificar
POL_729,0.0,1.0,16.5,0.0,1.0,9.9,24.217156763872797,0.25,3.325,881.1992586511235,0.0,0.0,133.13978252342554,0.0,0.0,278.2622563602517,0.0,0.0,332.3117598457183,0.0,0.0,4.683318989394153,0.75,5.25,3.763475829046599,0.5,2.35,9,37.324999999999996,38.88888888888889,729,719.0,PLANTA CHANCADORA EL CISNE,CONSTRUCTORA PUERTO OCTAY LIMITADA,REGIÓN DE LOS LAGOS,HUALAIHUE,Áridos,Planta / procesamiento,No informado,CATEGORIA C,No identificado,Revisar,Revisar,Sin coincidencia,EXPLORACIONES II REGIÓN,CISNE,OXIDOS DE COBRE,VALIDADO,-72.668199,-41.980429,0.112,2113.054,sin_clasificar
POL_730,14.420896470854192,0.25,4.125,19.67231303929904,0.25,2.475,60.47881281906344,0.0,0.0,2078.3892711970166,0.0,0.0,758.4343411443001,0.0,0.0,1495.8568868614796,0.0,0.0,155.16186473055106,0.0,0.0,22.81995277327942,0.25,1.75,4.894811544949484,0.5,2.35,9,10.7,13.88888888888889,730,458.0,MINA PECKET,INGENIERIA DEL SUR S.A.,REGIÓN DE MAGALLANES Y LA ANTÁRTICA CHILENA,PUNTA ARENAS,Carbón,Mina / faena,Pequeña,CATEGORIA D,No identificado,Confirmado,Coincide,Confirmado,MINA PECKET,BOTADERO,CARBÓN,VALIDADO,-71.16761475,-52.958824,0.0,0.0,sin_clasificar
POL_731,6.4984333845828015,0.5,8.25,4.848662498587959,0.75,7.425000000000001,74.39450542081394,0.0,0.0,2090.5732581800153,0.0,0.0,773.3071090342805,0.0,0.0,1510.2211521188176,0.0,0.0,147.5007967734761,0.0,0.0,3.5493926827170457,0.75,5.25,1.01694089199539,0.75,3.5250000000000004,9,24.450000000000003,30.555555555555557,731,720.0,POZO LASTRERO HUGO ROJAS (ANUBIS),EMPRESA DE SERVICIOS Y CONSTRUCTORA SUR ROMERAL LTDA.,REGIÓN DE MAGALLANES Y LA ANTÁRTICA CHILENA,PUNTA ARENAS,Áridos,Extracción de áridos,No informado,CATEGORIA B,No identificado,Posible,Coincide,Sin coincidencia,BLOQUE MANZANO,Pozo Holister A,GAS NATURAL,VALIDADO,-70.875456,-53.062334,0.0,13.446,sin_clasificar
POL_732,10.387861103928083,0.25,4.125,9.002038387554451,0.5,4.95,76.34677995345751,0.0,0.0,2086.8866085042823,0.0,0.0,769.6427957449895,0.0,0.0,1506.5389309418313,0.0,0.0,151.63384537287283,0.0,0.0,7.696329491415571,0.5,3.5,4.746802203603276,0.5,2.35,9,14.924999999999999,19.444444444444446,732,721.0,CANTERA LOS CALAFATES,S/I,REGIÓN DE MAGALLANES Y LA ANTÁRTICA CHILENA,PUNTA ARENAS,Áridos,Cantera,No informado,CATEGORIA A,No identificado,Posible,Coincide,Sin coincidencia,Grupo de Yacimientos Zona Continente y Costa Afuera,OFICINA LAREDO CAMPAMENTO SODEXO,GAS NATURAL,VALIDADO,-70.875017,-53.029122,0.0,8.272,sin_clasificar
POL_733,6.257187871389439,0.5,8.25,4.890871140427379,0.75,7.425000000000001,73.66879864019765,0.0,0.0,2090.841410735121,0.0,0.0,773.3862409159893,0.0,0.0,1510.3376582092037,0.0,0.0,147.47484184965185,0.0,0.0,3.590007981717303,0.75,5.25,1.7045043231868524,0.75,3.5250000000000004,9,24.450000000000003,30.555555555555557,733,526.0,CANTERA II RÍO SECO,CONSTRUCTORA SALFA S.A./MAQSA AUSTRAL S.A./CONCREMAG S.A.,REGIÓN DE MAGALLANES Y LA ANTÁRTICA CHILENA,PUNTA ARENAS,Áridos,Cantera,Pequeña,CATEGORIA D,No identificado,Posible,Coincide,Sin coincidencia,LAGUNA 1 AL 40,MINA LAGUNA,CARBÓN,VALIDADO,-70.885244,-53.065003,0.0,5.967,sin_clasificar
POL_734,5.788606070383138,0.5,8.25,4.538475269664219,0.75,7.425000000000001,73.29112606191683,0.0,0.0,2091.359288641674,0.0,0.0,773.8667830458865,0.0,0.0,1510.827553053117,0.0,0.0,147.05676396168008,0.0,0.0,3.253942394002715,0.75,5.25,1.8347266696233786,0.75,3.5250000000000004,9,24.450000000000003,30.555555555555557,734,722.0,POZO LASTRERO VASQUEZ,OSVALDO VASQUEZ RUBILAR,REGIÓN DE MAGALLANES Y LA ANTÁRTICA CHILENA,PUNTA ARENAS,Áridos,Extracción de áridos,No informado,CATEGORIA B,No identificado,Revisar,Revisar,Sin coincidencia,BLOQUE MANZANO,Pozo Holister A,GAS NATURAL,VALIDADO,-70.917003,-53.155083,9.565,13.978,sin_clasificar
POL_735,5.8631524041610374,0.5,8.25,4.9170107845380615,0.75,7.425000000000001,72.8108181429314,0.0,0.0,2089.9664001698397,0.0,0.0,772.509363831743,0.0,0.0,1509.4595792846499,0.0,0.0,147.24042312365046,0.0,0.0,3.6800965283008287,0.75,5.25,2.584633933226912,0.5,2.35,9,23.275000000000002,27.77777777777778,735,306.0,CANTERA VILICIC,CONSTRUCTORA VILICIC S.A.,REGIÓN DE MAGALLANES Y LA ANTÁRTICA CHILENA,PUNTA ARENAS,Áridos,Cantera,Grande,CATEGORIA D,No identificado,Posible,Coincide,Sin coincidencia,LAGUNA 1 AL 40,MINA LAGUNA,CARBÓN,VALIDADO,-70.8950865,-53.056754,0.0,5.086,sin_clasificar
POL_736,3.3678068037294855,0.75,12.375,2.725377250677886,0.75,7.425000000000001,71.50940490944696,0.0,0.0,2093.523000287193,0.0,0.0,775.9716102154218,0.0,0.0,1512.949311572937,0.0,0.0,144.76128470216167,0.0,0.0,1.7403209324408913,1.0,7.0,2.6384514074648866,0.5,2.35,9,29.150000000000002,33.33333333333333,736,282.0,CANTERA EL REBENQUE,SERVIAUSTRAL LTDA.,REGIÓN DE MAGALLANES Y LA ANTÁRTICA CHILENA,PUNTA ARENAS,Áridos,Cantera,Grande,CATEGORIA D,No identificado,Revisar,Revisar,Sin coincidencia,LAGUNA 1 AL 40,MINA LAGUNA,CARBÓN,VALIDADO,-70.903811,-53.0829311,0.306,5.073,sin_clasificar
POL_737,0.5312848039291577,1.0,16.5,3.106643460833217,0.75,7.425000000000001,68.05879228098136,0.0,0.0,2096.433870020708,0.0,0.0,778.4758512788435,0.0,0.0,1515.5464892465757,0.0,0.0,141.34688961878447,0.0,0.0,1.631941997226033,1.0,7.0,4.030602961401572,0.5,2.35,9,33.275,36.11111111111111,737,723.0,EX POZO LASTRERO PONTENOVA,IVAGO LTDA/INMOBILIARIA E INVERSIONES BIG SPA.,REGIÓN DE MAGALLANES Y LA ANTÁRTICA CHILENA,PUNTA ARENAS,Áridos,Extracción de áridos,No informado,CATEGORIA D,No identificado,Posible,Coincide,Sin coincidencia,LAGUNA 1 AL 40,MINA LAGUNA,CARBÓN,VALIDADO,-70.943725,-53.113429,0.0,4.773,sin_clasificar
POL_738,8.79868772445646,0.5,8.25,17.445059729226227,0.25,2.475,52.890810925536556,0.0,0.0,2114.4374660637563,0.0,0.0,796.1584002932211,0.0,0.0,1533.3271926090902,0.0,0.0,123.6325806181991,0.0,0.0,7.048310732909165,0.5,3.5,1.2655096699294746,0.75,3.5250000000000004,9,17.75,22.22222222222222,738,157.0,POZO LASTRERO IHNEN,CONCREMAG S.A.,REGIÓN DE MAGALLANES Y LA ANTÁRTICA CHILENA,PUNTA ARENAS,Áridos,Extracción de áridos,Grande,CATEGORIA B,No identificado,Revisar,Coincide,Sin coincidencia,BLOQUE MANZANO,Pozo Holister A,GAS NATURAL,VALIDADO,-70.972108,-53.273059,0.0,36.6,sin_clasificar
POL_739,49.39841422236504,0.0,0.0,49.398415670410735,0.0,0.0,33.24053188313661,0.0,0.0,1979.6227628334457,0.0,0.0,655.1997407849302,0.0,0.0,1392.989754564976,0.0,0.0,260.0881462945866,0.0,0.0,47.811570254493134,0.0,0.0,17.351147114394273,0.0,0.0,9,0.0,0.0,739,433.0,YACIMIENTO ESPERANZA,EMPRESA NACIONAL DEL PETROLEO,REGIÓN DE MAGALLANES Y LA ANTÁRTICA CHILENA,NATALES,Petróleo,Mina / faena,Grande,CATEGORIA D,No identificado,Revisar,Revisar,Sin coincidencia,BLOQUE TRANQUILO,POZO MARÍA ANTONIETA X-1,GAS NATURAL,VALIDADO,-71.692821,-52.031825,0.185,1.133,sin_clasificar
POL_740,0.0,1.0,16.5,0.0,1.0,9.9,21.234855934357956,0.25,3.325,1945.174643463256,0.0,0.0,616.1742898838061,0.0,0.0,1352.560923624627,0.0,0.0,305.26155425430863,0.0,0.0,4.454122861958116,0.75,5.25,1.209428650379768,0.75,3.5250000000000004,9,38.49999999999999,41.66666666666667,740,282.0,POZO EMPRESTITO ZUÑIGA,SERVIAUSTRAL LTDA.,REGIÓN DE MAGALLANES Y LA ANTÁRTICA CHILENA,NATALES,Áridos,Extracción de áridos,Grande,CATEGORIA C,No identificado,Revisar,Revisar,Sin coincidencia,LLANOS DE ARQUEROS,EMPRESTITO,SULFUROS Y ÓXIDOS DE COBRE,VALIDADO,-72.48111273,-51.70066769,2.521,2422.076,sin_clasificar
POL_741,0.0,1.0,16.5,0.0,1.0,9.9,33.883117929322005,0.0,0.0,1893.8418435536682,0.0,0.0,564.6735039136578,0.0,0.0,1301.0314395123687,0.0,0.0,356.2566749248291,0.0,0.0,56.529519290100005,0.0,0.0,0.0,1.0,4.7,9,31.099999999999998,33.33333333333333,741,438.0,POZO EMPRESTITO CARDENAS,INGENIERIA CIVIL VICENTE S.A.,REGIÓN DE MAGALLANES Y LA ANTÁRTICA CHILENA,TORRES DEL PAINE,Áridos,Extracción de áridos,Grande,CATEGORIA C,No identificado,Revisar,Coincide,Sin coincidencia,LLANOS DE ARQUEROS,EMPRESTITO,SULFUROS Y ÓXIDOS DE COBRE,VALIDADO,-72.45256119,-51.20585703,0.0,2370.834,sin_clasificar
POL_742,0.0,1.0,16.5,0.0,1.0,9.9,33.541991868022954,0.0,0.0,1895.6439330355613,0.0,0.0,566.533142432848,0.0,0.0,1302.9483394191122,0.0,0.0,354.50325027915665,0.0,0.0,54.83984288940985,0.0,0.0,0.0,1.0,4.7,9,31.099999999999998,33.33333333333333,742,438.0,POZO EMPRESTITO HERNANDEZ,INGENIERIA CIVIL VICENTE S.A.,REGIÓN DE MAGALLANES Y LA ANTÁRTICA CHILENA,TORRES DEL PAINE,Áridos,Extracción de áridos,Grande,CATEGORIA C,No identificado,Revisar,Revisar,Sin coincidencia,LLANOS DE ARQUEROS,EMPRESTITO,SULFUROS Y ÓXIDOS DE COBRE,VALIDADO,-72.45256119,-51.20585703,1.969,2372.669,sin_clasificar
POL_743,0.0,1.0,16.5,0.0,1.0,9.9,17.856216665024075,0.25,3.325,1870.2235565767899,0.0,0.0,540.3256143908866,0.0,0.0,1275.5494214451498,0.0,0.0,383.96221280572576,0.0,0.0,82.68944815558002,0.0,0.0,0.0,1.0,4.7,9,34.425,36.11111111111111,743,306.0,POZO EMPRESTITO LAGUNA AMARGA,CONSTRUCTORA VILICIC S.A.,REGIÓN DE MAGALLANES Y LA ANTÁRTICA CHILENA,TORRES DEL PAINE,Áridos,Extracción de áridos,Grande,CATEGORIA C,No identificado,Revisar,Revisar,Sin coincidencia,LLANOS DE ARQUEROS,EMPRESTITO,SULFUROS Y ÓXIDOS DE COBRE,VALIDADO,-73.4067879,-50.9423262,50.991,2346.654,sin_clasificar
POL_744,0.0,1.0,16.5,0.0,1.0,9.9,21.048084441371575,0.25,3.325,1918.204828041154,0.0,0.0,588.9529774352093,0.0,0.0,1325.1384505226465,0.0,0.0,331.0745322030216,0.0,0.0,30.535448780191157,0.0,0.0,0.0,1.0,4.7,9,34.425,36.11111111111111,744,420.0,CANTERAS ESTANCIA TRES PASOS Y KM 2739 DESDE PUERTO NATALES,BROTEC CONSTRUCCION LIMITADA,REGIÓN DE MAGALLANES Y LA ANTÁRTICA CHILENA,NATALES,Áridos,Cantera,Mediana,CATEGORIA A,No identificado,Revisar,Coincide,Sin coincidencia,FAENA LOS PELAMBRES,PUERTO,COBRE - MOLIBDENO,VALIDADO,-72.494112,-51.425688,0.0,2162.413,sin_clasificar
POL_745,46.772221075956736,0.0,0.0,46.7722226718189,0.0,0.0,29.952122058957357,0.0,0.0,1980.0548996067753,0.0,0.0,655.2682437456061,0.0,0.0,1393.0547645027493,0.0,0.0,258.6129305400412,0.0,0.0,47.96496842261002,0.0,0.0,13.482539857451526,0.0,0.0,9,0.0,0.0,745,53.0,BLOQUE TRANQUILO,GREGORIO ENERGY MAGALLANES LTDA,REGIÓN DE MAGALLANES Y LA ANTÁRTICA CHILENA,NATALES,Petróleo,Instalación minera,Mediana,CATEGORIA D,No identificado,Posible,Revisar,Confirmado,BLOQUE TRANQUILO,POZO PALOS QUEMADOS X-1,GAS NATURAL,VALIDADO,-71.74699348,-52.0377234,0.346,0.0,sin_clasificar
POL_746,2.59575380155241,0.75,12.375,7.334691680752796,0.5,4.95,65.8325766556915,0.0,0.0,2092.1993377071312,0.0,0.0,773.8322959349658,0.0,0.0,1510.9806910194704,0.0,0.0,144.314310703245,0.0,0.0,6.665194187760529,0.5,3.5,7.655160814479749,0.25,1.175,9,22.0,22.22222222222222,746,168.0,MINAS LAGUNA Y LOAYZA,CHABUNCO S.A.,REGIÓN DE MAGALLANES Y LA ANTÁRTICA CHILENA,PUNTA ARENAS,Carbón,Instalación minera,Micro,CATEGORIA D,Posible,Confirmado,Coincide,Confirmado,LAGUNA 1 AL 40,MINA LAGUNA,CARBÓN,VALIDADO,-70.985712,-53.074704,0.0,0.0,sin_clasificar
POL_747,12.650537886545266,0.25,4.125,19.48967735998922,0.25,2.475,65.81578387770384,0.0,0.0,2082.9658945171145,0.0,0.0,763.5553082903734,0.0,0.0,1500.8902799824846,0.0,0.0,153.76195836414317,0.0,0.0,18.816495349820066,0.25,1.75,8.481614793505903,0.25,1.175,9,9.525,11.11111111111111,747,168.0,MINA BITSCH,CHABUNCO S.A.,REGIÓN DE MAGALLANES Y LA ANTÁRTICA CHILENA,PUNTA ARENAS,Carbón,Mina / faena,Micro,CATEGORIA D,No identificado,Posible,Revisar,Posible,MINA BITSCH 1-20,MINA BITSCH 1-20,CARBÓN,VALIDADO,-71.0827975,-53.016804,2.973,11.787,sin_clasificar
POL_748,2.7637430374746295,0.75,12.375,1.4680158463663127,0.75,7.425000000000001,71.4564436098299,0.0,0.0,2094.3766136652184,0.0,0.0,776.8340452801496,0.0,0.0,1513.8113440756229,0.0,0.0,143.79917908720296,0.0,0.0,0.6530923217854419,1.0,7.0,1.390125384900727,0.75,3.5250000000000004,9,30.325000000000003,36.11111111111111,748,372.0,CANTERA LOFFER,LOBOS Y FERNANDEZ LIMITADA,REGIÓN DE MAGALLANES Y LA ANTÁRTICA CHILENA,PUNTA ARENAS,Áridos,Cantera,Pequeña,CATEGORIA D,No identificado,Posible,Coincide,Sin coincidencia,LAGUNA 1 AL 40,MINA LAGUNA,CARBÓN,VALIDADO,-70.8991452,-53.0959127,0.012,5.846,sin_clasificar
POL_749,5.562075745798335,0.5,8.25,4.370804535403456,0.75,7.425000000000001,73.10200399658125,0.0,0.0,2091.6116987891874,0.0,0.0,774.1057169212118,0.0,0.0,1511.0698779263146,0.0,0.0,146.85266417849624,0.0,0.0,3.091925048853208,0.75,5.25,1.9160033898330744,0.75,3.5250000000000004,9,24.450000000000003,30.555555555555557,749,526.0,POZO LASTRERO SANTA RITA,MAQSA AUSTRAL S.A.,REGIÓN DE MAGALLANES Y LA ANTÁRTICA CHILENA,PUNTA ARENAS,Áridos,Extracción de áridos,Pequeña,CATEGORIA D,No identificado,Posible,Coincide,Sin coincidencia,LAGUNA 1 AL 40,MINA LAGUNA,CARBÓN,VALIDADO,-70.88844,-53.071412,0.089,5.604,sin_clasificar
POL_750,4.511270383357462,0.75,12.375,13.105980073261097,0.25,2.475,56.54916813753644,0.0,0.0,2109.7544719364028,0.0,0.0,791.4745615033706,0.0,0.0,1528.6329822713242,0.0,0.0,128.36353736408756,0.0,0.0,2.907753296952549,0.75,5.25,4.523424994297288,0.5,2.35,9,22.450000000000003,25.0,750,263.0,POZO LASTRERO Y PLANTA DE ARIDOS - FERNANDEZ,FERNANDEZ Y DIAZ LTDA.,REGIÓN DE MAGALLANES Y LA ANTÁRTICA CHILENA,PUNTA ARENAS,Áridos,Planta / procesamiento,Micro,CATEGORIA D,No identificado,Posible,Coincide,Sin coincidencia,LAGUNA 1 AL 40,MINA LAGUNA,CARBÓN,VALIDADO,-70.97054771,-53.23163807,0.002,17.218,sin_clasificar
POL_751,28.30701615863676,0.0,0.0,15.814039920581676,0.25,2.475,30.00856827896543,0.0,0.0,2070.781131615128,0.0,0.0,746.9821591705561,0.0,0.0,1484.7715198101885,0.0,0.0,164.58788049468194,0.0,0.0,49.66394705139387,0.0,0.0,22.8858644385107,0.0,0.0,9,2.475,2.7777777777777777,751,513.0,MINA INVIERNO,NAVIERA ULTRANAV CHILE LIMITADA,REGIÓN DE MAGALLANES Y LA ANTÁRTICA CHILENA,RIO VERDE,Carbón,Mina / faena,Grande,CATEGORIA D,No identificado,Posible,Revisar,Confirmado,MINA INVIERNO,MINA INVIERNO,CARBÓN,VALIDADO,-71.631388,-52.854671,0.293,0.0,sin_clasificar
POL_752,0.0,1.0,16.5,92.04248059515126,0.0,0.0,3.3066911829089096,0.5,6.65,2130.6951301213617,0.0,0.0,802.7694950025794,0.0,0.0,1539.585124127154,0.0,0.0,123.32904652320853,0.0,0.0,99.89137213028764,0.0,0.0,0.3147749632314632,1.0,4.7,9,27.849999999999998,27.77777777777778,752,114.0,MINA CUTTER COVE,REDHILL MAGALLANES SPA,REGIÓN DE MAGALLANES Y LA ANTÁRTICA CHILENA,PUNTA ARENAS,Cobre / Oro / Plata,Mina / faena,No informado,CATEGORIA D,No identificado,Posible,Revisar,Confirmado,PROSPECCION MINERA CUTTER COVE,ZODIAC,COBRE - PLATA,VALIDADO,-72.42956,-53.359111,0.484,0.0,sin_clasificar
POL_753,1.0744079180027652,0.75,12.375,12.035663239079245,0.25,2.475,56.7070513132444,0.0,0.0,2107.224391294999,0.0,0.0,788.6049242621539,0.0,0.0,1525.8263069722161,0.0,0.0,130.0754028940928,0.0,0.0,3.22995899516715,0.75,5.25,5.605530474873366,0.25,1.175,9,21.275000000000002,22.22222222222222,753,526.0,POZO LASTRERO MUÑIZ II,MAQSA AUSTRAL S.A.,REGIÓN DE MAGALLANES Y LA ANTÁRTICA CHILENA,PUNTA ARENAS,Áridos,Extracción de áridos,Pequeña,CATEGORIA D,No identificado,Revisar,Revisar,Sin coincidencia,LAGUNA 1 AL 40,MINA LAGUNA,CARBÓN,VALIDADO,-70.985972,-53.216144,0.862,14.585,sin_clasificar
POL_754,4.331292711565294,0.75,12.375,11.219290762487809,0.25,2.475,58.400453260382704,0.0,0.0,2108.1309054487774,0.0,0.0,790.0252391467913,0.0,0.0,1527.1458124065723,0.0,0.0,129.9963616410037,0.0,0.0,1.1009857739956062,1.0,7.0,4.177604515226957,0.5,2.35,9,24.200000000000003,27.77777777777778,754,439.0,POZO LASTRERO MUÑIZ,CONSTRUCTORA SALFA S.A.,REGIÓN DE MAGALLANES Y LA ANTÁRTICA CHILENA,PUNTA ARENAS,Áridos,Extracción de áridos,Grande,CATEGORIA D,No identificado,Revisar,Revisar,Sin coincidencia,LAGUNA 1 AL 40,MINA LAGUNA,CARBÓN,VALIDADO,-70.985972,-53.216144,1.923,15.734,sin_clasificar
POL_755,0.7678355316370997,1.0,16.5,0.6483989989221487,1.0,9.9,69.4624004681101,0.0,0.0,2096.1321800783176,0.0,0.0,778.4589228728022,0.0,0.0,1515.4681131144227,0.0,0.0,141.98796766012214,0.0,0.0,0.7432070386742322,1.0,7.0,1.6067526536884866,0.75,3.5250000000000004,9,36.925,41.66666666666667,755,526.0,CANTERA ALEGRIA-HERMOSILLA,MAQSA AUSTRAL S.A./CONCREMAG S.A.,REGIÓN DE MAGALLANES Y LA ANTÁRTICA CHILENA,PUNTA ARENAS,Áridos,Cantera,Pequeña,CATEGORIA D,No identificado,Posible,Coincide,Sin coincidencia,LAGUNA 1 AL 40,MINA LAGUNA,CARBÓN,VALIDADO,-70.919619,-53.111825,0.0,5.641,sin_clasificar
POL_756,0.6028589925462772,1.0,16.5,46.42899289341931,0.0,0.0,30.942244437118802,0.0,0.0,2156.827096810893,0.0,0.0,838.3260561560073,0.0,0.0,1575.593952398466,0.0,0.0,80.30688400513452,0.0,0.0,49.226535826313025,0.0,0.0,1.1429353415649077,0.75,3.5250000000000004,9,20.025,19.444444444444446,756,344.0,SAN JUAN,DEITAN SOLUTIONS SPA,REGIÓN DE MAGALLANES Y LA ANTÁRTICA CHILENA,PUNTA ARENAS,Turba,Instalación minera,No informado,CATEGORIA D,No identificado,Confirmado,Coincide,Confirmado,SAN JUAN,ACOPIO DE PRODUCTO CERTIFICADO,TURBA,VALIDADO,-70.968,-53.6626,0.0,0.0,sin_clasificar
POL_757,34.4216677672245,0.0,0.0,51.00638688053479,0.0,0.0,124.3503479106408,0.0,0.0,2039.3934911895356,0.0,0.0,730.3128645608489,0.0,0.0,1464.6201478814965,0.0,0.0,206.81620746065784,0.0,0.0,63.05366301869731,0.0,0.0,9.24957238635106,0.25,1.175,9,1.175,2.7777777777777777,757,433.0,COMPLEJO INDUSTRIAL MULTIBOYA DE GREGORIO,EMPRESA NACIONAL DEL PETROLEO,REGIÓN DE MAGALLANES Y LA ANTÁRTICA CHILENA,SAN GREGORIO,Petróleo,Instalación minera,Grande,CATEGORIA C,Sí,Posible,Coincide,Sin coincidencia,Bloque Dorado Riquelme,POZO PUERTO SARA 2,GAS NATURAL,VALIDADO,-70.2031799,-52.6214146,0.0,3.236,sin_clasificar
POL_758,36.24278381558769,0.0,0.0,31.639213580234856,0.0,0.0,133.78737840936753,0.0,0.0,2026.9684926482448,0.0,0.0,720.8970805121302,0.0,0.0,1454.037370420698,0.0,0.0,221.42899863057397,0.0,0.0,51.49250284947273,0.0,0.0,6.566366906816983,0.25,1.175,9,1.175,2.7777777777777777,758,50.0,BLOQUE BROTULA,EMPRESA NACIONAL DEL PETROLEO,REGIÓN DE MAGALLANES Y LA ANTÁRTICA CHILENA,SAN GREGORIO,Petróleo,Instalación minera,No informado,CATEGORIA D,No identificado,Confirmado,Coincide,Confirmado,BLOQUE BRÓTULA,POZO BRÓTULA TA-2,GAS NATURAL,VALIDADO,-69.976984,-52.537098,0.0,0.0,sin_clasificar
POL_759,37.45108201049927,0.0,0.0,51.03421941349205,0.0,0.0,108.67634682245429,0.0,0.0,2019.0885341439573,0.0,0.0,710.0052494529135,0.0,0.0,1444.2226381014889,0.0,0.0,213.2948973432851,0.0,0.0,68.67327171300808,0.0,0.0,10.29394898325838,0.0,0.0,9,0.0,0.0,759,433.0,BLOQUES DORADO-PUERTO SARA Y RIQUELME-MANZANO,EMPRESA NACIONAL DEL PETROLEO,REGIÓN DE MAGALLANES Y LA ANTÁRTICA CHILENA,SAN GREGORIO,Petróleo,Instalación minera,Grande,CATEGORIA C,No identificado,Posible,Revisar,Confirmado,Bloque Dorado Riquelme,"TRAMPA LANZAMIENTO COLECTOR 6"" TROPILLA - CENTRAL PALENQUE",PETRÓLEO,VALIDADO,-70.121223,-52.468031,6.847,0.0,sin_clasificar
POL_760,24.18984496153668,0.25,4.125,20.95328452485358,0.25,2.475,149.81253762450558,0.0,0.0,2015.0603823204833,0.0,0.0,712.7693682070128,0.0,0.0,1444.3404699810035,0.0,0.0,241.82982773676525,0.0,0.0,52.10882637325749,0.0,0.0,10.067510320174621,0.0,0.0,9,6.6,5.555555555555555,760,107.0,BLOQUE FELL,GREGORIO ENERGY FELL SPA,REGIÓN DE MAGALLANES Y LA ANTÁRTICA CHILENA,SAN GREGORIO,Gas Natural,Instalación minera,Grande,CATEGORIA C,No identificado,Posible,Coincide,Posible,BLOQUE FELL,CAMPAMENTO TEHUELCHE,PETRÓLEO,VALIDADO,-69.757787,-52.397555,0.0,12.677,sin_clasificar
POL_761,22.949565446073777,0.25,4.125,19.31540866926026,0.25,2.475,148.2628372664901,0.0,0.0,2017.42472899791,0.0,0.0,714.8455191692681,0.0,0.0,1446.5495170917034,0.0,0.0,235.51435190660257,0.0,0.0,48.16260622446484,0.0,0.0,6.897263345819306,0.25,1.175,9,7.7749999999999995,8.333333333333332,761,107.0,PLANTA KIMIRI AIKE,GREGORIO ENERGT FELL SPA,REGIÓN DE MAGALLANES Y LA ANTÁRTICA CHILENA,SAN GREGORIO,Gas Natural,Planta / procesamiento,Grande,CATEGORIA C,No identificado,Confirmado,Coincide,Confirmado,BLOQUE FELL,PLANTA KIMIRI-AIKE,GAS NATURAL,VALIDADO,-69.77614972,-52.41687021,0.0,0.0,sin_clasificar
POL_762,9.795250268534131,0.5,8.25,8.985227103149562,0.5,4.95,164.40866433086597,0.0,0.0,2011.5655155535899,0.0,0.0,712.9766488245235,0.0,0.0,1443.0760015146282,0.0,0.0,245.69131176959382,0.0,0.0,45.02487496755791,0.0,0.0,10.436216319056443,0.0,0.0,9,13.2,11.11111111111111,762,433.0,POZO DANUEL ESTE X5 Y ALMEJA J,EMPRESA NACIONAL DEL PETROLEO,REGIÓN DE MAGALLANES Y LA ANTÁRTICA CHILENA,SAN GREGORIO,Petróleo,Instalación minera,Grande,CATEGORIA A,No identificado,Posible,Revisar,Confirmado,Grupo de Yacimientos Zona Continente y Costa Afuera,POZO ALMEJA J,GAS NATURAL,VALIDADO,-69.48920839,-52.38559327,0.458,0.641,sin_clasificar
POL_763,0.5849780988360247,1.0,16.5,26.70244139576186,0.0,0.0,141.62343228534672,0.0,0.0,1986.332758806628,0.0,0.0,684.4209916880055,0.0,0.0,1415.862971602182,0.0,0.0,247.65898291372852,0.0,0.0,60.65902215600961,0.0,0.0,1.3576582594564788,0.75,3.5250000000000004,9,20.025,19.444444444444446,763,433.0,BLOQUE FELL - ENAP,EMPRESA NACIONAL DEL PETROLEO,REGIÓN DE MAGALLANES Y LA ANTÁRTICA CHILENA,SAN GREGORIO,Petróleo,Instalación minera,Grande,CATEGORIA C,No identificado,Posible,Revisar,Confirmado,BLOQUE FELL,CAMPAMENTO TEHUELCHE,PETRÓLEO,VALIDADO,-69.692536,-52.313643,3.716,0.0,sin_clasificar
POL_764,18.83920395353308,0.25,4.125,19.559043817452835,0.25,2.475,158.71868176517995,0.0,0.0,2003.406792144876,0.0,0.0,703.7333838481622,0.0,0.0,1434.2106842673697,0.0,0.0,254.87561916791134,0.0,0.0,55.4523193758902,0.0,0.0,4.839598607745994,0.5,2.35,9,8.95,11.11111111111111,764,107.0,BLOQUE FELL-GEOPARK,GREGORIO ENERGY FELL SPA,REGIÓN DE MAGALLANES Y LA ANTÁRTICA CHILENA,SAN GREGORIO,Petróleo,Instalación minera,Grande,CATEGORIA C,No identificado,Posible,Revisar,Confirmado,BLOQUE FELL,POZO GUANACO 21,PETRÓLEO,VALIDADO,-69.688056,-52.315556,4.425,0.0,sin_clasificar
POL_765,37.167565780946106,0.0,0.0,50.96086008182719,0.0,0.0,126.80462050605217,0.0,0.0,2073.0619734858224,0.0,0.0,765.9590952858464,0.0,0.0,1499.7074748409652,0.0,0.0,181.55987937172057,0.0,0.0,46.74138687972108,0.0,0.0,21.967307415701256,0.0,0.0,9,0.0,0.0,765,306.0,POZO EMPRESTITO LA ITALIANA,CONSTRUCTORA VILICIC S.A.,REGIÓN DE MAGALLANES Y LA ANTÁRTICA CHILENA,PRIMAVERA,Áridos,Extracción de áridos,Grande,CATEGORIA D,No identificado,Posible,Coincide,Sin coincidencia,BLOQUE CAUPOLICAN,POZO CLARENCIA 1,GAS NATURAL,VALIDADO,-70.008755,-52.92324,0.0,2.171,sin_clasificar
POL_766,33.5205582846898,0.0,0.0,27.06905899727775,0.0,0.0,144.25387794383826,0.0,0.0,2080.5449538214993,0.0,0.0,782.779583406061,0.0,0.0,1512.9677868940782,0.0,0.0,178.8839865200285,0.0,0.0,22.111069686684445,0.25,1.75,22.595640786221313,0.0,0.0,9,1.75,2.7777777777777777,766,306.0,POZO EMPRESTITO TAFRA,CONSTRUCTORA VILICIC S.A.,REGIÓN DE MAGALLANES Y LA ANTÁRTICA CHILENA,PRIMAVERA,Áridos,Extracción de áridos,Grande,CATEGORIA A,No identificado,Posible,Coincide,Sin coincidencia,Grupo de Yacimientos Zonas Arenal e Intracampos,POZO CHILLAN 11,PETRÓLEO,VALIDADO,-69.33161118,-52.97766147,0.0,11.633,sin_clasificar
POL_767,7.761553199587153,0.5,8.25,25.365506628084887,0.0,0.0,69.24336655515071,0.0,0.0,2155.2713836171383,0.0,0.0,851.576769796519,0.0,0.0,1584.4476976431472,0.0,0.0,105.4586620142569,0.0,0.0,2.0807411576929438,0.75,5.25,2.204699393626904,0.5,2.35,9,15.85,19.444444444444446,767,523.0,TURBERA CAMERON,TURBA TIERRA DEL FUEGO CHILE S.A.,REGIÓN DE MAGALLANES Y LA ANTÁRTICA CHILENA,TIMAUKEL,Turba,Instalación minera,No informado,,No identificado,Revisar,Coincide,Sin coincidencia,,,,VALIDADO,-69.577453,-53.670345,0.061,,sin_clasificar
POL_768,63.578625831532186,0.0,0.0,59.20062248682756,0.0,0.0,117.68067137178727,0.0,0.0,2112.5662454655157,0.0,0.0,820.3580013323464,0.0,0.0,1548.0565018388377,0.0,0.0,147.4759535708261,0.0,0.0,59.478020923837136,0.0,0.0,15.894038367944626,0.0,0.0,9,0.0,0.0,768,306.0,POZO EMPRESTITO AURORA,CONSTRUCTORA VICILIC S.A.,REGIÓN DE MAGALLANES Y LA ANTÁRTICA CHILENA,PORVENIR,Áridos,Extracción de áridos,Grande,CATEGORIA D,No identificado,Posible,Coincide,Sin coincidencia,BLOQUE SAN SEBASTIAN,POZO SAN SEBASTIÁN 1,PETRÓLEO,VALIDADO,-68.87581722,-53.25499715,0.003,1.233,sin_clasificar
POL_769,35.04736812676357,0.0,0.0,30.505098766264773,0.0,0.0,149.11749997600336,0.0,0.0,2081.206903661317,0.0,0.0,791.0202680687776,0.0,0.0,1517.3722369427492,0.0,0.0,179.0190878814452,0.0,0.0,37.16359913428513,0.0,0.0,9.909977589874066,0.25,1.175,9,1.175,2.7777777777777777,769,306.0,POZO EMPRESTITO TRES LAGOS,CONSTRUCTORA VICILIC S.A.,REGIÓN DE MAGALLANES Y LA ANTÁRTICA CHILENA,PRIMAVERA,Áridos,Extracción de áridos,Grande,CATEGORIA A,No identificado,Posible,Coincide,Posible,Grupo de Yacimientos Zonas Arenal e Intracampos,POZO TRES LAGOS 96,GAS NATURAL,VALIDADO,-68.82997543,-52.97318959,0.0,6.279,sin_clasificar
POL_770,10.434768844167282,0.25,4.125,29.474448179439158,0.0,0.0,13.701013793189015,0.25,3.325,1285.7582563473109,0.0,0.0,0.0,1.0,17.0,690.1612904317712,0.0,0.0,748.8572343530627,0.0,0.0,3.4838386227556652,0.75,5.25,5.249033483718373,0.25,1.175,9,30.875,27.77777777777778,770,724.0,EXTRACCION DE ARIDOS ENSENADA VALLE SIMPSON,S/I,REGIÓN DE AYSÉN,COYHAIQUE,Áridos,Extracción de áridos,No informado,CATEGORIA D,No identificado,Revisar,Coincide,Sin coincidencia,VALLE 11,MINA VALLE 11,SULFUROS Y ÓXIDOS DE COBRE,VALIDADO,-72.138,-45.713525,0.003,1599.839,sin_clasificar
POL_771,4.543086981551556,0.75,12.375,30.585361978381084,0.0,0.0,10.008655127507863,0.25,3.325,1281.2044127020595,0.0,0.0,0.0,1.0,17.0,684.6527950185301,0.0,0.0,742.7325576161398,0.0,0.0,10.49379720204608,0.5,3.5,5.476990512708119,0.25,1.175,9,37.375,30.555555555555557,771,725.0,EXTRACCION DE ARIDOS VILLA LAGO ATRAVESADO,S/I,REGIÓN DE AYSÉN,COYHAIQUE,Áridos,Extracción de áridos,No informado,CATEGORIA C,No identificado,Revisar,Revisar,Sin coincidencia,MINERA CERRO ESPERANZA,EXPLORACIONES CERRO ESPERANZA,CINC - ORO,VALIDADO,-72.0657515,-45.575054,14.297,86.808,sin_clasificar
POL_772,3.7564782394141445,0.75,12.375,28.800150310358262,0.0,0.0,9.798199231950287,0.5,6.65,1279.6358648752116,0.0,0.0,0.0,1.0,17.0,683.2473985522722,0.0,0.0,741.4625389231949,0.0,0.0,10.268526913471375,0.5,3.5,4.427973498624333,0.5,2.35,9,41.875,36.11111111111111,772,726.0,PLANTA DE ARIDOS HUICHALAO,S/I,REGIÓN DE AYSÉN,COYHAIQUE,Áridos,Planta / procesamiento,No informado,CATEGORIA B,No identificado,Revisar,Revisar,Sin coincidencia,FAENA EL TOQUI,PLANTA DE PASTA,CINC - PLOMO - PLATA,VALIDADO,-72.20067703,-45.66445428,1.054,70.065,sin_clasificar
POL_773,4.386678647739845,0.75,12.375,23.649840263010034,0.25,2.475,11.79181058367332,0.25,3.325,1276.267794448175,0.0,0.0,0.0,1.0,17.0,680.6051792543929,0.0,0.0,739.4454757508057,0.0,0.0,5.464567771181322,0.5,3.5,2.2309876709036276,0.5,2.35,9,41.025,36.11111111111111,773,727.0,EXTRACCION ARIDOS CAMINO LAGO ATRAVESADO (PREDIO MATA),S/I,REGIÓN DE AYSÉN,COYHAIQUE,Áridos,Extracción de áridos,No informado,CATEGORIA C,No identificado,Revisar,Coincide,Sin coincidencia,MINERA CERRO ESPERANZA,CAMINO SUPERFICIE,ORO - CINC,VALIDADO,-72.130768,-45.628521,0.0,79.378,sin_clasificar
POL_774,4.831414907354638,0.75,12.375,23.21645716703528,0.25,2.475,12.258922248126984,0.25,3.325,1276.0571309014692,0.0,0.0,0.0,1.0,17.0,680.4679474426446,0.0,0.0,739.3701583491431,0.0,0.0,5.056689307326457,0.5,3.5,1.8320565796043915,0.75,3.5250000000000004,9,42.199999999999996,38.88888888888889,774,728.0,EXTRACCION DE ARIDOS SALTO CHICO,HIPOLITO AQUEVEQUE VARGAS,REGIÓN DE AYSÉN,COYHAIQUE,Áridos,Extracción de áridos,No informado,CATEGORIA D,No identificado,Revisar,Coincide,Sin coincidencia,EL SALTO 1/20,MINA EL SALTO 1/20,PLATA METÁLICA O NATIVA,VALIDADO,-72.122247,-45.626924,0.0,1858.757,sin_clasificar
POL_775,3.8059308917479613,0.75,12.375,22.827827108731448,0.25,2.475,9.966165272264027,0.5,6.65,1272.1685425874628,0.0,0.0,0.0,1.0,17.0,676.2960037638076,0.0,0.0,735.0501238381407,0.0,0.0,4.502995167883097,0.75,5.25,3.597436418444882,0.5,2.35,9,46.1,41.66666666666667,775,729.0,EXTRACCION DE ARIDOS RIO CLARO,S/I,REGIÓN DE AYSÉN,COYHAIQUE,Áridos,Extracción de áridos,No informado,CATEGORIA D,No identificado,Revisar,Coincide,Sin coincidencia,RIO 27,EXPLORACION RIO 27,COBRE - ORO - PLATA,VALIDADO,-72.143156,-45.588132,0.054,1563.748,sin_clasificar
POL_776,5.701343720571323,0.5,8.25,49.45232792260658,0.0,0.0,9.044781287342827,0.5,6.65,1256.2449930281032,0.0,0.0,21.57051446395623,0.5,8.5,656.4845416874606,0.0,0.0,711.3361059509648,0.0,0.0,11.03561998419828,0.5,3.5,2.8076327253154014,0.5,2.35,9,29.25,27.77777777777778,776,730.0,POZO EXTRACCION DE ARIDOS FINLEZ AYSEN,SOCIEDAD FINLEZ Y RUIZ LIMITADA,REGIÓN DE AYSÉN,AYSEN,Áridos,Extracción de áridos,No informado,,No identificado,Revisar,Coincide,Sin coincidencia,,,,VALIDADO,-72.528468,-45.406045,0.0,,sin_clasificar
POL_777,22.234904091755293,0.25,4.125,53.259866706779924,0.0,0.0,4.585298791213152,0.5,6.65,1208.390891734922,0.0,0.0,0.0,1.0,17.0,614.3451782742663,0.0,0.0,676.082403730194,0.0,0.0,29.933659929054688,0.25,1.75,10.916137424530485,0.0,0.0,9,29.525,22.22222222222222,777,247.0,MINERA EL TOQUI,SOCIEDAD MINERA PACIFICO DEL SUR SPA,REGIÓN DE AYSÉN,COYHAIQUE,Oro,Instalación minera,Grande,CATEGORIA B,No identificado,Confirmado,Coincide,Confirmado,FAENA EL TOQUI,PLANTA PROCESADORA DE MINERALES,CINC - PLOMO - PLATA,VALIDADO,-71.94321677,-45.03258498,0.0,0.0,sin_clasificar
POL_778,2.497274391958648,0.75,12.375,101.91510454872333,0.0,0.0,5.705735875225194,0.5,6.65,1184.85448369782,0.0,0.0,16.867374412900904,0.5,8.5,584.2935873256826,0.0,0.0,638.5893344297789,0.0,0.0,5.803857400107341,0.5,3.5,0.0,1.0,4.7,9,35.725,36.11111111111111,778,731.0,EXTRACCION DE ARIDOS LA PONDEROSA (RIBERA RIO CISNES),S/I,REGIÓN DE AYSÉN,CISNES,Áridos,Extracción de áridos,No informado,CATEGORIA D,No identificado,Revisar,Coincide,Sin coincidencia,MINA LA PONDEROSA,MINA LA PONDEROSA,COBRE - ORO,VALIDADO,-72.597461,-44.754225,0.0,1135.113,sin_clasificar
POL_779,27.451597568504006,0.0,0.0,34.0758970666917,0.0,0.0,59.80845886041945,0.0,0.0,2169.870505867618,0.0,0.0,875.8499061106423,0.0,0.0,1604.8759213969088,0.0,0.0,85.30558617272678,0.0,0.0,52.948266246186186,0.0,0.0,8.585934919444659,0.25,1.175,9,1.175,2.7777777777777777,779,433.0,SECTOR LAGO MERCEDES,EMPRESA NACIONAL DEL PETROLEO,REGIÓN DE MAGALLANES Y LA ANTÁRTICA CHILENA,PORVENIR,Petróleo,Instalación minera,Grande,SIN CATEGORIA,No identificado,Revisar,Revisar,Sin coincidencia,EXPLORACION DE HIDROCARBUROS,EXPLORACION DE HIDROCARBUROS,PETRÓLEO,VALIDADO,-68.845497,-53.79204,0.266,9.097,sin_clasificar
POL_780,0.0,1.0,16.5,2.410055473825941,0.75,7.425000000000001,186.88129730478653,0.0,0.0,2033.9104823706612,0.0,0.0,747.0154939768128,0.0,0.0,1471.1251608143618,0.0,0.0,216.7295968449223,0.0,0.0,38.70654739459318,0.0,0.0,0.0,1.0,4.7,9,28.625,30.555555555555557,780,433.0,POZO CARACOL B,EMPRESA NACIONAL DEL PETROLEO,REGIÓN DE MAGALLANES Y LA ANTÁRTICA CHILENA,PRIMAVERA,Petróleo,Instalación minera,Grande,CATEGORIA A,No identificado,Posible,Coincide,Sin coincidencia,Grupo de Yacimientos Zonas Arenal e Intracampos,POZO CATALINA N°13,PETRÓLEO,VALIDADO,-68.76739671,-52.54412888,0.027,7.793,sin_clasificar
POL_781,33.295800028822875,0.0,0.0,25.73398666679824,0.0,0.0,138.58500330376907,0.0,0.0,2058.0816819439574,0.0,0.0,754.4350244927251,0.0,0.0,1486.8035690561849,0.0,0.0,191.87112119879714,0.0,0.0,25.436825321752025,0.25,1.75,25.937394302945226,0.0,0.0,9,1.75,2.7777777777777777,781,433.0,BLOQUE CAUPOLICAN,EMPRESA NACIONAL DEL PETROLEO,REGIÓN DE MAGALLANES Y LA ANTÁRTICA CHILENA,PRIMAVERA,Petróleo,Instalación minera,No informado,CATEGORIA D,No identificado,Posible,Revisar,Confirmado,BLOQUE CAUPOLICAN,POZO RÍO DEL ORO SW1,GAS NATURAL,VALIDADO,-69.92340852,-52.87670163,3.798,0.0,sin_clasificar
POL_782,0.9781451781643572,1.0,16.5,33.054624555180204,0.0,0.0,84.69782165321467,0.0,0.0,2108.524581578124,0.0,0.0,795.9335596421674,0.0,0.0,1531.6547063088883,0.0,0.0,138.8712769300181,0.0,0.0,6.688639801132066,0.5,3.5,2.7269002305566885,0.5,2.35,9,22.35,22.22222222222222,782,306.0,POZO EMPRESTITO CUEVAS,CONSTRUCTORA VILICIC S.A.,REGIÓN DE MAGALLANES Y LA ANTÁRTICA CHILENA,PORVENIR,Áridos,Extracción de áridos,Grande,CATEGORIA C,No identificado,Revisar,Revisar,Sin coincidencia,LLANOS DE ARQUEROS,EMPRESTITO,SULFUROS Y ÓXIDOS DE COBRE,VALIDADO,-70.42451418,-53.23218607,0.366,2590.317,sin_clasificar
POL_783,21.589748561824315,0.25,4.125,51.706139983991015,0.0,0.0,105.04098697575866,0.0,0.0,2114.4593379826533,0.0,0.0,806.4843981330047,0.0,0.0,1540.7177066447953,0.0,0.0,143.3471732292723,0.0,0.0,21.742775603712065,0.25,1.75,3.3933535473076453,0.5,2.35,9,8.225,11.11111111111111,783,162.0,MINA CORDON BAQUEDANO - LAVADERO DE ORO DANYKA,PLACERES RECURSOS MINEROS LIMITADA,REGIÓN DE MAGALLANES Y LA ANTÁRTICA CHILENA,PORVENIR,Oro y Plata,Mina / faena,Pequeña,CATEGORIA D,No identificado,Confirmado,Coincide,Confirmado,LAVADERO DE ORO DANYKA,BOTADERO,ORO METÁLICO O NATIVO,VALIDADO,-70.023631,-53.29755,0.059,0.025,sin_clasificar
POL_784,19.754709906419073,0.25,4.125,49.97146416605192,0.0,0.0,101.41690052089946,0.0,0.0,2118.1267331831896,0.0,0.0,809.4893610886933,0.0,0.0,1543.964390220379,0.0,0.0,140.710574470332,0.0,0.0,19.12593729365567,0.25,1.75,1.6046715613788476,0.75,3.5250000000000004,9,9.4,13.88888888888889,784,162.0,LAVADERO DE ORO DANYKA 7,PLACERES RECURSOS MINEROS LIMITADA,REGIÓN DE MAGALLANES Y LA ANTÁRTICA CHILENA,PORVENIR,Oro,Instalación minera,Pequeña,CATEGORIA D,No identificado,Confirmado,Coincide,Confirmado,LAVADERO DE ORO DANYKA 7,PLANTA DE PROCESAMIENTO,ORO METÁLICO O NATIVO,VALIDADO,-70.070977,-53.319968,0.069,0.052,sin_clasificar
POL_785,18.983626379867633,0.25,4.125,49.69178496412066,0.0,0.0,100.79960320883615,0.0,0.0,2117.771285161319,0.0,0.0,808.9837361258509,0.0,0.0,1543.5083506672636,0.0,0.0,140.20035729948168,0.0,0.0,18.371280918088306,0.25,1.75,1.14954688353646,0.75,3.5250000000000004,9,9.4,13.88888888888889,785,162.0,LAVADERO DE ORO DANYKA,PLACERES RECURSOS MINEROS LIMITADA,REGIÓN DE MAGALLANES Y LA ANTÁRTICA CHILENA,PORVENIR,Oro y Plata,Instalación minera,Pequeña,CATEGORIA D,No identificado,Posible,Coincide,Posible,LAVADERO DE ORO DANYKA 7,PLANTA DE PROCESAMIENTO,ORO METÁLICO O NATIVO,VALIDADO,-70.075502,-53.317221,0.0,0.11,sin_clasificar
POL_786,12.741447164885308,0.25,4.125,4.511623924243718,0.75,7.425000000000001,157.4717310010032,0.0,0.0,2053.0838399532395,0.0,0.0,753.1515442361805,0.0,0.0,1484.0197273037393,0.0,0.0,197.72803994016144,0.0,0.0,3.2914942097090005,0.75,5.25,3.8789984349368494,0.5,2.35,9,19.150000000000002,25.0,786,433.0,BLOQUE ARENAL,EMPRESA NACIONAL DEL PETROLEO,REGIÓN DE MAGALLANES Y LA ANTÁRTICA CHILENA,PRIMAVERA,Petróleo,Instalación minera,Grande,CATEGORIA A,No identificado,Confirmado,Coincide,Confirmado,Grupo de Yacimientos Zonas Arenal e Intracampos,BATERIA 1 VICTORIA SUR,PETRÓLEO,VALIDADO,-69.545318,-52.74456,0.042,0.0,sin_clasificar
POL_787,7.853237132029021,0.5,8.25,1.0118512364218162,0.75,7.425000000000001,163.91951253012812,0.0,0.0,2055.3382928704023,0.0,0.0,759.7102360037959,0.0,0.0,1488.9025131438461,0.0,0.0,197.9071643900058,0.0,0.0,0.3147778563315489,1.0,7.0,0.7128287790453022,0.75,3.5250000000000004,9,26.200000000000003,33.33333333333333,787,116.0,BLOQUE ISLA NORTE,GREGORIO ENERGY TDF SPA,REGIÓN DE MAGALLANES Y LA ANTÁRTICA CHILENA,PRIMAVERA,Petróleo,Instalación minera,Grande,CATEGORIA D,No identificado,Confirmado,Coincide,Confirmado,BLOQUE ISLA NORTE,POZO KOO X-1 (No Perforado),PETRÓLEO,VALIDADO,-69.212445,-52.806331,0.0,1.41,sin_clasificar
POL_788,23.006400126966874,0.25,4.125,18.62102237666081,0.25,2.475,153.09001609232627,0.0,0.0,2066.0160260331545,0.0,0.0,777.972772305296,0.0,0.0,1503.0014076722914,0.0,0.0,183.93005204690667,0.0,0.0,28.488401063518403,0.25,1.75,0.0,1.0,4.7,9,13.05,19.444444444444446,788,433.0,YACIMIENTOS CULLEN VICTORIA SUR Y CATALINA,EMPRESA NACIONAL DEL PETROLEO,REGIÓN DE MAGALLANES Y LA ANTÁRTICA CHILENA,PRIMAVERA,Petróleo,Instalación minera,Grande,CATEGORIA A,No identificado,Confirmado,Coincide,Confirmado,Grupo de Yacimientos Zonas Arenal e Intracampos,POZO CULLEN 18,PETRÓLEO,VALIDADO,-68.87444919,-52.87537903,0.0,0.0,sin_clasificar
POL_789,20.41348094434503,0.25,4.125,15.867784020772152,0.25,2.475,154.92968850141085,0.0,0.0,2066.101164340954,0.0,0.0,775.8092900690107,0.0,0.0,1502.108184468402,0.0,0.0,185.6195264614182,0.0,0.0,27.770941506631104,0.25,1.75,0.0,1.0,4.7,9,13.05,19.444444444444446,789,433.0,GRUPO DE YACIMIENTOS ZONAS ARENAL E INTERCAMPO CULLEN,EMPRESA NACIONAL DEL PETROLEO,REGIÓN DE MAGALLANES Y LA ANTÁRTICA CHILENA,PRIMAVERA,Petróleo,Acopio / almacenamiento,No informado,CATEGORIA A,No identificado,Confirmado,Coincide,Confirmado,Grupo de Yacimientos Zonas Arenal e Intracampos,BATERIA ALMACENAMIENTO PLANTA CULLEN,PETRÓLEO,VALIDADO,-68.85966539,-52.8872985,0.0,1.101,sin_clasificar
POL_790,12.036741593579842,0.25,4.125,7.639580598514372,0.5,4.95,155.83703563239504,0.0,0.0,2061.2166826743855,0.0,0.0,768.8295092220311,0.0,0.0,1496.304486332783,0.0,0.0,187.58550322551608,0.0,0.0,17.57362487064002,0.25,1.75,2.165198566503241,0.5,2.35,9,13.174999999999999,16.666666666666664,790,433.0,BLOQUE INTRACAMPOS,EMPRESA NACIONAL DEL PETROLEO,REGIÓN DE MAGALLANES Y LA ANTÁRTICA CHILENA,PRIMAVERA,Petróleo,Instalación minera,Grande,CATEGORIA A,No identificado,Confirmado,Coincide,Confirmado,Grupo de Yacimientos Zonas Arenal e Intracampos,BATERIA 820,PETRÓLEO,VALIDADO,-68.88136134,-52.83874405,0.005,0.0,sin_clasificar
POL_791,6.905264802263889,0.5,8.25,3.403373317629564,0.75,7.425000000000001,166.82625910867898,0.0,0.0,2046.6573673980074,0.0,0.0,761.3859095033464,0.0,0.0,1484.6713481916834,0.0,0.0,197.11828542041343,0.0,0.0,18.846937490956694,0.25,1.75,0.26030217628024943,1.0,4.7,9,22.125,27.77777777777778,791,433.0,SUBAREAS C1 EN CONTINENTE Y T1 EN TIERRA DEL FUEGO,EMPRESA NACIONAL DEL PETROLEO,REGIÓN DE MAGALLANES Y LA ANTÁRTICA CHILENA,PRIMAVERA,Petróleo,Instalación minera,Grande,CATEGORIA A,No identificado,Posible,Revisar,Confirmado,Grupo de Yacimientos Zonas Arenal e Intracampos,CENTRAL TRES LAGOS N°4,GAS NATURAL,VALIDADO,-68.948146,-52.750342,2.392,0.033,sin_clasificar
POL_792,19.803634825927872,0.25,4.125,12.305207184364614,0.25,2.475,146.63447215628202,0.0,0.0,2062.7473737545974,0.0,0.0,762.820860298647,0.0,0.0,1493.853899652294,0.0,0.0,179.51597050791827,0.0,0.0,7.909631020054902,0.5,3.5,8.50816168096645,0.25,1.175,9,11.275,13.88888888888889,792,116.0,BLOQUE CAMPANARIO,GREGORIO ENERGY TDF SPA,REGIÓN DE MAGALLANES Y LA ANTÁRTICA CHILENA,PRIMAVERA,Petróleo,Instalación minera,Grande,CATEGORIA D,No identificado,Posible,Revisar,Confirmado,BLOQUE CAMPANARIO,POZO RIGBY X-1 (No Perforado),PETRÓLEO,VALIDADO,-69.30624645,-52.90344188,0.459,4.681,sin_clasificar
POL_793,30.459652225749046,0.0,0.0,27.28481473823991,0.0,0.0,149.36294099732018,0.0,0.0,2071.637534169568,0.0,0.0,785.252995583541,0.0,0.0,1509.3839499750088,0.0,0.0,177.8476321250215,0.0,0.0,39.152056295380554,0.0,0.0,9.940362566385927,0.25,1.175,9,1.175,2.7777777777777777,793,433.0,POZOS REINYECTORES DE AGUA AREA ISLA,EMPRESA NACIONAL DEL PETROLEO,REGIÓN DE MAGALLANES Y LA ANTÁRTICA CHILENA,PRIMAVERA,Petróleo,Instalación minera,Grande,CATEGORIA A,No identificado,Posible,Revisar,Confirmado,Grupo de Yacimientos Zonas Arenal e Intracampos,POZO TRES LAGOS 25,PETRÓLEO,VALIDADO,-68.81684733,-52.91977792,4.869,0.0,sin_clasificar
POL_794,30.02597109856005,0.0,0.0,30.531702465356112,0.0,0.0,192.9042766436585,0.0,0.0,1992.660197649219,0.0,0.0,701.364098461434,0.0,0.0,1427.6528933542943,0.0,0.0,261.8845517055899,0.0,0.0,62.35852998210955,0.0,0.0,8.082808672618667,0.25,1.175,9,1.175,2.7777777777777777,794,433.0,POZOS PO T-A PO T-B CO-TA Y CA T-A TERCIARIO POSESION,EMPRESA NACIONAL DEL PETROLEO,REGIÓN DE MAGALLANES Y LA ANTÁRTICA CHILENA,SAN GREGORIO,Petróleo,Instalación minera,Grande,CATEGORIA A,No identificado,Posible,Coincide,Posible,Grupo de Yacimientos Zona Continente y Costa Afuera,POZO POSESIÓN 67,GAS NATURAL,VALIDADO,-69.043179,-52.200728,0.0,2.772,sin_clasificar
POL_795,24.543627261987538,0.25,4.125,24.805146140494987,0.25,2.475,215.5713846888501,0.0,0.0,2005.0456242143575,0.0,0.0,719.1238818250954,0.0,0.0,1442.4114868289337,0.0,0.0,252.47767937886843,0.0,0.0,60.829945655453294,0.0,0.0,11.095775952801947,0.0,0.0,9,6.6,5.555555555555555,795,433.0,YACIMIENTO DANIEL,EMPRESA NACIONAL DEL PETROLEO,REGIÓN DE MAGALLANES Y LA ANTÁRTICA CHILENA,SAN GREGORIO,Petróleo,Mina / faena,Grande,CATEGORIA A,No identificado,Posible,Coincide,Posible,Grupo de Yacimientos Zona Continente y Costa Afuera,CALENTADOR SKUA DANIEL,PETRÓLEO,VALIDADO,-68.789191,-52.2844995,0.058,0.215,sin_clasificar
POL_796,24.326452443523344,0.25,4.125,24.67208012348394,0.25,2.475,199.42356858294573,0.0,0.0,1997.4984877615454,0.0,0.0,708.1705896094732,0.0,0.0,1433.370080002207,0.0,0.0,253.50319238564765,0.0,0.0,57.71244326689667,0.0,0.0,0.04287335638260408,1.0,4.7,9,11.3,16.666666666666664,796,433.0,YACIMIENTO POSESION,EMPRESA NACIONAL DEL PETROLEO,REGIÓN DE MAGALLANES Y LA ANTÁRTICA CHILENA,SAN GREGORIO,Petróleo,Mina / faena,Grande,CATEGORIA A,No identificado,Posible,Revisar,Confirmado,Grupo de Yacimientos Zona Continente y Costa Afuera,CAMPAMENTO POSESIÓN,GAS NATURAL,VALIDADO,-68.96057533,-52.24014267,0.125,0.0,sin_clasificar
POL_797,57.58773764892253,0.0,0.0,52.20034119594772,0.0,0.0,118.51227359676247,0.0,0.0,2106.7279756773332,0.0,0.0,809.2189080047623,0.0,0.0,1539.454387754143,0.0,0.0,152.7177833959804,0.0,0.0,48.10649905062635,0.0,0.0,5.074149521728492,0.25,1.175,9,1.175,2.7777777777777777,797,282.0,POZO EMPRESTITO LA CHIMBA,SERVIAUSTRAL LTDA.,REGIÓN DE MAGALLANES Y LA ANTÁRTICA CHILENA,PORVENIR,Áridos,Extracción de áridos,Grande,CATEGORIA D,No identificado,Posible,Coincide,Sin coincidencia,BLOQUE FLAMENCO,POZO CHERCÁN 3 (No Perforado),GAS NATURAL,VALIDADO,-69.27677043,-53.2144095,0.0,18.644,sin_clasificar
POL_798,5.028166554196181,0.5,8.25,39.529343230874986,0.0,0.0,82.7383313310843,0.0,0.0,2117.416442803258,0.0,0.0,805.1582540357583,0.0,0.0,1540.794601456351,0.0,0.0,131.995415253788,0.0,0.0,0.4838236525092517,1.0,7.0,1.2649084710805243,0.75,3.5250000000000004,9,18.775,25.0,798,520.0,PLANTA COLCAUSA S.A.,COLCAUSA S.A.,REGIÓN DE MAGALLANES Y LA ANTÁRTICA CHILENA,PORVENIR,Cobre,Planta / procesamiento,No informado,CATEGORIA D,No identificado,Revisar,Revisar,Sin coincidencia,LAVADERO DE ORO DANYKA 7,PLANTA DE PROCESAMIENTO,ORO METÁLICO O NATIVO,VALIDADO,-70.357037,-53.315612,1.134,20.096,sin_clasificar
POL_799,46.392808232885436,0.0,0.0,42.00707517027934,0.0,0.0,127.05771556717868,0.0,0.0,2094.671226310976,0.0,0.0,803.224490755738,0.0,0.0,1530.374921705527,0.0,0.0,157.1511343376929,0.0,0.0,44.454298777060984,0.0,0.0,16.220773176542174,0.0,0.0,9,0.0,0.0,799,116.0,BLOQUE FLAMENCO,GREGORIO ENERGY TDF SPA,REGIÓN DE MAGALLANES Y LA ANTÁRTICA CHILENA,PORVENIR,Petróleo,Instalación minera,Grande,CATEGORIA D,No identificado,Posible,Revisar,Confirmado,BLOQUE FLAMENCO,BATERÍA FLAMENCO 7,PETRÓLEO,VALIDADO,-68.82151053,-53.12267678,0.137,0.0,sin_clasificar
POL_800,54.01464973277636,0.0,0.0,49.62515367003738,0.0,0.0,120.34748134467304,0.0,0.0,2103.267635461245,0.0,0.0,810.7761768359494,0.0,0.0,1538.5607637664123,0.0,0.0,150.08214830543963,0.0,0.0,50.087414455775914,0.0,0.0,15.722241486482398,0.0,0.0,9,0.0,0.0,800,119.0,BLOQUE SAN SEBASTIAN,YPF CHILE SA,REGIÓN DE MAGALLANES Y LA ANTÁRTICA CHILENA,PORVENIR,Petróleo,Instalación minera,Grande,CATEGORIA D,No identificado,Posible,Revisar,Confirmado,BLOQUE SAN SEBASTIAN,BODEGAS Y PATIO DE MATERIALES CARPINTERO,PETRÓLEO,VALIDADO,-68.88652661,-53.1716728,1.453,2.028,sin_clasificar
POL_801,58.881120962989456,0.0,0.0,54.48768708523437,0.0,0.0,124.60696200690242,0.0,0.0,2105.3989792000966,0.0,0.0,815.4351629768216,0.0,0.0,1541.8389977965776,0.0,0.0,153.00292042709398,0.0,0.0,57.46431993448835,0.0,0.0,12.356689115761627,0.0,0.0,9,0.0,0.0,801,433.0,POZO AGUILA 1,EMPRESA NACIONAL DEL PETROLEO,REGIÓN DE MAGALLANES Y LA ANTÁRTICA CHILENA,PORVENIR,Petróleo,Instalación minera,Grande,CATEGORIA D,No identificado,Confirmado,Coincide,Confirmado,BLOQUE SAN SEBASTIAN,POZO GAVIOTA NORTE  10,PETRÓLEO,VALIDADO,-68.7203174,-53.20628551,0.005,0.0,sin_clasificar
POL_802,64.86240696459059,0.0,0.0,62.3231622666956,0.0,0.0,109.43082969348657,0.0,0.0,2116.051022412607,0.0,0.0,823.3774734088013,0.0,0.0,1551.353088715036,0.0,0.0,139.59855121322025,0.0,0.0,57.18798261219665,0.0,0.0,1.1172303894704458,0.75,3.5250000000000004,9,3.5250000000000004,8.333333333333332,802,45.0,BLOQUES LENGA Y RUSSFIN,APACHE CHILE ENERGIA SPA,REGIÓN DE MAGALLANES Y LA ANTÁRTICA CHILENA,PORVENIR,Petróleo,Instalación minera,No informado,CATEGORIA D,No identificado,Posible,Revisar,Posible,BLOQUE SAN SEBASTIAN,POZO HUALA X1,PETRÓLEO,VALIDADO,-68.873168,-53.333426,1.766,0.0,sin_clasificar
POL_803,0.8550735880135926,1.0,16.5,0.0,1.0,9.9,173.2534989964391,0.0,0.0,2023.537063073044,0.0,0.0,726.3369342517303,0.0,0.0,1455.9526056590184,0.0,0.0,227.03401706941807,0.0,0.0,25.385486351528463,0.25,1.75,0.011971736382392134,1.0,4.7,9,32.85,36.11111111111111,803,433.0,POZOS ALMEJA J2 Y K,EMPRESA NACIONAL DEL PETROLEO,REGIÓN DE MAGALLANES Y LA ANTÁRTICA CHILENA,PRIMAVERA,Petróleo,Instalación minera,Grande,CATEGORIA A,No identificado,Posible,Revisar,Posible,Grupo de Yacimientos Zona Continente y Costa Afuera,POZO ALMEJA J2,GAS NATURAL,VALIDADO,-69.43404977,-52.45445023,2.052,7.327,sin_clasificar
POL_804,1.6964125421768355,0.75,12.375,0.0,1.0,9.9,9.779651155099529,0.5,6.65,1388.1670629540542,0.0,0.0,61.055779232844884,0.0,0.0,798.0775848757186,0.0,0.0,853.7241243014192,0.0,0.0,14.84771762337424,0.5,3.5,2.5052581839371886,0.5,2.35,9,34.775,36.11111111111111,804,201.0,SONDAJE MINERO JEINIMENI,SOUTHERN GOLD SPA,REGIÓN DE AYSÉN,CHILE CHICO,No informado,Instalación minera,No informado,CATEGORIA C,No identificado,Revisar,Revisar,Sin coincidencia,PROYECTO LOS DOMOS,PROYECTO LOS DOMOS,ORO - PLATA,VALIDADO,-71.75102234,-46.70973594,1.923,2.027,sin_clasificar
POL_805,4.080387656188141,0.75,12.375,0.0,1.0,9.9,8.279876522738324,0.5,6.65,1374.6601099495176,0.0,0.0,44.4571600993417,0.25,4.25,781.6655435689491,0.0,0.0,840.8714027301241,0.0,0.0,18.937759884725892,0.25,1.75,0.0,1.0,4.7,9,39.625,41.66666666666667,805,331.0,MINERA CERRO BAYO,COMPAÑIA MINERA CERRO BAYO SPA,REGIÓN DE AYSÉN,CHILE CHICO,Oro y Plata,Instalación minera,Grande,CATEGORIA C,No identificado,Posible,Revisar,Confirmado,MINA CERRO BAYO,TRANQUE DE RELAVES FACHINAL,PLATA - ORO,VALIDADO,-72.002264,-46.561959,1.128,0.0,sin_clasificar
POL_806,11.328336570050157,0.25,4.125,43.86121429644077,0.0,0.0,26.700741729408247,0.0,0.0,1303.9664716437576,0.0,0.0,0.0,1.0,17.0,714.0538772356821,0.0,0.0,776.8849715444961,0.0,0.0,1.1096348855078675,1.0,7.0,1.2222869228750235,0.75,3.5250000000000004,9,31.65,33.33333333333333,806,732.0,EXTRACCION DE ARIDOS BALMACEDA,S/I,REGIÓN DE AYSÉN,COYHAIQUE,Áridos,Extracción de áridos,No informado,CATEGORIA D,No identificado,Revisar,Revisar,Sin coincidencia,MINA BALMACEDA,MINA BALMACEDA,SULFUROS DE COBRE,VALIDADO,-71.70765975,-45.91070022,1.125,1431.919,sin_clasificar
POL_807,6.752903263443089,0.5,8.25,49.73263993613219,0.0,0.0,8.604822350826543,0.5,6.65,1255.5002255190245,0.0,0.0,23.122812401337917,0.5,8.5,655.6545013534544,0.0,0.0,710.3517489430224,0.0,0.0,9.949559903749028,0.5,3.5,3.9039411161713,0.5,2.35,9,29.25,27.77777777777778,807,733.0,POZO LASTRERO EL RECREO,LUIS PATRICIO ROA MUÑOZ,REGIÓN DE AYSÉN,AYSEN,Áridos,Extracción de áridos,No informado,,No identificado,Revisar,Revisar,Sin coincidencia,,,,VALIDADO,-73.6274305,-45.419398,84.597,,sin_clasificar
POL_808,6.462430691808453,0.5,8.25,49.5599010711631,0.0,0.0,8.728950842414514,0.5,6.65,1255.6805975050543,0.0,0.0,22.55235567447759,0.5,8.5,655.846906824721,0.0,0.0,710.562293515722,0.0,0.0,10.184180048501927,0.5,3.5,3.5717299437295167,0.5,2.35,9,29.25,27.77777777777778,808,734.0,POZO LASTRERO KM 14 PUERTO AYSEN,S/I,REGIÓN DE AYSÉN,AYSEN,Áridos,Extracción de áridos,No informado,CATEGORIA A,No identificado,Revisar,Revisar,Sin coincidencia,FAENA LOS PELAMBRES,PUERTO,COBRE - MOLIBDENO,VALIDADO,-72.543019,-45.39788,0.143,1497.662,sin_clasificar
POL_809,0.22650680814433538,1.0,16.5,48.87784755742643,0.0,0.0,7.82822653855627,0.5,6.65,1253.9674697320156,0.0,0.0,18.369437460407084,0.5,8.5,654.6332453133153,0.0,0.0,710.3056954417472,0.0,0.0,16.957310416679427,0.25,1.75,2.985855818394076,0.5,2.35,9,35.75,30.555555555555557,809,735.0,EXTRACCION DE ARIDOS POZO EL ESPEJO,MARLENE BALBOA ALVAREZ,REGIÓN DE AYSÉN,AYSEN,Áridos,Extracción de áridos,No informado,CATEGORIA D,No identificado,Revisar,Coincide,Sin coincidencia,PROSPECTO ESPEJO,EXPLORACIONES,OXIDOS DE COBRE,VALIDADO,-72.454287,-45.392119,0.0,2448.375,sin_clasificar
POL_810,0.8893756162128277,1.0,16.5,48.6467736386329,0.0,0.0,7.022548972395505,0.5,6.65,1252.6769951250676,0.0,0.0,19.043099449836717,0.5,8.5,653.375007314848,0.0,0.0,709.1245363965782,0.0,0.0,17.800016173659074,0.25,1.75,4.2800507657178715,0.5,2.35,9,35.75,30.555555555555557,810,736.0,EXTRACCION DE ARIDOS - POZO HERNANDEZ,S/I,REGIÓN DE AYSÉN,AYSEN,Áridos,Extracción de áridos,No informado,CATEGORIA C,No identificado,Revisar,Coincide,Sin coincidencia,PROCESAMIENTO DE RELAVES,HERNANDEZ 2,SULFUROS DE COBRE,VALIDADO,-72.444875,-45.379093,0.02,1527.885,sin_clasificar
POL_811,24.38589169049646,0.25,4.125,52.05060265663316,0.0,0.0,200.39313814856197,0.0,0.0,803.9646819910238,0.0,0.0,134.8338258702034,0.0,0.0,30.32583508288968,0.25,3.275,270.651760688457,0.0,0.0,29.027086823548338,0.25,1.75,4.817958718488955,0.5,2.35,9,11.5,13.88888888888889,811,380.0,LAS CENIZAS TALTAL (LAS LUCES),MINERA LAS CENIZAS S.A.,REGIÓN DE ANTOFAGASTA,TALTAL,No informado,Instalación minera,Grande,CATEGORIA A,Posible,Posible,Revisar,Confirmado,LAS CENIZAS TALTAL (LAS LUCES),TRANQUE DE RELAVE,OXIDOS DE COBRE,VALIDADO,-70.526627,-25.68659233,4.125,0.0,sin_clasificar
POL_812,17.452195669868452,0.25,4.125,0.0,1.0,9.9,89.90494101755982,0.0,0.0,602.8797565869904,0.0,0.0,0.0,1.0,17.0,1.1885399009962936,1.0,13.1,415.22249695767914,0.0,0.0,1.8207324792533355,1.0,7.0,1.0369997849579293,0.75,3.5250000000000004,9,54.65,55.55555555555556,812,255.0,PROYECTO MINERO ATACAMA KOZAN- EL BRONCE DE ATACAMA,SOCIEDAD CONTRACTUAL MINERA ATACAMA KOZAN,REGIÓN DE ATACAMA,TIERRA AMARILLA,Cobre,Proyecto / exploración,Grande,CATEGORIA A,No identificado,Posible,Revisar,Confirmado,KOZAN,CHANCADOR PRIMARIO (INTERIOR MINA),OXIDOS DE COBRE,VALIDADO,-70.26994825,-27.43934525,7.026,0.0,sin_clasificar
POL_9990,5.34466687527393,0.5,8.25,26.946240717546015,0.0,0.0,125.09478870300656,0.0,0.0,1337.5230621105336,0.0,0.0,130.18921766447392,0.0,0.0,74.26794614376698,0.0,0.0,46.787278615561924,0.25,1.625,31.84374551340619,0.0,0.0,12.062108177759752,0.0,0.0,9,9.875,8.333333333333332,9990,,Area de mina norte 5 nueva victoria,SQM NITRATOS S.A.,REGIÓN DE TARAPACÁ,POZO ALMONTE,No informado,Mina / faena,No informado,CATEGORIA A,No identificado,Revisar,Revisar,Sin coincidencia,POZO ALMONTE (MINAS  Y FAENA TEA),MINA NORTE,CALICHE (YODO),VALIDADO,-69.81488,-20.81691,,18.209,sin_clasificar
POL_9991,76.7044553261729,0.0,0.0,96.59200681844332,0.0,0.0,155.81611914422498,0.0,0.0,1045.5034063322132,0.0,0.0,86.63631731750233,0.0,0.0,127.85482564370895,0.0,0.0,84.18958412775356,0.0,0.0,37.098916545634324,0.0,0.0,36.80620665011624,0.0,0.0,9,0.0,0.0,9991,,MINA SAN CRISTOBAL,MINERA SAN CRISTOBAL S.A,REGIÓN DE ANTOFAGASTA,SIERRA GORDA,No informado,Mina / faena,No informado,CATEGORIA D,No identificado,Posible,Revisar,Confirmado,MINERA SAN CRISTOBAL S.A.,MINA RAJO ABIERTO,OXIDOS DE COBRE,VALIDADO,-69.54402,-23.54886,,1.296,sin_clasificar
POL_900001,5.1814552300866845,0.5,8.25,3.804474645686469,0.75,7.425000000000001,79.58057741002905,0.0,0.0,73.23461179255574,0.0,0.0,26.041437019400792,0.25,4.25,28.42580115045078,0.25,3.275,570.8232826366888,0.0,0.0,2.9499062612843203,0.75,5.25,2.703200957693037,0.5,2.35,9,30.8,33.33333333333333,900001,307.0,PLANTA PULLALLI,COMPAÑIA MINERA PULLALI LIMITADA,REGIÓN DE VALPARAÍSO,LA LIGUA,Oro y Plata,Mina,No informado,CATEGORIA C,No identificado,Revisar,Revisar,Confirmado,PLANTA PULLALLI,CHANCADO PRIMARIO,ORO METÁLICO O NATIVO,VALIDADO,-71.3203123,-32.39963834,,2.97,sin_clasificar
POL_900002,44.68871747977204,0.0,0.0,35.36357721239374,0.0,0.0,52.67466629797498,0.0,0.0,338.701017548413,0.0,0.0,41.46993074319017,0.25,4.25,11.102955005444992,0.5,6.55,674.3231910696237,0.0,0.0,21.269931882383666,0.25,1.75,11.63985731191863,0.0,0.0,9,12.55,11.11111111111111,900002,276.0,PLANTA CONDORIACO,COMPAÑIA MINERA SAN GERONIMO,REGIÓN DE COQUIMBO,VICUÑA,Cobre,Mina,No informado,CATEGORIA A,No identificado,Revisar,Revisar,Confirmado,FAENA TALCUNA,TALLERES,SULFUROS DE COBRE,VALIDADO,-70.89257683,-29.86922569,,0.0,sin_clasificar
POL_900003,78.98679162759476,0.0,0.0,1.9326254943801382,0.75,7.425000000000001,69.19434860740613,0.0,0.0,1180.5699041668101,0.0,0.0,0.7432592175511487,0.75,12.75,2.745659045127393,0.75,9.825,0.7750208212605653,1.0,6.5,2.7317595172888276,0.75,5.25,0.7211479912789812,0.75,3.5250000000000004,9,45.275,52.77777777777778,900003,27.0,DIVISIÓN MINISTRO HALES,CODELCO,REGIÓN DE ANTOFAGASTA,CALAMA,Cobre,Mina,Grande,CATEGORIA A,No identificado,Revisar,Revisar,Confirmado,CODELCO CHILE DIVISION CHUQUICAMATA,PLANTAS DE OXIGENO,SULFUROS Y ÓXIDOS DE COBRE,VALIDADO,-68.89674866,-22.38784053,,0.0,sin_clasificar
POL_900004,84.06872525916205,0.0,0.0,7.537109073199821,0.5,4.95,69.58363085272306,0.0,0.0,1186.2063218704304,0.0,0.0,0.0,1.0,17.0,8.404495583859667,0.75,9.825,4.468191854079452,0.75,4.875,8.306882643744956,0.5,3.5,0.0,1.0,4.7,9,44.85,50.0,900004,27.0,MINISTRO SUR,CODELCO,REGIÓN DE ANTOFAGASTA,CALAMA,Cobre,Mina,Grande,CATEGORIA A,No identificado,Revisar,Revisar,Confirmado,CODELCO CHILE DIVISION CHUQUICAMATA,PLANTAS DE OXIGENO,SULFUROS Y ÓXIDOS DE COBRE,VALIDADO,-68.90838225,-22.31820042,,0.0,sin_clasificar
POL_900005,92.17917834012937,0.0,0.0,19.013144425269978,0.25,2.475,55.556579074188626,0.0,0.0,1197.877746070832,0.0,0.0,1.7522800942220942,0.75,12.75,20.209052787051075,0.5,6.55,0.8115265095031436,1.0,6.5,19.84820893301375,0.25,1.75,7.2360215983937755,0.25,1.175,9,31.2,33.33333333333333,900005,27.0,RADOMIROC TOMIC,CODELCO,REGIÓN DE ANTOFAGASTA,CALAMA,Cobre,Mina,Grande,CATEGORIA A,No identificado,Revisar,Revisar,Confirmado,CODELCO CHILE DIVISION CHUQUICAMATA,PLANTAS DE OXIGENO,SULFUROS Y ÓXIDOS DE COBRE,VALIDADO,-68.88554957,-22.21541138,,0.0,sin_clasificar
POL_900007,43.641142910820975,0.0,0.0,2.366675389467957,0.75,7.425000000000001,185.11702989755165,0.0,0.0,881.4896311326394,0.0,0.0,183.5234509354411,0.0,0.0,19.025927941332345,0.5,6.55,204.74609813144107,0.0,0.0,6.432331151861011,0.5,3.5,6.9496501431974105,0.25,1.175,9,18.650000000000002,22.22222222222222,900007,,MONTECRISTO,METALURGIA SOLYMET SPA,REGIÓN DE ANTOFAGASTA,TALTAL,Cobre,Mina,No informado,,No identificado,Revisar,Revisar,Sin coincidencia,,,,VALIDADO,-70.3871397,-24.96234028,,,sin_clasificar
POL_900008,9.071837490974728,0.5,8.25,41.23325520135584,0.0,0.0,210.74310794752688,0.0,0.0,1128.1814943701424,0.0,0.0,47.55766831317143,0.25,4.25,128.7455057488421,0.0,0.0,142.5311920215399,0.0,0.0,6.415943753763087,0.5,3.5,6.671862441444777,0.25,1.175,9,17.175,16.666666666666664,900008,,MINA POMPEYA,LARA RAMIREZ LTDA,REGIÓN DE ANTOFAGASTA,MEJILLONES,Cobre,Mina,No informado,,No identificado,Revisar,Revisar,Sin coincidencia,,,,VALIDADO,-70.22101739,-22.75431751,,,sin_clasificar
POL_900009,10.364119466724105,0.25,4.125,42.76180883623365,0.0,0.0,210.83950772510968,0.0,0.0,1131.3157520017044,0.0,0.0,49.05447775893631,0.25,4.25,129.59970226607894,0.0,0.0,143.46297196593758,0.0,0.0,4.0430648268581795,0.75,5.25,4.5966975408333495,0.5,2.35,9,15.975,19.444444444444446,900009,,FAENA MICHILLA - FLORIDA,MINERA HMC S.A.,REGIÓN DE ANTOFAGASTA,MEJILLONES,Cobre,Mina,No informado,,No identificado,Revisar,Revisar,Sin coincidencia,,,,VALIDADO,-70.23401003,-22.72904025,,,sin_clasificar
POL_900010,11.818624688797707,0.25,4.125,44.169736753706225,0.0,0.0,210.2375565475538,0.0,0.0,1132.9004939705476,0.0,0.0,48.87392212704366,0.25,4.25,129.2233581186451,0.0,0.0,143.1107393383634,0.0,0.0,4.138616050275466,0.75,5.25,5.031972329866669,0.25,1.175,9,14.8,16.666666666666664,900010,,CAROLINA,SLM ROJAS Y BLANCO,REGIÓN DE ANTOFAGASTA,MEJILLONES,Cobre,Mina,No informado,,No identificado,Revisar,Revisar,Sin coincidencia,,,,VALIDADO,-70.23122291,-22.71595361,,,sin_clasificar
POL_900011,83.18145045444493,0.0,0.0,67.79742693444503,0.0,0.0,138.26485034870038,0.0,0.0,1178.006435018597,0.0,0.0,0.0,1.0,17.0,68.88657639639442,0.0,0.0,82.11503027085806,0.0,0.0,0.021498488138092874,1.0,7.0,0.41291065261061405,1.0,4.7,9,28.7,33.33333333333333,900011,,PLANTA INDUSTRIAL MARIA ELENA,SQM INDUSTRIAL S.A.,REGIÓN DE ANTOFAGASTA,MARÍA ELENA,Caliche,Planta,No informado,,No identificado,Revisar,Revisar,Sin coincidencia,,,,VALIDADO,-69.65429646,-22.33771431,,,sin_clasificar
POL_900012,27.488962007782575,0.0,0.0,37.56034484769876,0.0,0.0,203.05282829334183,0.0,0.0,1009.1641004434418,0.0,0.0,130.5841238353377,0.0,0.0,112.98723694684607,0.0,0.0,164.80932879444802,0.0,0.0,14.205086100300756,0.5,3.5,14.522450740927244,0.0,0.0,9,3.5,5.555555555555555,900012,,FUNDICIÓN ALTONORTE,COMPLEJO METALURGICO,REGIÓN DE ANTOFAGASTA,ANTOFAGASTA,No informado,Instalación minera,No informado,,No identificado,Revisar,Revisar,Sin coincidencia,,,,VALIDADO,-70.31868002,-23.82572804,,,sin_clasificar
POL_900013,36.96686411078411,0.0,0.0,44.327119684839495,0.0,0.0,181.4881236325442,0.0,0.0,811.5104468503721,0.0,0.0,126.07766134691829,0.0,0.0,23.696545712910275,0.5,6.55,253.1543682267043,0.0,0.0,22.821463526915853,0.25,1.75,19.465685147813197,0.0,0.0,9,8.3,8.333333333333332,900013,,DOÑA ELBA,MINERA LOS PORTALES,REGIÓN DE ANTOFAGASTA,TALTAL,Cobre,Mina,No informado,,No identificado,Revisar,Revisar,Sin coincidencia,,,,VALIDADO,-70.39500996,-25.61205152,,,sin_clasificar
POL_900014,44.39444385785238,0.0,0.0,15.738434159509165,0.25,2.475,173.39534416006313,0.0,0.0,889.9007437606814,0.0,0.0,184.5211134726948,0.0,0.0,27.80554483818477,0.25,3.275,191.74325854759334,0.0,0.0,21.604896870549748,0.25,1.75,21.881664902704784,0.0,0.0,9,7.5,8.333333333333332,900014,,JULIA,MINERA RENACER LTDA,REGIÓN DE ANTOFAGASTA,TALTAL,Cobre,Mina,No informado,,No identificado,Revisar,Revisar,Sin coincidencia,,,,VALIDADO,-70.27032777,-24.90286758,,,sin_clasificar
POL_900015,59.099981344346155,0.0,0.0,21.58445771866204,0.25,2.475,100.32759673781122,0.0,0.0,1064.6128074499848,0.0,0.0,98.08669260319884,0.0,0.0,74.38468272961545,0.0,0.0,7.704898421493113,0.75,4.875,73.78953527641325,0.0,0.0,42.629274760997895,0.0,0.0,9,7.35,11.11111111111111,900015,,DIVISIÓN GABRIELA MISTRAL,CODELCO,REGIÓN DE ANTOFAGASTA,SIERRA GORDA,Cobre,Mina,No informado,,No identificado,Revisar,Revisar,Sin coincidencia,,,,VALIDADO,-68.81120806,-23.42987602,,,sin_clasificar
POL_900016,71.44846668644436,0.0,0.0,57.65963973604428,0.0,0.0,107.84046090191387,0.0,0.0,949.0022649713148,0.0,0.0,183.0652568483691,0.0,0.0,105.72786247105455,0.0,0.0,104.82278515803822,0.0,0.0,108.63503343967218,0.0,0.0,40.046402261842985,0.0,0.0,9,0.0,0.0,900016,,FORTUNA,MINERA MERIDIAN LIMITADA,REGIÓN DE ANTOFAGASTA,ANTOFAGASTA,Oro,Mina,No informado,,No identificado,Revisar,Revisar,Sin coincidencia,,,,VALIDADO,-69.58866285,-24.4194549,,,sin_clasificar
POL_900017,69.88788021385163,0.0,0.0,59.71416116851552,0.0,0.0,109.99085983060176,0.0,0.0,944.1967068538881,0.0,0.0,188.65306288656978,0.0,0.0,100.39725143117197,0.0,0.0,110.06819432913085,0.0,0.0,102.93247733254269,0.0,0.0,34.58974339769926,0.0,0.0,9,0.0,0.0,900017,,EXPLORACIÓN SUBTERRÁNEA LAGUNA,MINERA MERIDIAN,REGIÓN DE ANTOFAGASTA,ANTOFAGASTA,Oro,Mina,No informado,,No identificado,Revisar,Revisar,Sin coincidencia,,,,VALIDADO,-69.62171197,-24.4649605,,,sin_clasificar
POL_900018,70.60080507477427,0.0,0.0,56.77523075753028,0.0,0.0,123.1020019200437,0.0,0.0,820.9177094128815,0.0,0.0,99.38647760371784,0.0,0.0,68.274069488883,0.0,0.0,213.25850235556433,0.0,0.0,67.95078133757735,0.0,0.0,7.680611346465151,0.25,1.175,9,1.175,2.7777777777777777,900018,,ALMANCAYA,LARA RAMIREZ LTDA,REGIÓN DE ANTOFAGASTA,TALTAL,Oro,Mina,No informado,,No identificado,Revisar,Revisar,Sin coincidencia,,,,VALIDADO,-69.81263262,-25.56730727,,,sin_clasificar
POL_900019,51.46709199810993,0.0,0.0,60.22271282449162,0.0,0.0,207.26166603770042,0.0,0.0,1085.238947923576,0.0,0.0,47.54145586480189,0.25,4.25,118.26424261591652,0.0,0.0,123.00977277229552,0.0,0.0,18.85662393524401,0.25,1.75,19.142816346566512,0.0,0.0,9,6.0,5.555555555555555,900019,,PLANTA ERCILLA - CHOPE,"SOCIEDAD LARA Y COMPAÑIA, MONTE DE LUZ LIMITADA",REGIÓN DE ANTOFAGASTA,SIERRA GORDA,Cobre,Mina,No informado,,No identificado,Revisar,Revisar,Sin coincidencia,,,,VALIDADO,-69.9005892,-23.16486961,,,sin_clasificar
POL_900020,4.919939931993964,0.75,12.375,25.267989885110683,0.0,0.0,218.86627284488006,0.0,0.0,1047.1265864649943,0.0,0.0,96.27418647004146,0.0,0.0,151.24842799408654,0.0,0.0,157.17997214122187,0.0,0.0,12.638694226336332,0.5,3.5,11.40972485487195,0.0,0.0,9,15.875,13.88888888888889,900020,,COMAHUE,LUIS GUERRERO GUERRERO,REGIÓN DE ANTOFAGASTA,ANTOFAGASTA,Cobre,Mina,No informado,,No identificado,Revisar,Revisar,Sin coincidencia,,,,VALIDADO,-70.2568807,-23.48937386,,,sin_clasificar
POL_900021,29.697756901407224,0.0,0.0,36.19893289617031,0.0,0.0,207.00055784245575,0.0,0.0,1006.813146314306,0.0,0.0,135.93369954993057,0.0,0.0,109.95320409407294,0.0,0.0,170.25688705224036,0.0,0.0,10.188271141942966,0.5,3.5,10.139771938586644,0.0,0.0,9,3.5,5.555555555555555,900021,,EL WAY,CBB CALES S.A.,REGIÓN DE ANTOFAGASTA,ANTOFAGASTA,Carbonato de calcio,Mina,No informado,,No identificado,Revisar,Revisar,Sin coincidencia,,,,VALIDADO,-70.37843201,-23.84393684,,,sin_clasificar
POL_900022,41.08705101773757,0.0,0.0,20.6326465184321,0.25,2.475,48.13728692791249,0.0,0.0,1173.44584116356,0.0,0.0,50.366887925103114,0.0,0.0,29.410432155327936,0.25,3.275,0.0,1.0,6.5,29.262240019106557,0.25,1.75,24.15745073918105,0.0,0.0,9,14.0,19.444444444444446,900022,,SAN JOSÉ,SOCIEDAD CONSTRUCTORA Y SERVICIOS IÑAKI LTDA.,REGIÓN DE ANTOFAGASTA,CALAMA,Cobre,Mina,No informado,,No identificado,Revisar,Revisar,Sin coincidencia,,,,VALIDADO,-68.43327684,-22.53601233,,,sin_clasificar
POL_900023,93.55755653205267,0.0,0.0,66.67220259955805,0.0,0.0,149.61112127160663,0.0,0.0,1114.3678986812326,0.0,0.0,25.013103256112863,0.25,4.25,62.59198252201028,0.0,0.0,71.86092072106544,0.0,0.0,7.473426158873448,0.5,3.5,4.314546109539421,0.5,2.35,9,10.1,13.88888888888889,900023,,PLANTA COCHRANE,RIPIOS DE SIERRA GORDA,REGIÓN DE ANTOFAGASTA,SIERRA GORDA,Cobre,Mina,No informado,,No identificado,Revisar,Revisar,Sin coincidencia,,,,VALIDADO,-69.37207045,-22.94785375,,,sin_clasificar
POL_900024,7.899518962590179,0.5,8.25,28.51276685871668,0.0,0.0,212.56927484061023,0.0,0.0,1036.5141970535676,0.0,0.0,105.79439983037206,0.0,0.0,140.85046046002256,0.0,0.0,157.76718796693086,0.0,0.0,11.677806177322337,0.5,3.5,11.8983667123122,0.0,0.0,9,11.75,11.11111111111111,900024,,PLANTA BORATOS NUDO URIBE,QUIBORAX S.A.,REGIÓN DE ANTOFAGASTA,ANTOFAGASTA,ULEXITA,Mina,No informado,,No identificado,Revisar,Revisar,Sin coincidencia,,,,VALIDADO,-70.25538112,-23.58801628,,,sin_clasificar
POL_900025,15.03328768747221,0.25,4.125,35.085997360239496,0.0,0.0,212.77702731000394,0.0,0.0,1050.1358695507975,0.0,0.0,89.05763707751672,0.0,0.0,155.75620616412536,0.0,0.0,147.4973855010463,0.0,0.0,22.733683484834238,0.25,1.75,21.345016495715704,0.0,0.0,9,5.875,5.555555555555555,900025,,CONSTANZA,SCM COMPAÑIA MINERA CONSTANZA,REGIÓN DE ANTOFAGASTA,ANTOFAGASTA,Cobre,Mina,No informado,,No identificado,Revisar,Revisar,Sin coincidencia,,,,VALIDADO,-70.16262679,-23.46716533,,,sin_clasificar
POL_900026,78.7639625802169,0.0,0.0,55.58296269570295,0.0,0.0,103.97528708243198,0.0,0.0,975.7360940572843,0.0,0.0,158.88246077884193,0.0,0.0,131.65047531606822,0.0,0.0,79.66824786161666,0.0,0.0,103.05753734087024,0.0,0.0,36.90774152011326,0.0,0.0,9,0.0,0.0,900026,,PAMPA AUGUSTA VICTORIA,MINERA MERIDIAN LIMITADA,REGIÓN DE ANTOFAGASTA,ANTOFAGASTA,Oro,Mina,No informado,,No identificado,Revisar,Revisar,Sin coincidencia,,,,VALIDADO,-69.42977247,-24.19530969,,,sin_clasificar
POL_900028,18.80246847017622,0.25,4.125,11.36159717418191,0.25,2.475,82.09093527524357,0.0,0.0,1584.4457057255481,0.0,0.0,375.47630362333354,0.0,0.0,77.70788241203367,0.0,0.0,54.7275404370457,0.0,0.0,15.915322719711472,0.25,1.75,12.027237683435606,0.0,0.0,9,8.35,8.333333333333332,900028,,SANTA EMA,SOC.MINERA SANTA EMA SPA.,REGIÓN DE ARICA Y PARINACOTA,ARICA,Cobre,Mina,No informado,,No identificado,Revisar,Revisar,Sin coincidencia,,,,VALIDADO,-70.2218644,-18.63648582,,,sin_clasificar
POL_900029,21.402944980322832,0.25,4.125,0.0,1.0,9.9,112.00707935766198,0.0,0.0,629.6217814437217,0.0,0.0,16.008018157607957,0.5,8.5,8.439662263106086,0.75,9.825,398.25091233544356,0.0,0.0,6.5554151917119565,0.5,3.5,1.8930743623476647,0.75,3.5250000000000004,9,39.37499999999999,41.66666666666667,900029,,BELLAVISTA,GLOBAL COMODITIES SPA,REGIÓN DE ATACAMA,COPIAPO,Hierro,Mina,No informado,,No identificado,Revisar,Revisar,Sin coincidencia,,,,VALIDADO,-70.39704074,-27.25048305,,,sin_clasificar
POL_900030,50.05844465482241,0.0,0.0,9.40391609503014,0.5,4.95,79.9442127026322,0.0,0.0,454.4036105399916,0.0,0.0,22.637346877311185,0.5,8.5,24.148032680660798,0.5,6.55,571.3052504271171,0.0,0.0,15.799718275920391,0.25,1.75,16.279894497039326,0.0,0.0,9,21.75,19.444444444444446,900030,,EL ALGARROBO,ARAYA HERMANOS S.A.,REGIÓN DE ATACAMA,VALLENAR,Hierro,Mina,No informado,,No identificado,Revisar,Revisar,Sin coincidencia,,,,VALIDADO,-70.98504643,-28.80752513,,,sin_clasificar
POL_900031,17.016857261042688,0.25,4.125,0.0,1.0,9.9,100.54575343799017,0.0,0.0,498.98757422017627,0.0,0.0,8.648582034280608,0.5,8.5,12.144138440742504,0.5,6.55,531.24219260998,0.0,0.0,11.934424809944518,0.5,3.5,15.310438705742653,0.0,0.0,9,32.575,30.555555555555557,900031,,FILIPINA NORTE - CAMINADA,JOSE LUIS CRESPO GARCIA,REGIÓN DE ATACAMA,FREIRINA,Cobre,Mina,No informado,,No identificado,Revisar,Revisar,Sin coincidencia,,,,VALIDADO,-70.88280425,-28.41011293,,,sin_clasificar
POL_900032,51.41924072881747,0.0,0.0,0.0,1.0,9.9,127.49165233878082,0.0,0.0,730.8151792044921,0.0,0.0,50.40794193227793,0.0,0.0,3.5178277522194334,0.75,9.825,297.3209360454109,0.0,0.0,2.0341708743117515,0.75,5.25,3.2697816529625885,0.5,2.35,9,27.325000000000003,33.33333333333333,900032,,DIEGO DE ALMEYDA,COMPAÑIA MINERA POTRERILLOS LTDA,REGIÓN DE ATACAMA,DIEGO DE ALMAGRO,Cobre,Mina,No informado,,No identificado,Revisar,Revisar,Sin coincidencia,,,,VALIDADO,-70.01302854,-26.36178305,,,sin_clasificar
POL_900033,7.996759008920682,0.5,8.25,5.329667322715531,0.5,4.95,140.06506403250268,0.0,0.0,572.2697360065649,0.0,0.0,24.71287781208739,0.5,8.5,3.4851524422678053,0.75,9.825,480.4677831631042,0.0,0.0,37.07354942206173,0.0,0.0,10.241506475604927,0.0,0.0,9,31.525,25.0,900033,,EL CRISTO,CALIDRA CHILE IMPORTACIONES MINERALES SPA,REGIÓN DE ATACAMA,COPIAPO,Carbonato de calcio,Mina,No informado,,No identificado,Revisar,Revisar,Sin coincidencia,,,,VALIDADO,-71.00851507,-27.76254482,,,sin_clasificar
POL_900034,117.07819958722308,0.0,0.0,0.0,1.0,9.9,2.326336601273546,0.5,6.65,430.4931932185588,0.0,0.0,116.47649578212427,0.0,0.0,22.38996306196747,0.5,6.55,551.878096155568,0.0,0.0,42.0819568888787,0.0,0.0,23.22909842665513,0.0,0.0,9,23.1,22.22222222222222,900034,,EL ENCIERRO,ANTOFAGASTA MINERALS,REGIÓN DE ATACAMA,ALTO DEL CARMÉN,Cobre,Mina,No informado,,No identificado,Revisar,Revisar,Sin coincidencia,,,,VALIDADO,-69.88003317,-29.08047788,,,sin_clasificar
POL_900035,18.470339521780254,0.25,4.125,10.173322997373793,0.25,2.475,145.2555060245719,0.0,0.0,679.9246128519688,0.0,0.0,70.84833430511326,0.0,0.0,36.7501102233246,0.25,3.275,368.1493433855803,0.0,0.0,34.833213142405185,0.0,0.0,14.708717829125177,0.0,0.0,9,9.875,8.333333333333332,900035,,TERNERA - EL ZORRO,EL ZORRO S.C.M.,REGIÓN DE ATACAMA,CALDERA,Oro,Mina,No informado,,No identificado,Revisar,Revisar,Sin coincidencia,,,,VALIDADO,-70.59082238,-26.78423359,,,sin_clasificar
POL_900036,39.62312424583921,0.0,0.0,3.310859876615548,0.75,7.425000000000001,85.99940786895303,0.0,0.0,446.5157790573253,0.0,0.0,31.313273253874904,0.25,4.25,23.411854554858373,0.5,6.55,588.9208977155264,0.0,0.0,19.070074113627584,0.25,1.75,19.919627050297834,0.0,0.0,9,19.975,19.444444444444446,900036,,LA CUESTA - FELIPE,COMPAÑIA MINERA CHIPANA S.A.,REGIÓN DE ATACAMA,FREIRINA,Cobre,Mina,No informado,,No identificado,Revisar,Revisar,Sin coincidencia,,,,VALIDADO,-71.08918439,-28.90266461,,,sin_clasificar
POL_900037,4.657884408563293,0.75,12.375,0.0,1.0,9.9,94.41995626053902,0.0,0.0,592.5943712430259,0.0,0.0,0.0,1.0,17.0,9.248291805626971,0.75,9.825,426.8468529084563,0.0,0.0,8.788780872077453,0.5,3.5,6.492768582179714,0.25,1.175,9,53.77499999999999,47.22222222222222,900037,,LA FAROLA,SOCIEDAD TORRES FENERO LTDA,REGIÓN DE ATACAMA,COPIAPO,Cobre,Mina,No informado,,No identificado,Revisar,Revisar,Sin coincidencia,,,,VALIDADO,-70.35528891,-27.58951346,,,sin_clasificar
POL_900038,23.453085092652646,0.25,4.125,0.9432392287105767,1.0,9.9,92.18685310101601,0.0,0.0,612.5485418592818,0.0,0.0,0.0,1.0,17.0,0.22655881642332704,1.0,13.1,406.49280323981145,0.0,0.0,0.7115315135645229,1.0,7.0,4.861732448626436,0.5,2.35,9,53.475,52.77777777777778,900038,,EX-FUNDICIÓN HERNÁN VIDELA LIRA,ENAMI,REGIÓN DE ATACAMA,COPIAPO,Cobre,Mina,No informado,,No identificado,Revisar,Revisar,Sin coincidencia,,,,VALIDADO,-70.25729639,-27.42007331,,,sin_clasificar
POL_900039,34.57628749118356,0.0,0.0,19.028003333266394,0.25,2.475,127.64347043869311,0.0,0.0,683.1276922669676,0.0,0.0,65.27200710687409,0.0,0.0,52.138070999503924,0.0,0.0,356.08615787277563,0.0,0.0,37.71017682402054,0.0,0.0,34.37127494924092,0.0,0.0,9,2.475,2.7777777777777777,900039,,PLANTA MINERA ANITA - HELENA,SOCIEDAD MINERA HELENA EXPLORACIONES,REGIÓN DE ATACAMA,CHAÑARAL,Cobre,Mina,No informado,,No identificado,Revisar,Revisar,Sin coincidencia,,,,VALIDADO,-70.38650049,-26.76836094,,,sin_clasificar
POL_900040,39.481527049553335,0.0,0.0,17.722891701490585,0.25,2.475,159.95234032456779,0.0,0.0,774.7813521212307,0.0,0.0,79.15516636951398,0.0,0.0,47.36898091837101,0.25,3.275,263.34158283096247,0.0,0.0,46.599027287686965,0.0,0.0,47.52708597423112,0.0,0.0,9,5.75,5.555555555555555,900040,,IRON BLACK - SAN GABRIEL,BLACKANT MINERALS SPA,REGIÓN DE ATACAMA,CHAÑARAL,Cobre,Mina,No informado,,No identificado,Revisar,Revisar,Sin coincidencia,,,,VALIDADO,-70.10575559,-25.94279532,,,sin_clasificar
POL_900041,52.97452959347084,0.0,0.0,0.0,1.0,9.9,66.61605440207498,0.0,0.0,474.6164103575078,0.0,0.0,36.59739618599156,0.25,4.25,3.1036342817276075,0.75,9.825,542.5176885118922,0.0,0.0,10.375905177740943,0.5,3.5,3.036948656413597,0.5,2.35,9,29.825000000000003,33.33333333333333,900041,,LA MALLOCA - LA FAMOSA,INVERSIONES NUTRAM SPA,REGIÓN DE ATACAMA,VALLENAR,Cobre,Mina,No informado,,No identificado,Revisar,Revisar,Sin coincidencia,,,,VALIDADO,-70.63394993,-28.64854272,,,sin_clasificar
POL_900042,21.381321034921832,0.25,4.125,0.8074893512786848,1.0,9.9,90.37142147879383,0.0,0.0,608.5137247264312,0.0,0.0,0.0,1.0,17.0,0.6906679479393202,1.0,13.1,409.96086643586085,0.0,0.0,0.5409495819873639,1.0,7.0,1.3260380618576444,0.75,3.5250000000000004,9,54.65,55.55555555555556,900042,,MANTOS DE COBRE,SOCIEDAD PUNTA DEL COBRE S.A.,REGIÓN DE ATACAMA,TIERRA AMARILLA,Cobre,Mina,No informado,,No identificado,Revisar,Revisar,Sin coincidencia,,,,VALIDADO,-70.25740193,-27.45696663,,,sin_clasificar
POL_900043,18.76117345332405,0.25,4.125,0.0,1.0,9.9,97.89281296477637,0.0,0.0,612.5641857641992,0.0,0.0,0.0,1.0,17.0,2.460887656478637,0.75,9.825,409.5908089480249,0.0,0.0,2.1867862224372834,0.75,5.25,2.9727734145259643,0.5,2.35,9,48.449999999999996,47.22222222222222,900043,,PLANTA VIÑITA AZUL - COYOTE,S.C.M COYOTE,REGIÓN DE ATACAMA,COPIAPO,Cobre,Mina,No informado,,No identificado,Revisar,Revisar,Sin coincidencia,,,,VALIDADO,-70.32124806,-27.4169907,,,sin_clasificar
POL_900044,29.880792565215927,0.0,0.0,7.90557303239564,0.5,4.95,92.28122045141296,0.0,0.0,620.0180793431562,0.0,0.0,0.270448171020336,1.0,17.0,7.218061004822185,0.75,9.825,398.96134724951384,0.0,0.0,5.264093319181236,0.5,3.5,1.5920943054624015,0.75,3.5250000000000004,9,38.8,38.88888888888889,900044,,PLANTA DE CAL COPIAPÓ CEMENTOS BIO BIO,INACAL S.A.,REGIÓN DE ATACAMA,COPIAPO,Carbonato de Calcio,Mina,No informado,,No identificado,Revisar,Revisar,Sin coincidencia,,,,VALIDADO,-70.22170937,-27.3583033,,,sin_clasificar
POL_900045,16.491347087839596,0.25,4.125,0.0,1.0,9.9,101.38965501946218,0.0,0.0,614.0527868876931,0.0,0.0,2.7524602851153497,0.75,12.75,1.970594423233914,1.0,13.1,409.7324251300051,0.0,0.0,1.6136254223727888,1.0,7.0,3.0387231699784194,0.5,2.35,9,49.225,50.0,900045,,PLANTA MARAY,HERNAN GONZALEZ SALAZAR,REGIÓN DE ATACAMA,COPIAPO,Cobre,Mina,No informado,,No identificado,Revisar,Revisar,Sin coincidencia,,,,VALIDADO,-70.34950031,-27.40143278,,,sin_clasificar
POL_900046,19.192433587687287,0.25,4.125,0.0326404876796911,1.0,9.9,89.13835969085831,0.0,0.0,604.4351659648722,0.0,0.0,0.0,1.0,17.0,0.22744870269135758,1.0,13.1,413.4192367004458,0.0,0.0,0.17871211447316207,1.0,7.0,0.056571698078658486,1.0,4.7,9,55.825,58.333333333333336,900046,,PLANTA PEDRO AGUIRRE CERDA CCMC,C.C. MINERA OJOS DEL SALADO,REGIÓN DE ATACAMA,TIERRA AMARILLA,Cobre,Mina,No informado,,No identificado,Revisar,Revisar,Sin coincidencia,,,,VALIDADO,-70.25861897,-27.49409753,,,sin_clasificar
POL_900047,31.553373813296783,0.0,0.0,0.0,1.0,9.9,142.69091145448664,0.0,0.0,722.103911634618,0.0,0.0,79.91726733065778,0.0,0.0,25.587296829495436,0.25,3.275,321.1592510228837,0.0,0.0,0.3630425259576984,1.0,7.0,26.29861377744611,0.0,0.0,9,20.175,25.0,900047,,PLANTA RIOSAL,MINERO SALADO SPA,REGIÓN DE ATACAMA,CHAÑARAL,Cobre,Mina,No informado,,No identificado,Revisar,Revisar,Sin coincidencia,,,,VALIDADO,-70.30919068,-26.42727932,,,sin_clasificar
POL_900048,54.8013831445986,0.0,0.0,17.663575561910182,0.25,2.475,65.66366858162753,0.0,0.0,440.31014783670815,0.0,0.0,44.26773582319973,0.25,4.25,8.85724135246279,0.75,9.825,584.2097656007004,0.0,0.0,0.0,1.0,7.0,0.0,1.0,4.7,9,28.249999999999996,36.11111111111111,900048,,RELAVE DOMEYKO,DMC SPA,REGIÓN DE ATACAMA,HUACO,Oro,Mina,No informado,,No identificado,Revisar,Revisar,Sin coincidencia,,,,VALIDADO,-70.8874809,-28.95485327,,,sin_clasificar
POL_900049,34.327427716492245,0.0,0.0,15.639944891381305,0.25,2.475,132.57558742676366,0.0,0.0,686.9336780647825,0.0,0.0,69.99977928471397,0.0,0.0,52.55788509744994,0.0,0.0,356.492953071051,0.0,0.0,35.796480183336925,0.0,0.0,30.757495591366542,0.0,0.0,9,2.475,2.7777777777777777,900049,,SALITROSA,SOCIEDAD CONTRACTUAL MINERA KAMIKASE,REGIÓN DE ATACAMA,CHAÑARAL,Hierro,Mina,No informado,,No identificado,Revisar,Revisar,Sin coincidencia,,,,VALIDADO,-70.4240039,-26.73854082,,,sin_clasificar
POL_900050,20.01636545392695,0.25,4.125,0.18944121411006734,1.0,9.9,90.1409366657771,0.0,0.0,606.4744884692243,0.0,0.0,0.0,1.0,17.0,0.1650154946108601,1.0,13.1,411.59532446915233,0.0,0.0,0.0,1.0,7.0,0.20054007202946553,1.0,4.7,9,55.825,58.333333333333336,900050,,SANTOS,C.C. MINERA OJOS DEL SALADO,REGIÓN DE ATACAMA,TIERRA AMARILLA,Cobre,Mina,No informado,,No identificado,Revisar,Revisar,Sin coincidencia,,,,VALIDADO,-70.26086793,-27.47354869,,,sin_clasificar
POL_900051,28.681377424602523,0.0,0.0,21.417517139359493,0.25,2.475,65.86984119689465,0.0,0.0,345.9885723455721,0.0,0.0,43.680574158133304,0.25,4.25,16.656900024185926,0.5,6.55,672.419336445315,0.0,0.0,7.1124909323763585,0.5,3.5,7.7838910802340795,0.25,1.175,9,17.95,19.444444444444446,900051,,SAN ANTONIO - CARACOLES,CIA MIRA SAN GERONIMO,REGIÓN DE COQUIMBO,LA SERENA,Cobre,Mina,No informado,,No identificado,Revisar,Revisar,Sin coincidencia,,,,VALIDADO,-71.03633438,-29.79879233,,,sin_clasificar
POL_900052,16.601459180449666,0.25,4.125,8.541135644372174,0.5,4.95,76.35510945345995,0.0,0.0,396.70510963578784,0.0,0.0,81.68121168007096,0.0,0.0,34.662304746773465,0.25,3.275,634.3588680803681,0.0,0.0,9.763119315919646,0.5,3.5,14.82146665997516,0.0,0.0,9,15.85,16.666666666666664,900052,,PLANTA SAN ALEJANDRO (EX TRAPICHE),FMA/P,REGIÓN DE COQUIMBO,LA HIGUERA,Cobre,Mina,No informado,,No identificado,Revisar,Revisar,Sin coincidencia,,,,VALIDADO,-71.12298619,-29.35731617,,,sin_clasificar
POL_900053,17.22112272885938,0.25,4.125,38.96665666776098,0.0,0.0,39.86394833923084,0.0,0.0,299.0794523176284,0.0,0.0,8.038573213930682,0.5,8.5,10.501984180836851,0.5,6.55,713.7729702474588,0.0,0.0,10.21552707334532,0.5,3.5,9.309849355882456,0.25,1.175,9,23.85,22.22222222222222,900053,,YESO CORRAL,YESOS ANDINOS SPA,REGIÓN DE COQUIMBO,VICUÑA,Yeso,Mina,No informado,,No identificado,Revisar,Revisar,Sin coincidencia,,,,VALIDADO,-70.96514561,-30.23107185,,,sin_clasificar
POL_900054,14.908615052106569,0.25,4.125,6.929111898997745,0.5,4.95,81.08388993525885,0.0,0.0,346.4426391201628,0.0,0.0,42.670527483800996,0.25,4.25,11.529404998038927,0.5,6.55,681.7915482559591,0.0,0.0,6.17660849923261,0.5,3.5,7.208666834332655,0.25,1.175,9,24.55,25.0,900054,,ESCUKA EL BRILLADOR,CIA MIRA SAN GERONIMO,REGIÓN DE COQUIMBO,LA SERENA,Cobre,Mina,No informado,,No identificado,Revisar,Revisar,Sin coincidencia,,,,VALIDADO,-71.19447056,-29.81353599,,,sin_clasificar
POL_900055,16.18280778249,0.25,4.125,8.985245194312755,0.5,4.95,76.8416845472628,0.0,0.0,397.02940978996713,0.0,0.0,81.63371938582146,0.0,0.0,34.231087519146534,0.25,3.275,634.5171397978116,0.0,0.0,10.234497892428493,0.5,3.5,14.735415007888925,0.0,0.0,9,15.85,16.666666666666664,900055,,SANTA ROSA - ESTRELLA ORIENTAL,SOCIEDAD HLY MINERA LTDA,REGIÓN DE COQUIMBO,LA HIGUERA,Cobre,Mina,No informado,,No identificado,Revisar,Revisar,Sin coincidencia,,,,VALIDADO,-71.12833711,-29.35569939,,,sin_clasificar
POL_900056,13.633641210143509,0.25,4.125,10.71684725097674,0.25,2.475,79.02542082414105,0.0,0.0,398.42669670941797,0.0,0.0,79.9977530034087,0.0,0.0,31.632598375312714,0.25,3.275,634.1463600275546,0.0,0.0,12.17324579547299,0.5,3.5,13.975625163172978,0.0,0.0,9,13.375,13.88888888888889,900056,,PLANTA SANTO DOMINGO,TERRAMINERALES CHILE SPA,REGIÓN DE COQUIMBO,LA HIGUERA,Manganeso,Mina,No informado,,No identificado,Revisar,Revisar,Sin coincidencia,,,,VALIDADO,-71.14963262,-29.34279694,,,sin_clasificar
POL_900057,25.75633995506391,0.0,0.0,25.756336713933802,0.0,0.0,63.747491884829934,0.0,0.0,245.70908170042105,0.0,0.0,48.04468745644797,0.25,4.25,10.882945271925035,0.5,6.55,755.5232877738418,0.0,0.0,10.02319215966234,0.5,3.5,8.084442679941068,0.25,1.175,9,15.475000000000001,16.666666666666664,900057,,CINABRO - SAN ANDRÉS,MINERA BMR SPA,REGIÓN DE COQUIMBO,OVALLE,Cobre,Mina,No informado,,No identificado,Revisar,Revisar,Sin coincidencia,,,,VALIDADO,-71.21465685,-30.72310724,,,sin_clasificar
POL_900058,17.66709737577559,0.25,4.125,7.990349292832894,0.5,4.95,75.27068148854619,0.0,0.0,396.0204478537724,0.0,0.0,82.55208466947754,0.0,0.0,35.735262977031525,0.25,3.275,634.6795417385886,0.0,0.0,9.043526879271356,0.5,3.5,15.33169342028206,0.0,0.0,9,15.85,16.666666666666664,900058,,FAENA CLAUDIO ALBERTO- PLANTA RIVERA,COMPAÑÍA MINERA CLAUDIO ALBERTO ISA,REGIÓN DE COQUIMBO,LA HIGUERA,Cobre,Mina,No informado,,No identificado,Revisar,Revisar,Sin coincidencia,,,,VALIDADO,-71.11542299,-29.36386549,,,sin_clasificar
POL_900059,47.382897577792654,0.0,0.0,36.99802870438707,0.0,0.0,50.05970477304348,0.0,0.0,335.32802774917843,0.0,0.0,39.28754378302293,0.25,4.25,9.82326655553752,0.75,9.825,677.4120415333178,0.0,0.0,19.808516207231367,0.25,1.75,8.591225900022016,0.25,1.175,9,17.0,16.666666666666664,900059,,FAENA DELIRIO -EL TAMBOR,COMPAÑIA MINERA DELIRIO,REGIÓN DE COQUIMBO,VICUÑA,Cobre,Mina,No informado,,No identificado,Revisar,Revisar,Sin coincidencia,,,,VALIDADO,-70.8766362,-29.9023713,,,sin_clasificar
POL_900060,45.68557777508549,0.0,0.0,35.580047873784935,0.0,0.0,51.294167887645784,0.0,0.0,336.35109880618046,0.0,0.0,39.49335055830988,0.25,4.25,9.423233205835055,0.75,9.825,676.2582622485901,0.0,0.0,21.30889776761522,0.25,1.75,9.320702890332647,0.25,1.175,9,17.0,16.666666666666664,900060,,EMELINA - TALCUNA,ENAMI,REGIÓN DE COQUIMBO,VICUÑA,Cobre,Mina,No informado,,No identificado,Revisar,Revisar,Sin coincidencia,,,,VALIDADO,-70.88819268,-29.8909294,,,sin_clasificar
POL_900061,25.186742486169994,0.0,0.0,32.53812456988896,0.0,0.0,56.547122779403985,0.0,0.0,272.6440361036161,0.0,0.0,20.903581967875862,0.5,8.5,12.791248288355813,0.5,6.55,745.3841096968814,0.0,0.0,12.15770206356684,0.5,3.5,3.0664438580525313,0.5,2.35,9,20.900000000000002,22.22222222222222,900061,,FAENA ESCOBA - MASERVI,DANIEL FERNANDEZ GIZZI,REGIÓN DE COQUIMBO,OVALLE,Cobre,Mina,No informado,,No identificado,Revisar,Revisar,Sin coincidencia,,,,VALIDADO,-71.12801721,-30.48019742,,,sin_clasificar
POL_900062,10.758483766350338,0.25,4.125,5.578363122064965,0.5,4.95,75.37951760361611,0.0,0.0,110.21122080238214,0.0,0.0,67.81211681991564,0.0,0.0,21.524689379106213,0.5,6.55,613.1958144681313,0.0,0.0,17.94766154451496,0.25,1.75,9.154089873016092,0.25,1.175,9,18.55,19.444444444444446,900062,,CALIZAS DE QUILIMARI,EXPLOTADORA DE MINAS SPA,REGIÓN DE COQUIMBO,LOS VILOS,Carbonato de calcio,Mina,No informado,,No identificado,Revisar,Revisar,Sin coincidencia,,,,VALIDADO,-71.30427439,-32.01959061,,,sin_clasificar
POL_900063,40.57414671165143,0.0,0.0,26.272986417417155,0.0,0.0,55.26341841369386,0.0,0.0,327.71372238140447,0.0,0.0,27.0067618268582,0.25,4.25,2.2419494106195983,0.75,9.825,689.2681376654091,0.0,0.0,15.095140903208367,0.25,1.75,2.188091601374129,0.5,2.35,9,18.175,19.444444444444446,900063,,FAENA LINDEROS,COMPAÑIA MINERA RINCONADA SPA,REGIÓN DE COQUIMBO,VICUÑA,Cobre,Mina,No informado,,No identificado,Revisar,Revisar,Sin coincidencia,,,,VALIDADO,-70.99643114,-29.97357469,,,sin_clasificar
POL_900064,16.982868979130366,0.25,4.125,8.296662950357593,0.5,4.95,76.04456456660726,0.0,0.0,396.62590638392226,0.0,0.0,81.97675897579819,0.0,0.0,35.04109803800712,0.25,3.275,634.4131888414208,0.0,0.0,9.49880286494654,0.5,3.5,15.108205543794368,0.0,0.0,9,15.85,16.666666666666664,900064,,FAENA SOR TERESA,INDUSTRIA MIERA EL TRAPICHE SPA,REGIÓN DE COQUIMBO,LA HIGUERA,Cobre,Mina,No informado,,No identificado,Revisar,Revisar,Sin coincidencia,,,,VALIDADO,-71.12104794,-29.35901121,,,sin_clasificar
POL_900065,22.20452880988839,0.25,4.125,3.1363703996841976,0.75,7.425000000000001,70.58552728221805,0.0,0.0,395.96280225083297,0.0,0.0,82.07381937793977,0.0,0.0,38.8458952843988,0.25,3.275,631.6300447116848,0.0,0.0,3.8867514999178807,0.75,5.25,15.144158862656633,0.0,0.0,9,20.075000000000003,22.22222222222222,900065,,FAENA TESORO,SOCIEDAD LEGAL MINERA TESORO,REGIÓN DE COQUIMBO,LA HIGUERA,Cobre,Mina,No informado,,No identificado,Revisar,Revisar,Sin coincidencia,,,,VALIDADO,-71.06393521,-29.3601213,,,sin_clasificar
POL_900066,20.532992552555744,0.25,4.125,11.798751330958954,0.25,2.475,76.50384230684429,0.0,0.0,344.7128122569885,0.0,0.0,41.13757415431289,0.25,4.25,12.906375274788683,0.5,6.55,681.2638774440292,0.0,0.0,2.0948919880419927,0.75,5.25,2.3329701726245187,0.5,2.35,9,25.0,27.77777777777778,900066,,ISABEL,RIGOBERTO ALFARO,REGIÓN DE COQUIMBO,LA SERENA,Cobre,Mina,No informado,,No identificado,Revisar,Revisar,Sin coincidencia,,,,VALIDADO,-71.14300864,-29.82861756,,,sin_clasificar
POL_900067,10.167124502277378,0.25,4.125,5.919114580443299,0.5,4.95,152.30705900401972,0.0,0.0,1335.6967706512798,0.0,0.0,126.01488158805911,0.0,0.0,100.36509200225606,0.0,0.0,81.2331470841791,0.0,0.0,24.39684183242853,0.25,1.75,8.595438486782756,0.25,1.175,9,12.0,13.88888888888889,900067,,CHOLITO - ESPERANZA,CHRISTIAN FLETCHER RAMIREZ,REGIÓN DE TARAPACÁ,IQUIQUE,Salmuera,Mina,No informado,,No identificado,Revisar,Revisar,Sin coincidencia,,,,VALIDADO,-70.05284482,-20.89012797,,,sin_clasificar
POL_900068,12.163817655568609,0.25,4.125,16.330239003328572,0.25,2.475,112.6883255303449,0.0,0.0,1329.4736362379435,0.0,0.0,125.72903054114502,0.0,0.0,64.77137335385818,0.0,0.0,49.38301413616708,0.25,1.625,58.752834173028766,0.0,0.0,7.768853504290886,0.25,1.175,9,9.4,11.11111111111111,900068,,LAGUNAS,ACF. MINERA S.A.,REGIÓN DE TARAPACÁ,POZO ALMONTE,Caliche,Mina,No informado,,No identificado,Revisar,Revisar,Sin coincidencia,,,,VALIDADO,-69.68500491,-20.96830017,,,sin_clasificar
POL_900070,1.3947590625450224,0.75,12.375,0.0,1.0,9.9,169.3963715903793,0.0,0.0,1343.8986528473579,0.0,0.0,134.65144961943767,0.0,0.0,116.68942549171861,0.0,0.0,92.12681375160918,0.0,0.0,10.729922131781965,0.5,3.5,0.0,1.0,4.7,9,30.474999999999998,36.11111111111111,900070,,PUERTO PATACHE - COLLAHUASI,COLLAHUASI,REGIÓN DE TARAPACÁ,IQUIQUE,No informado,Puerto,No informado,,Sí,Revisar,Revisar,Sin coincidencia,,,,VALIDADO,-70.20099147,-20.8073189,,,sin_clasificar
POL_900071,3.395610405235672,0.75,12.375,3.0152153100367505,0.75,7.425000000000001,168.84834526537904,0.0,0.0,1346.7755263378735,0.0,0.0,137.45898691590304,0.0,0.0,113.79353304624912,0.0,0.0,88.9484231155738,0.0,0.0,7.930877636370614,0.5,3.5,1.1706431720270303,0.75,3.5250000000000004,9,26.825000000000003,30.555555555555557,900071,,PUERTO PATACHE - QUEBRADA BLANCA,COMPAÑIA MARÍA TECK QUEBRADA BLANCA S.A.,REGIÓN DE TARAPACÁ,IQUIQUE,Cobre,Mina,No informado,,No identificado,Revisar,Revisar,Sin coincidencia,,,,VALIDADO,-70.18543264,-20.78424923,,,sin_clasificar
POL_900072,6.128211133961662,0.5,8.25,0.0,1.0,9.9,45.1383606327206,0.0,0.0,25.207367296099722,0.0,0.0,22.623279598198728,0.5,8.5,24.563473265680702,0.5,6.55,534.4523538624929,0.0,0.0,3.2125429531811607,0.75,5.25,0.46044004485640927,1.0,4.7,9,43.15,47.22222222222222,900072,,BROWNFIELD CATEMU,SOCIEDAD EXPLORACIÓN Y DESARROLLO MINERO (EXPLODESA),REGIÓN DE VALPARAÍSO,CATEMU,Cobre,Mina,No informado,,No identificado,Revisar,Revisar,Sin coincidencia,,,,VALIDADO,-70.97610723,-32.73095974,,,sin_clasificar
POL_900073,3.7559493499360603,0.75,12.375,3.828436186746399,0.75,7.425000000000001,92.22709287467383,0.0,0.0,56.05722512971718,0.0,0.0,0.0,1.0,17.0,26.029975162917058,0.25,3.275,530.5715491356267,0.0,0.0,0.05396556189254194,1.0,7.0,1.0464439447805676,0.75,3.5250000000000004,9,50.599999999999994,50.0,900073,,MAESTRANZA - EX FUNDICIÓN VENTANAS,CODELCO,REGIÓN DE VALPARAÍSO,PUCHUNCAVI,Cobre,Fundición,No informado,,No identificado,Revisar,Revisar,Sin coincidencia,,,,VALIDADO,-71.4805875,-32.75730307,,,sin_clasificar
POL_900074,1.5187701103511353,0.75,12.375,0.0,1.0,9.9,44.542609826609734,0.0,0.0,17.5821955942415,0.25,3.0,14.965832283522133,0.5,8.5,30.28459874928203,0.25,3.275,526.7976945955104,0.0,0.0,1.0237509748185265,1.0,7.0,2.5509204890772925,0.5,2.35,9,46.4,47.22222222222222,900074,,FUNDICIÓN CHAGRES,ANGLO AMERICAN SUR S.A.,REGIÓN DE VALPARAÍSO,CATEMU,Cobre,Mina,No informado,,No identificado,Revisar,Revisar,Sin coincidencia,,,,VALIDADO,-70.95513797,-32.80457621,,,sin_clasificar
POL_900075,20.819881097540097,0.25,4.125,6.175619681719325,0.5,4.95,39.58969858163319,0.0,0.0,81.9320756298521,0.0,0.0,63.563047269162844,0.0,0.0,49.16083581806254,0.25,3.275,594.8786970885787,0.0,0.0,5.641048408073056,0.5,3.5,6.143458891916733,0.25,1.175,9,17.025,19.444444444444446,900075,,EL BRONCE,COMPAÑIA MINERA CAN CAN S.A.,REGIÓN DE VALPARAÍSO,PETORCA,Oro,Mina,No informado,,No identificado,Revisar,Revisar,Sin coincidencia,,,,VALIDADO,-70.94197958,-32.19288163,,,sin_clasificar
POL_900076,27.208874425934212,0.0,0.0,0.4101008806313358,1.0,9.9,33.83976120477617,0.0,0.0,78.29434056082933,0.0,0.0,64.63006058165172,0.0,0.0,53.07179436796003,0.0,0.0,592.1911972309898,0.0,0.0,4.540349438291271,0.75,5.25,2.5974283493167447,0.5,2.35,9,17.5,25.0,900076,,PLANTA CHINCOLCO,PLANTA CONCENTRADORA DE MINERALES CHINCOLCO SPA,REGIÓN DE VALPARAÍSO,PETORCA,Cobre,Mina,No informado,,No identificado,Revisar,Revisar,Sin coincidencia,,,,VALIDADO,-70.87506024,-32.22107727,,,sin_clasificar
POL_900077,0.9094541528073021,1.0,16.5,0.9094558458787272,1.0,9.9,46.938870398264996,0.0,0.0,13.906038828202599,0.25,3.0,11.381725619466257,0.5,8.5,32.875081746223586,0.25,3.275,522.9019867157639,0.0,0.0,0.1531831387411993,1.0,7.0,0.431284399841321,1.0,4.7,9,52.875,55.55555555555556,900077,,PLANTA ED CHANCADO MOVIL KLEEMANN,INGENIERIA EN TRANSPORTE MIRADOR SPA,REGIÓN DE VALPARAÍSO,LLAYLLAY,Cobre,Mina,No informado,,No identificado,Revisar,Revisar,Sin coincidencia,,,,VALIDADO,-70.96136996,-32.8449505,,,sin_clasificar
POL_900078,8.3991560837581,0.5,8.25,14.120906522184397,0.25,2.475,167.92760137127092,0.0,0.0,410.5135243839707,0.0,0.0,60.036020020526585,0.0,0.0,13.735771651316357,0.5,6.55,57.05528180480166,0.0,0.0,1.3035188757815668,1.0,7.0,3.1043135673155438,0.5,2.35,9,26.625,30.555555555555557,900078,,PILPILCO MINERALES - PARQUE INDUSTRIAL CURANILAHUE,SOCIEDAD DE SERVICIOS MINEROS PILPILCO MINERALES LTDA. (EX ESTERO MACHO LTDA.),REGIÓN DEL BIOBÍO,CURANILAHUE,Carbón,Mina,No informado,,No identificado,Revisar,Revisar,Sin coincidencia,,,,VALIDADO,-73.36448479,-37.44891117,,,sin_clasificar
POL_900079,1.288341955600595,0.75,12.375,1.797220643948128,0.75,7.425000000000001,152.0108384852995,0.0,0.0,343.6637304715416,0.0,0.0,64.49648471694742,0.0,0.0,2.0655394917608154,0.75,9.825,106.93590993983432,0.0,0.0,0.0,1.0,7.0,3.396330745791,0.5,2.35,9,38.975,41.66666666666667,900079,,PLANTA CENTR DEMOSTRATIVO - INTERNEC CHILE,REEE UNO SPA,REGIÓN DEL BIOBÍO,SAN PEDRO DE LA PAZ,Tierras raras,Mina,No informado,,No identificado,Revisar,Revisar,Sin coincidencia,,,,VALIDADO,-73.14473185,-36.87018029,,,sin_clasificar
POL_900080,9.494672794220557,0.5,8.25,16.257986951164998,0.25,2.475,167.6462063164649,0.0,0.0,412.2613988884544,0.0,0.0,59.79489349124294,0.0,0.0,14.454147929740653,0.5,6.55,55.550501208519606,0.0,0.0,0.0,1.0,7.0,1.5891958707135438,0.75,3.5250000000000004,9,27.799999999999997,33.33333333333333,900080,,PLANTA DE LAVADO CARBOMAT,CARBOMAT LTDA,REGIÓN DEL BIOBÍO,CURANILAHUE,Carbón,Mina,No informado,,No identificado,Revisar,Revisar,Sin coincidencia,,,,VALIDADO,-73.35948423,-37.46632436,,,sin_clasificar
POL_900081,4.331727509096828,0.75,12.375,3.420410222487506,0.75,7.425000000000001,131.42432361303008,0.0,0.0,167.46396918574905,0.0,0.0,49.82537029541668,0.25,4.25,174.6419219741431,0.0,0.0,259.03633284787725,0.0,0.0,4.215685176333014,0.75,5.25,3.832175517051095,0.5,2.35,9,31.650000000000002,33.33333333333333,900081,,PLANTA PROCESO Y MINA SANTA DORILA,S.L.M.STA.DORILA DE LAS ARENITAS,REGIÓN DEL MAULE,CONSTITUCIÓN,Siliceos,Mina,No informado,,No identificado,Revisar,Revisar,Sin coincidencia,,,,VALIDADO,-72.42489986,-35.38530878,,,sin_clasificar
POL_900082,3.075834062578671,0.75,12.375,0.0,1.0,9.9,42.806578795073726,0.0,0.0,0.7531401782532986,1.0,12.0,0.0,1.0,17.0,17.664417943576616,0.5,6.55,455.7445736154928,0.0,0.0,2.667348709030409,0.75,5.25,4.401167121306866,0.5,2.35,9,65.425,61.111111111111114,900082,,LO AGUIRRE,MARTIN ROBERTO AMÓN ESPINDOLA MADRIS,REGIÓN METROPOLITANA DE SANTIAGO,PUDAHUEL,Cobre,Mina,No informado,,No identificado,Revisar,Revisar,Sin coincidencia,,,,VALIDADO,-70.91998342,-33.44487987,,,sin_clasificar
POL_900083,10.59824060041641,0.25,4.125,1.651505292063339,0.75,7.425000000000001,33.00181591462509,0.0,0.0,3.6127537113043986,0.75,9.0,0.0,1.0,17.0,43.120343451703434,0.25,3.275,506.0544715929752,0.0,0.0,12.986247940209921,0.5,3.5,7.0553615017508555,0.25,1.175,9,45.49999999999999,41.66666666666667,900083,,MAQUILA RELAVES FRESCOS DIV. ANDINA,VALLE ACONCAGUA SA.,REGIÓN METROPOLITANA DE SANTIAGO,TILTIL,Cobre,Mina,No informado,,No identificado,Revisar,Revisar,Sin coincidencia,,,,VALIDADO,-70.76463064,-33.01035946,,,sin_clasificar
POL_900084,7.984311793343941,0.5,8.25,7.976962582943417,0.5,4.95,33.01351456023108,0.0,0.0,0.0,1.0,12.0,0.0,1.0,17.0,7.836082431442574,0.75,9.825,457.0921903205675,0.0,0.0,0.0,1.0,7.0,5.021082756332591,0.25,1.175,9,60.2,55.55555555555556,900084,,MINA DE PUZOLANA PUDAHUEL,CEMENTO POLPAICO,REGIÓN METROPOLITANA DE SANTIAGO,PUDAHUEL,Pumicita,Mina,No informado,,No identificado,Revisar,Revisar,Sin coincidencia,,,,VALIDADO,-70.79246903,-33.44895351,,,sin_clasificar
POL_900085,7.337984102730914,0.5,8.25,0.0,1.0,9.9,2.081411213676052,0.5,6.65,0.06813457413093602,1.0,12.0,0.0,1.0,17.0,54.99072755798538,0.0,0.0,453.4418131698559,0.0,0.0,33.9880313698192,0.0,0.0,4.734339017047796,0.5,2.35,9,56.15,50.0,900085,,EL ROMERAL,SOCIEDAD INDUSTRIAL ROMERAL S.A.,REGIÓN METROPOLITANA DE SANTIAGO,SAN JOSÉ DE MAIPO,Yeso,Mina,No informado,,No identificado,Revisar,Revisar,Sin coincidencia,,,,VALIDADO,-69.96212428,-33.61418537,,,sin_clasificar
POL_900086,1.5604603276057438,0.75,12.375,1.4672869860954192,0.75,7.425000000000001,45.884250669870774,0.0,0.0,1.491866542004107,0.75,9.0,0.0,1.0,17.0,37.15985414618002,0.25,3.275,494.7687956829213,0.0,0.0,1.3924764036633859,1.0,7.0,1.6119225123476297,0.75,3.5250000000000004,9,59.599999999999994,58.333333333333336,900086,,PLANTA POLCURA INTEGRADA,MINERA SAN PEDRO S.A.,REGIÓN METROPOLITANA DE SANTIAGO,TILTIL,Cobre,Mina,No informado,,No identificado,Revisar,Revisar,Sin coincidencia,,,,VALIDADO,-70.90428307,-33.10203261,,,sin_clasificar
POL_900087,4.442036626849958,0.75,12.375,0.0,1.0,9.9,41.45148048482014,0.0,0.0,7.820919743380807,0.5,6.0,0.0,1.0,17.0,53.22125440521047,0.0,0.0,387.66686326849066,0.0,0.0,5.701220972611721,0.5,3.5,2.2541746572563715,0.5,2.35,9,51.125,47.22222222222222,900087,,PLANTA CHANCON,SOCIEDAD MINERA LOS ROBLES SPA (EX-CIA. MIN. CHILENO RUMANA),REGIÓN DEL LIBERTADOR BERNARDO OHIGGINS,RANCAGUA,Oro,Mina,No informado,,No identificado,Revisar,Revisar,Sin coincidencia,,,,VALIDADO,-70.81303172,-34.07783281,,,sin_clasificar
